fighter_id,slot_id,category,status,runtime_clip,source_path,fallback_path,move_id,notes,evidence
ember-vale,idle_primary,locomotion_traversal,PROCEDURAL_FALLBACK,idle_primary,content/fighters/ember-vale/animations/procedural/idle_primary.anim.json,idle,,,authority_inventory:idle_primary|motion_law:combustion|runtime_clip:idle_primary
ember-vale,idle_secondary,locomotion_traversal,PROCEDURAL_FALLBACK,idle_secondary,content/fighters/ember-vale/animations/procedural/idle_secondary.anim.json,idle_variant,,,authority_inventory:idle_secondary|motion_law:combustion|runtime_clip:idle_secondary
ember-vale,idle_long,locomotion_traversal,PROCEDURAL_FALLBACK,idle_long,content/fighters/ember-vale/animations/procedural/idle_long.anim.json,idle,,,authority_inventory:idle_long|motion_law:combustion|runtime_clip:idle_long
ember-vale,walk_start,locomotion_traversal,PROCEDURAL_FALLBACK,walk_start,content/fighters/ember-vale/animations/procedural/walk_start.anim.json,walk,,,authority_inventory:walk_start|motion_law:combustion|runtime_clip:walk_start
ember-vale,walk_loop,locomotion_traversal,PROCEDURAL_FALLBACK,walk_loop,content/fighters/ember-vale/animations/procedural/walk_loop.anim.json,walk,,,authority_inventory:walk_loop|motion_law:combustion|runtime_clip:walk_loop
ember-vale,walk_stop,locomotion_traversal,PROCEDURAL_FALLBACK,walk_stop,content/fighters/ember-vale/animations/procedural/walk_stop.anim.json,walk,,,authority_inventory:walk_stop|motion_law:combustion|runtime_clip:walk_stop
ember-vale,run_start,locomotion_traversal,PROCEDURAL_FALLBACK,run_start,content/fighters/ember-vale/animations/procedural/run_start.anim.json,run,,,authority_inventory:run_start|motion_law:combustion|runtime_clip:run_start
ember-vale,run_loop,locomotion_traversal,PROCEDURAL_FALLBACK,run_loop,content/fighters/ember-vale/animations/procedural/run_loop.anim.json,run,,,authority_inventory:run_loop|motion_law:combustion|runtime_clip:run_loop
ember-vale,run_stop,locomotion_traversal,PROCEDURAL_FALLBACK,run_stop,content/fighters/ember-vale/animations/procedural/run_stop.anim.json,run,,,authority_inventory:run_stop|motion_law:combustion|runtime_clip:run_stop
ember-vale,dash_start,locomotion_traversal,PROCEDURAL_FALLBACK,dash_start,content/fighters/ember-vale/animations/procedural/dash_start.anim.json,dash,,,authority_inventory:dash_start|motion_law:combustion|runtime_clip:dash_start
ember-vale,dash_loop,locomotion_traversal,PROCEDURAL_FALLBACK,dash_loop,content/fighters/ember-vale/animations/procedural/dash_loop.anim.json,dash,,,authority_inventory:dash_loop|motion_law:combustion|runtime_clip:dash_loop
ember-vale,dash_stop,locomotion_traversal,PROCEDURAL_FALLBACK,dash_stop,content/fighters/ember-vale/animations/procedural/dash_stop.anim.json,dash,,,authority_inventory:dash_stop|motion_law:combustion|runtime_clip:dash_stop
ember-vale,skid,locomotion_traversal,PROCEDURAL_FALLBACK,skid,content/fighters/ember-vale/animations/procedural/skid.anim.json,turn,,,authority_inventory:skid|motion_law:combustion|runtime_clip:skid
ember-vale,turnaround,locomotion_traversal,PROCEDURAL_FALLBACK,turnaround,content/fighters/ember-vale/animations/procedural/turnaround.anim.json,turn,,,authority_inventory:turnaround|motion_law:combustion|runtime_clip:turnaround
ember-vale,crouch_start,locomotion_traversal,PROCEDURAL_FALLBACK,crouch_start,content/fighters/ember-vale/animations/procedural/crouch_start.anim.json,crouch,,,authority_inventory:crouch_start|motion_law:combustion|runtime_clip:crouch_start
ember-vale,crouch_hold,locomotion_traversal,PROCEDURAL_FALLBACK,crouch_hold,content/fighters/ember-vale/animations/procedural/crouch_hold.anim.json,crouch,,,authority_inventory:crouch_hold|motion_law:combustion|runtime_clip:crouch_hold
ember-vale,crouch_end,locomotion_traversal,PROCEDURAL_FALLBACK,crouch_end,content/fighters/ember-vale/animations/procedural/crouch_end.anim.json,crouch,,,authority_inventory:crouch_end|motion_law:combustion|runtime_clip:crouch_end
ember-vale,jump_squat,locomotion_traversal,PROCEDURAL_FALLBACK,jump_squat,content/fighters/ember-vale/animations/procedural/jump_squat.anim.json,jump_start,,,authority_inventory:jump_squat|motion_law:combustion|runtime_clip:jump_squat
ember-vale,jump,locomotion_traversal,PROCEDURAL_FALLBACK,jump,content/fighters/ember-vale/animations/procedural/jump.anim.json,jump_rise,,,authority_inventory:jump|motion_law:combustion|runtime_clip:jump
ember-vale,short_hop_visual,locomotion_traversal,PROCEDURAL_FALLBACK,short_hop_visual,content/fighters/ember-vale/animations/procedural/short_hop_visual.anim.json,jump,,,authority_inventory:short_hop_visual|motion_law:combustion|runtime_clip:short_hop_visual
ember-vale,double_jump,locomotion_traversal,PROCEDURAL_FALLBACK,double_jump,content/fighters/ember-vale/animations/procedural/double_jump.anim.json,jump,,,authority_inventory:double_jump|motion_law:combustion|runtime_clip:double_jump
ember-vale,fall,locomotion_traversal,PROCEDURAL_FALLBACK,fall,content/fighters/ember-vale/animations/procedural/fall.anim.json,fall,,,authority_inventory:fall|motion_law:combustion|runtime_clip:fall
ember-vale,fast_fall,locomotion_traversal,PROCEDURAL_FALLBACK,fast_fall,content/fighters/ember-vale/animations/procedural/fast_fall.anim.json,fall,,,authority_inventory:fast_fall|motion_law:combustion|runtime_clip:fast_fall
ember-vale,land_soft,locomotion_traversal,PROCEDURAL_FALLBACK,land_soft,content/fighters/ember-vale/animations/procedural/land_soft.anim.json,land,,,authority_inventory:land_soft|motion_law:combustion|runtime_clip:land_soft
ember-vale,land_hard,locomotion_traversal,PROCEDURAL_FALLBACK,land_hard,content/fighters/ember-vale/animations/procedural/land_hard.anim.json,landing,,,authority_inventory:land_hard|motion_law:combustion|runtime_clip:land_hard
ember-vale,platform_drop,locomotion_traversal,PROCEDURAL_FALLBACK,platform_drop,content/fighters/ember-vale/animations/procedural/platform_drop.anim.json,ledge_drop,,,authority_inventory:platform_drop|motion_law:combustion|runtime_clip:platform_drop
ember-vale,edge_warning,ledge_platform,PROCEDURAL_FALLBACK,edge_warning,content/fighters/ember-vale/animations/procedural/edge_warning.anim.json,ledge_hang,,,authority_inventory:edge_warning|motion_law:combustion|runtime_clip:edge_warning
ember-vale,ledge_teeter,ledge_platform,PROCEDURAL_FALLBACK,ledge_teeter,content/fighters/ember-vale/animations/procedural/ledge_teeter.anim.json,ledge_hang,,,authority_inventory:ledge_teeter|motion_law:combustion|runtime_clip:ledge_teeter
ember-vale,ledge_grab,ledge_platform,PROCEDURAL_FALLBACK,ledge_grab,content/fighters/ember-vale/animations/procedural/ledge_grab.anim.json,ledge_grab,,,authority_inventory:ledge_grab|motion_law:combustion|runtime_clip:ledge_grab
ember-vale,ledge_hang,ledge_platform,PROCEDURAL_FALLBACK,ledge_hang,content/fighters/ember-vale/animations/procedural/ledge_hang.anim.json,ledge_hang,,,authority_inventory:ledge_hang|motion_law:combustion|runtime_clip:ledge_hang
ember-vale,ledge_getup,ledge_platform,PROCEDURAL_FALLBACK,ledge_getup,content/fighters/ember-vale/animations/procedural/ledge_getup.anim.json,ledge_getup,,,authority_inventory:ledge_getup|motion_law:combustion|runtime_clip:ledge_getup
ember-vale,ledge_roll,ledge_platform,PROCEDURAL_FALLBACK,ledge_roll,content/fighters/ember-vale/animations/procedural/ledge_roll.anim.json,dodge_forward,,,authority_inventory:ledge_roll|motion_law:combustion|runtime_clip:ledge_roll
ember-vale,ledge_jump,ledge_platform,PROCEDURAL_FALLBACK,ledge_jump,content/fighters/ember-vale/animations/procedural/ledge_jump.anim.json,ledge_jump,,,authority_inventory:ledge_jump|motion_law:combustion|runtime_clip:ledge_jump
ember-vale,ledge_attack,ledge_platform,PROCEDURAL_FALLBACK,ledge_attack,content/fighters/ember-vale/animations/procedural/ledge_attack.anim.json,jab,,,authority_inventory:ledge_attack|motion_law:combustion|runtime_clip:ledge_attack
ember-vale,shield_start,defense_evasion,PROCEDURAL_FALLBACK,shield_start,content/fighters/ember-vale/animations/procedural/shield_start.anim.json,shield_start,,,authority_inventory:shield_start|motion_law:combustion|runtime_clip:shield_start
ember-vale,shield_hold,defense_evasion,PROCEDURAL_FALLBACK,shield_hold,content/fighters/ember-vale/animations/procedural/shield_hold.anim.json,shield_hold,,,authority_inventory:shield_hold|motion_law:combustion|runtime_clip:shield_hold
ember-vale,shield_hit,defense_evasion,PROCEDURAL_FALLBACK,shield_hit,content/fighters/ember-vale/animations/procedural/shield_hit.anim.json,shield,,,authority_inventory:shield_hit|motion_law:combustion|runtime_clip:shield_hit
ember-vale,shield_stun,defense_evasion,PROCEDURAL_FALLBACK,shield_stun,content/fighters/ember-vale/animations/procedural/shield_stun.anim.json,shield,,,authority_inventory:shield_stun|motion_law:combustion|runtime_clip:shield_stun
ember-vale,shield_break,defense_evasion,PROCEDURAL_FALLBACK,shield_break,content/fighters/ember-vale/animations/procedural/shield_break.anim.json,hurt_heavy,,,authority_inventory:shield_break|motion_law:combustion|runtime_clip:shield_break
ember-vale,spot_dodge,defense_evasion,PROCEDURAL_FALLBACK,spot_dodge,content/fighters/ember-vale/animations/procedural/spot_dodge.anim.json,dodge,,,authority_inventory:spot_dodge|motion_law:combustion|runtime_clip:spot_dodge
ember-vale,roll_forward,defense_evasion,PROCEDURAL_FALLBACK,roll_forward,content/fighters/ember-vale/animations/procedural/roll_forward.anim.json,dodge_forward,,,authority_inventory:roll_forward|motion_law:combustion|runtime_clip:roll_forward
ember-vale,roll_backward,defense_evasion,PROCEDURAL_FALLBACK,roll_backward,content/fighters/ember-vale/animations/procedural/roll_backward.anim.json,dodge_back,,,authority_inventory:roll_backward|motion_law:combustion|runtime_clip:roll_backward
ember-vale,air_dodge_neutral,defense_evasion,PROCEDURAL_FALLBACK,air_dodge_neutral,content/fighters/ember-vale/animations/procedural/air_dodge_neutral.anim.json,air_dodge,,,authority_inventory:air_dodge_neutral|motion_law:combustion|runtime_clip:air_dodge_neutral
ember-vale,air_dodge_forward,defense_evasion,PROCEDURAL_FALLBACK,air_dodge_forward,content/fighters/ember-vale/animations/procedural/air_dodge_forward.anim.json,air_dodge,,,authority_inventory:air_dodge_forward|motion_law:combustion|runtime_clip:air_dodge_forward
ember-vale,air_dodge_back,defense_evasion,PROCEDURAL_FALLBACK,air_dodge_back,content/fighters/ember-vale/animations/procedural/air_dodge_back.anim.json,air_dodge,,,authority_inventory:air_dodge_back|motion_law:combustion|runtime_clip:air_dodge_back
ember-vale,air_dodge_up,defense_evasion,PROCEDURAL_FALLBACK,air_dodge_up,content/fighters/ember-vale/animations/procedural/air_dodge_up.anim.json,air_dodge,,,authority_inventory:air_dodge_up|motion_law:combustion|runtime_clip:air_dodge_up
ember-vale,air_dodge_down,defense_evasion,PROCEDURAL_FALLBACK,air_dodge_down,content/fighters/ember-vale/animations/procedural/air_dodge_down.anim.json,air_dodge,,,authority_inventory:air_dodge_down|motion_law:combustion|runtime_clip:air_dodge_down
ember-vale,tech_in_place,defense_evasion,PROCEDURAL_FALLBACK,tech_in_place,content/fighters/ember-vale/animations/procedural/tech_in_place.anim.json,land,,,authority_inventory:tech_in_place|motion_law:combustion|runtime_clip:tech_in_place
ember-vale,tech_forward,defense_evasion,PROCEDURAL_FALLBACK,tech_forward,content/fighters/ember-vale/animations/procedural/tech_forward.anim.json,dodge_forward,,,authority_inventory:tech_forward|motion_law:combustion|runtime_clip:tech_forward
ember-vale,tech_back,defense_evasion,PROCEDURAL_FALLBACK,tech_back,content/fighters/ember-vale/animations/procedural/tech_back.anim.json,dodge_back,,,authority_inventory:tech_back|motion_law:combustion|runtime_clip:tech_back
ember-vale,pratfall,defense_evasion,PROCEDURAL_FALLBACK,pratfall,content/fighters/ember-vale/animations/procedural/pratfall.anim.json,tumble,,,authority_inventory:pratfall|motion_law:combustion|runtime_clip:pratfall
ember-vale,hurt_light_front,damage_reactions,PROCEDURAL_FALLBACK,hurt_light_front,content/fighters/ember-vale/animations/procedural/hurt_light_front.anim.json,hurt_light,,,authority_inventory:hurt_light_front|motion_law:combustion|runtime_clip:hurt_light_front
ember-vale,hurt_light_back,damage_reactions,PROCEDURAL_FALLBACK,hurt_light_back,content/fighters/ember-vale/animations/procedural/hurt_light_back.anim.json,hurt_light,,,authority_inventory:hurt_light_back|motion_law:combustion|runtime_clip:hurt_light_back
ember-vale,hurt_heavy,damage_reactions,PROCEDURAL_FALLBACK,hurt_heavy,content/fighters/ember-vale/animations/procedural/hurt_heavy.anim.json,hurt_heavy,,,authority_inventory:hurt_heavy|motion_law:combustion|runtime_clip:hurt_heavy
ember-vale,hitstop_pose,damage_reactions,PROCEDURAL_FALLBACK,hitstop_pose,content/fighters/ember-vale/animations/procedural/hitstop_pose.anim.json,hurt,,,authority_inventory:hitstop_pose|motion_law:combustion|runtime_clip:hitstop_pose
ember-vale,hitstun_ground,damage_reactions,PROCEDURAL_FALLBACK,hitstun_ground,content/fighters/ember-vale/animations/procedural/hitstun_ground.anim.json,hurt,,,authority_inventory:hitstun_ground|motion_law:combustion|runtime_clip:hitstun_ground
ember-vale,launch_horizontal,damage_reactions,PROCEDURAL_FALLBACK,launch_horizontal,content/fighters/ember-vale/animations/procedural/launch_horizontal.anim.json,launch,,,authority_inventory:launch_horizontal|motion_law:combustion|runtime_clip:launch_horizontal
ember-vale,launch_vertical,damage_reactions,PROCEDURAL_FALLBACK,launch_vertical,content/fighters/ember-vale/animations/procedural/launch_vertical.anim.json,critical_launch,,,authority_inventory:launch_vertical|motion_law:combustion|runtime_clip:launch_vertical
ember-vale,tumble,damage_reactions,PROCEDURAL_FALLBACK,tumble,content/fighters/ember-vale/animations/procedural/tumble.anim.json,tumble,,,authority_inventory:tumble|motion_law:combustion|runtime_clip:tumble
ember-vale,ground_bounce,damage_reactions,PROCEDURAL_FALLBACK,ground_bounce,content/fighters/ember-vale/animations/procedural/ground_bounce.anim.json,landing,,,authority_inventory:ground_bounce|motion_law:combustion|runtime_clip:ground_bounce
ember-vale,wall_bounce,damage_reactions,PROCEDURAL_FALLBACK,wall_bounce,content/fighters/ember-vale/animations/procedural/wall_bounce.anim.json,hurt_heavy,,,authority_inventory:wall_bounce|motion_law:combustion|runtime_clip:wall_bounce
ember-vale,knockdown,damage_reactions,PROCEDURAL_FALLBACK,knockdown,content/fighters/ember-vale/animations/procedural/knockdown.anim.json,hurt_heavy,,,authority_inventory:knockdown|motion_law:combustion|runtime_clip:knockdown
ember-vale,ko,damage_reactions,PROCEDURAL_FALLBACK,ko,content/fighters/ember-vale/animations/procedural/ko.anim.json,ko,,,authority_inventory:ko|motion_law:combustion|runtime_clip:ko
ember-vale,respawn,damage_reactions,PROCEDURAL_FALLBACK,respawn,content/fighters/ember-vale/animations/procedural/respawn.anim.json,respawn,,,authority_inventory:respawn|motion_law:combustion|runtime_clip:respawn
ember-vale,grab_startup,grab_throw,PROCEDURAL_FALLBACK,grab_startup,content/fighters/ember-vale/animations/procedural/grab_startup.anim.json,grab,,,authority_inventory:grab_startup|motion_law:combustion|runtime_clip:grab_startup
ember-vale,grab_active,grab_throw,PROCEDURAL_FALLBACK,grab_active,content/fighters/ember-vale/animations/procedural/grab_active.anim.json,grab,,,authority_inventory:grab_active|motion_law:combustion|runtime_clip:grab_active
ember-vale,grab_whiff,grab_throw,PROCEDURAL_FALLBACK,grab_whiff,content/fighters/ember-vale/animations/procedural/grab_whiff.anim.json,grab_break,,,authority_inventory:grab_whiff|motion_law:combustion|runtime_clip:grab_whiff
ember-vale,grab_hold,grab_throw,PROCEDURAL_FALLBACK,grab_hold,content/fighters/ember-vale/animations/procedural/grab_hold.anim.json,grab_hold,,,authority_inventory:grab_hold|motion_law:combustion|runtime_clip:grab_hold
ember-vale,pummel,grab_throw,PROCEDURAL_FALLBACK,pummel,content/fighters/ember-vale/animations/procedural/pummel.anim.json,grab_hold,,,authority_inventory:pummel|motion_law:combustion|runtime_clip:pummel
ember-vale,throw_startup,grab_throw,PROCEDURAL_FALLBACK,throw_startup,content/fighters/ember-vale/animations/procedural/throw_startup.anim.json,throw_forward,,,authority_inventory:throw_startup|motion_law:combustion|runtime_clip:throw_startup
ember-vale,throw_release,grab_throw,PROCEDURAL_FALLBACK,throw_release,content/fighters/ember-vale/animations/procedural/throw_release.anim.json,throw_forward,,,authority_inventory:throw_release|motion_law:combustion|runtime_clip:throw_release
ember-vale,aura_charge,aura,PROCEDURAL_FALLBACK,aura_charge,content/fighters/ember-vale/animations/procedural/aura_charge.anim.json,aura_charge,aura_charge,,authority_inventory:aura_charge|motion_law:combustion|runtime_clip:aura_charge
ember-vale,aura_ready,aura,PROCEDURAL_FALLBACK,aura_ready,content/fighters/ember-vale/animations/procedural/aura_ready.anim.json,aura_ready,,,authority_inventory:aura_ready|motion_law:combustion|runtime_clip:aura_ready
ember-vale,aura_burst_startup,aura,PROCEDURAL_FALLBACK,aura_burst_startup,content/fighters/ember-vale/animations/procedural/aura_burst_startup.anim.json,aura_burst,,,authority_inventory:aura_burst_startup|motion_law:combustion|runtime_clip:aura_burst_startup
ember-vale,aura_burst_active,aura,PROCEDURAL_FALLBACK,aura_burst_active,content/fighters/ember-vale/animations/procedural/aura_burst_active.anim.json,aura_burst,,,authority_inventory:aura_burst_active|motion_law:combustion|runtime_clip:aura_burst_active
ember-vale,aura_burst_recovery,aura,PROCEDURAL_FALLBACK,aura_burst_recovery,content/fighters/ember-vale/animations/procedural/aura_burst_recovery.anim.json,aura_release,,,authority_inventory:aura_burst_recovery|motion_law:combustion|runtime_clip:aura_burst_recovery
ember-vale,aura_super_transform,aura,PROCEDURAL_FALLBACK,aura_super_transform,content/fighters/ember-vale/animations/procedural/aura_super_transform.anim.json,signature_lane_burst,,,authority_inventory:aura_super_transform|motion_law:combustion|runtime_clip:aura_super_transform
ember-vale,jab_1,moves,PROCEDURAL_FALLBACK,jab_1,content/fighters/ember-vale/animations/procedural/jab_1.anim.json,jab,jab_1,,authority_inventory:jab_1|motion_law:combustion|runtime_clip:jab_1
ember-vale,jab_2,moves,PROCEDURAL_FALLBACK,jab_2,content/fighters/ember-vale/animations/procedural/jab_2.anim.json,jab_chain_2,jab_2,,authority_inventory:jab_2|motion_law:combustion|runtime_clip:jab_2
ember-vale,jab_finisher,moves,PROCEDURAL_FALLBACK,jab_finisher,content/fighters/ember-vale/animations/procedural/jab_finisher.anim.json,jab_chain_3,jab_finisher,,authority_inventory:jab_finisher|motion_law:combustion|runtime_clip:jab_finisher
ember-vale,forward_tilt,moves,PROCEDURAL_FALLBACK,forward_tilt,content/fighters/ember-vale/animations/procedural/forward_tilt.anim.json,tilt_forward,forward_tilt,,authority_inventory:forward_tilt|motion_law:combustion|runtime_clip:forward_tilt
ember-vale,up_tilt,moves,PROCEDURAL_FALLBACK,up_tilt,content/fighters/ember-vale/animations/procedural/up_tilt.anim.json,tilt_up,up_tilt,,authority_inventory:up_tilt|motion_law:combustion|runtime_clip:up_tilt
ember-vale,down_tilt,moves,PROCEDURAL_FALLBACK,down_tilt,content/fighters/ember-vale/animations/procedural/down_tilt.anim.json,tilt_down,down_tilt,,authority_inventory:down_tilt|motion_law:combustion|runtime_clip:down_tilt
ember-vale,dash_attack,moves,PROCEDURAL_FALLBACK,dash_attack,content/fighters/ember-vale/animations/procedural/dash_attack.anim.json,dash_attack,dash_attack,,authority_inventory:dash_attack|motion_law:combustion|runtime_clip:dash_attack
ember-vale,heavy_attack,moves,PROCEDURAL_FALLBACK,heavy_attack,content/fighters/ember-vale/animations/procedural/heavy_attack.anim.json,heavy,heavy_attack,,authority_inventory:heavy_attack|motion_law:combustion|runtime_clip:heavy_attack
ember-vale,neutral_air,moves,PROCEDURAL_FALLBACK,neutral_air,content/fighters/ember-vale/animations/procedural/neutral_air.anim.json,aerial_neutral,neutral_air,,authority_inventory:neutral_air|motion_law:combustion|runtime_clip:neutral_air
ember-vale,forward_air,moves,PROCEDURAL_FALLBACK,forward_air,content/fighters/ember-vale/animations/procedural/forward_air.anim.json,aerial_forward,forward_air,,authority_inventory:forward_air|motion_law:combustion|runtime_clip:forward_air
ember-vale,back_air,moves,PROCEDURAL_FALLBACK,back_air,content/fighters/ember-vale/animations/procedural/back_air.anim.json,aerial_back,back_air,,authority_inventory:back_air|motion_law:combustion|runtime_clip:back_air
ember-vale,up_air,moves,PROCEDURAL_FALLBACK,up_air,content/fighters/ember-vale/animations/procedural/up_air.anim.json,aerial_up,up_air,,authority_inventory:up_air|motion_law:combustion|runtime_clip:up_air
ember-vale,down_air,moves,PROCEDURAL_FALLBACK,down_air,content/fighters/ember-vale/animations/procedural/down_air.anim.json,aerial_down,down_air,,authority_inventory:down_air|motion_law:combustion|runtime_clip:down_air
ember-vale,neutral_special_projectile,moves,PROCEDURAL_FALLBACK,neutral_special_projectile,content/fighters/ember-vale/animations/procedural/neutral_special_projectile.anim.json,projectile_full,neutral_special_projectile,,authority_inventory:neutral_special_projectile|motion_law:combustion|runtime_clip:neutral_special_projectile
ember-vale,side_special,moves,PROCEDURAL_FALLBACK,side_special,content/fighters/ember-vale/animations/procedural/side_special.anim.json,side_special,side_special,,authority_inventory:side_special|motion_law:combustion|runtime_clip:side_special
ember-vale,up_special_recovery,moves,PROCEDURAL_FALLBACK,up_special_recovery,content/fighters/ember-vale/animations/procedural/up_special_recovery.anim.json,recovery,up_special_recovery,,authority_inventory:up_special_recovery|motion_law:combustion|runtime_clip:up_special_recovery
ember-vale,down_special,moves,PROCEDURAL_FALLBACK,down_special,content/fighters/ember-vale/animations/procedural/down_special.anim.json,down_special,down_special,,authority_inventory:down_special|motion_law:combustion|runtime_clip:down_special
ember-vale,grab,moves,PROCEDURAL_FALLBACK,grab,content/fighters/ember-vale/animations/procedural/grab.anim.json,grab,grab,,authority_inventory:grab|motion_law:combustion|runtime_clip:grab
ember-vale,throw_forward,moves,PROCEDURAL_FALLBACK,throw_forward,content/fighters/ember-vale/animations/procedural/throw_forward.anim.json,throw_forward,throw_forward,,authority_inventory:throw_forward|motion_law:combustion|runtime_clip:throw_forward
ember-vale,throw_back,moves,PROCEDURAL_FALLBACK,throw_back,content/fighters/ember-vale/animations/procedural/throw_back.anim.json,throw_back,throw_back,,authority_inventory:throw_back|motion_law:combustion|runtime_clip:throw_back
ember-vale,throw_up,moves,PROCEDURAL_FALLBACK,throw_up,content/fighters/ember-vale/animations/procedural/throw_up.anim.json,throw_up,throw_up,,authority_inventory:throw_up|motion_law:combustion|runtime_clip:throw_up
ember-vale,throw_down,moves,PROCEDURAL_FALLBACK,throw_down,content/fighters/ember-vale/animations/procedural/throw_down.anim.json,throw_down,throw_down,,authority_inventory:throw_down|motion_law:combustion|runtime_clip:throw_down
ember-vale,aura_charge_move,moves,PROCEDURAL_FALLBACK,aura_charge_move,content/fighters/ember-vale/animations/procedural/aura_charge_move.anim.json,aura_charge,aura_charge,,authority_inventory:aura_charge_move|motion_law:combustion|runtime_clip:aura_charge_move
ember-vale,aura_burst_move,moves,PROCEDURAL_FALLBACK,aura_burst_move,content/fighters/ember-vale/animations/procedural/aura_burst_move.anim.json,signature_lane_burst,aura_burst,,authority_inventory:aura_burst_move|motion_law:combustion|runtime_clip:aura_burst_move
ember-vale,match_intro,presentation,PROCEDURAL_FALLBACK,match_intro,content/fighters/ember-vale/animations/procedural/match_intro.anim.json,idle,,,authority_inventory:match_intro|motion_law:combustion|runtime_clip:match_intro
ember-vale,character_select_idle,presentation,PROCEDURAL_FALLBACK,character_select_idle,content/fighters/ember-vale/animations/procedural/character_select_idle.anim.json,idle,,,authority_inventory:character_select_idle|motion_law:combustion|runtime_clip:character_select_idle
ember-vale,character_select_confirm,presentation,PROCEDURAL_FALLBACK,character_select_confirm,content/fighters/ember-vale/animations/procedural/character_select_confirm.anim.json,victory,,,authority_inventory:character_select_confirm|motion_law:combustion|runtime_clip:character_select_confirm
ember-vale,taunt_1,presentation,PROCEDURAL_FALLBACK,taunt_1,content/fighters/ember-vale/animations/procedural/taunt_1.anim.json,idle_variant,,,authority_inventory:taunt_1|motion_law:combustion|runtime_clip:taunt_1
ember-vale,taunt_2,presentation,PROCEDURAL_FALLBACK,taunt_2,content/fighters/ember-vale/animations/procedural/taunt_2.anim.json,idle_variant,,,authority_inventory:taunt_2|motion_law:combustion|runtime_clip:taunt_2
ember-vale,victory,presentation,PROCEDURAL_FALLBACK,victory,content/fighters/ember-vale/animations/procedural/victory.anim.json,victory,,,authority_inventory:victory|motion_law:combustion|runtime_clip:victory
ember-vale,defeat,presentation,PROCEDURAL_FALLBACK,defeat,content/fighters/ember-vale/animations/procedural/defeat.anim.json,defeat,,,authority_inventory:defeat|motion_law:combustion|runtime_clip:defeat
ember-vale,results_idle,presentation,PROCEDURAL_FALLBACK,results_idle,content/fighters/ember-vale/animations/procedural/results_idle.anim.json,idle,,,authority_inventory:results_idle|motion_law:combustion|runtime_clip:results_idle
ember-vale,story_dialogue_neutral,presentation,PROCEDURAL_FALLBACK,story_dialogue_neutral,content/fighters/ember-vale/animations/procedural/story_dialogue_neutral.anim.json,idle,,,authority_inventory:story_dialogue_neutral|motion_law:combustion|runtime_clip:story_dialogue_neutral
ember-vale,story_dialogue_intense,presentation,PROCEDURAL_FALLBACK,story_dialogue_intense,content/fighters/ember-vale/animations/procedural/story_dialogue_intense.anim.json,aura_ready,,,authority_inventory:story_dialogue_intense|motion_law:combustion|runtime_clip:story_dialogue_intense
rook-ironside,idle_primary,locomotion_traversal,PROCEDURAL_FALLBACK,idle_primary,content/fighters/rook-ironside/animations/procedural/idle_primary.anim.json,idle,,,authority_inventory:idle_primary|motion_law:mass|runtime_clip:idle_primary
rook-ironside,idle_secondary,locomotion_traversal,PROCEDURAL_FALLBACK,idle_secondary,content/fighters/rook-ironside/animations/procedural/idle_secondary.anim.json,idle_variant,,,authority_inventory:idle_secondary|motion_law:mass|runtime_clip:idle_secondary
rook-ironside,idle_long,locomotion_traversal,PROCEDURAL_FALLBACK,idle_long,content/fighters/rook-ironside/animations/procedural/idle_long.anim.json,idle,,,authority_inventory:idle_long|motion_law:mass|runtime_clip:idle_long
rook-ironside,walk_start,locomotion_traversal,PROCEDURAL_FALLBACK,walk_start,content/fighters/rook-ironside/animations/procedural/walk_start.anim.json,walk,,,authority_inventory:walk_start|motion_law:mass|runtime_clip:walk_start
rook-ironside,walk_loop,locomotion_traversal,PROCEDURAL_FALLBACK,walk_loop,content/fighters/rook-ironside/animations/procedural/walk_loop.anim.json,walk,,,authority_inventory:walk_loop|motion_law:mass|runtime_clip:walk_loop
rook-ironside,walk_stop,locomotion_traversal,PROCEDURAL_FALLBACK,walk_stop,content/fighters/rook-ironside/animations/procedural/walk_stop.anim.json,walk,,,authority_inventory:walk_stop|motion_law:mass|runtime_clip:walk_stop
rook-ironside,run_start,locomotion_traversal,PROCEDURAL_FALLBACK,run_start,content/fighters/rook-ironside/animations/procedural/run_start.anim.json,run,,,authority_inventory:run_start|motion_law:mass|runtime_clip:run_start
rook-ironside,run_loop,locomotion_traversal,PROCEDURAL_FALLBACK,run_loop,content/fighters/rook-ironside/animations/procedural/run_loop.anim.json,run,,,authority_inventory:run_loop|motion_law:mass|runtime_clip:run_loop
rook-ironside,run_stop,locomotion_traversal,PROCEDURAL_FALLBACK,run_stop,content/fighters/rook-ironside/animations/procedural/run_stop.anim.json,run,,,authority_inventory:run_stop|motion_law:mass|runtime_clip:run_stop
rook-ironside,dash_start,locomotion_traversal,PROCEDURAL_FALLBACK,dash_start,content/fighters/rook-ironside/animations/procedural/dash_start.anim.json,dash,,,authority_inventory:dash_start|motion_law:mass|runtime_clip:dash_start
rook-ironside,dash_loop,locomotion_traversal,PROCEDURAL_FALLBACK,dash_loop,content/fighters/rook-ironside/animations/procedural/dash_loop.anim.json,dash,,,authority_inventory:dash_loop|motion_law:mass|runtime_clip:dash_loop
rook-ironside,dash_stop,locomotion_traversal,PROCEDURAL_FALLBACK,dash_stop,content/fighters/rook-ironside/animations/procedural/dash_stop.anim.json,dash,,,authority_inventory:dash_stop|motion_law:mass|runtime_clip:dash_stop
rook-ironside,skid,locomotion_traversal,PROCEDURAL_FALLBACK,skid,content/fighters/rook-ironside/animations/procedural/skid.anim.json,turn,,,authority_inventory:skid|motion_law:mass|runtime_clip:skid
rook-ironside,turnaround,locomotion_traversal,PROCEDURAL_FALLBACK,turnaround,content/fighters/rook-ironside/animations/procedural/turnaround.anim.json,turn,,,authority_inventory:turnaround|motion_law:mass|runtime_clip:turnaround
rook-ironside,crouch_start,locomotion_traversal,PROCEDURAL_FALLBACK,crouch_start,content/fighters/rook-ironside/animations/procedural/crouch_start.anim.json,crouch,,,authority_inventory:crouch_start|motion_law:mass|runtime_clip:crouch_start
rook-ironside,crouch_hold,locomotion_traversal,PROCEDURAL_FALLBACK,crouch_hold,content/fighters/rook-ironside/animations/procedural/crouch_hold.anim.json,crouch,,,authority_inventory:crouch_hold|motion_law:mass|runtime_clip:crouch_hold
rook-ironside,crouch_end,locomotion_traversal,PROCEDURAL_FALLBACK,crouch_end,content/fighters/rook-ironside/animations/procedural/crouch_end.anim.json,crouch,,,authority_inventory:crouch_end|motion_law:mass|runtime_clip:crouch_end
rook-ironside,jump_squat,locomotion_traversal,PROCEDURAL_FALLBACK,jump_squat,content/fighters/rook-ironside/animations/procedural/jump_squat.anim.json,jump_start,,,authority_inventory:jump_squat|motion_law:mass|runtime_clip:jump_squat
rook-ironside,jump,locomotion_traversal,PROCEDURAL_FALLBACK,jump,content/fighters/rook-ironside/animations/procedural/jump.anim.json,jump_rise,,,authority_inventory:jump|motion_law:mass|runtime_clip:jump
rook-ironside,short_hop_visual,locomotion_traversal,PROCEDURAL_FALLBACK,short_hop_visual,content/fighters/rook-ironside/animations/procedural/short_hop_visual.anim.json,jump,,,authority_inventory:short_hop_visual|motion_law:mass|runtime_clip:short_hop_visual
rook-ironside,double_jump,locomotion_traversal,PROCEDURAL_FALLBACK,double_jump,content/fighters/rook-ironside/animations/procedural/double_jump.anim.json,jump,,,authority_inventory:double_jump|motion_law:mass|runtime_clip:double_jump
rook-ironside,fall,locomotion_traversal,PROCEDURAL_FALLBACK,fall,content/fighters/rook-ironside/animations/procedural/fall.anim.json,fall,,,authority_inventory:fall|motion_law:mass|runtime_clip:fall
rook-ironside,fast_fall,locomotion_traversal,PROCEDURAL_FALLBACK,fast_fall,content/fighters/rook-ironside/animations/procedural/fast_fall.anim.json,fall,,,authority_inventory:fast_fall|motion_law:mass|runtime_clip:fast_fall
rook-ironside,land_soft,locomotion_traversal,PROCEDURAL_FALLBACK,land_soft,content/fighters/rook-ironside/animations/procedural/land_soft.anim.json,land,,,authority_inventory:land_soft|motion_law:mass|runtime_clip:land_soft
rook-ironside,land_hard,locomotion_traversal,PROCEDURAL_FALLBACK,land_hard,content/fighters/rook-ironside/animations/procedural/land_hard.anim.json,landing,,,authority_inventory:land_hard|motion_law:mass|runtime_clip:land_hard
rook-ironside,platform_drop,locomotion_traversal,PROCEDURAL_FALLBACK,platform_drop,content/fighters/rook-ironside/animations/procedural/platform_drop.anim.json,ledge_drop,,,authority_inventory:platform_drop|motion_law:mass|runtime_clip:platform_drop
rook-ironside,edge_warning,ledge_platform,PROCEDURAL_FALLBACK,edge_warning,content/fighters/rook-ironside/animations/procedural/edge_warning.anim.json,ledge_hang,,,authority_inventory:edge_warning|motion_law:mass|runtime_clip:edge_warning
rook-ironside,ledge_teeter,ledge_platform,PROCEDURAL_FALLBACK,ledge_teeter,content/fighters/rook-ironside/animations/procedural/ledge_teeter.anim.json,ledge_hang,,,authority_inventory:ledge_teeter|motion_law:mass|runtime_clip:ledge_teeter
rook-ironside,ledge_grab,ledge_platform,PROCEDURAL_FALLBACK,ledge_grab,content/fighters/rook-ironside/animations/procedural/ledge_grab.anim.json,ledge_grab,,,authority_inventory:ledge_grab|motion_law:mass|runtime_clip:ledge_grab
rook-ironside,ledge_hang,ledge_platform,PROCEDURAL_FALLBACK,ledge_hang,content/fighters/rook-ironside/animations/procedural/ledge_hang.anim.json,ledge_hang,,,authority_inventory:ledge_hang|motion_law:mass|runtime_clip:ledge_hang
rook-ironside,ledge_getup,ledge_platform,PROCEDURAL_FALLBACK,ledge_getup,content/fighters/rook-ironside/animations/procedural/ledge_getup.anim.json,ledge_getup,,,authority_inventory:ledge_getup|motion_law:mass|runtime_clip:ledge_getup
rook-ironside,ledge_roll,ledge_platform,PROCEDURAL_FALLBACK,ledge_roll,content/fighters/rook-ironside/animations/procedural/ledge_roll.anim.json,dodge_forward,,,authority_inventory:ledge_roll|motion_law:mass|runtime_clip:ledge_roll
rook-ironside,ledge_jump,ledge_platform,PROCEDURAL_FALLBACK,ledge_jump,content/fighters/rook-ironside/animations/procedural/ledge_jump.anim.json,ledge_jump,,,authority_inventory:ledge_jump|motion_law:mass|runtime_clip:ledge_jump
rook-ironside,ledge_attack,ledge_platform,PROCEDURAL_FALLBACK,ledge_attack,content/fighters/rook-ironside/animations/procedural/ledge_attack.anim.json,jab,,,authority_inventory:ledge_attack|motion_law:mass|runtime_clip:ledge_attack
rook-ironside,shield_start,defense_evasion,PROCEDURAL_FALLBACK,shield_start,content/fighters/rook-ironside/animations/procedural/shield_start.anim.json,shield_start,,,authority_inventory:shield_start|motion_law:mass|runtime_clip:shield_start
rook-ironside,shield_hold,defense_evasion,PROCEDURAL_FALLBACK,shield_hold,content/fighters/rook-ironside/animations/procedural/shield_hold.anim.json,shield_hold,,,authority_inventory:shield_hold|motion_law:mass|runtime_clip:shield_hold
rook-ironside,shield_hit,defense_evasion,PROCEDURAL_FALLBACK,shield_hit,content/fighters/rook-ironside/animations/procedural/shield_hit.anim.json,shield,,,authority_inventory:shield_hit|motion_law:mass|runtime_clip:shield_hit
rook-ironside,shield_stun,defense_evasion,PROCEDURAL_FALLBACK,shield_stun,content/fighters/rook-ironside/animations/procedural/shield_stun.anim.json,shield,,,authority_inventory:shield_stun|motion_law:mass|runtime_clip:shield_stun
rook-ironside,shield_break,defense_evasion,PROCEDURAL_FALLBACK,shield_break,content/fighters/rook-ironside/animations/procedural/shield_break.anim.json,hurt_heavy,,,authority_inventory:shield_break|motion_law:mass|runtime_clip:shield_break
rook-ironside,spot_dodge,defense_evasion,PROCEDURAL_FALLBACK,spot_dodge,content/fighters/rook-ironside/animations/procedural/spot_dodge.anim.json,dodge,,,authority_inventory:spot_dodge|motion_law:mass|runtime_clip:spot_dodge
rook-ironside,roll_forward,defense_evasion,PROCEDURAL_FALLBACK,roll_forward,content/fighters/rook-ironside/animations/procedural/roll_forward.anim.json,dodge_forward,,,authority_inventory:roll_forward|motion_law:mass|runtime_clip:roll_forward
rook-ironside,roll_backward,defense_evasion,PROCEDURAL_FALLBACK,roll_backward,content/fighters/rook-ironside/animations/procedural/roll_backward.anim.json,dodge_back,,,authority_inventory:roll_backward|motion_law:mass|runtime_clip:roll_backward
rook-ironside,air_dodge_neutral,defense_evasion,PROCEDURAL_FALLBACK,air_dodge_neutral,content/fighters/rook-ironside/animations/procedural/air_dodge_neutral.anim.json,air_dodge,,,authority_inventory:air_dodge_neutral|motion_law:mass|runtime_clip:air_dodge_neutral
rook-ironside,air_dodge_forward,defense_evasion,PROCEDURAL_FALLBACK,air_dodge_forward,content/fighters/rook-ironside/animations/procedural/air_dodge_forward.anim.json,air_dodge,,,authority_inventory:air_dodge_forward|motion_law:mass|runtime_clip:air_dodge_forward
rook-ironside,air_dodge_back,defense_evasion,PROCEDURAL_FALLBACK,air_dodge_back,content/fighters/rook-ironside/animations/procedural/air_dodge_back.anim.json,air_dodge,,,authority_inventory:air_dodge_back|motion_law:mass|runtime_clip:air_dodge_back
rook-ironside,air_dodge_up,defense_evasion,PROCEDURAL_FALLBACK,air_dodge_up,content/fighters/rook-ironside/animations/procedural/air_dodge_up.anim.json,air_dodge,,,authority_inventory:air_dodge_up|motion_law:mass|runtime_clip:air_dodge_up
rook-ironside,air_dodge_down,defense_evasion,PROCEDURAL_FALLBACK,air_dodge_down,content/fighters/rook-ironside/animations/procedural/air_dodge_down.anim.json,air_dodge,,,authority_inventory:air_dodge_down|motion_law:mass|runtime_clip:air_dodge_down
rook-ironside,tech_in_place,defense_evasion,PROCEDURAL_FALLBACK,tech_in_place,content/fighters/rook-ironside/animations/procedural/tech_in_place.anim.json,land,,,authority_inventory:tech_in_place|motion_law:mass|runtime_clip:tech_in_place
rook-ironside,tech_forward,defense_evasion,PROCEDURAL_FALLBACK,tech_forward,content/fighters/rook-ironside/animations/procedural/tech_forward.anim.json,dodge_forward,,,authority_inventory:tech_forward|motion_law:mass|runtime_clip:tech_forward
rook-ironside,tech_back,defense_evasion,PROCEDURAL_FALLBACK,tech_back,content/fighters/rook-ironside/animations/procedural/tech_back.anim.json,dodge_back,,,authority_inventory:tech_back|motion_law:mass|runtime_clip:tech_back
rook-ironside,pratfall,defense_evasion,PROCEDURAL_FALLBACK,pratfall,content/fighters/rook-ironside/animations/procedural/pratfall.anim.json,tumble,,,authority_inventory:pratfall|motion_law:mass|runtime_clip:pratfall
rook-ironside,hurt_light_front,damage_reactions,PROCEDURAL_FALLBACK,hurt_light_front,content/fighters/rook-ironside/animations/procedural/hurt_light_front.anim.json,hurt_light,,,authority_inventory:hurt_light_front|motion_law:mass|runtime_clip:hurt_light_front
rook-ironside,hurt_light_back,damage_reactions,PROCEDURAL_FALLBACK,hurt_light_back,content/fighters/rook-ironside/animations/procedural/hurt_light_back.anim.json,hurt_light,,,authority_inventory:hurt_light_back|motion_law:mass|runtime_clip:hurt_light_back
rook-ironside,hurt_heavy,damage_reactions,PROCEDURAL_FALLBACK,hurt_heavy,content/fighters/rook-ironside/animations/procedural/hurt_heavy.anim.json,hurt_heavy,,,authority_inventory:hurt_heavy|motion_law:mass|runtime_clip:hurt_heavy
rook-ironside,hitstop_pose,damage_reactions,PROCEDURAL_FALLBACK,hitstop_pose,content/fighters/rook-ironside/animations/procedural/hitstop_pose.anim.json,hurt,,,authority_inventory:hitstop_pose|motion_law:mass|runtime_clip:hitstop_pose
rook-ironside,hitstun_ground,damage_reactions,PROCEDURAL_FALLBACK,hitstun_ground,content/fighters/rook-ironside/animations/procedural/hitstun_ground.anim.json,hurt,,,authority_inventory:hitstun_ground|motion_law:mass|runtime_clip:hitstun_ground
rook-ironside,launch_horizontal,damage_reactions,PROCEDURAL_FALLBACK,launch_horizontal,content/fighters/rook-ironside/animations/procedural/launch_horizontal.anim.json,launch,,,authority_inventory:launch_horizontal|motion_law:mass|runtime_clip:launch_horizontal
rook-ironside,launch_vertical,damage_reactions,PROCEDURAL_FALLBACK,launch_vertical,content/fighters/rook-ironside/animations/procedural/launch_vertical.anim.json,critical_launch,,,authority_inventory:launch_vertical|motion_law:mass|runtime_clip:launch_vertical
rook-ironside,tumble,damage_reactions,PROCEDURAL_FALLBACK,tumble,content/fighters/rook-ironside/animations/procedural/tumble.anim.json,tumble,,,authority_inventory:tumble|motion_law:mass|runtime_clip:tumble
rook-ironside,ground_bounce,damage_reactions,PROCEDURAL_FALLBACK,ground_bounce,content/fighters/rook-ironside/animations/procedural/ground_bounce.anim.json,landing,,,authority_inventory:ground_bounce|motion_law:mass|runtime_clip:ground_bounce
rook-ironside,wall_bounce,damage_reactions,PROCEDURAL_FALLBACK,wall_bounce,content/fighters/rook-ironside/animations/procedural/wall_bounce.anim.json,hurt_heavy,,,authority_inventory:wall_bounce|motion_law:mass|runtime_clip:wall_bounce
rook-ironside,knockdown,damage_reactions,PROCEDURAL_FALLBACK,knockdown,content/fighters/rook-ironside/animations/procedural/knockdown.anim.json,hurt_heavy,,,authority_inventory:knockdown|motion_law:mass|runtime_clip:knockdown
rook-ironside,ko,damage_reactions,PROCEDURAL_FALLBACK,ko,content/fighters/rook-ironside/animations/procedural/ko.anim.json,ko,,,authority_inventory:ko|motion_law:mass|runtime_clip:ko
rook-ironside,respawn,damage_reactions,PROCEDURAL_FALLBACK,respawn,content/fighters/rook-ironside/animations/procedural/respawn.anim.json,respawn,,,authority_inventory:respawn|motion_law:mass|runtime_clip:respawn
rook-ironside,grab_startup,grab_throw,PROCEDURAL_FALLBACK,grab_startup,content/fighters/rook-ironside/animations/procedural/grab_startup.anim.json,grab,,,authority_inventory:grab_startup|motion_law:mass|runtime_clip:grab_startup
rook-ironside,grab_active,grab_throw,PROCEDURAL_FALLBACK,grab_active,content/fighters/rook-ironside/animations/procedural/grab_active.anim.json,grab,,,authority_inventory:grab_active|motion_law:mass|runtime_clip:grab_active
rook-ironside,grab_whiff,grab_throw,PROCEDURAL_FALLBACK,grab_whiff,content/fighters/rook-ironside/animations/procedural/grab_whiff.anim.json,grab_break,,,authority_inventory:grab_whiff|motion_law:mass|runtime_clip:grab_whiff
rook-ironside,grab_hold,grab_throw,PROCEDURAL_FALLBACK,grab_hold,content/fighters/rook-ironside/animations/procedural/grab_hold.anim.json,grab_hold,,,authority_inventory:grab_hold|motion_law:mass|runtime_clip:grab_hold
rook-ironside,pummel,grab_throw,PROCEDURAL_FALLBACK,pummel,content/fighters/rook-ironside/animations/procedural/pummel.anim.json,grab_hold,,,authority_inventory:pummel|motion_law:mass|runtime_clip:pummel
rook-ironside,throw_startup,grab_throw,PROCEDURAL_FALLBACK,throw_startup,content/fighters/rook-ironside/animations/procedural/throw_startup.anim.json,throw_forward,,,authority_inventory:throw_startup|motion_law:mass|runtime_clip:throw_startup
rook-ironside,throw_release,grab_throw,PROCEDURAL_FALLBACK,throw_release,content/fighters/rook-ironside/animations/procedural/throw_release.anim.json,throw_forward,,,authority_inventory:throw_release|motion_law:mass|runtime_clip:throw_release
rook-ironside,aura_charge,aura,PROCEDURAL_FALLBACK,aura_charge,content/fighters/rook-ironside/animations/procedural/aura_charge.anim.json,aura_charge,aura_charge,,authority_inventory:aura_charge|motion_law:mass|runtime_clip:aura_charge
rook-ironside,aura_ready,aura,PROCEDURAL_FALLBACK,aura_ready,content/fighters/rook-ironside/animations/procedural/aura_ready.anim.json,aura_ready,,,authority_inventory:aura_ready|motion_law:mass|runtime_clip:aura_ready
rook-ironside,aura_burst_startup,aura,PROCEDURAL_FALLBACK,aura_burst_startup,content/fighters/rook-ironside/animations/procedural/aura_burst_startup.anim.json,aura_burst,,,authority_inventory:aura_burst_startup|motion_law:mass|runtime_clip:aura_burst_startup
rook-ironside,aura_burst_active,aura,PROCEDURAL_FALLBACK,aura_burst_active,content/fighters/rook-ironside/animations/procedural/aura_burst_active.anim.json,aura_burst,,,authority_inventory:aura_burst_active|motion_law:mass|runtime_clip:aura_burst_active
rook-ironside,aura_burst_recovery,aura,PROCEDURAL_FALLBACK,aura_burst_recovery,content/fighters/rook-ironside/animations/procedural/aura_burst_recovery.anim.json,aura_release,,,authority_inventory:aura_burst_recovery|motion_law:mass|runtime_clip:aura_burst_recovery
rook-ironside,aura_super_transform,aura,PROCEDURAL_FALLBACK,aura_super_transform,content/fighters/rook-ironside/animations/procedural/aura_super_transform.anim.json,signature_lane_burst,,,authority_inventory:aura_super_transform|motion_law:mass|runtime_clip:aura_super_transform
rook-ironside,jab_1,moves,PROCEDURAL_FALLBACK,jab_1,content/fighters/rook-ironside/animations/procedural/jab_1.anim.json,jab,jab_1,,authority_inventory:jab_1|motion_law:mass|runtime_clip:jab_1
rook-ironside,jab_2,moves,PROCEDURAL_FALLBACK,jab_2,content/fighters/rook-ironside/animations/procedural/jab_2.anim.json,jab_chain_2,jab_2,,authority_inventory:jab_2|motion_law:mass|runtime_clip:jab_2
rook-ironside,jab_finisher,moves,PROCEDURAL_FALLBACK,jab_finisher,content/fighters/rook-ironside/animations/procedural/jab_finisher.anim.json,jab_chain_3,jab_finisher,,authority_inventory:jab_finisher|motion_law:mass|runtime_clip:jab_finisher
rook-ironside,forward_tilt,moves,PROCEDURAL_FALLBACK,forward_tilt,content/fighters/rook-ironside/animations/procedural/forward_tilt.anim.json,tilt_forward,forward_tilt,,authority_inventory:forward_tilt|motion_law:mass|runtime_clip:forward_tilt
rook-ironside,up_tilt,moves,PROCEDURAL_FALLBACK,up_tilt,content/fighters/rook-ironside/animations/procedural/up_tilt.anim.json,tilt_up,up_tilt,,authority_inventory:up_tilt|motion_law:mass|runtime_clip:up_tilt
rook-ironside,down_tilt,moves,PROCEDURAL_FALLBACK,down_tilt,content/fighters/rook-ironside/animations/procedural/down_tilt.anim.json,tilt_down,down_tilt,,authority_inventory:down_tilt|motion_law:mass|runtime_clip:down_tilt
rook-ironside,dash_attack,moves,PROCEDURAL_FALLBACK,dash_attack,content/fighters/rook-ironside/animations/procedural/dash_attack.anim.json,dash_attack,dash_attack,,authority_inventory:dash_attack|motion_law:mass|runtime_clip:dash_attack
rook-ironside,heavy_attack,moves,PROCEDURAL_FALLBACK,heavy_attack,content/fighters/rook-ironside/animations/procedural/heavy_attack.anim.json,heavy,heavy_attack,,authority_inventory:heavy_attack|motion_law:mass|runtime_clip:heavy_attack
rook-ironside,neutral_air,moves,PROCEDURAL_FALLBACK,neutral_air,content/fighters/rook-ironside/animations/procedural/neutral_air.anim.json,aerial_neutral,neutral_air,,authority_inventory:neutral_air|motion_law:mass|runtime_clip:neutral_air
rook-ironside,forward_air,moves,PROCEDURAL_FALLBACK,forward_air,content/fighters/rook-ironside/animations/procedural/forward_air.anim.json,aerial_forward,forward_air,,authority_inventory:forward_air|motion_law:mass|runtime_clip:forward_air
rook-ironside,back_air,moves,PROCEDURAL_FALLBACK,back_air,content/fighters/rook-ironside/animations/procedural/back_air.anim.json,aerial_back,back_air,,authority_inventory:back_air|motion_law:mass|runtime_clip:back_air
rook-ironside,up_air,moves,PROCEDURAL_FALLBACK,up_air,content/fighters/rook-ironside/animations/procedural/up_air.anim.json,aerial_up,up_air,,authority_inventory:up_air|motion_law:mass|runtime_clip:up_air
rook-ironside,down_air,moves,PROCEDURAL_FALLBACK,down_air,content/fighters/rook-ironside/animations/procedural/down_air.anim.json,aerial_down,down_air,,authority_inventory:down_air|motion_law:mass|runtime_clip:down_air
rook-ironside,neutral_special_projectile,moves,PROCEDURAL_FALLBACK,neutral_special_projectile,content/fighters/rook-ironside/animations/procedural/neutral_special_projectile.anim.json,projectile_full,neutral_special_projectile,,authority_inventory:neutral_special_projectile|motion_law:mass|runtime_clip:neutral_special_projectile
rook-ironside,side_special,moves,PROCEDURAL_FALLBACK,side_special,content/fighters/rook-ironside/animations/procedural/side_special.anim.json,side_special,side_special,,authority_inventory:side_special|motion_law:mass|runtime_clip:side_special
rook-ironside,up_special_recovery,moves,PROCEDURAL_FALLBACK,up_special_recovery,content/fighters/rook-ironside/animations/procedural/up_special_recovery.anim.json,recovery,up_special_recovery,,authority_inventory:up_special_recovery|motion_law:mass|runtime_clip:up_special_recovery
rook-ironside,down_special,moves,PROCEDURAL_FALLBACK,down_special,content/fighters/rook-ironside/animations/procedural/down_special.anim.json,down_special,down_special,,authority_inventory:down_special|motion_law:mass|runtime_clip:down_special
rook-ironside,grab,moves,PROCEDURAL_FALLBACK,grab,content/fighters/rook-ironside/animations/procedural/grab.anim.json,grab,grab,,authority_inventory:grab|motion_law:mass|runtime_clip:grab
rook-ironside,throw_forward,moves,PROCEDURAL_FALLBACK,throw_forward,content/fighters/rook-ironside/animations/procedural/throw_forward.anim.json,throw_forward,throw_forward,,authority_inventory:throw_forward|motion_law:mass|runtime_clip:throw_forward
rook-ironside,throw_back,moves,PROCEDURAL_FALLBACK,throw_back,content/fighters/rook-ironside/animations/procedural/throw_back.anim.json,throw_back,throw_back,,authority_inventory:throw_back|motion_law:mass|runtime_clip:throw_back
rook-ironside,throw_up,moves,PROCEDURAL_FALLBACK,throw_up,content/fighters/rook-ironside/animations/procedural/throw_up.anim.json,throw_up,throw_up,,authority_inventory:throw_up|motion_law:mass|runtime_clip:throw_up
rook-ironside,throw_down,moves,PROCEDURAL_FALLBACK,throw_down,content/fighters/rook-ironside/animations/procedural/throw_down.anim.json,throw_down,throw_down,,authority_inventory:throw_down|motion_law:mass|runtime_clip:throw_down
rook-ironside,aura_charge_move,moves,PROCEDURAL_FALLBACK,aura_charge_move,content/fighters/rook-ironside/animations/procedural/aura_charge_move.anim.json,aura_charge,aura_charge,,authority_inventory:aura_charge_move|motion_law:mass|runtime_clip:aura_charge_move
rook-ironside,aura_burst_move,moves,PROCEDURAL_FALLBACK,aura_burst_move,content/fighters/rook-ironside/animations/procedural/aura_burst_move.anim.json,signature_lane_burst,aura_burst,,authority_inventory:aura_burst_move|motion_law:mass|runtime_clip:aura_burst_move
rook-ironside,match_intro,presentation,PROCEDURAL_FALLBACK,match_intro,content/fighters/rook-ironside/animations/procedural/match_intro.anim.json,idle,,,authority_inventory:match_intro|motion_law:mass|runtime_clip:match_intro
rook-ironside,character_select_idle,presentation,PROCEDURAL_FALLBACK,character_select_idle,content/fighters/rook-ironside/animations/procedural/character_select_idle.anim.json,idle,,,authority_inventory:character_select_idle|motion_law:mass|runtime_clip:character_select_idle
rook-ironside,character_select_confirm,presentation,PROCEDURAL_FALLBACK,character_select_confirm,content/fighters/rook-ironside/animations/procedural/character_select_confirm.anim.json,victory,,,authority_inventory:character_select_confirm|motion_law:mass|runtime_clip:character_select_confirm
rook-ironside,taunt_1,presentation,PROCEDURAL_FALLBACK,taunt_1,content/fighters/rook-ironside/animations/procedural/taunt_1.anim.json,idle_variant,,,authority_inventory:taunt_1|motion_law:mass|runtime_clip:taunt_1
rook-ironside,taunt_2,presentation,PROCEDURAL_FALLBACK,taunt_2,content/fighters/rook-ironside/animations/procedural/taunt_2.anim.json,idle_variant,,,authority_inventory:taunt_2|motion_law:mass|runtime_clip:taunt_2
rook-ironside,victory,presentation,PROCEDURAL_FALLBACK,victory,content/fighters/rook-ironside/animations/procedural/victory.anim.json,victory,,,authority_inventory:victory|motion_law:mass|runtime_clip:victory
rook-ironside,defeat,presentation,PROCEDURAL_FALLBACK,defeat,content/fighters/rook-ironside/animations/procedural/defeat.anim.json,defeat,,,authority_inventory:defeat|motion_law:mass|runtime_clip:defeat
rook-ironside,results_idle,presentation,PROCEDURAL_FALLBACK,results_idle,content/fighters/rook-ironside/animations/procedural/results_idle.anim.json,idle,,,authority_inventory:results_idle|motion_law:mass|runtime_clip:results_idle
rook-ironside,story_dialogue_neutral,presentation,PROCEDURAL_FALLBACK,story_dialogue_neutral,content/fighters/rook-ironside/animations/procedural/story_dialogue_neutral.anim.json,idle,,,authority_inventory:story_dialogue_neutral|motion_law:mass|runtime_clip:story_dialogue_neutral
rook-ironside,story_dialogue_intense,presentation,PROCEDURAL_FALLBACK,story_dialogue_intense,content/fighters/rook-ironside/animations/procedural/story_dialogue_intense.anim.json,aura_ready,,,authority_inventory:story_dialogue_intense|motion_law:mass|runtime_clip:story_dialogue_intense
juno-spark,idle_primary,locomotion_traversal,PROCEDURAL_FALLBACK,idle_primary,content/fighters/juno-spark/animations/procedural/idle_primary.anim.json,idle,,,authority_inventory:idle_primary|motion_law:current|runtime_clip:idle_primary
juno-spark,idle_secondary,locomotion_traversal,PROCEDURAL_FALLBACK,idle_secondary,content/fighters/juno-spark/animations/procedural/idle_secondary.anim.json,idle_variant,,,authority_inventory:idle_secondary|motion_law:current|runtime_clip:idle_secondary
juno-spark,idle_long,locomotion_traversal,PROCEDURAL_FALLBACK,idle_long,content/fighters/juno-spark/animations/procedural/idle_long.anim.json,idle,,,authority_inventory:idle_long|motion_law:current|runtime_clip:idle_long
juno-spark,walk_start,locomotion_traversal,PROCEDURAL_FALLBACK,walk_start,content/fighters/juno-spark/animations/procedural/walk_start.anim.json,walk,,,authority_inventory:walk_start|motion_law:current|runtime_clip:walk_start
juno-spark,walk_loop,locomotion_traversal,PROCEDURAL_FALLBACK,walk_loop,content/fighters/juno-spark/animations/procedural/walk_loop.anim.json,walk,,,authority_inventory:walk_loop|motion_law:current|runtime_clip:walk_loop
juno-spark,walk_stop,locomotion_traversal,PROCEDURAL_FALLBACK,walk_stop,content/fighters/juno-spark/animations/procedural/walk_stop.anim.json,walk,,,authority_inventory:walk_stop|motion_law:current|runtime_clip:walk_stop
juno-spark,run_start,locomotion_traversal,PROCEDURAL_FALLBACK,run_start,content/fighters/juno-spark/animations/procedural/run_start.anim.json,run,,,authority_inventory:run_start|motion_law:current|runtime_clip:run_start
juno-spark,run_loop,locomotion_traversal,PROCEDURAL_FALLBACK,run_loop,content/fighters/juno-spark/animations/procedural/run_loop.anim.json,run,,,authority_inventory:run_loop|motion_law:current|runtime_clip:run_loop
juno-spark,run_stop,locomotion_traversal,PROCEDURAL_FALLBACK,run_stop,content/fighters/juno-spark/animations/procedural/run_stop.anim.json,run,,,authority_inventory:run_stop|motion_law:current|runtime_clip:run_stop
juno-spark,dash_start,locomotion_traversal,PROCEDURAL_FALLBACK,dash_start,content/fighters/juno-spark/animations/procedural/dash_start.anim.json,dash,,,authority_inventory:dash_start|motion_law:current|runtime_clip:dash_start
juno-spark,dash_loop,locomotion_traversal,PROCEDURAL_FALLBACK,dash_loop,content/fighters/juno-spark/animations/procedural/dash_loop.anim.json,dash,,,authority_inventory:dash_loop|motion_law:current|runtime_clip:dash_loop
juno-spark,dash_stop,locomotion_traversal,PROCEDURAL_FALLBACK,dash_stop,content/fighters/juno-spark/animations/procedural/dash_stop.anim.json,dash,,,authority_inventory:dash_stop|motion_law:current|runtime_clip:dash_stop
juno-spark,skid,locomotion_traversal,PROCEDURAL_FALLBACK,skid,content/fighters/juno-spark/animations/procedural/skid.anim.json,turn,,,authority_inventory:skid|motion_law:current|runtime_clip:skid
juno-spark,turnaround,locomotion_traversal,PROCEDURAL_FALLBACK,turnaround,content/fighters/juno-spark/animations/procedural/turnaround.anim.json,turn,,,authority_inventory:turnaround|motion_law:current|runtime_clip:turnaround
juno-spark,crouch_start,locomotion_traversal,PROCEDURAL_FALLBACK,crouch_start,content/fighters/juno-spark/animations/procedural/crouch_start.anim.json,crouch,,,authority_inventory:crouch_start|motion_law:current|runtime_clip:crouch_start
juno-spark,crouch_hold,locomotion_traversal,PROCEDURAL_FALLBACK,crouch_hold,content/fighters/juno-spark/animations/procedural/crouch_hold.anim.json,crouch,,,authority_inventory:crouch_hold|motion_law:current|runtime_clip:crouch_hold
juno-spark,crouch_end,locomotion_traversal,PROCEDURAL_FALLBACK,crouch_end,content/fighters/juno-spark/animations/procedural/crouch_end.anim.json,crouch,,,authority_inventory:crouch_end|motion_law:current|runtime_clip:crouch_end
juno-spark,jump_squat,locomotion_traversal,PROCEDURAL_FALLBACK,jump_squat,content/fighters/juno-spark/animations/procedural/jump_squat.anim.json,jump_start,,,authority_inventory:jump_squat|motion_law:current|runtime_clip:jump_squat
juno-spark,jump,locomotion_traversal,PROCEDURAL_FALLBACK,jump,content/fighters/juno-spark/animations/procedural/jump.anim.json,jump_rise,,,authority_inventory:jump|motion_law:current|runtime_clip:jump
juno-spark,short_hop_visual,locomotion_traversal,PROCEDURAL_FALLBACK,short_hop_visual,content/fighters/juno-spark/animations/procedural/short_hop_visual.anim.json,jump,,,authority_inventory:short_hop_visual|motion_law:current|runtime_clip:short_hop_visual
juno-spark,double_jump,locomotion_traversal,PROCEDURAL_FALLBACK,double_jump,content/fighters/juno-spark/animations/procedural/double_jump.anim.json,jump,,,authority_inventory:double_jump|motion_law:current|runtime_clip:double_jump
juno-spark,fall,locomotion_traversal,PROCEDURAL_FALLBACK,fall,content/fighters/juno-spark/animations/procedural/fall.anim.json,fall,,,authority_inventory:fall|motion_law:current|runtime_clip:fall
juno-spark,fast_fall,locomotion_traversal,PROCEDURAL_FALLBACK,fast_fall,content/fighters/juno-spark/animations/procedural/fast_fall.anim.json,fall,,,authority_inventory:fast_fall|motion_law:current|runtime_clip:fast_fall
juno-spark,land_soft,locomotion_traversal,PROCEDURAL_FALLBACK,land_soft,content/fighters/juno-spark/animations/procedural/land_soft.anim.json,land,,,authority_inventory:land_soft|motion_law:current|runtime_clip:land_soft
juno-spark,land_hard,locomotion_traversal,PROCEDURAL_FALLBACK,land_hard,content/fighters/juno-spark/animations/procedural/land_hard.anim.json,landing,,,authority_inventory:land_hard|motion_law:current|runtime_clip:land_hard
juno-spark,platform_drop,locomotion_traversal,PROCEDURAL_FALLBACK,platform_drop,content/fighters/juno-spark/animations/procedural/platform_drop.anim.json,ledge_drop,,,authority_inventory:platform_drop|motion_law:current|runtime_clip:platform_drop
juno-spark,edge_warning,ledge_platform,PROCEDURAL_FALLBACK,edge_warning,content/fighters/juno-spark/animations/procedural/edge_warning.anim.json,ledge_hang,,,authority_inventory:edge_warning|motion_law:current|runtime_clip:edge_warning
juno-spark,ledge_teeter,ledge_platform,PROCEDURAL_FALLBACK,ledge_teeter,content/fighters/juno-spark/animations/procedural/ledge_teeter.anim.json,ledge_hang,,,authority_inventory:ledge_teeter|motion_law:current|runtime_clip:ledge_teeter
juno-spark,ledge_grab,ledge_platform,PROCEDURAL_FALLBACK,ledge_grab,content/fighters/juno-spark/animations/procedural/ledge_grab.anim.json,ledge_grab,,,authority_inventory:ledge_grab|motion_law:current|runtime_clip:ledge_grab
juno-spark,ledge_hang,ledge_platform,PROCEDURAL_FALLBACK,ledge_hang,content/fighters/juno-spark/animations/procedural/ledge_hang.anim.json,ledge_hang,,,authority_inventory:ledge_hang|motion_law:current|runtime_clip:ledge_hang
juno-spark,ledge_getup,ledge_platform,PROCEDURAL_FALLBACK,ledge_getup,content/fighters/juno-spark/animations/procedural/ledge_getup.anim.json,ledge_getup,,,authority_inventory:ledge_getup|motion_law:current|runtime_clip:ledge_getup
juno-spark,ledge_roll,ledge_platform,PROCEDURAL_FALLBACK,ledge_roll,content/fighters/juno-spark/animations/procedural/ledge_roll.anim.json,dodge_forward,,,authority_inventory:ledge_roll|motion_law:current|runtime_clip:ledge_roll
juno-spark,ledge_jump,ledge_platform,PROCEDURAL_FALLBACK,ledge_jump,content/fighters/juno-spark/animations/procedural/ledge_jump.anim.json,ledge_jump,,,authority_inventory:ledge_jump|motion_law:current|runtime_clip:ledge_jump
juno-spark,ledge_attack,ledge_platform,PROCEDURAL_FALLBACK,ledge_attack,content/fighters/juno-spark/animations/procedural/ledge_attack.anim.json,jab,,,authority_inventory:ledge_attack|motion_law:current|runtime_clip:ledge_attack
juno-spark,shield_start,defense_evasion,PROCEDURAL_FALLBACK,shield_start,content/fighters/juno-spark/animations/procedural/shield_start.anim.json,shield_start,,,authority_inventory:shield_start|motion_law:current|runtime_clip:shield_start
juno-spark,shield_hold,defense_evasion,PROCEDURAL_FALLBACK,shield_hold,content/fighters/juno-spark/animations/procedural/shield_hold.anim.json,shield_hold,,,authority_inventory:shield_hold|motion_law:current|runtime_clip:shield_hold
juno-spark,shield_hit,defense_evasion,PROCEDURAL_FALLBACK,shield_hit,content/fighters/juno-spark/animations/procedural/shield_hit.anim.json,shield,,,authority_inventory:shield_hit|motion_law:current|runtime_clip:shield_hit
juno-spark,shield_stun,defense_evasion,PROCEDURAL_FALLBACK,shield_stun,content/fighters/juno-spark/animations/procedural/shield_stun.anim.json,shield,,,authority_inventory:shield_stun|motion_law:current|runtime_clip:shield_stun
juno-spark,shield_break,defense_evasion,PROCEDURAL_FALLBACK,shield_break,content/fighters/juno-spark/animations/procedural/shield_break.anim.json,hurt_heavy,,,authority_inventory:shield_break|motion_law:current|runtime_clip:shield_break
juno-spark,spot_dodge,defense_evasion,PROCEDURAL_FALLBACK,spot_dodge,content/fighters/juno-spark/animations/procedural/spot_dodge.anim.json,dodge,,,authority_inventory:spot_dodge|motion_law:current|runtime_clip:spot_dodge
juno-spark,roll_forward,defense_evasion,PROCEDURAL_FALLBACK,roll_forward,content/fighters/juno-spark/animations/procedural/roll_forward.anim.json,dodge_forward,,,authority_inventory:roll_forward|motion_law:current|runtime_clip:roll_forward
juno-spark,roll_backward,defense_evasion,PROCEDURAL_FALLBACK,roll_backward,content/fighters/juno-spark/animations/procedural/roll_backward.anim.json,dodge_back,,,authority_inventory:roll_backward|motion_law:current|runtime_clip:roll_backward
juno-spark,air_dodge_neutral,defense_evasion,PROCEDURAL_FALLBACK,air_dodge_neutral,content/fighters/juno-spark/animations/procedural/air_dodge_neutral.anim.json,air_dodge,,,authority_inventory:air_dodge_neutral|motion_law:current|runtime_clip:air_dodge_neutral
juno-spark,air_dodge_forward,defense_evasion,PROCEDURAL_FALLBACK,air_dodge_forward,content/fighters/juno-spark/animations/procedural/air_dodge_forward.anim.json,air_dodge,,,authority_inventory:air_dodge_forward|motion_law:current|runtime_clip:air_dodge_forward
juno-spark,air_dodge_back,defense_evasion,PROCEDURAL_FALLBACK,air_dodge_back,content/fighters/juno-spark/animations/procedural/air_dodge_back.anim.json,air_dodge,,,authority_inventory:air_dodge_back|motion_law:current|runtime_clip:air_dodge_back
juno-spark,air_dodge_up,defense_evasion,PROCEDURAL_FALLBACK,air_dodge_up,content/fighters/juno-spark/animations/procedural/air_dodge_up.anim.json,air_dodge,,,authority_inventory:air_dodge_up|motion_law:current|runtime_clip:air_dodge_up
juno-spark,air_dodge_down,defense_evasion,PROCEDURAL_FALLBACK,air_dodge_down,content/fighters/juno-spark/animations/procedural/air_dodge_down.anim.json,air_dodge,,,authority_inventory:air_dodge_down|motion_law:current|runtime_clip:air_dodge_down
juno-spark,tech_in_place,defense_evasion,PROCEDURAL_FALLBACK,tech_in_place,content/fighters/juno-spark/animations/procedural/tech_in_place.anim.json,land,,,authority_inventory:tech_in_place|motion_law:current|runtime_clip:tech_in_place
juno-spark,tech_forward,defense_evasion,PROCEDURAL_FALLBACK,tech_forward,content/fighters/juno-spark/animations/procedural/tech_forward.anim.json,dodge_forward,,,authority_inventory:tech_forward|motion_law:current|runtime_clip:tech_forward
juno-spark,tech_back,defense_evasion,PROCEDURAL_FALLBACK,tech_back,content/fighters/juno-spark/animations/procedural/tech_back.anim.json,dodge_back,,,authority_inventory:tech_back|motion_law:current|runtime_clip:tech_back
juno-spark,pratfall,defense_evasion,PROCEDURAL_FALLBACK,pratfall,content/fighters/juno-spark/animations/procedural/pratfall.anim.json,tumble,,,authority_inventory:pratfall|motion_law:current|runtime_clip:pratfall
juno-spark,hurt_light_front,damage_reactions,PROCEDURAL_FALLBACK,hurt_light_front,content/fighters/juno-spark/animations/procedural/hurt_light_front.anim.json,hurt_light,,,authority_inventory:hurt_light_front|motion_law:current|runtime_clip:hurt_light_front
juno-spark,hurt_light_back,damage_reactions,PROCEDURAL_FALLBACK,hurt_light_back,content/fighters/juno-spark/animations/procedural/hurt_light_back.anim.json,hurt_light,,,authority_inventory:hurt_light_back|motion_law:current|runtime_clip:hurt_light_back
juno-spark,hurt_heavy,damage_reactions,PROCEDURAL_FALLBACK,hurt_heavy,content/fighters/juno-spark/animations/procedural/hurt_heavy.anim.json,hurt_heavy,,,authority_inventory:hurt_heavy|motion_law:current|runtime_clip:hurt_heavy
juno-spark,hitstop_pose,damage_reactions,PROCEDURAL_FALLBACK,hitstop_pose,content/fighters/juno-spark/animations/procedural/hitstop_pose.anim.json,hurt,,,authority_inventory:hitstop_pose|motion_law:current|runtime_clip:hitstop_pose
juno-spark,hitstun_ground,damage_reactions,PROCEDURAL_FALLBACK,hitstun_ground,content/fighters/juno-spark/animations/procedural/hitstun_ground.anim.json,hurt,,,authority_inventory:hitstun_ground|motion_law:current|runtime_clip:hitstun_ground
juno-spark,launch_horizontal,damage_reactions,PROCEDURAL_FALLBACK,launch_horizontal,content/fighters/juno-spark/animations/procedural/launch_horizontal.anim.json,launch,,,authority_inventory:launch_horizontal|motion_law:current|runtime_clip:launch_horizontal
juno-spark,launch_vertical,damage_reactions,PROCEDURAL_FALLBACK,launch_vertical,content/fighters/juno-spark/animations/procedural/launch_vertical.anim.json,critical_launch,,,authority_inventory:launch_vertical|motion_law:current|runtime_clip:launch_vertical
juno-spark,tumble,damage_reactions,PROCEDURAL_FALLBACK,tumble,content/fighters/juno-spark/animations/procedural/tumble.anim.json,tumble,,,authority_inventory:tumble|motion_law:current|runtime_clip:tumble
juno-spark,ground_bounce,damage_reactions,PROCEDURAL_FALLBACK,ground_bounce,content/fighters/juno-spark/animations/procedural/ground_bounce.anim.json,landing,,,authority_inventory:ground_bounce|motion_law:current|runtime_clip:ground_bounce
juno-spark,wall_bounce,damage_reactions,PROCEDURAL_FALLBACK,wall_bounce,content/fighters/juno-spark/animations/procedural/wall_bounce.anim.json,hurt_heavy,,,authority_inventory:wall_bounce|motion_law:current|runtime_clip:wall_bounce
juno-spark,knockdown,damage_reactions,PROCEDURAL_FALLBACK,knockdown,content/fighters/juno-spark/animations/procedural/knockdown.anim.json,hurt_heavy,,,authority_inventory:knockdown|motion_law:current|runtime_clip:knockdown
juno-spark,ko,damage_reactions,PROCEDURAL_FALLBACK,ko,content/fighters/juno-spark/animations/procedural/ko.anim.json,ko,,,authority_inventory:ko|motion_law:current|runtime_clip:ko
juno-spark,respawn,damage_reactions,PROCEDURAL_FALLBACK,respawn,content/fighters/juno-spark/animations/procedural/respawn.anim.json,respawn,,,authority_inventory:respawn|motion_law:current|runtime_clip:respawn
juno-spark,grab_startup,grab_throw,PROCEDURAL_FALLBACK,grab_startup,content/fighters/juno-spark/animations/procedural/grab_startup.anim.json,grab,,,authority_inventory:grab_startup|motion_law:current|runtime_clip:grab_startup
juno-spark,grab_active,grab_throw,PROCEDURAL_FALLBACK,grab_active,content/fighters/juno-spark/animations/procedural/grab_active.anim.json,grab,,,authority_inventory:grab_active|motion_law:current|runtime_clip:grab_active
juno-spark,grab_whiff,grab_throw,PROCEDURAL_FALLBACK,grab_whiff,content/fighters/juno-spark/animations/procedural/grab_whiff.anim.json,grab_break,,,authority_inventory:grab_whiff|motion_law:current|runtime_clip:grab_whiff
juno-spark,grab_hold,grab_throw,PROCEDURAL_FALLBACK,grab_hold,content/fighters/juno-spark/animations/procedural/grab_hold.anim.json,grab_hold,,,authority_inventory:grab_hold|motion_law:current|runtime_clip:grab_hold
juno-spark,pummel,grab_throw,PROCEDURAL_FALLBACK,pummel,content/fighters/juno-spark/animations/procedural/pummel.anim.json,grab_hold,,,authority_inventory:pummel|motion_law:current|runtime_clip:pummel
juno-spark,throw_startup,grab_throw,PROCEDURAL_FALLBACK,throw_startup,content/fighters/juno-spark/animations/procedural/throw_startup.anim.json,throw_forward,,,authority_inventory:throw_startup|motion_law:current|runtime_clip:throw_startup
juno-spark,throw_release,grab_throw,PROCEDURAL_FALLBACK,throw_release,content/fighters/juno-spark/animations/procedural/throw_release.anim.json,throw_forward,,,authority_inventory:throw_release|motion_law:current|runtime_clip:throw_release
juno-spark,aura_charge,aura,PROCEDURAL_FALLBACK,aura_charge,content/fighters/juno-spark/animations/procedural/aura_charge.anim.json,aura_charge,aura_charge,,authority_inventory:aura_charge|motion_law:current|runtime_clip:aura_charge
juno-spark,aura_ready,aura,PROCEDURAL_FALLBACK,aura_ready,content/fighters/juno-spark/animations/procedural/aura_ready.anim.json,aura_ready,,,authority_inventory:aura_ready|motion_law:current|runtime_clip:aura_ready
juno-spark,aura_burst_startup,aura,PROCEDURAL_FALLBACK,aura_burst_startup,content/fighters/juno-spark/animations/procedural/aura_burst_startup.anim.json,aura_burst,,,authority_inventory:aura_burst_startup|motion_law:current|runtime_clip:aura_burst_startup
juno-spark,aura_burst_active,aura,PROCEDURAL_FALLBACK,aura_burst_active,content/fighters/juno-spark/animations/procedural/aura_burst_active.anim.json,aura_burst,,,authority_inventory:aura_burst_active|motion_law:current|runtime_clip:aura_burst_active
juno-spark,aura_burst_recovery,aura,PROCEDURAL_FALLBACK,aura_burst_recovery,content/fighters/juno-spark/animations/procedural/aura_burst_recovery.anim.json,aura_release,,,authority_inventory:aura_burst_recovery|motion_law:current|runtime_clip:aura_burst_recovery
juno-spark,aura_super_transform,aura,PROCEDURAL_FALLBACK,aura_super_transform,content/fighters/juno-spark/animations/procedural/aura_super_transform.anim.json,signature_lane_burst,,,authority_inventory:aura_super_transform|motion_law:current|runtime_clip:aura_super_transform
juno-spark,jab_1,moves,PROCEDURAL_FALLBACK,jab_1,content/fighters/juno-spark/animations/procedural/jab_1.anim.json,jab,jab_1,,authority_inventory:jab_1|motion_law:current|runtime_clip:jab_1
juno-spark,jab_2,moves,PROCEDURAL_FALLBACK,jab_2,content/fighters/juno-spark/animations/procedural/jab_2.anim.json,jab_chain_2,jab_2,,authority_inventory:jab_2|motion_law:current|runtime_clip:jab_2
juno-spark,jab_finisher,moves,PROCEDURAL_FALLBACK,jab_finisher,content/fighters/juno-spark/animations/procedural/jab_finisher.anim.json,jab_chain_3,jab_finisher,,authority_inventory:jab_finisher|motion_law:current|runtime_clip:jab_finisher
juno-spark,forward_tilt,moves,PROCEDURAL_FALLBACK,forward_tilt,content/fighters/juno-spark/animations/procedural/forward_tilt.anim.json,tilt_forward,forward_tilt,,authority_inventory:forward_tilt|motion_law:current|runtime_clip:forward_tilt
juno-spark,up_tilt,moves,PROCEDURAL_FALLBACK,up_tilt,content/fighters/juno-spark/animations/procedural/up_tilt.anim.json,tilt_up,up_tilt,,authority_inventory:up_tilt|motion_law:current|runtime_clip:up_tilt
juno-spark,down_tilt,moves,PROCEDURAL_FALLBACK,down_tilt,content/fighters/juno-spark/animations/procedural/down_tilt.anim.json,tilt_down,down_tilt,,authority_inventory:down_tilt|motion_law:current|runtime_clip:down_tilt
juno-spark,dash_attack,moves,PROCEDURAL_FALLBACK,dash_attack,content/fighters/juno-spark/animations/procedural/dash_attack.anim.json,dash_attack,dash_attack,,authority_inventory:dash_attack|motion_law:current|runtime_clip:dash_attack
juno-spark,heavy_attack,moves,PROCEDURAL_FALLBACK,heavy_attack,content/fighters/juno-spark/animations/procedural/heavy_attack.anim.json,heavy,heavy_attack,,authority_inventory:heavy_attack|motion_law:current|runtime_clip:heavy_attack
juno-spark,neutral_air,moves,PROCEDURAL_FALLBACK,neutral_air,content/fighters/juno-spark/animations/procedural/neutral_air.anim.json,aerial_neutral,neutral_air,,authority_inventory:neutral_air|motion_law:current|runtime_clip:neutral_air
juno-spark,forward_air,moves,PROCEDURAL_FALLBACK,forward_air,content/fighters/juno-spark/animations/procedural/forward_air.anim.json,aerial_forward,forward_air,,authority_inventory:forward_air|motion_law:current|runtime_clip:forward_air
juno-spark,back_air,moves,PROCEDURAL_FALLBACK,back_air,content/fighters/juno-spark/animations/procedural/back_air.anim.json,aerial_back,back_air,,authority_inventory:back_air|motion_law:current|runtime_clip:back_air
juno-spark,up_air,moves,PROCEDURAL_FALLBACK,up_air,content/fighters/juno-spark/animations/procedural/up_air.anim.json,aerial_up,up_air,,authority_inventory:up_air|motion_law:current|runtime_clip:up_air
juno-spark,down_air,moves,PROCEDURAL_FALLBACK,down_air,content/fighters/juno-spark/animations/procedural/down_air.anim.json,aerial_down,down_air,,authority_inventory:down_air|motion_law:current|runtime_clip:down_air
juno-spark,neutral_special_projectile,moves,PROCEDURAL_FALLBACK,neutral_special_projectile,content/fighters/juno-spark/animations/procedural/neutral_special_projectile.anim.json,projectile_full,neutral_special_projectile,,authority_inventory:neutral_special_projectile|motion_law:current|runtime_clip:neutral_special_projectile
juno-spark,side_special,moves,PROCEDURAL_FALLBACK,side_special,content/fighters/juno-spark/animations/procedural/side_special.anim.json,side_special,side_special,,authority_inventory:side_special|motion_law:current|runtime_clip:side_special
juno-spark,up_special_recovery,moves,PROCEDURAL_FALLBACK,up_special_recovery,content/fighters/juno-spark/animations/procedural/up_special_recovery.anim.json,recovery,up_special_recovery,,authority_inventory:up_special_recovery|motion_law:current|runtime_clip:up_special_recovery
juno-spark,down_special,moves,PROCEDURAL_FALLBACK,down_special,content/fighters/juno-spark/animations/procedural/down_special.anim.json,down_special,down_special,,authority_inventory:down_special|motion_law:current|runtime_clip:down_special
juno-spark,grab,moves,PROCEDURAL_FALLBACK,grab,content/fighters/juno-spark/animations/procedural/grab.anim.json,grab,grab,,authority_inventory:grab|motion_law:current|runtime_clip:grab
juno-spark,throw_forward,moves,PROCEDURAL_FALLBACK,throw_forward,content/fighters/juno-spark/animations/procedural/throw_forward.anim.json,throw_forward,throw_forward,,authority_inventory:throw_forward|motion_law:current|runtime_clip:throw_forward
juno-spark,throw_back,moves,PROCEDURAL_FALLBACK,throw_back,content/fighters/juno-spark/animations/procedural/throw_back.anim.json,throw_back,throw_back,,authority_inventory:throw_back|motion_law:current|runtime_clip:throw_back
juno-spark,throw_up,moves,PROCEDURAL_FALLBACK,throw_up,content/fighters/juno-spark/animations/procedural/throw_up.anim.json,throw_up,throw_up,,authority_inventory:throw_up|motion_law:current|runtime_clip:throw_up
juno-spark,throw_down,moves,PROCEDURAL_FALLBACK,throw_down,content/fighters/juno-spark/animations/procedural/throw_down.anim.json,throw_down,throw_down,,authority_inventory:throw_down|motion_law:current|runtime_clip:throw_down
juno-spark,aura_charge_move,moves,PROCEDURAL_FALLBACK,aura_charge_move,content/fighters/juno-spark/animations/procedural/aura_charge_move.anim.json,aura_charge,aura_charge,,authority_inventory:aura_charge_move|motion_law:current|runtime_clip:aura_charge_move
juno-spark,aura_burst_move,moves,PROCEDURAL_FALLBACK,aura_burst_move,content/fighters/juno-spark/animations/procedural/aura_burst_move.anim.json,signature_lane_burst,aura_burst,,authority_inventory:aura_burst_move|motion_law:current|runtime_clip:aura_burst_move
juno-spark,match_intro,presentation,PROCEDURAL_FALLBACK,match_intro,content/fighters/juno-spark/animations/procedural/match_intro.anim.json,idle,,,authority_inventory:match_intro|motion_law:current|runtime_clip:match_intro
juno-spark,character_select_idle,presentation,PROCEDURAL_FALLBACK,character_select_idle,content/fighters/juno-spark/animations/procedural/character_select_idle.anim.json,idle,,,authority_inventory:character_select_idle|motion_law:current|runtime_clip:character_select_idle
juno-spark,character_select_confirm,presentation,PROCEDURAL_FALLBACK,character_select_confirm,content/fighters/juno-spark/animations/procedural/character_select_confirm.anim.json,victory,,,authority_inventory:character_select_confirm|motion_law:current|runtime_clip:character_select_confirm
juno-spark,taunt_1,presentation,PROCEDURAL_FALLBACK,taunt_1,content/fighters/juno-spark/animations/procedural/taunt_1.anim.json,idle_variant,,,authority_inventory:taunt_1|motion_law:current|runtime_clip:taunt_1
juno-spark,taunt_2,presentation,PROCEDURAL_FALLBACK,taunt_2,content/fighters/juno-spark/animations/procedural/taunt_2.anim.json,idle_variant,,,authority_inventory:taunt_2|motion_law:current|runtime_clip:taunt_2
juno-spark,victory,presentation,PROCEDURAL_FALLBACK,victory,content/fighters/juno-spark/animations/procedural/victory.anim.json,victory,,,authority_inventory:victory|motion_law:current|runtime_clip:victory
juno-spark,defeat,presentation,PROCEDURAL_FALLBACK,defeat,content/fighters/juno-spark/animations/procedural/defeat.anim.json,defeat,,,authority_inventory:defeat|motion_law:current|runtime_clip:defeat
juno-spark,results_idle,presentation,PROCEDURAL_FALLBACK,results_idle,content/fighters/juno-spark/animations/procedural/results_idle.anim.json,idle,,,authority_inventory:results_idle|motion_law:current|runtime_clip:results_idle
juno-spark,story_dialogue_neutral,presentation,PROCEDURAL_FALLBACK,story_dialogue_neutral,content/fighters/juno-spark/animations/procedural/story_dialogue_neutral.anim.json,idle,,,authority_inventory:story_dialogue_neutral|motion_law:current|runtime_clip:story_dialogue_neutral
juno-spark,story_dialogue_intense,presentation,PROCEDURAL_FALLBACK,story_dialogue_intense,content/fighters/juno-spark/animations/procedural/story_dialogue_intense.anim.json,aura_ready,,,authority_inventory:story_dialogue_intense|motion_law:current|runtime_clip:story_dialogue_intense
kaia-windrow,idle_primary,locomotion_traversal,PROCEDURAL_FALLBACK,idle_primary,content/fighters/kaia-windrow/animations/procedural/idle_primary.anim.json,idle,,,authority_inventory:idle_primary|motion_law:flow|runtime_clip:idle_primary
kaia-windrow,idle_secondary,locomotion_traversal,PROCEDURAL_FALLBACK,idle_secondary,content/fighters/kaia-windrow/animations/procedural/idle_secondary.anim.json,idle_variant,,,authority_inventory:idle_secondary|motion_law:flow|runtime_clip:idle_secondary
kaia-windrow,idle_long,locomotion_traversal,PROCEDURAL_FALLBACK,idle_long,content/fighters/kaia-windrow/animations/procedural/idle_long.anim.json,idle,,,authority_inventory:idle_long|motion_law:flow|runtime_clip:idle_long
kaia-windrow,walk_start,locomotion_traversal,PROCEDURAL_FALLBACK,walk_start,content/fighters/kaia-windrow/animations/procedural/walk_start.anim.json,walk,,,authority_inventory:walk_start|motion_law:flow|runtime_clip:walk_start
kaia-windrow,walk_loop,locomotion_traversal,PROCEDURAL_FALLBACK,walk_loop,content/fighters/kaia-windrow/animations/procedural/walk_loop.anim.json,walk,,,authority_inventory:walk_loop|motion_law:flow|runtime_clip:walk_loop
kaia-windrow,walk_stop,locomotion_traversal,PROCEDURAL_FALLBACK,walk_stop,content/fighters/kaia-windrow/animations/procedural/walk_stop.anim.json,walk,,,authority_inventory:walk_stop|motion_law:flow|runtime_clip:walk_stop
kaia-windrow,run_start,locomotion_traversal,PROCEDURAL_FALLBACK,run_start,content/fighters/kaia-windrow/animations/procedural/run_start.anim.json,run,,,authority_inventory:run_start|motion_law:flow|runtime_clip:run_start
kaia-windrow,run_loop,locomotion_traversal,PROCEDURAL_FALLBACK,run_loop,content/fighters/kaia-windrow/animations/procedural/run_loop.anim.json,run,,,authority_inventory:run_loop|motion_law:flow|runtime_clip:run_loop
kaia-windrow,run_stop,locomotion_traversal,PROCEDURAL_FALLBACK,run_stop,content/fighters/kaia-windrow/animations/procedural/run_stop.anim.json,run,,,authority_inventory:run_stop|motion_law:flow|runtime_clip:run_stop
kaia-windrow,dash_start,locomotion_traversal,PROCEDURAL_FALLBACK,dash_start,content/fighters/kaia-windrow/animations/procedural/dash_start.anim.json,dash,,,authority_inventory:dash_start|motion_law:flow|runtime_clip:dash_start
kaia-windrow,dash_loop,locomotion_traversal,PROCEDURAL_FALLBACK,dash_loop,content/fighters/kaia-windrow/animations/procedural/dash_loop.anim.json,dash,,,authority_inventory:dash_loop|motion_law:flow|runtime_clip:dash_loop
kaia-windrow,dash_stop,locomotion_traversal,PROCEDURAL_FALLBACK,dash_stop,content/fighters/kaia-windrow/animations/procedural/dash_stop.anim.json,dash,,,authority_inventory:dash_stop|motion_law:flow|runtime_clip:dash_stop
kaia-windrow,skid,locomotion_traversal,PROCEDURAL_FALLBACK,skid,content/fighters/kaia-windrow/animations/procedural/skid.anim.json,turn,,,authority_inventory:skid|motion_law:flow|runtime_clip:skid
kaia-windrow,turnaround,locomotion_traversal,PROCEDURAL_FALLBACK,turnaround,content/fighters/kaia-windrow/animations/procedural/turnaround.anim.json,turn,,,authority_inventory:turnaround|motion_law:flow|runtime_clip:turnaround
kaia-windrow,crouch_start,locomotion_traversal,PROCEDURAL_FALLBACK,crouch_start,content/fighters/kaia-windrow/animations/procedural/crouch_start.anim.json,crouch,,,authority_inventory:crouch_start|motion_law:flow|runtime_clip:crouch_start
kaia-windrow,crouch_hold,locomotion_traversal,PROCEDURAL_FALLBACK,crouch_hold,content/fighters/kaia-windrow/animations/procedural/crouch_hold.anim.json,crouch,,,authority_inventory:crouch_hold|motion_law:flow|runtime_clip:crouch_hold
kaia-windrow,crouch_end,locomotion_traversal,PROCEDURAL_FALLBACK,crouch_end,content/fighters/kaia-windrow/animations/procedural/crouch_end.anim.json,crouch,,,authority_inventory:crouch_end|motion_law:flow|runtime_clip:crouch_end
kaia-windrow,jump_squat,locomotion_traversal,PROCEDURAL_FALLBACK,jump_squat,content/fighters/kaia-windrow/animations/procedural/jump_squat.anim.json,jump_start,,,authority_inventory:jump_squat|motion_law:flow|runtime_clip:jump_squat
kaia-windrow,jump,locomotion_traversal,PROCEDURAL_FALLBACK,jump,content/fighters/kaia-windrow/animations/procedural/jump.anim.json,jump_rise,,,authority_inventory:jump|motion_law:flow|runtime_clip:jump
kaia-windrow,short_hop_visual,locomotion_traversal,PROCEDURAL_FALLBACK,short_hop_visual,content/fighters/kaia-windrow/animations/procedural/short_hop_visual.anim.json,jump,,,authority_inventory:short_hop_visual|motion_law:flow|runtime_clip:short_hop_visual
kaia-windrow,double_jump,locomotion_traversal,PROCEDURAL_FALLBACK,double_jump,content/fighters/kaia-windrow/animations/procedural/double_jump.anim.json,jump,,,authority_inventory:double_jump|motion_law:flow|runtime_clip:double_jump
kaia-windrow,fall,locomotion_traversal,PROCEDURAL_FALLBACK,fall,content/fighters/kaia-windrow/animations/procedural/fall.anim.json,fall,,,authority_inventory:fall|motion_law:flow|runtime_clip:fall
kaia-windrow,fast_fall,locomotion_traversal,PROCEDURAL_FALLBACK,fast_fall,content/fighters/kaia-windrow/animations/procedural/fast_fall.anim.json,fall,,,authority_inventory:fast_fall|motion_law:flow|runtime_clip:fast_fall
kaia-windrow,land_soft,locomotion_traversal,PROCEDURAL_FALLBACK,land_soft,content/fighters/kaia-windrow/animations/procedural/land_soft.anim.json,land,,,authority_inventory:land_soft|motion_law:flow|runtime_clip:land_soft
kaia-windrow,land_hard,locomotion_traversal,PROCEDURAL_FALLBACK,land_hard,content/fighters/kaia-windrow/animations/procedural/land_hard.anim.json,landing,,,authority_inventory:land_hard|motion_law:flow|runtime_clip:land_hard
kaia-windrow,platform_drop,locomotion_traversal,PROCEDURAL_FALLBACK,platform_drop,content/fighters/kaia-windrow/animations/procedural/platform_drop.anim.json,ledge_drop,,,authority_inventory:platform_drop|motion_law:flow|runtime_clip:platform_drop
kaia-windrow,edge_warning,ledge_platform,PROCEDURAL_FALLBACK,edge_warning,content/fighters/kaia-windrow/animations/procedural/edge_warning.anim.json,ledge_hang,,,authority_inventory:edge_warning|motion_law:flow|runtime_clip:edge_warning
kaia-windrow,ledge_teeter,ledge_platform,PROCEDURAL_FALLBACK,ledge_teeter,content/fighters/kaia-windrow/animations/procedural/ledge_teeter.anim.json,ledge_hang,,,authority_inventory:ledge_teeter|motion_law:flow|runtime_clip:ledge_teeter
kaia-windrow,ledge_grab,ledge_platform,PROCEDURAL_FALLBACK,ledge_grab,content/fighters/kaia-windrow/animations/procedural/ledge_grab.anim.json,ledge_grab,,,authority_inventory:ledge_grab|motion_law:flow|runtime_clip:ledge_grab
kaia-windrow,ledge_hang,ledge_platform,PROCEDURAL_FALLBACK,ledge_hang,content/fighters/kaia-windrow/animations/procedural/ledge_hang.anim.json,ledge_hang,,,authority_inventory:ledge_hang|motion_law:flow|runtime_clip:ledge_hang
kaia-windrow,ledge_getup,ledge_platform,PROCEDURAL_FALLBACK,ledge_getup,content/fighters/kaia-windrow/animations/procedural/ledge_getup.anim.json,ledge_getup,,,authority_inventory:ledge_getup|motion_law:flow|runtime_clip:ledge_getup
kaia-windrow,ledge_roll,ledge_platform,PROCEDURAL_FALLBACK,ledge_roll,content/fighters/kaia-windrow/animations/procedural/ledge_roll.anim.json,dodge_forward,,,authority_inventory:ledge_roll|motion_law:flow|runtime_clip:ledge_roll
kaia-windrow,ledge_jump,ledge_platform,PROCEDURAL_FALLBACK,ledge_jump,content/fighters/kaia-windrow/animations/procedural/ledge_jump.anim.json,ledge_jump,,,authority_inventory:ledge_jump|motion_law:flow|runtime_clip:ledge_jump
kaia-windrow,ledge_attack,ledge_platform,PROCEDURAL_FALLBACK,ledge_attack,content/fighters/kaia-windrow/animations/procedural/ledge_attack.anim.json,jab,,,authority_inventory:ledge_attack|motion_law:flow|runtime_clip:ledge_attack
kaia-windrow,shield_start,defense_evasion,PROCEDURAL_FALLBACK,shield_start,content/fighters/kaia-windrow/animations/procedural/shield_start.anim.json,shield_start,,,authority_inventory:shield_start|motion_law:flow|runtime_clip:shield_start
kaia-windrow,shield_hold,defense_evasion,PROCEDURAL_FALLBACK,shield_hold,content/fighters/kaia-windrow/animations/procedural/shield_hold.anim.json,shield_hold,,,authority_inventory:shield_hold|motion_law:flow|runtime_clip:shield_hold
kaia-windrow,shield_hit,defense_evasion,PROCEDURAL_FALLBACK,shield_hit,content/fighters/kaia-windrow/animations/procedural/shield_hit.anim.json,shield,,,authority_inventory:shield_hit|motion_law:flow|runtime_clip:shield_hit
kaia-windrow,shield_stun,defense_evasion,PROCEDURAL_FALLBACK,shield_stun,content/fighters/kaia-windrow/animations/procedural/shield_stun.anim.json,shield,,,authority_inventory:shield_stun|motion_law:flow|runtime_clip:shield_stun
kaia-windrow,shield_break,defense_evasion,PROCEDURAL_FALLBACK,shield_break,content/fighters/kaia-windrow/animations/procedural/shield_break.anim.json,hurt_heavy,,,authority_inventory:shield_break|motion_law:flow|runtime_clip:shield_break
kaia-windrow,spot_dodge,defense_evasion,PROCEDURAL_FALLBACK,spot_dodge,content/fighters/kaia-windrow/animations/procedural/spot_dodge.anim.json,dodge,,,authority_inventory:spot_dodge|motion_law:flow|runtime_clip:spot_dodge
kaia-windrow,roll_forward,defense_evasion,PROCEDURAL_FALLBACK,roll_forward,content/fighters/kaia-windrow/animations/procedural/roll_forward.anim.json,dodge_forward,,,authority_inventory:roll_forward|motion_law:flow|runtime_clip:roll_forward
kaia-windrow,roll_backward,defense_evasion,PROCEDURAL_FALLBACK,roll_backward,content/fighters/kaia-windrow/animations/procedural/roll_backward.anim.json,dodge_back,,,authority_inventory:roll_backward|motion_law:flow|runtime_clip:roll_backward
kaia-windrow,air_dodge_neutral,defense_evasion,PROCEDURAL_FALLBACK,air_dodge_neutral,content/fighters/kaia-windrow/animations/procedural/air_dodge_neutral.anim.json,air_dodge,,,authority_inventory:air_dodge_neutral|motion_law:flow|runtime_clip:air_dodge_neutral
kaia-windrow,air_dodge_forward,defense_evasion,PROCEDURAL_FALLBACK,air_dodge_forward,content/fighters/kaia-windrow/animations/procedural/air_dodge_forward.anim.json,air_dodge,,,authority_inventory:air_dodge_forward|motion_law:flow|runtime_clip:air_dodge_forward
kaia-windrow,air_dodge_back,defense_evasion,PROCEDURAL_FALLBACK,air_dodge_back,content/fighters/kaia-windrow/animations/procedural/air_dodge_back.anim.json,air_dodge,,,authority_inventory:air_dodge_back|motion_law:flow|runtime_clip:air_dodge_back
kaia-windrow,air_dodge_up,defense_evasion,PROCEDURAL_FALLBACK,air_dodge_up,content/fighters/kaia-windrow/animations/procedural/air_dodge_up.anim.json,air_dodge,,,authority_inventory:air_dodge_up|motion_law:flow|runtime_clip:air_dodge_up
kaia-windrow,air_dodge_down,defense_evasion,PROCEDURAL_FALLBACK,air_dodge_down,content/fighters/kaia-windrow/animations/procedural/air_dodge_down.anim.json,air_dodge,,,authority_inventory:air_dodge_down|motion_law:flow|runtime_clip:air_dodge_down
kaia-windrow,tech_in_place,defense_evasion,PROCEDURAL_FALLBACK,tech_in_place,content/fighters/kaia-windrow/animations/procedural/tech_in_place.anim.json,land,,,authority_inventory:tech_in_place|motion_law:flow|runtime_clip:tech_in_place
kaia-windrow,tech_forward,defense_evasion,PROCEDURAL_FALLBACK,tech_forward,content/fighters/kaia-windrow/animations/procedural/tech_forward.anim.json,dodge_forward,,,authority_inventory:tech_forward|motion_law:flow|runtime_clip:tech_forward
kaia-windrow,tech_back,defense_evasion,PROCEDURAL_FALLBACK,tech_back,content/fighters/kaia-windrow/animations/procedural/tech_back.anim.json,dodge_back,,,authority_inventory:tech_back|motion_law:flow|runtime_clip:tech_back
kaia-windrow,pratfall,defense_evasion,PROCEDURAL_FALLBACK,pratfall,content/fighters/kaia-windrow/animations/procedural/pratfall.anim.json,tumble,,,authority_inventory:pratfall|motion_law:flow|runtime_clip:pratfall
kaia-windrow,hurt_light_front,damage_reactions,PROCEDURAL_FALLBACK,hurt_light_front,content/fighters/kaia-windrow/animations/procedural/hurt_light_front.anim.json,hurt_light,,,authority_inventory:hurt_light_front|motion_law:flow|runtime_clip:hurt_light_front
kaia-windrow,hurt_light_back,damage_reactions,PROCEDURAL_FALLBACK,hurt_light_back,content/fighters/kaia-windrow/animations/procedural/hurt_light_back.anim.json,hurt_light,,,authority_inventory:hurt_light_back|motion_law:flow|runtime_clip:hurt_light_back
kaia-windrow,hurt_heavy,damage_reactions,PROCEDURAL_FALLBACK,hurt_heavy,content/fighters/kaia-windrow/animations/procedural/hurt_heavy.anim.json,hurt_heavy,,,authority_inventory:hurt_heavy|motion_law:flow|runtime_clip:hurt_heavy
kaia-windrow,hitstop_pose,damage_reactions,PROCEDURAL_FALLBACK,hitstop_pose,content/fighters/kaia-windrow/animations/procedural/hitstop_pose.anim.json,hurt,,,authority_inventory:hitstop_pose|motion_law:flow|runtime_clip:hitstop_pose
kaia-windrow,hitstun_ground,damage_reactions,PROCEDURAL_FALLBACK,hitstun_ground,content/fighters/kaia-windrow/animations/procedural/hitstun_ground.anim.json,hurt,,,authority_inventory:hitstun_ground|motion_law:flow|runtime_clip:hitstun_ground
kaia-windrow,launch_horizontal,damage_reactions,PROCEDURAL_FALLBACK,launch_horizontal,content/fighters/kaia-windrow/animations/procedural/launch_horizontal.anim.json,launch,,,authority_inventory:launch_horizontal|motion_law:flow|runtime_clip:launch_horizontal
kaia-windrow,launch_vertical,damage_reactions,PROCEDURAL_FALLBACK,launch_vertical,content/fighters/kaia-windrow/animations/procedural/launch_vertical.anim.json,critical_launch,,,authority_inventory:launch_vertical|motion_law:flow|runtime_clip:launch_vertical
kaia-windrow,tumble,damage_reactions,PROCEDURAL_FALLBACK,tumble,content/fighters/kaia-windrow/animations/procedural/tumble.anim.json,tumble,,,authority_inventory:tumble|motion_law:flow|runtime_clip:tumble
kaia-windrow,ground_bounce,damage_reactions,PROCEDURAL_FALLBACK,ground_bounce,content/fighters/kaia-windrow/animations/procedural/ground_bounce.anim.json,landing,,,authority_inventory:ground_bounce|motion_law:flow|runtime_clip:ground_bounce
kaia-windrow,wall_bounce,damage_reactions,PROCEDURAL_FALLBACK,wall_bounce,content/fighters/kaia-windrow/animations/procedural/wall_bounce.anim.json,hurt_heavy,,,authority_inventory:wall_bounce|motion_law:flow|runtime_clip:wall_bounce
kaia-windrow,knockdown,damage_reactions,PROCEDURAL_FALLBACK,knockdown,content/fighters/kaia-windrow/animations/procedural/knockdown.anim.json,hurt_heavy,,,authority_inventory:knockdown|motion_law:flow|runtime_clip:knockdown
kaia-windrow,ko,damage_reactions,PROCEDURAL_FALLBACK,ko,content/fighters/kaia-windrow/animations/procedural/ko.anim.json,ko,,,authority_inventory:ko|motion_law:flow|runtime_clip:ko
kaia-windrow,respawn,damage_reactions,PROCEDURAL_FALLBACK,respawn,content/fighters/kaia-windrow/animations/procedural/respawn.anim.json,respawn,,,authority_inventory:respawn|motion_law:flow|runtime_clip:respawn
kaia-windrow,grab_startup,grab_throw,PROCEDURAL_FALLBACK,grab_startup,content/fighters/kaia-windrow/animations/procedural/grab_startup.anim.json,grab,,,authority_inventory:grab_startup|motion_law:flow|runtime_clip:grab_startup
kaia-windrow,grab_active,grab_throw,PROCEDURAL_FALLBACK,grab_active,content/fighters/kaia-windrow/animations/procedural/grab_active.anim.json,grab,,,authority_inventory:grab_active|motion_law:flow|runtime_clip:grab_active
kaia-windrow,grab_whiff,grab_throw,PROCEDURAL_FALLBACK,grab_whiff,content/fighters/kaia-windrow/animations/procedural/grab_whiff.anim.json,grab_break,,,authority_inventory:grab_whiff|motion_law:flow|runtime_clip:grab_whiff
kaia-windrow,grab_hold,grab_throw,PROCEDURAL_FALLBACK,grab_hold,content/fighters/kaia-windrow/animations/procedural/grab_hold.anim.json,grab_hold,,,authority_inventory:grab_hold|motion_law:flow|runtime_clip:grab_hold
kaia-windrow,pummel,grab_throw,PROCEDURAL_FALLBACK,pummel,content/fighters/kaia-windrow/animations/procedural/pummel.anim.json,grab_hold,,,authority_inventory:pummel|motion_law:flow|runtime_clip:pummel
kaia-windrow,throw_startup,grab_throw,PROCEDURAL_FALLBACK,throw_startup,content/fighters/kaia-windrow/animations/procedural/throw_startup.anim.json,throw_forward,,,authority_inventory:throw_startup|motion_law:flow|runtime_clip:throw_startup
kaia-windrow,throw_release,grab_throw,PROCEDURAL_FALLBACK,throw_release,content/fighters/kaia-windrow/animations/procedural/throw_release.anim.json,throw_forward,,,authority_inventory:throw_release|motion_law:flow|runtime_clip:throw_release
kaia-windrow,aura_charge,aura,PROCEDURAL_FALLBACK,aura_charge,content/fighters/kaia-windrow/animations/procedural/aura_charge.anim.json,aura_charge,aura_charge,,authority_inventory:aura_charge|motion_law:flow|runtime_clip:aura_charge
kaia-windrow,aura_ready,aura,PROCEDURAL_FALLBACK,aura_ready,content/fighters/kaia-windrow/animations/procedural/aura_ready.anim.json,aura_ready,,,authority_inventory:aura_ready|motion_law:flow|runtime_clip:aura_ready
kaia-windrow,aura_burst_startup,aura,PROCEDURAL_FALLBACK,aura_burst_startup,content/fighters/kaia-windrow/animations/procedural/aura_burst_startup.anim.json,aura_burst,,,authority_inventory:aura_burst_startup|motion_law:flow|runtime_clip:aura_burst_startup
kaia-windrow,aura_burst_active,aura,PROCEDURAL_FALLBACK,aura_burst_active,content/fighters/kaia-windrow/animations/procedural/aura_burst_active.anim.json,aura_burst,,,authority_inventory:aura_burst_active|motion_law:flow|runtime_clip:aura_burst_active
kaia-windrow,aura_burst_recovery,aura,PROCEDURAL_FALLBACK,aura_burst_recovery,content/fighters/kaia-windrow/animations/procedural/aura_burst_recovery.anim.json,aura_release,,,authority_inventory:aura_burst_recovery|motion_law:flow|runtime_clip:aura_burst_recovery
kaia-windrow,aura_super_transform,aura,PROCEDURAL_FALLBACK,aura_super_transform,content/fighters/kaia-windrow/animations/procedural/aura_super_transform.anim.json,signature_lane_burst,,,authority_inventory:aura_super_transform|motion_law:flow|runtime_clip:aura_super_transform
kaia-windrow,jab_1,moves,PROCEDURAL_FALLBACK,jab_1,content/fighters/kaia-windrow/animations/procedural/jab_1.anim.json,jab,jab_1,,authority_inventory:jab_1|motion_law:flow|runtime_clip:jab_1
kaia-windrow,jab_2,moves,PROCEDURAL_FALLBACK,jab_2,content/fighters/kaia-windrow/animations/procedural/jab_2.anim.json,jab_chain_2,jab_2,,authority_inventory:jab_2|motion_law:flow|runtime_clip:jab_2
kaia-windrow,jab_finisher,moves,PROCEDURAL_FALLBACK,jab_finisher,content/fighters/kaia-windrow/animations/procedural/jab_finisher.anim.json,jab_chain_3,jab_finisher,,authority_inventory:jab_finisher|motion_law:flow|runtime_clip:jab_finisher
kaia-windrow,forward_tilt,moves,PROCEDURAL_FALLBACK,forward_tilt,content/fighters/kaia-windrow/animations/procedural/forward_tilt.anim.json,tilt_forward,forward_tilt,,authority_inventory:forward_tilt|motion_law:flow|runtime_clip:forward_tilt
kaia-windrow,up_tilt,moves,PROCEDURAL_FALLBACK,up_tilt,content/fighters/kaia-windrow/animations/procedural/up_tilt.anim.json,tilt_up,up_tilt,,authority_inventory:up_tilt|motion_law:flow|runtime_clip:up_tilt
kaia-windrow,down_tilt,moves,PROCEDURAL_FALLBACK,down_tilt,content/fighters/kaia-windrow/animations/procedural/down_tilt.anim.json,tilt_down,down_tilt,,authority_inventory:down_tilt|motion_law:flow|runtime_clip:down_tilt
kaia-windrow,dash_attack,moves,PROCEDURAL_FALLBACK,dash_attack,content/fighters/kaia-windrow/animations/procedural/dash_attack.anim.json,dash_attack,dash_attack,,authority_inventory:dash_attack|motion_law:flow|runtime_clip:dash_attack
kaia-windrow,heavy_attack,moves,PROCEDURAL_FALLBACK,heavy_attack,content/fighters/kaia-windrow/animations/procedural/heavy_attack.anim.json,heavy,heavy_attack,,authority_inventory:heavy_attack|motion_law:flow|runtime_clip:heavy_attack
kaia-windrow,neutral_air,moves,PROCEDURAL_FALLBACK,neutral_air,content/fighters/kaia-windrow/animations/procedural/neutral_air.anim.json,aerial_neutral,neutral_air,,authority_inventory:neutral_air|motion_law:flow|runtime_clip:neutral_air
kaia-windrow,forward_air,moves,PROCEDURAL_FALLBACK,forward_air,content/fighters/kaia-windrow/animations/procedural/forward_air.anim.json,aerial_forward,forward_air,,authority_inventory:forward_air|motion_law:flow|runtime_clip:forward_air
kaia-windrow,back_air,moves,PROCEDURAL_FALLBACK,back_air,content/fighters/kaia-windrow/animations/procedural/back_air.anim.json,aerial_back,back_air,,authority_inventory:back_air|motion_law:flow|runtime_clip:back_air
kaia-windrow,up_air,moves,PROCEDURAL_FALLBACK,up_air,content/fighters/kaia-windrow/animations/procedural/up_air.anim.json,aerial_up,up_air,,authority_inventory:up_air|motion_law:flow|runtime_clip:up_air
kaia-windrow,down_air,moves,PROCEDURAL_FALLBACK,down_air,content/fighters/kaia-windrow/animations/procedural/down_air.anim.json,aerial_down,down_air,,authority_inventory:down_air|motion_law:flow|runtime_clip:down_air
kaia-windrow,neutral_special_projectile,moves,PROCEDURAL_FALLBACK,neutral_special_projectile,content/fighters/kaia-windrow/animations/procedural/neutral_special_projectile.anim.json,projectile_full,neutral_special_projectile,,authority_inventory:neutral_special_projectile|motion_law:flow|runtime_clip:neutral_special_projectile
kaia-windrow,side_special,moves,PROCEDURAL_FALLBACK,side_special,content/fighters/kaia-windrow/animations/procedural/side_special.anim.json,side_special,side_special,,authority_inventory:side_special|motion_law:flow|runtime_clip:side_special
kaia-windrow,up_special_recovery,moves,PROCEDURAL_FALLBACK,up_special_recovery,content/fighters/kaia-windrow/animations/procedural/up_special_recovery.anim.json,recovery,up_special_recovery,,authority_inventory:up_special_recovery|motion_law:flow|runtime_clip:up_special_recovery
kaia-windrow,down_special,moves,PROCEDURAL_FALLBACK,down_special,content/fighters/kaia-windrow/animations/procedural/down_special.anim.json,down_special,down_special,,authority_inventory:down_special|motion_law:flow|runtime_clip:down_special
kaia-windrow,grab,moves,PROCEDURAL_FALLBACK,grab,content/fighters/kaia-windrow/animations/procedural/grab.anim.json,grab,grab,,authority_inventory:grab|motion_law:flow|runtime_clip:grab
kaia-windrow,throw_forward,moves,PROCEDURAL_FALLBACK,throw_forward,content/fighters/kaia-windrow/animations/procedural/throw_forward.anim.json,throw_forward,throw_forward,,authority_inventory:throw_forward|motion_law:flow|runtime_clip:throw_forward
kaia-windrow,throw_back,moves,PROCEDURAL_FALLBACK,throw_back,content/fighters/kaia-windrow/animations/procedural/throw_back.anim.json,throw_back,throw_back,,authority_inventory:throw_back|motion_law:flow|runtime_clip:throw_back
kaia-windrow,throw_up,moves,PROCEDURAL_FALLBACK,throw_up,content/fighters/kaia-windrow/animations/procedural/throw_up.anim.json,throw_up,throw_up,,authority_inventory:throw_up|motion_law:flow|runtime_clip:throw_up
kaia-windrow,throw_down,moves,PROCEDURAL_FALLBACK,throw_down,content/fighters/kaia-windrow/animations/procedural/throw_down.anim.json,throw_down,throw_down,,authority_inventory:throw_down|motion_law:flow|runtime_clip:throw_down
kaia-windrow,aura_charge_move,moves,PROCEDURAL_FALLBACK,aura_charge_move,content/fighters/kaia-windrow/animations/procedural/aura_charge_move.anim.json,aura_charge,aura_charge,,authority_inventory:aura_charge_move|motion_law:flow|runtime_clip:aura_charge_move
kaia-windrow,aura_burst_move,moves,PROCEDURAL_FALLBACK,aura_burst_move,content/fighters/kaia-windrow/animations/procedural/aura_burst_move.anim.json,signature_lane_burst,aura_burst,,authority_inventory:aura_burst_move|motion_law:flow|runtime_clip:aura_burst_move
kaia-windrow,match_intro,presentation,PROCEDURAL_FALLBACK,match_intro,content/fighters/kaia-windrow/animations/procedural/match_intro.anim.json,idle,,,authority_inventory:match_intro|motion_law:flow|runtime_clip:match_intro
kaia-windrow,character_select_idle,presentation,PROCEDURAL_FALLBACK,character_select_idle,content/fighters/kaia-windrow/animations/procedural/character_select_idle.anim.json,idle,,,authority_inventory:character_select_idle|motion_law:flow|runtime_clip:character_select_idle
kaia-windrow,character_select_confirm,presentation,PROCEDURAL_FALLBACK,character_select_confirm,content/fighters/kaia-windrow/animations/procedural/character_select_confirm.anim.json,victory,,,authority_inventory:character_select_confirm|motion_law:flow|runtime_clip:character_select_confirm
kaia-windrow,taunt_1,presentation,PROCEDURAL_FALLBACK,taunt_1,content/fighters/kaia-windrow/animations/procedural/taunt_1.anim.json,idle_variant,,,authority_inventory:taunt_1|motion_law:flow|runtime_clip:taunt_1
kaia-windrow,taunt_2,presentation,PROCEDURAL_FALLBACK,taunt_2,content/fighters/kaia-windrow/animations/procedural/taunt_2.anim.json,idle_variant,,,authority_inventory:taunt_2|motion_law:flow|runtime_clip:taunt_2
kaia-windrow,victory,presentation,PROCEDURAL_FALLBACK,victory,content/fighters/kaia-windrow/animations/procedural/victory.anim.json,victory,,,authority_inventory:victory|motion_law:flow|runtime_clip:victory
kaia-windrow,defeat,presentation,PROCEDURAL_FALLBACK,defeat,content/fighters/kaia-windrow/animations/procedural/defeat.anim.json,defeat,,,authority_inventory:defeat|motion_law:flow|runtime_clip:defeat
kaia-windrow,results_idle,presentation,PROCEDURAL_FALLBACK,results_idle,content/fighters/kaia-windrow/animations/procedural/results_idle.anim.json,idle,,,authority_inventory:results_idle|motion_law:flow|runtime_clip:results_idle
kaia-windrow,story_dialogue_neutral,presentation,PROCEDURAL_FALLBACK,story_dialogue_neutral,content/fighters/kaia-windrow/animations/procedural/story_dialogue_neutral.anim.json,idle,,,authority_inventory:story_dialogue_neutral|motion_law:flow|runtime_clip:story_dialogue_neutral
kaia-windrow,story_dialogue_intense,presentation,PROCEDURAL_FALLBACK,story_dialogue_intense,content/fighters/kaia-windrow/animations/procedural/story_dialogue_intense.anim.json,aura_ready,,,authority_inventory:story_dialogue_intense|motion_law:flow|runtime_clip:story_dialogue_intense
nix-calder,idle_primary,locomotion_traversal,PROCEDURAL_FALLBACK,idle_primary,content/fighters/nix-calder/animations/procedural/idle_primary.anim.json,idle,,,authority_inventory:idle_primary|motion_law:structure|runtime_clip:idle_primary
nix-calder,idle_secondary,locomotion_traversal,PROCEDURAL_FALLBACK,idle_secondary,content/fighters/nix-calder/animations/procedural/idle_secondary.anim.json,idle_variant,,,authority_inventory:idle_secondary|motion_law:structure|runtime_clip:idle_secondary
nix-calder,idle_long,locomotion_traversal,PROCEDURAL_FALLBACK,idle_long,content/fighters/nix-calder/animations/procedural/idle_long.anim.json,idle,,,authority_inventory:idle_long|motion_law:structure|runtime_clip:idle_long
nix-calder,walk_start,locomotion_traversal,PROCEDURAL_FALLBACK,walk_start,content/fighters/nix-calder/animations/procedural/walk_start.anim.json,walk,,,authority_inventory:walk_start|motion_law:structure|runtime_clip:walk_start
nix-calder,walk_loop,locomotion_traversal,PROCEDURAL_FALLBACK,walk_loop,content/fighters/nix-calder/animations/procedural/walk_loop.anim.json,walk,,,authority_inventory:walk_loop|motion_law:structure|runtime_clip:walk_loop
nix-calder,walk_stop,locomotion_traversal,PROCEDURAL_FALLBACK,walk_stop,content/fighters/nix-calder/animations/procedural/walk_stop.anim.json,walk,,,authority_inventory:walk_stop|motion_law:structure|runtime_clip:walk_stop
nix-calder,run_start,locomotion_traversal,PROCEDURAL_FALLBACK,run_start,content/fighters/nix-calder/animations/procedural/run_start.anim.json,run,,,authority_inventory:run_start|motion_law:structure|runtime_clip:run_start
nix-calder,run_loop,locomotion_traversal,PROCEDURAL_FALLBACK,run_loop,content/fighters/nix-calder/animations/procedural/run_loop.anim.json,run,,,authority_inventory:run_loop|motion_law:structure|runtime_clip:run_loop
nix-calder,run_stop,locomotion_traversal,PROCEDURAL_FALLBACK,run_stop,content/fighters/nix-calder/animations/procedural/run_stop.anim.json,run,,,authority_inventory:run_stop|motion_law:structure|runtime_clip:run_stop
nix-calder,dash_start,locomotion_traversal,PROCEDURAL_FALLBACK,dash_start,content/fighters/nix-calder/animations/procedural/dash_start.anim.json,dash,,,authority_inventory:dash_start|motion_law:structure|runtime_clip:dash_start
nix-calder,dash_loop,locomotion_traversal,PROCEDURAL_FALLBACK,dash_loop,content/fighters/nix-calder/animations/procedural/dash_loop.anim.json,dash,,,authority_inventory:dash_loop|motion_law:structure|runtime_clip:dash_loop
nix-calder,dash_stop,locomotion_traversal,PROCEDURAL_FALLBACK,dash_stop,content/fighters/nix-calder/animations/procedural/dash_stop.anim.json,dash,,,authority_inventory:dash_stop|motion_law:structure|runtime_clip:dash_stop
nix-calder,skid,locomotion_traversal,PROCEDURAL_FALLBACK,skid,content/fighters/nix-calder/animations/procedural/skid.anim.json,turn,,,authority_inventory:skid|motion_law:structure|runtime_clip:skid
nix-calder,turnaround,locomotion_traversal,PROCEDURAL_FALLBACK,turnaround,content/fighters/nix-calder/animations/procedural/turnaround.anim.json,turn,,,authority_inventory:turnaround|motion_law:structure|runtime_clip:turnaround
nix-calder,crouch_start,locomotion_traversal,PROCEDURAL_FALLBACK,crouch_start,content/fighters/nix-calder/animations/procedural/crouch_start.anim.json,crouch,,,authority_inventory:crouch_start|motion_law:structure|runtime_clip:crouch_start
nix-calder,crouch_hold,locomotion_traversal,PROCEDURAL_FALLBACK,crouch_hold,content/fighters/nix-calder/animations/procedural/crouch_hold.anim.json,crouch,,,authority_inventory:crouch_hold|motion_law:structure|runtime_clip:crouch_hold
nix-calder,crouch_end,locomotion_traversal,PROCEDURAL_FALLBACK,crouch_end,content/fighters/nix-calder/animations/procedural/crouch_end.anim.json,crouch,,,authority_inventory:crouch_end|motion_law:structure|runtime_clip:crouch_end
nix-calder,jump_squat,locomotion_traversal,PROCEDURAL_FALLBACK,jump_squat,content/fighters/nix-calder/animations/procedural/jump_squat.anim.json,jump_start,,,authority_inventory:jump_squat|motion_law:structure|runtime_clip:jump_squat
nix-calder,jump,locomotion_traversal,PROCEDURAL_FALLBACK,jump,content/fighters/nix-calder/animations/procedural/jump.anim.json,jump_rise,,,authority_inventory:jump|motion_law:structure|runtime_clip:jump
nix-calder,short_hop_visual,locomotion_traversal,PROCEDURAL_FALLBACK,short_hop_visual,content/fighters/nix-calder/animations/procedural/short_hop_visual.anim.json,jump,,,authority_inventory:short_hop_visual|motion_law:structure|runtime_clip:short_hop_visual
nix-calder,double_jump,locomotion_traversal,PROCEDURAL_FALLBACK,double_jump,content/fighters/nix-calder/animations/procedural/double_jump.anim.json,jump,,,authority_inventory:double_jump|motion_law:structure|runtime_clip:double_jump
nix-calder,fall,locomotion_traversal,PROCEDURAL_FALLBACK,fall,content/fighters/nix-calder/animations/procedural/fall.anim.json,fall,,,authority_inventory:fall|motion_law:structure|runtime_clip:fall
nix-calder,fast_fall,locomotion_traversal,PROCEDURAL_FALLBACK,fast_fall,content/fighters/nix-calder/animations/procedural/fast_fall.anim.json,fall,,,authority_inventory:fast_fall|motion_law:structure|runtime_clip:fast_fall
nix-calder,land_soft,locomotion_traversal,PROCEDURAL_FALLBACK,land_soft,content/fighters/nix-calder/animations/procedural/land_soft.anim.json,land,,,authority_inventory:land_soft|motion_law:structure|runtime_clip:land_soft
nix-calder,land_hard,locomotion_traversal,PROCEDURAL_FALLBACK,land_hard,content/fighters/nix-calder/animations/procedural/land_hard.anim.json,landing,,,authority_inventory:land_hard|motion_law:structure|runtime_clip:land_hard
nix-calder,platform_drop,locomotion_traversal,PROCEDURAL_FALLBACK,platform_drop,content/fighters/nix-calder/animations/procedural/platform_drop.anim.json,ledge_drop,,,authority_inventory:platform_drop|motion_law:structure|runtime_clip:platform_drop
nix-calder,edge_warning,ledge_platform,PROCEDURAL_FALLBACK,edge_warning,content/fighters/nix-calder/animations/procedural/edge_warning.anim.json,ledge_hang,,,authority_inventory:edge_warning|motion_law:structure|runtime_clip:edge_warning
nix-calder,ledge_teeter,ledge_platform,PROCEDURAL_FALLBACK,ledge_teeter,content/fighters/nix-calder/animations/procedural/ledge_teeter.anim.json,ledge_hang,,,authority_inventory:ledge_teeter|motion_law:structure|runtime_clip:ledge_teeter
nix-calder,ledge_grab,ledge_platform,PROCEDURAL_FALLBACK,ledge_grab,content/fighters/nix-calder/animations/procedural/ledge_grab.anim.json,ledge_grab,,,authority_inventory:ledge_grab|motion_law:structure|runtime_clip:ledge_grab
nix-calder,ledge_hang,ledge_platform,PROCEDURAL_FALLBACK,ledge_hang,content/fighters/nix-calder/animations/procedural/ledge_hang.anim.json,ledge_hang,,,authority_inventory:ledge_hang|motion_law:structure|runtime_clip:ledge_hang
nix-calder,ledge_getup,ledge_platform,PROCEDURAL_FALLBACK,ledge_getup,content/fighters/nix-calder/animations/procedural/ledge_getup.anim.json,ledge_getup,,,authority_inventory:ledge_getup|motion_law:structure|runtime_clip:ledge_getup
nix-calder,ledge_roll,ledge_platform,PROCEDURAL_FALLBACK,ledge_roll,content/fighters/nix-calder/animations/procedural/ledge_roll.anim.json,dodge_forward,,,authority_inventory:ledge_roll|motion_law:structure|runtime_clip:ledge_roll
nix-calder,ledge_jump,ledge_platform,PROCEDURAL_FALLBACK,ledge_jump,content/fighters/nix-calder/animations/procedural/ledge_jump.anim.json,ledge_jump,,,authority_inventory:ledge_jump|motion_law:structure|runtime_clip:ledge_jump
nix-calder,ledge_attack,ledge_platform,PROCEDURAL_FALLBACK,ledge_attack,content/fighters/nix-calder/animations/procedural/ledge_attack.anim.json,jab,,,authority_inventory:ledge_attack|motion_law:structure|runtime_clip:ledge_attack
nix-calder,shield_start,defense_evasion,PROCEDURAL_FALLBACK,shield_start,content/fighters/nix-calder/animations/procedural/shield_start.anim.json,shield_start,,,authority_inventory:shield_start|motion_law:structure|runtime_clip:shield_start
nix-calder,shield_hold,defense_evasion,PROCEDURAL_FALLBACK,shield_hold,content/fighters/nix-calder/animations/procedural/shield_hold.anim.json,shield_hold,,,authority_inventory:shield_hold|motion_law:structure|runtime_clip:shield_hold
nix-calder,shield_hit,defense_evasion,PROCEDURAL_FALLBACK,shield_hit,content/fighters/nix-calder/animations/procedural/shield_hit.anim.json,shield,,,authority_inventory:shield_hit|motion_law:structure|runtime_clip:shield_hit
nix-calder,shield_stun,defense_evasion,PROCEDURAL_FALLBACK,shield_stun,content/fighters/nix-calder/animations/procedural/shield_stun.anim.json,shield,,,authority_inventory:shield_stun|motion_law:structure|runtime_clip:shield_stun
nix-calder,shield_break,defense_evasion,PROCEDURAL_FALLBACK,shield_break,content/fighters/nix-calder/animations/procedural/shield_break.anim.json,hurt_heavy,,,authority_inventory:shield_break|motion_law:structure|runtime_clip:shield_break
nix-calder,spot_dodge,defense_evasion,PROCEDURAL_FALLBACK,spot_dodge,content/fighters/nix-calder/animations/procedural/spot_dodge.anim.json,dodge,,,authority_inventory:spot_dodge|motion_law:structure|runtime_clip:spot_dodge
nix-calder,roll_forward,defense_evasion,PROCEDURAL_FALLBACK,roll_forward,content/fighters/nix-calder/animations/procedural/roll_forward.anim.json,dodge_forward,,,authority_inventory:roll_forward|motion_law:structure|runtime_clip:roll_forward
nix-calder,roll_backward,defense_evasion,PROCEDURAL_FALLBACK,roll_backward,content/fighters/nix-calder/animations/procedural/roll_backward.anim.json,dodge_back,,,authority_inventory:roll_backward|motion_law:structure|runtime_clip:roll_backward
nix-calder,air_dodge_neutral,defense_evasion,PROCEDURAL_FALLBACK,air_dodge_neutral,content/fighters/nix-calder/animations/procedural/air_dodge_neutral.anim.json,air_dodge,,,authority_inventory:air_dodge_neutral|motion_law:structure|runtime_clip:air_dodge_neutral
nix-calder,air_dodge_forward,defense_evasion,PROCEDURAL_FALLBACK,air_dodge_forward,content/fighters/nix-calder/animations/procedural/air_dodge_forward.anim.json,air_dodge,,,authority_inventory:air_dodge_forward|motion_law:structure|runtime_clip:air_dodge_forward
nix-calder,air_dodge_back,defense_evasion,PROCEDURAL_FALLBACK,air_dodge_back,content/fighters/nix-calder/animations/procedural/air_dodge_back.anim.json,air_dodge,,,authority_inventory:air_dodge_back|motion_law:structure|runtime_clip:air_dodge_back
nix-calder,air_dodge_up,defense_evasion,PROCEDURAL_FALLBACK,air_dodge_up,content/fighters/nix-calder/animations/procedural/air_dodge_up.anim.json,air_dodge,,,authority_inventory:air_dodge_up|motion_law:structure|runtime_clip:air_dodge_up
nix-calder,air_dodge_down,defense_evasion,PROCEDURAL_FALLBACK,air_dodge_down,content/fighters/nix-calder/animations/procedural/air_dodge_down.anim.json,air_dodge,,,authority_inventory:air_dodge_down|motion_law:structure|runtime_clip:air_dodge_down
nix-calder,tech_in_place,defense_evasion,PROCEDURAL_FALLBACK,tech_in_place,content/fighters/nix-calder/animations/procedural/tech_in_place.anim.json,land,,,authority_inventory:tech_in_place|motion_law:structure|runtime_clip:tech_in_place
nix-calder,tech_forward,defense_evasion,PROCEDURAL_FALLBACK,tech_forward,content/fighters/nix-calder/animations/procedural/tech_forward.anim.json,dodge_forward,,,authority_inventory:tech_forward|motion_law:structure|runtime_clip:tech_forward
nix-calder,tech_back,defense_evasion,PROCEDURAL_FALLBACK,tech_back,content/fighters/nix-calder/animations/procedural/tech_back.anim.json,dodge_back,,,authority_inventory:tech_back|motion_law:structure|runtime_clip:tech_back
nix-calder,pratfall,defense_evasion,PROCEDURAL_FALLBACK,pratfall,content/fighters/nix-calder/animations/procedural/pratfall.anim.json,tumble,,,authority_inventory:pratfall|motion_law:structure|runtime_clip:pratfall
nix-calder,hurt_light_front,damage_reactions,PROCEDURAL_FALLBACK,hurt_light_front,content/fighters/nix-calder/animations/procedural/hurt_light_front.anim.json,hurt_light,,,authority_inventory:hurt_light_front|motion_law:structure|runtime_clip:hurt_light_front
nix-calder,hurt_light_back,damage_reactions,PROCEDURAL_FALLBACK,hurt_light_back,content/fighters/nix-calder/animations/procedural/hurt_light_back.anim.json,hurt_light,,,authority_inventory:hurt_light_back|motion_law:structure|runtime_clip:hurt_light_back
nix-calder,hurt_heavy,damage_reactions,PROCEDURAL_FALLBACK,hurt_heavy,content/fighters/nix-calder/animations/procedural/hurt_heavy.anim.json,hurt_heavy,,,authority_inventory:hurt_heavy|motion_law:structure|runtime_clip:hurt_heavy
nix-calder,hitstop_pose,damage_reactions,PROCEDURAL_FALLBACK,hitstop_pose,content/fighters/nix-calder/animations/procedural/hitstop_pose.anim.json,hurt,,,authority_inventory:hitstop_pose|motion_law:structure|runtime_clip:hitstop_pose
nix-calder,hitstun_ground,damage_reactions,PROCEDURAL_FALLBACK,hitstun_ground,content/fighters/nix-calder/animations/procedural/hitstun_ground.anim.json,hurt,,,authority_inventory:hitstun_ground|motion_law:structure|runtime_clip:hitstun_ground
nix-calder,launch_horizontal,damage_reactions,PROCEDURAL_FALLBACK,launch_horizontal,content/fighters/nix-calder/animations/procedural/launch_horizontal.anim.json,launch,,,authority_inventory:launch_horizontal|motion_law:structure|runtime_clip:launch_horizontal
nix-calder,launch_vertical,damage_reactions,PROCEDURAL_FALLBACK,launch_vertical,content/fighters/nix-calder/animations/procedural/launch_vertical.anim.json,critical_launch,,,authority_inventory:launch_vertical|motion_law:structure|runtime_clip:launch_vertical
nix-calder,tumble,damage_reactions,PROCEDURAL_FALLBACK,tumble,content/fighters/nix-calder/animations/procedural/tumble.anim.json,tumble,,,authority_inventory:tumble|motion_law:structure|runtime_clip:tumble
nix-calder,ground_bounce,damage_reactions,PROCEDURAL_FALLBACK,ground_bounce,content/fighters/nix-calder/animations/procedural/ground_bounce.anim.json,landing,,,authority_inventory:ground_bounce|motion_law:structure|runtime_clip:ground_bounce
nix-calder,wall_bounce,damage_reactions,PROCEDURAL_FALLBACK,wall_bounce,content/fighters/nix-calder/animations/procedural/wall_bounce.anim.json,hurt_heavy,,,authority_inventory:wall_bounce|motion_law:structure|runtime_clip:wall_bounce
nix-calder,knockdown,damage_reactions,PROCEDURAL_FALLBACK,knockdown,content/fighters/nix-calder/animations/procedural/knockdown.anim.json,hurt_heavy,,,authority_inventory:knockdown|motion_law:structure|runtime_clip:knockdown
nix-calder,ko,damage_reactions,PROCEDURAL_FALLBACK,ko,content/fighters/nix-calder/animations/procedural/ko.anim.json,ko,,,authority_inventory:ko|motion_law:structure|runtime_clip:ko
nix-calder,respawn,damage_reactions,PROCEDURAL_FALLBACK,respawn,content/fighters/nix-calder/animations/procedural/respawn.anim.json,respawn,,,authority_inventory:respawn|motion_law:structure|runtime_clip:respawn
nix-calder,grab_startup,grab_throw,PROCEDURAL_FALLBACK,grab_startup,content/fighters/nix-calder/animations/procedural/grab_startup.anim.json,grab,,,authority_inventory:grab_startup|motion_law:structure|runtime_clip:grab_startup
nix-calder,grab_active,grab_throw,PROCEDURAL_FALLBACK,grab_active,content/fighters/nix-calder/animations/procedural/grab_active.anim.json,grab,,,authority_inventory:grab_active|motion_law:structure|runtime_clip:grab_active
nix-calder,grab_whiff,grab_throw,PROCEDURAL_FALLBACK,grab_whiff,content/fighters/nix-calder/animations/procedural/grab_whiff.anim.json,grab_break,,,authority_inventory:grab_whiff|motion_law:structure|runtime_clip:grab_whiff
nix-calder,grab_hold,grab_throw,PROCEDURAL_FALLBACK,grab_hold,content/fighters/nix-calder/animations/procedural/grab_hold.anim.json,grab_hold,,,authority_inventory:grab_hold|motion_law:structure|runtime_clip:grab_hold
nix-calder,pummel,grab_throw,PROCEDURAL_FALLBACK,pummel,content/fighters/nix-calder/animations/procedural/pummel.anim.json,grab_hold,,,authority_inventory:pummel|motion_law:structure|runtime_clip:pummel
nix-calder,throw_startup,grab_throw,PROCEDURAL_FALLBACK,throw_startup,content/fighters/nix-calder/animations/procedural/throw_startup.anim.json,throw_forward,,,authority_inventory:throw_startup|motion_law:structure|runtime_clip:throw_startup
nix-calder,throw_release,grab_throw,PROCEDURAL_FALLBACK,throw_release,content/fighters/nix-calder/animations/procedural/throw_release.anim.json,throw_forward,,,authority_inventory:throw_release|motion_law:structure|runtime_clip:throw_release
nix-calder,aura_charge,aura,PROCEDURAL_FALLBACK,aura_charge,content/fighters/nix-calder/animations/procedural/aura_charge.anim.json,aura_charge,aura_charge,,authority_inventory:aura_charge|motion_law:structure|runtime_clip:aura_charge
nix-calder,aura_ready,aura,PROCEDURAL_FALLBACK,aura_ready,content/fighters/nix-calder/animations/procedural/aura_ready.anim.json,aura_ready,,,authority_inventory:aura_ready|motion_law:structure|runtime_clip:aura_ready
nix-calder,aura_burst_startup,aura,PROCEDURAL_FALLBACK,aura_burst_startup,content/fighters/nix-calder/animations/procedural/aura_burst_startup.anim.json,aura_burst,,,authority_inventory:aura_burst_startup|motion_law:structure|runtime_clip:aura_burst_startup
nix-calder,aura_burst_active,aura,PROCEDURAL_FALLBACK,aura_burst_active,content/fighters/nix-calder/animations/procedural/aura_burst_active.anim.json,aura_burst,,,authority_inventory:aura_burst_active|motion_law:structure|runtime_clip:aura_burst_active
nix-calder,aura_burst_recovery,aura,PROCEDURAL_FALLBACK,aura_burst_recovery,content/fighters/nix-calder/animations/procedural/aura_burst_recovery.anim.json,aura_release,,,authority_inventory:aura_burst_recovery|motion_law:structure|runtime_clip:aura_burst_recovery
nix-calder,aura_super_transform,aura,PROCEDURAL_FALLBACK,aura_super_transform,content/fighters/nix-calder/animations/procedural/aura_super_transform.anim.json,signature_lane_burst,,,authority_inventory:aura_super_transform|motion_law:structure|runtime_clip:aura_super_transform
nix-calder,jab_1,moves,PROCEDURAL_FALLBACK,jab_1,content/fighters/nix-calder/animations/procedural/jab_1.anim.json,jab,jab_1,,authority_inventory:jab_1|motion_law:structure|runtime_clip:jab_1
nix-calder,jab_2,moves,PROCEDURAL_FALLBACK,jab_2,content/fighters/nix-calder/animations/procedural/jab_2.anim.json,jab_chain_2,jab_2,,authority_inventory:jab_2|motion_law:structure|runtime_clip:jab_2
nix-calder,jab_finisher,moves,PROCEDURAL_FALLBACK,jab_finisher,content/fighters/nix-calder/animations/procedural/jab_finisher.anim.json,jab_chain_3,jab_finisher,,authority_inventory:jab_finisher|motion_law:structure|runtime_clip:jab_finisher
nix-calder,forward_tilt,moves,PROCEDURAL_FALLBACK,forward_tilt,content/fighters/nix-calder/animations/procedural/forward_tilt.anim.json,tilt_forward,forward_tilt,,authority_inventory:forward_tilt|motion_law:structure|runtime_clip:forward_tilt
nix-calder,up_tilt,moves,PROCEDURAL_FALLBACK,up_tilt,content/fighters/nix-calder/animations/procedural/up_tilt.anim.json,tilt_up,up_tilt,,authority_inventory:up_tilt|motion_law:structure|runtime_clip:up_tilt
nix-calder,down_tilt,moves,PROCEDURAL_FALLBACK,down_tilt,content/fighters/nix-calder/animations/procedural/down_tilt.anim.json,tilt_down,down_tilt,,authority_inventory:down_tilt|motion_law:structure|runtime_clip:down_tilt
nix-calder,dash_attack,moves,PROCEDURAL_FALLBACK,dash_attack,content/fighters/nix-calder/animations/procedural/dash_attack.anim.json,dash_attack,dash_attack,,authority_inventory:dash_attack|motion_law:structure|runtime_clip:dash_attack
nix-calder,heavy_attack,moves,PROCEDURAL_FALLBACK,heavy_attack,content/fighters/nix-calder/animations/procedural/heavy_attack.anim.json,heavy,heavy_attack,,authority_inventory:heavy_attack|motion_law:structure|runtime_clip:heavy_attack
nix-calder,neutral_air,moves,PROCEDURAL_FALLBACK,neutral_air,content/fighters/nix-calder/animations/procedural/neutral_air.anim.json,aerial_neutral,neutral_air,,authority_inventory:neutral_air|motion_law:structure|runtime_clip:neutral_air
nix-calder,forward_air,moves,PROCEDURAL_FALLBACK,forward_air,content/fighters/nix-calder/animations/procedural/forward_air.anim.json,aerial_forward,forward_air,,authority_inventory:forward_air|motion_law:structure|runtime_clip:forward_air
nix-calder,back_air,moves,PROCEDURAL_FALLBACK,back_air,content/fighters/nix-calder/animations/procedural/back_air.anim.json,aerial_back,back_air,,authority_inventory:back_air|motion_law:structure|runtime_clip:back_air
nix-calder,up_air,moves,PROCEDURAL_FALLBACK,up_air,content/fighters/nix-calder/animations/procedural/up_air.anim.json,aerial_up,up_air,,authority_inventory:up_air|motion_law:structure|runtime_clip:up_air
nix-calder,down_air,moves,PROCEDURAL_FALLBACK,down_air,content/fighters/nix-calder/animations/procedural/down_air.anim.json,aerial_down,down_air,,authority_inventory:down_air|motion_law:structure|runtime_clip:down_air
nix-calder,neutral_special_projectile,moves,PROCEDURAL_FALLBACK,neutral_special_projectile,content/fighters/nix-calder/animations/procedural/neutral_special_projectile.anim.json,projectile_full,neutral_special_projectile,,authority_inventory:neutral_special_projectile|motion_law:structure|runtime_clip:neutral_special_projectile
nix-calder,side_special,moves,PROCEDURAL_FALLBACK,side_special,content/fighters/nix-calder/animations/procedural/side_special.anim.json,side_special,side_special,,authority_inventory:side_special|motion_law:structure|runtime_clip:side_special
nix-calder,up_special_recovery,moves,PROCEDURAL_FALLBACK,up_special_recovery,content/fighters/nix-calder/animations/procedural/up_special_recovery.anim.json,recovery,up_special_recovery,,authority_inventory:up_special_recovery|motion_law:structure|runtime_clip:up_special_recovery
nix-calder,down_special,moves,PROCEDURAL_FALLBACK,down_special,content/fighters/nix-calder/animations/procedural/down_special.anim.json,down_special,down_special,,authority_inventory:down_special|motion_law:structure|runtime_clip:down_special
nix-calder,grab,moves,PROCEDURAL_FALLBACK,grab,content/fighters/nix-calder/animations/procedural/grab.anim.json,grab,grab,,authority_inventory:grab|motion_law:structure|runtime_clip:grab
nix-calder,throw_forward,moves,PROCEDURAL_FALLBACK,throw_forward,content/fighters/nix-calder/animations/procedural/throw_forward.anim.json,throw_forward,throw_forward,,authority_inventory:throw_forward|motion_law:structure|runtime_clip:throw_forward
nix-calder,throw_back,moves,PROCEDURAL_FALLBACK,throw_back,content/fighters/nix-calder/animations/procedural/throw_back.anim.json,throw_back,throw_back,,authority_inventory:throw_back|motion_law:structure|runtime_clip:throw_back
nix-calder,throw_up,moves,PROCEDURAL_FALLBACK,throw_up,content/fighters/nix-calder/animations/procedural/throw_up.anim.json,throw_up,throw_up,,authority_inventory:throw_up|motion_law:structure|runtime_clip:throw_up
nix-calder,throw_down,moves,PROCEDURAL_FALLBACK,throw_down,content/fighters/nix-calder/animations/procedural/throw_down.anim.json,throw_down,throw_down,,authority_inventory:throw_down|motion_law:structure|runtime_clip:throw_down
nix-calder,aura_charge_move,moves,PROCEDURAL_FALLBACK,aura_charge_move,content/fighters/nix-calder/animations/procedural/aura_charge_move.anim.json,aura_charge,aura_charge,,authority_inventory:aura_charge_move|motion_law:structure|runtime_clip:aura_charge_move
nix-calder,aura_burst_move,moves,PROCEDURAL_FALLBACK,aura_burst_move,content/fighters/nix-calder/animations/procedural/aura_burst_move.anim.json,signature_lane_burst,aura_burst,,authority_inventory:aura_burst_move|motion_law:structure|runtime_clip:aura_burst_move
nix-calder,match_intro,presentation,PROCEDURAL_FALLBACK,match_intro,content/fighters/nix-calder/animations/procedural/match_intro.anim.json,idle,,,authority_inventory:match_intro|motion_law:structure|runtime_clip:match_intro
nix-calder,character_select_idle,presentation,PROCEDURAL_FALLBACK,character_select_idle,content/fighters/nix-calder/animations/procedural/character_select_idle.anim.json,idle,,,authority_inventory:character_select_idle|motion_law:structure|runtime_clip:character_select_idle
nix-calder,character_select_confirm,presentation,PROCEDURAL_FALLBACK,character_select_confirm,content/fighters/nix-calder/animations/procedural/character_select_confirm.anim.json,victory,,,authority_inventory:character_select_confirm|motion_law:structure|runtime_clip:character_select_confirm
nix-calder,taunt_1,presentation,PROCEDURAL_FALLBACK,taunt_1,content/fighters/nix-calder/animations/procedural/taunt_1.anim.json,idle_variant,,,authority_inventory:taunt_1|motion_law:structure|runtime_clip:taunt_1
nix-calder,taunt_2,presentation,PROCEDURAL_FALLBACK,taunt_2,content/fighters/nix-calder/animations/procedural/taunt_2.anim.json,idle_variant,,,authority_inventory:taunt_2|motion_law:structure|runtime_clip:taunt_2
nix-calder,victory,presentation,PROCEDURAL_FALLBACK,victory,content/fighters/nix-calder/animations/procedural/victory.anim.json,victory,,,authority_inventory:victory|motion_law:structure|runtime_clip:victory
nix-calder,defeat,presentation,PROCEDURAL_FALLBACK,defeat,content/fighters/nix-calder/animations/procedural/defeat.anim.json,defeat,,,authority_inventory:defeat|motion_law:structure|runtime_clip:defeat
nix-calder,results_idle,presentation,PROCEDURAL_FALLBACK,results_idle,content/fighters/nix-calder/animations/procedural/results_idle.anim.json,idle,,,authority_inventory:results_idle|motion_law:structure|runtime_clip:results_idle
nix-calder,story_dialogue_neutral,presentation,PROCEDURAL_FALLBACK,story_dialogue_neutral,content/fighters/nix-calder/animations/procedural/story_dialogue_neutral.anim.json,idle,,,authority_inventory:story_dialogue_neutral|motion_law:structure|runtime_clip:story_dialogue_neutral
nix-calder,story_dialogue_intense,presentation,PROCEDURAL_FALLBACK,story_dialogue_intense,content/fighters/nix-calder/animations/procedural/story_dialogue_intense.anim.json,aura_ready,,,authority_inventory:story_dialogue_intense|motion_law:structure|runtime_clip:story_dialogue_intense
orion-vell,idle_primary,locomotion_traversal,PROCEDURAL_FALLBACK,idle_primary,content/fighters/orion-vell/animations/procedural/idle_primary.anim.json,idle,,,authority_inventory:idle_primary|motion_law:vectors|runtime_clip:idle_primary
orion-vell,idle_secondary,locomotion_traversal,PROCEDURAL_FALLBACK,idle_secondary,content/fighters/orion-vell/animations/procedural/idle_secondary.anim.json,idle_variant,,,authority_inventory:idle_secondary|motion_law:vectors|runtime_clip:idle_secondary
orion-vell,idle_long,locomotion_traversal,PROCEDURAL_FALLBACK,idle_long,content/fighters/orion-vell/animations/procedural/idle_long.anim.json,idle,,,authority_inventory:idle_long|motion_law:vectors|runtime_clip:idle_long
orion-vell,walk_start,locomotion_traversal,PROCEDURAL_FALLBACK,walk_start,content/fighters/orion-vell/animations/procedural/walk_start.anim.json,walk,,,authority_inventory:walk_start|motion_law:vectors|runtime_clip:walk_start
orion-vell,walk_loop,locomotion_traversal,PROCEDURAL_FALLBACK,walk_loop,content/fighters/orion-vell/animations/procedural/walk_loop.anim.json,walk,,,authority_inventory:walk_loop|motion_law:vectors|runtime_clip:walk_loop
orion-vell,walk_stop,locomotion_traversal,PROCEDURAL_FALLBACK,walk_stop,content/fighters/orion-vell/animations/procedural/walk_stop.anim.json,walk,,,authority_inventory:walk_stop|motion_law:vectors|runtime_clip:walk_stop
orion-vell,run_start,locomotion_traversal,PROCEDURAL_FALLBACK,run_start,content/fighters/orion-vell/animations/procedural/run_start.anim.json,run,,,authority_inventory:run_start|motion_law:vectors|runtime_clip:run_start
orion-vell,run_loop,locomotion_traversal,PROCEDURAL_FALLBACK,run_loop,content/fighters/orion-vell/animations/procedural/run_loop.anim.json,run,,,authority_inventory:run_loop|motion_law:vectors|runtime_clip:run_loop
orion-vell,run_stop,locomotion_traversal,PROCEDURAL_FALLBACK,run_stop,content/fighters/orion-vell/animations/procedural/run_stop.anim.json,run,,,authority_inventory:run_stop|motion_law:vectors|runtime_clip:run_stop
orion-vell,dash_start,locomotion_traversal,PROCEDURAL_FALLBACK,dash_start,content/fighters/orion-vell/animations/procedural/dash_start.anim.json,dash,,,authority_inventory:dash_start|motion_law:vectors|runtime_clip:dash_start
orion-vell,dash_loop,locomotion_traversal,PROCEDURAL_FALLBACK,dash_loop,content/fighters/orion-vell/animations/procedural/dash_loop.anim.json,dash,,,authority_inventory:dash_loop|motion_law:vectors|runtime_clip:dash_loop
orion-vell,dash_stop,locomotion_traversal,PROCEDURAL_FALLBACK,dash_stop,content/fighters/orion-vell/animations/procedural/dash_stop.anim.json,dash,,,authority_inventory:dash_stop|motion_law:vectors|runtime_clip:dash_stop
orion-vell,skid,locomotion_traversal,PROCEDURAL_FALLBACK,skid,content/fighters/orion-vell/animations/procedural/skid.anim.json,turn,,,authority_inventory:skid|motion_law:vectors|runtime_clip:skid
orion-vell,turnaround,locomotion_traversal,PROCEDURAL_FALLBACK,turnaround,content/fighters/orion-vell/animations/procedural/turnaround.anim.json,turn,,,authority_inventory:turnaround|motion_law:vectors|runtime_clip:turnaround
orion-vell,crouch_start,locomotion_traversal,PROCEDURAL_FALLBACK,crouch_start,content/fighters/orion-vell/animations/procedural/crouch_start.anim.json,crouch,,,authority_inventory:crouch_start|motion_law:vectors|runtime_clip:crouch_start
orion-vell,crouch_hold,locomotion_traversal,PROCEDURAL_FALLBACK,crouch_hold,content/fighters/orion-vell/animations/procedural/crouch_hold.anim.json,crouch,,,authority_inventory:crouch_hold|motion_law:vectors|runtime_clip:crouch_hold
orion-vell,crouch_end,locomotion_traversal,PROCEDURAL_FALLBACK,crouch_end,content/fighters/orion-vell/animations/procedural/crouch_end.anim.json,crouch,,,authority_inventory:crouch_end|motion_law:vectors|runtime_clip:crouch_end
orion-vell,jump_squat,locomotion_traversal,PROCEDURAL_FALLBACK,jump_squat,content/fighters/orion-vell/animations/procedural/jump_squat.anim.json,jump_start,,,authority_inventory:jump_squat|motion_law:vectors|runtime_clip:jump_squat
orion-vell,jump,locomotion_traversal,PROCEDURAL_FALLBACK,jump,content/fighters/orion-vell/animations/procedural/jump.anim.json,jump_rise,,,authority_inventory:jump|motion_law:vectors|runtime_clip:jump
orion-vell,short_hop_visual,locomotion_traversal,PROCEDURAL_FALLBACK,short_hop_visual,content/fighters/orion-vell/animations/procedural/short_hop_visual.anim.json,jump,,,authority_inventory:short_hop_visual|motion_law:vectors|runtime_clip:short_hop_visual
orion-vell,double_jump,locomotion_traversal,PROCEDURAL_FALLBACK,double_jump,content/fighters/orion-vell/animations/procedural/double_jump.anim.json,jump,,,authority_inventory:double_jump|motion_law:vectors|runtime_clip:double_jump
orion-vell,fall,locomotion_traversal,PROCEDURAL_FALLBACK,fall,content/fighters/orion-vell/animations/procedural/fall.anim.json,fall,,,authority_inventory:fall|motion_law:vectors|runtime_clip:fall
orion-vell,fast_fall,locomotion_traversal,PROCEDURAL_FALLBACK,fast_fall,content/fighters/orion-vell/animations/procedural/fast_fall.anim.json,fall,,,authority_inventory:fast_fall|motion_law:vectors|runtime_clip:fast_fall
orion-vell,land_soft,locomotion_traversal,PROCEDURAL_FALLBACK,land_soft,content/fighters/orion-vell/animations/procedural/land_soft.anim.json,land,,,authority_inventory:land_soft|motion_law:vectors|runtime_clip:land_soft
orion-vell,land_hard,locomotion_traversal,PROCEDURAL_FALLBACK,land_hard,content/fighters/orion-vell/animations/procedural/land_hard.anim.json,landing,,,authority_inventory:land_hard|motion_law:vectors|runtime_clip:land_hard
orion-vell,platform_drop,locomotion_traversal,PROCEDURAL_FALLBACK,platform_drop,content/fighters/orion-vell/animations/procedural/platform_drop.anim.json,ledge_drop,,,authority_inventory:platform_drop|motion_law:vectors|runtime_clip:platform_drop
orion-vell,edge_warning,ledge_platform,PROCEDURAL_FALLBACK,edge_warning,content/fighters/orion-vell/animations/procedural/edge_warning.anim.json,ledge_hang,,,authority_inventory:edge_warning|motion_law:vectors|runtime_clip:edge_warning
orion-vell,ledge_teeter,ledge_platform,PROCEDURAL_FALLBACK,ledge_teeter,content/fighters/orion-vell/animations/procedural/ledge_teeter.anim.json,ledge_hang,,,authority_inventory:ledge_teeter|motion_law:vectors|runtime_clip:ledge_teeter
orion-vell,ledge_grab,ledge_platform,PROCEDURAL_FALLBACK,ledge_grab,content/fighters/orion-vell/animations/procedural/ledge_grab.anim.json,ledge_grab,,,authority_inventory:ledge_grab|motion_law:vectors|runtime_clip:ledge_grab
orion-vell,ledge_hang,ledge_platform,PROCEDURAL_FALLBACK,ledge_hang,content/fighters/orion-vell/animations/procedural/ledge_hang.anim.json,ledge_hang,,,authority_inventory:ledge_hang|motion_law:vectors|runtime_clip:ledge_hang
orion-vell,ledge_getup,ledge_platform,PROCEDURAL_FALLBACK,ledge_getup,content/fighters/orion-vell/animations/procedural/ledge_getup.anim.json,ledge_getup,,,authority_inventory:ledge_getup|motion_law:vectors|runtime_clip:ledge_getup
orion-vell,ledge_roll,ledge_platform,PROCEDURAL_FALLBACK,ledge_roll,content/fighters/orion-vell/animations/procedural/ledge_roll.anim.json,dodge_forward,,,authority_inventory:ledge_roll|motion_law:vectors|runtime_clip:ledge_roll
orion-vell,ledge_jump,ledge_platform,PROCEDURAL_FALLBACK,ledge_jump,content/fighters/orion-vell/animations/procedural/ledge_jump.anim.json,ledge_jump,,,authority_inventory:ledge_jump|motion_law:vectors|runtime_clip:ledge_jump
orion-vell,ledge_attack,ledge_platform,PROCEDURAL_FALLBACK,ledge_attack,content/fighters/orion-vell/animations/procedural/ledge_attack.anim.json,jab,,,authority_inventory:ledge_attack|motion_law:vectors|runtime_clip:ledge_attack
orion-vell,shield_start,defense_evasion,PROCEDURAL_FALLBACK,shield_start,content/fighters/orion-vell/animations/procedural/shield_start.anim.json,shield_start,,,authority_inventory:shield_start|motion_law:vectors|runtime_clip:shield_start
orion-vell,shield_hold,defense_evasion,PROCEDURAL_FALLBACK,shield_hold,content/fighters/orion-vell/animations/procedural/shield_hold.anim.json,shield_hold,,,authority_inventory:shield_hold|motion_law:vectors|runtime_clip:shield_hold
orion-vell,shield_hit,defense_evasion,PROCEDURAL_FALLBACK,shield_hit,content/fighters/orion-vell/animations/procedural/shield_hit.anim.json,shield,,,authority_inventory:shield_hit|motion_law:vectors|runtime_clip:shield_hit
orion-vell,shield_stun,defense_evasion,PROCEDURAL_FALLBACK,shield_stun,content/fighters/orion-vell/animations/procedural/shield_stun.anim.json,shield,,,authority_inventory:shield_stun|motion_law:vectors|runtime_clip:shield_stun
orion-vell,shield_break,defense_evasion,PROCEDURAL_FALLBACK,shield_break,content/fighters/orion-vell/animations/procedural/shield_break.anim.json,hurt_heavy,,,authority_inventory:shield_break|motion_law:vectors|runtime_clip:shield_break
orion-vell,spot_dodge,defense_evasion,PROCEDURAL_FALLBACK,spot_dodge,content/fighters/orion-vell/animations/procedural/spot_dodge.anim.json,dodge,,,authority_inventory:spot_dodge|motion_law:vectors|runtime_clip:spot_dodge
orion-vell,roll_forward,defense_evasion,PROCEDURAL_FALLBACK,roll_forward,content/fighters/orion-vell/animations/procedural/roll_forward.anim.json,dodge_forward,,,authority_inventory:roll_forward|motion_law:vectors|runtime_clip:roll_forward
orion-vell,roll_backward,defense_evasion,PROCEDURAL_FALLBACK,roll_backward,content/fighters/orion-vell/animations/procedural/roll_backward.anim.json,dodge_back,,,authority_inventory:roll_backward|motion_law:vectors|runtime_clip:roll_backward
orion-vell,air_dodge_neutral,defense_evasion,PROCEDURAL_FALLBACK,air_dodge_neutral,content/fighters/orion-vell/animations/procedural/air_dodge_neutral.anim.json,air_dodge,,,authority_inventory:air_dodge_neutral|motion_law:vectors|runtime_clip:air_dodge_neutral
orion-vell,air_dodge_forward,defense_evasion,PROCEDURAL_FALLBACK,air_dodge_forward,content/fighters/orion-vell/animations/procedural/air_dodge_forward.anim.json,air_dodge,,,authority_inventory:air_dodge_forward|motion_law:vectors|runtime_clip:air_dodge_forward
orion-vell,air_dodge_back,defense_evasion,PROCEDURAL_FALLBACK,air_dodge_back,content/fighters/orion-vell/animations/procedural/air_dodge_back.anim.json,air_dodge,,,authority_inventory:air_dodge_back|motion_law:vectors|runtime_clip:air_dodge_back
orion-vell,air_dodge_up,defense_evasion,PROCEDURAL_FALLBACK,air_dodge_up,content/fighters/orion-vell/animations/procedural/air_dodge_up.anim.json,air_dodge,,,authority_inventory:air_dodge_up|motion_law:vectors|runtime_clip:air_dodge_up
orion-vell,air_dodge_down,defense_evasion,PROCEDURAL_FALLBACK,air_dodge_down,content/fighters/orion-vell/animations/procedural/air_dodge_down.anim.json,air_dodge,,,authority_inventory:air_dodge_down|motion_law:vectors|runtime_clip:air_dodge_down
orion-vell,tech_in_place,defense_evasion,PROCEDURAL_FALLBACK,tech_in_place,content/fighters/orion-vell/animations/procedural/tech_in_place.anim.json,land,,,authority_inventory:tech_in_place|motion_law:vectors|runtime_clip:tech_in_place
orion-vell,tech_forward,defense_evasion,PROCEDURAL_FALLBACK,tech_forward,content/fighters/orion-vell/animations/procedural/tech_forward.anim.json,dodge_forward,,,authority_inventory:tech_forward|motion_law:vectors|runtime_clip:tech_forward
orion-vell,tech_back,defense_evasion,PROCEDURAL_FALLBACK,tech_back,content/fighters/orion-vell/animations/procedural/tech_back.anim.json,dodge_back,,,authority_inventory:tech_back|motion_law:vectors|runtime_clip:tech_back
orion-vell,pratfall,defense_evasion,PROCEDURAL_FALLBACK,pratfall,content/fighters/orion-vell/animations/procedural/pratfall.anim.json,tumble,,,authority_inventory:pratfall|motion_law:vectors|runtime_clip:pratfall
orion-vell,hurt_light_front,damage_reactions,PROCEDURAL_FALLBACK,hurt_light_front,content/fighters/orion-vell/animations/procedural/hurt_light_front.anim.json,hurt_light,,,authority_inventory:hurt_light_front|motion_law:vectors|runtime_clip:hurt_light_front
orion-vell,hurt_light_back,damage_reactions,PROCEDURAL_FALLBACK,hurt_light_back,content/fighters/orion-vell/animations/procedural/hurt_light_back.anim.json,hurt_light,,,authority_inventory:hurt_light_back|motion_law:vectors|runtime_clip:hurt_light_back
orion-vell,hurt_heavy,damage_reactions,PROCEDURAL_FALLBACK,hurt_heavy,content/fighters/orion-vell/animations/procedural/hurt_heavy.anim.json,hurt_heavy,,,authority_inventory:hurt_heavy|motion_law:vectors|runtime_clip:hurt_heavy
orion-vell,hitstop_pose,damage_reactions,PROCEDURAL_FALLBACK,hitstop_pose,content/fighters/orion-vell/animations/procedural/hitstop_pose.anim.json,hurt,,,authority_inventory:hitstop_pose|motion_law:vectors|runtime_clip:hitstop_pose
orion-vell,hitstun_ground,damage_reactions,PROCEDURAL_FALLBACK,hitstun_ground,content/fighters/orion-vell/animations/procedural/hitstun_ground.anim.json,hurt,,,authority_inventory:hitstun_ground|motion_law:vectors|runtime_clip:hitstun_ground
orion-vell,launch_horizontal,damage_reactions,PROCEDURAL_FALLBACK,launch_horizontal,content/fighters/orion-vell/animations/procedural/launch_horizontal.anim.json,launch,,,authority_inventory:launch_horizontal|motion_law:vectors|runtime_clip:launch_horizontal
orion-vell,launch_vertical,damage_reactions,PROCEDURAL_FALLBACK,launch_vertical,content/fighters/orion-vell/animations/procedural/launch_vertical.anim.json,critical_launch,,,authority_inventory:launch_vertical|motion_law:vectors|runtime_clip:launch_vertical
orion-vell,tumble,damage_reactions,PROCEDURAL_FALLBACK,tumble,content/fighters/orion-vell/animations/procedural/tumble.anim.json,tumble,,,authority_inventory:tumble|motion_law:vectors|runtime_clip:tumble
orion-vell,ground_bounce,damage_reactions,PROCEDURAL_FALLBACK,ground_bounce,content/fighters/orion-vell/animations/procedural/ground_bounce.anim.json,landing,,,authority_inventory:ground_bounce|motion_law:vectors|runtime_clip:ground_bounce
orion-vell,wall_bounce,damage_reactions,PROCEDURAL_FALLBACK,wall_bounce,content/fighters/orion-vell/animations/procedural/wall_bounce.anim.json,hurt_heavy,,,authority_inventory:wall_bounce|motion_law:vectors|runtime_clip:wall_bounce
orion-vell,knockdown,damage_reactions,PROCEDURAL_FALLBACK,knockdown,content/fighters/orion-vell/animations/procedural/knockdown.anim.json,hurt_heavy,,,authority_inventory:knockdown|motion_law:vectors|runtime_clip:knockdown
orion-vell,ko,damage_reactions,PROCEDURAL_FALLBACK,ko,content/fighters/orion-vell/animations/procedural/ko.anim.json,ko,,,authority_inventory:ko|motion_law:vectors|runtime_clip:ko
orion-vell,respawn,damage_reactions,PROCEDURAL_FALLBACK,respawn,content/fighters/orion-vell/animations/procedural/respawn.anim.json,respawn,,,authority_inventory:respawn|motion_law:vectors|runtime_clip:respawn
orion-vell,grab_startup,grab_throw,PROCEDURAL_FALLBACK,grab_startup,content/fighters/orion-vell/animations/procedural/grab_startup.anim.json,grab,,,authority_inventory:grab_startup|motion_law:vectors|runtime_clip:grab_startup
orion-vell,grab_active,grab_throw,PROCEDURAL_FALLBACK,grab_active,content/fighters/orion-vell/animations/procedural/grab_active.anim.json,grab,,,authority_inventory:grab_active|motion_law:vectors|runtime_clip:grab_active
orion-vell,grab_whiff,grab_throw,PROCEDURAL_FALLBACK,grab_whiff,content/fighters/orion-vell/animations/procedural/grab_whiff.anim.json,grab_break,,,authority_inventory:grab_whiff|motion_law:vectors|runtime_clip:grab_whiff
orion-vell,grab_hold,grab_throw,PROCEDURAL_FALLBACK,grab_hold,content/fighters/orion-vell/animations/procedural/grab_hold.anim.json,grab_hold,,,authority_inventory:grab_hold|motion_law:vectors|runtime_clip:grab_hold
orion-vell,pummel,grab_throw,PROCEDURAL_FALLBACK,pummel,content/fighters/orion-vell/animations/procedural/pummel.anim.json,grab_hold,,,authority_inventory:pummel|motion_law:vectors|runtime_clip:pummel
orion-vell,throw_startup,grab_throw,PROCEDURAL_FALLBACK,throw_startup,content/fighters/orion-vell/animations/procedural/throw_startup.anim.json,throw_forward,,,authority_inventory:throw_startup|motion_law:vectors|runtime_clip:throw_startup
orion-vell,throw_release,grab_throw,PROCEDURAL_FALLBACK,throw_release,content/fighters/orion-vell/animations/procedural/throw_release.anim.json,throw_forward,,,authority_inventory:throw_release|motion_law:vectors|runtime_clip:throw_release
orion-vell,aura_charge,aura,PROCEDURAL_FALLBACK,aura_charge,content/fighters/orion-vell/animations/procedural/aura_charge.anim.json,aura_charge,aura_charge,,authority_inventory:aura_charge|motion_law:vectors|runtime_clip:aura_charge
orion-vell,aura_ready,aura,PROCEDURAL_FALLBACK,aura_ready,content/fighters/orion-vell/animations/procedural/aura_ready.anim.json,aura_ready,,,authority_inventory:aura_ready|motion_law:vectors|runtime_clip:aura_ready
orion-vell,aura_burst_startup,aura,PROCEDURAL_FALLBACK,aura_burst_startup,content/fighters/orion-vell/animations/procedural/aura_burst_startup.anim.json,aura_burst,,,authority_inventory:aura_burst_startup|motion_law:vectors|runtime_clip:aura_burst_startup
orion-vell,aura_burst_active,aura,PROCEDURAL_FALLBACK,aura_burst_active,content/fighters/orion-vell/animations/procedural/aura_burst_active.anim.json,aura_burst,,,authority_inventory:aura_burst_active|motion_law:vectors|runtime_clip:aura_burst_active
orion-vell,aura_burst_recovery,aura,PROCEDURAL_FALLBACK,aura_burst_recovery,content/fighters/orion-vell/animations/procedural/aura_burst_recovery.anim.json,aura_release,,,authority_inventory:aura_burst_recovery|motion_law:vectors|runtime_clip:aura_burst_recovery
orion-vell,aura_super_transform,aura,PROCEDURAL_FALLBACK,aura_super_transform,content/fighters/orion-vell/animations/procedural/aura_super_transform.anim.json,signature_lane_burst,,,authority_inventory:aura_super_transform|motion_law:vectors|runtime_clip:aura_super_transform
orion-vell,jab_1,moves,PROCEDURAL_FALLBACK,jab_1,content/fighters/orion-vell/animations/procedural/jab_1.anim.json,jab,jab_1,,authority_inventory:jab_1|motion_law:vectors|runtime_clip:jab_1
orion-vell,jab_2,moves,PROCEDURAL_FALLBACK,jab_2,content/fighters/orion-vell/animations/procedural/jab_2.anim.json,jab_chain_2,jab_2,,authority_inventory:jab_2|motion_law:vectors|runtime_clip:jab_2
orion-vell,jab_finisher,moves,PROCEDURAL_FALLBACK,jab_finisher,content/fighters/orion-vell/animations/procedural/jab_finisher.anim.json,jab_chain_3,jab_finisher,,authority_inventory:jab_finisher|motion_law:vectors|runtime_clip:jab_finisher
orion-vell,forward_tilt,moves,PROCEDURAL_FALLBACK,forward_tilt,content/fighters/orion-vell/animations/procedural/forward_tilt.anim.json,tilt_forward,forward_tilt,,authority_inventory:forward_tilt|motion_law:vectors|runtime_clip:forward_tilt
orion-vell,up_tilt,moves,PROCEDURAL_FALLBACK,up_tilt,content/fighters/orion-vell/animations/procedural/up_tilt.anim.json,tilt_up,up_tilt,,authority_inventory:up_tilt|motion_law:vectors|runtime_clip:up_tilt
orion-vell,down_tilt,moves,PROCEDURAL_FALLBACK,down_tilt,content/fighters/orion-vell/animations/procedural/down_tilt.anim.json,tilt_down,down_tilt,,authority_inventory:down_tilt|motion_law:vectors|runtime_clip:down_tilt
orion-vell,dash_attack,moves,PROCEDURAL_FALLBACK,dash_attack,content/fighters/orion-vell/animations/procedural/dash_attack.anim.json,dash_attack,dash_attack,,authority_inventory:dash_attack|motion_law:vectors|runtime_clip:dash_attack
orion-vell,heavy_attack,moves,PROCEDURAL_FALLBACK,heavy_attack,content/fighters/orion-vell/animations/procedural/heavy_attack.anim.json,heavy,heavy_attack,,authority_inventory:heavy_attack|motion_law:vectors|runtime_clip:heavy_attack
orion-vell,neutral_air,moves,PROCEDURAL_FALLBACK,neutral_air,content/fighters/orion-vell/animations/procedural/neutral_air.anim.json,aerial_neutral,neutral_air,,authority_inventory:neutral_air|motion_law:vectors|runtime_clip:neutral_air
orion-vell,forward_air,moves,PROCEDURAL_FALLBACK,forward_air,content/fighters/orion-vell/animations/procedural/forward_air.anim.json,aerial_forward,forward_air,,authority_inventory:forward_air|motion_law:vectors|runtime_clip:forward_air
orion-vell,back_air,moves,PROCEDURAL_FALLBACK,back_air,content/fighters/orion-vell/animations/procedural/back_air.anim.json,aerial_back,back_air,,authority_inventory:back_air|motion_law:vectors|runtime_clip:back_air
orion-vell,up_air,moves,PROCEDURAL_FALLBACK,up_air,content/fighters/orion-vell/animations/procedural/up_air.anim.json,aerial_up,up_air,,authority_inventory:up_air|motion_law:vectors|runtime_clip:up_air
orion-vell,down_air,moves,PROCEDURAL_FALLBACK,down_air,content/fighters/orion-vell/animations/procedural/down_air.anim.json,aerial_down,down_air,,authority_inventory:down_air|motion_law:vectors|runtime_clip:down_air
orion-vell,neutral_special_projectile,moves,PROCEDURAL_FALLBACK,neutral_special_projectile,content/fighters/orion-vell/animations/procedural/neutral_special_projectile.anim.json,projectile_full,neutral_special_projectile,,authority_inventory:neutral_special_projectile|motion_law:vectors|runtime_clip:neutral_special_projectile
orion-vell,side_special,moves,PROCEDURAL_FALLBACK,side_special,content/fighters/orion-vell/animations/procedural/side_special.anim.json,side_special,side_special,,authority_inventory:side_special|motion_law:vectors|runtime_clip:side_special
orion-vell,up_special_recovery,moves,PROCEDURAL_FALLBACK,up_special_recovery,content/fighters/orion-vell/animations/procedural/up_special_recovery.anim.json,recovery,up_special_recovery,,authority_inventory:up_special_recovery|motion_law:vectors|runtime_clip:up_special_recovery
orion-vell,down_special,moves,PROCEDURAL_FALLBACK,down_special,content/fighters/orion-vell/animations/procedural/down_special.anim.json,down_special,down_special,,authority_inventory:down_special|motion_law:vectors|runtime_clip:down_special
orion-vell,grab,moves,PROCEDURAL_FALLBACK,grab,content/fighters/orion-vell/animations/procedural/grab.anim.json,grab,grab,,authority_inventory:grab|motion_law:vectors|runtime_clip:grab
orion-vell,throw_forward,moves,PROCEDURAL_FALLBACK,throw_forward,content/fighters/orion-vell/animations/procedural/throw_forward.anim.json,throw_forward,throw_forward,,authority_inventory:throw_forward|motion_law:vectors|runtime_clip:throw_forward
orion-vell,throw_back,moves,PROCEDURAL_FALLBACK,throw_back,content/fighters/orion-vell/animations/procedural/throw_back.anim.json,throw_back,throw_back,,authority_inventory:throw_back|motion_law:vectors|runtime_clip:throw_back
orion-vell,throw_up,moves,PROCEDURAL_FALLBACK,throw_up,content/fighters/orion-vell/animations/procedural/throw_up.anim.json,throw_up,throw_up,,authority_inventory:throw_up|motion_law:vectors|runtime_clip:throw_up
orion-vell,throw_down,moves,PROCEDURAL_FALLBACK,throw_down,content/fighters/orion-vell/animations/procedural/throw_down.anim.json,throw_down,throw_down,,authority_inventory:throw_down|motion_law:vectors|runtime_clip:throw_down
orion-vell,aura_charge_move,moves,PROCEDURAL_FALLBACK,aura_charge_move,content/fighters/orion-vell/animations/procedural/aura_charge_move.anim.json,aura_charge,aura_charge,,authority_inventory:aura_charge_move|motion_law:vectors|runtime_clip:aura_charge_move
orion-vell,aura_burst_move,moves,PROCEDURAL_FALLBACK,aura_burst_move,content/fighters/orion-vell/animations/procedural/aura_burst_move.anim.json,signature_lane_burst,aura_burst,,authority_inventory:aura_burst_move|motion_law:vectors|runtime_clip:aura_burst_move
orion-vell,match_intro,presentation,PROCEDURAL_FALLBACK,match_intro,content/fighters/orion-vell/animations/procedural/match_intro.anim.json,idle,,,authority_inventory:match_intro|motion_law:vectors|runtime_clip:match_intro
orion-vell,character_select_idle,presentation,PROCEDURAL_FALLBACK,character_select_idle,content/fighters/orion-vell/animations/procedural/character_select_idle.anim.json,idle,,,authority_inventory:character_select_idle|motion_law:vectors|runtime_clip:character_select_idle
orion-vell,character_select_confirm,presentation,PROCEDURAL_FALLBACK,character_select_confirm,content/fighters/orion-vell/animations/procedural/character_select_confirm.anim.json,victory,,,authority_inventory:character_select_confirm|motion_law:vectors|runtime_clip:character_select_confirm
orion-vell,taunt_1,presentation,PROCEDURAL_FALLBACK,taunt_1,content/fighters/orion-vell/animations/procedural/taunt_1.anim.json,idle_variant,,,authority_inventory:taunt_1|motion_law:vectors|runtime_clip:taunt_1
orion-vell,taunt_2,presentation,PROCEDURAL_FALLBACK,taunt_2,content/fighters/orion-vell/animations/procedural/taunt_2.anim.json,idle_variant,,,authority_inventory:taunt_2|motion_law:vectors|runtime_clip:taunt_2
orion-vell,victory,presentation,PROCEDURAL_FALLBACK,victory,content/fighters/orion-vell/animations/procedural/victory.anim.json,victory,,,authority_inventory:victory|motion_law:vectors|runtime_clip:victory
orion-vell,defeat,presentation,PROCEDURAL_FALLBACK,defeat,content/fighters/orion-vell/animations/procedural/defeat.anim.json,defeat,,,authority_inventory:defeat|motion_law:vectors|runtime_clip:defeat
orion-vell,results_idle,presentation,PROCEDURAL_FALLBACK,results_idle,content/fighters/orion-vell/animations/procedural/results_idle.anim.json,idle,,,authority_inventory:results_idle|motion_law:vectors|runtime_clip:results_idle
orion-vell,story_dialogue_neutral,presentation,PROCEDURAL_FALLBACK,story_dialogue_neutral,content/fighters/orion-vell/animations/procedural/story_dialogue_neutral.anim.json,idle,,,authority_inventory:story_dialogue_neutral|motion_law:vectors|runtime_clip:story_dialogue_neutral
orion-vell,story_dialogue_intense,presentation,PROCEDURAL_FALLBACK,story_dialogue_intense,content/fighters/orion-vell/animations/procedural/story_dialogue_intense.anim.json,aura_ready,,,authority_inventory:story_dialogue_intense|motion_law:vectors|runtime_clip:story_dialogue_intense
vesper-nyx,idle_primary,locomotion_traversal,PROCEDURAL_FALLBACK,idle_primary,content/fighters/vesper-nyx/animations/procedural/idle_primary.anim.json,idle,,,authority_inventory:idle_primary|motion_law:uncertainty|runtime_clip:idle_primary
vesper-nyx,idle_secondary,locomotion_traversal,PROCEDURAL_FALLBACK,idle_secondary,content/fighters/vesper-nyx/animations/procedural/idle_secondary.anim.json,idle_variant,,,authority_inventory:idle_secondary|motion_law:uncertainty|runtime_clip:idle_secondary
vesper-nyx,idle_long,locomotion_traversal,PROCEDURAL_FALLBACK,idle_long,content/fighters/vesper-nyx/animations/procedural/idle_long.anim.json,idle,,,authority_inventory:idle_long|motion_law:uncertainty|runtime_clip:idle_long
vesper-nyx,walk_start,locomotion_traversal,PROCEDURAL_FALLBACK,walk_start,content/fighters/vesper-nyx/animations/procedural/walk_start.anim.json,walk,,,authority_inventory:walk_start|motion_law:uncertainty|runtime_clip:walk_start
vesper-nyx,walk_loop,locomotion_traversal,PROCEDURAL_FALLBACK,walk_loop,content/fighters/vesper-nyx/animations/procedural/walk_loop.anim.json,walk,,,authority_inventory:walk_loop|motion_law:uncertainty|runtime_clip:walk_loop
vesper-nyx,walk_stop,locomotion_traversal,PROCEDURAL_FALLBACK,walk_stop,content/fighters/vesper-nyx/animations/procedural/walk_stop.anim.json,walk,,,authority_inventory:walk_stop|motion_law:uncertainty|runtime_clip:walk_stop
vesper-nyx,run_start,locomotion_traversal,PROCEDURAL_FALLBACK,run_start,content/fighters/vesper-nyx/animations/procedural/run_start.anim.json,run,,,authority_inventory:run_start|motion_law:uncertainty|runtime_clip:run_start
vesper-nyx,run_loop,locomotion_traversal,PROCEDURAL_FALLBACK,run_loop,content/fighters/vesper-nyx/animations/procedural/run_loop.anim.json,run,,,authority_inventory:run_loop|motion_law:uncertainty|runtime_clip:run_loop
vesper-nyx,run_stop,locomotion_traversal,PROCEDURAL_FALLBACK,run_stop,content/fighters/vesper-nyx/animations/procedural/run_stop.anim.json,run,,,authority_inventory:run_stop|motion_law:uncertainty|runtime_clip:run_stop
vesper-nyx,dash_start,locomotion_traversal,PROCEDURAL_FALLBACK,dash_start,content/fighters/vesper-nyx/animations/procedural/dash_start.anim.json,dash,,,authority_inventory:dash_start|motion_law:uncertainty|runtime_clip:dash_start
vesper-nyx,dash_loop,locomotion_traversal,PROCEDURAL_FALLBACK,dash_loop,content/fighters/vesper-nyx/animations/procedural/dash_loop.anim.json,dash,,,authority_inventory:dash_loop|motion_law:uncertainty|runtime_clip:dash_loop
vesper-nyx,dash_stop,locomotion_traversal,PROCEDURAL_FALLBACK,dash_stop,content/fighters/vesper-nyx/animations/procedural/dash_stop.anim.json,dash,,,authority_inventory:dash_stop|motion_law:uncertainty|runtime_clip:dash_stop
vesper-nyx,skid,locomotion_traversal,PROCEDURAL_FALLBACK,skid,content/fighters/vesper-nyx/animations/procedural/skid.anim.json,turn,,,authority_inventory:skid|motion_law:uncertainty|runtime_clip:skid
vesper-nyx,turnaround,locomotion_traversal,PROCEDURAL_FALLBACK,turnaround,content/fighters/vesper-nyx/animations/procedural/turnaround.anim.json,turn,,,authority_inventory:turnaround|motion_law:uncertainty|runtime_clip:turnaround
vesper-nyx,crouch_start,locomotion_traversal,PROCEDURAL_FALLBACK,crouch_start,content/fighters/vesper-nyx/animations/procedural/crouch_start.anim.json,crouch,,,authority_inventory:crouch_start|motion_law:uncertainty|runtime_clip:crouch_start
vesper-nyx,crouch_hold,locomotion_traversal,PROCEDURAL_FALLBACK,crouch_hold,content/fighters/vesper-nyx/animations/procedural/crouch_hold.anim.json,crouch,,,authority_inventory:crouch_hold|motion_law:uncertainty|runtime_clip:crouch_hold
vesper-nyx,crouch_end,locomotion_traversal,PROCEDURAL_FALLBACK,crouch_end,content/fighters/vesper-nyx/animations/procedural/crouch_end.anim.json,crouch,,,authority_inventory:crouch_end|motion_law:uncertainty|runtime_clip:crouch_end
vesper-nyx,jump_squat,locomotion_traversal,PROCEDURAL_FALLBACK,jump_squat,content/fighters/vesper-nyx/animations/procedural/jump_squat.anim.json,jump_start,,,authority_inventory:jump_squat|motion_law:uncertainty|runtime_clip:jump_squat
vesper-nyx,jump,locomotion_traversal,PROCEDURAL_FALLBACK,jump,content/fighters/vesper-nyx/animations/procedural/jump.anim.json,jump_rise,,,authority_inventory:jump|motion_law:uncertainty|runtime_clip:jump
vesper-nyx,short_hop_visual,locomotion_traversal,PROCEDURAL_FALLBACK,short_hop_visual,content/fighters/vesper-nyx/animations/procedural/short_hop_visual.anim.json,jump,,,authority_inventory:short_hop_visual|motion_law:uncertainty|runtime_clip:short_hop_visual
vesper-nyx,double_jump,locomotion_traversal,PROCEDURAL_FALLBACK,double_jump,content/fighters/vesper-nyx/animations/procedural/double_jump.anim.json,jump,,,authority_inventory:double_jump|motion_law:uncertainty|runtime_clip:double_jump
vesper-nyx,fall,locomotion_traversal,PROCEDURAL_FALLBACK,fall,content/fighters/vesper-nyx/animations/procedural/fall.anim.json,fall,,,authority_inventory:fall|motion_law:uncertainty|runtime_clip:fall
vesper-nyx,fast_fall,locomotion_traversal,PROCEDURAL_FALLBACK,fast_fall,content/fighters/vesper-nyx/animations/procedural/fast_fall.anim.json,fall,,,authority_inventory:fast_fall|motion_law:uncertainty|runtime_clip:fast_fall
vesper-nyx,land_soft,locomotion_traversal,PROCEDURAL_FALLBACK,land_soft,content/fighters/vesper-nyx/animations/procedural/land_soft.anim.json,land,,,authority_inventory:land_soft|motion_law:uncertainty|runtime_clip:land_soft
vesper-nyx,land_hard,locomotion_traversal,PROCEDURAL_FALLBACK,land_hard,content/fighters/vesper-nyx/animations/procedural/land_hard.anim.json,landing,,,authority_inventory:land_hard|motion_law:uncertainty|runtime_clip:land_hard
vesper-nyx,platform_drop,locomotion_traversal,PROCEDURAL_FALLBACK,platform_drop,content/fighters/vesper-nyx/animations/procedural/platform_drop.anim.json,ledge_drop,,,authority_inventory:platform_drop|motion_law:uncertainty|runtime_clip:platform_drop
vesper-nyx,edge_warning,ledge_platform,PROCEDURAL_FALLBACK,edge_warning,content/fighters/vesper-nyx/animations/procedural/edge_warning.anim.json,ledge_hang,,,authority_inventory:edge_warning|motion_law:uncertainty|runtime_clip:edge_warning
vesper-nyx,ledge_teeter,ledge_platform,PROCEDURAL_FALLBACK,ledge_teeter,content/fighters/vesper-nyx/animations/procedural/ledge_teeter.anim.json,ledge_hang,,,authority_inventory:ledge_teeter|motion_law:uncertainty|runtime_clip:ledge_teeter
vesper-nyx,ledge_grab,ledge_platform,PROCEDURAL_FALLBACK,ledge_grab,content/fighters/vesper-nyx/animations/procedural/ledge_grab.anim.json,ledge_grab,,,authority_inventory:ledge_grab|motion_law:uncertainty|runtime_clip:ledge_grab
vesper-nyx,ledge_hang,ledge_platform,PROCEDURAL_FALLBACK,ledge_hang,content/fighters/vesper-nyx/animations/procedural/ledge_hang.anim.json,ledge_hang,,,authority_inventory:ledge_hang|motion_law:uncertainty|runtime_clip:ledge_hang
vesper-nyx,ledge_getup,ledge_platform,PROCEDURAL_FALLBACK,ledge_getup,content/fighters/vesper-nyx/animations/procedural/ledge_getup.anim.json,ledge_getup,,,authority_inventory:ledge_getup|motion_law:uncertainty|runtime_clip:ledge_getup
vesper-nyx,ledge_roll,ledge_platform,PROCEDURAL_FALLBACK,ledge_roll,content/fighters/vesper-nyx/animations/procedural/ledge_roll.anim.json,dodge_forward,,,authority_inventory:ledge_roll|motion_law:uncertainty|runtime_clip:ledge_roll
vesper-nyx,ledge_jump,ledge_platform,PROCEDURAL_FALLBACK,ledge_jump,content/fighters/vesper-nyx/animations/procedural/ledge_jump.anim.json,ledge_jump,,,authority_inventory:ledge_jump|motion_law:uncertainty|runtime_clip:ledge_jump
vesper-nyx,ledge_attack,ledge_platform,PROCEDURAL_FALLBACK,ledge_attack,content/fighters/vesper-nyx/animations/procedural/ledge_attack.anim.json,jab,,,authority_inventory:ledge_attack|motion_law:uncertainty|runtime_clip:ledge_attack
vesper-nyx,shield_start,defense_evasion,PROCEDURAL_FALLBACK,shield_start,content/fighters/vesper-nyx/animations/procedural/shield_start.anim.json,shield_start,,,authority_inventory:shield_start|motion_law:uncertainty|runtime_clip:shield_start
vesper-nyx,shield_hold,defense_evasion,PROCEDURAL_FALLBACK,shield_hold,content/fighters/vesper-nyx/animations/procedural/shield_hold.anim.json,shield_hold,,,authority_inventory:shield_hold|motion_law:uncertainty|runtime_clip:shield_hold
vesper-nyx,shield_hit,defense_evasion,PROCEDURAL_FALLBACK,shield_hit,content/fighters/vesper-nyx/animations/procedural/shield_hit.anim.json,shield,,,authority_inventory:shield_hit|motion_law:uncertainty|runtime_clip:shield_hit
vesper-nyx,shield_stun,defense_evasion,PROCEDURAL_FALLBACK,shield_stun,content/fighters/vesper-nyx/animations/procedural/shield_stun.anim.json,shield,,,authority_inventory:shield_stun|motion_law:uncertainty|runtime_clip:shield_stun
vesper-nyx,shield_break,defense_evasion,PROCEDURAL_FALLBACK,shield_break,content/fighters/vesper-nyx/animations/procedural/shield_break.anim.json,hurt_heavy,,,authority_inventory:shield_break|motion_law:uncertainty|runtime_clip:shield_break
vesper-nyx,spot_dodge,defense_evasion,PROCEDURAL_FALLBACK,spot_dodge,content/fighters/vesper-nyx/animations/procedural/spot_dodge.anim.json,dodge,,,authority_inventory:spot_dodge|motion_law:uncertainty|runtime_clip:spot_dodge
vesper-nyx,roll_forward,defense_evasion,PROCEDURAL_FALLBACK,roll_forward,content/fighters/vesper-nyx/animations/procedural/roll_forward.anim.json,dodge_forward,,,authority_inventory:roll_forward|motion_law:uncertainty|runtime_clip:roll_forward
vesper-nyx,roll_backward,defense_evasion,PROCEDURAL_FALLBACK,roll_backward,content/fighters/vesper-nyx/animations/procedural/roll_backward.anim.json,dodge_back,,,authority_inventory:roll_backward|motion_law:uncertainty|runtime_clip:roll_backward
vesper-nyx,air_dodge_neutral,defense_evasion,PROCEDURAL_FALLBACK,air_dodge_neutral,content/fighters/vesper-nyx/animations/procedural/air_dodge_neutral.anim.json,air_dodge,,,authority_inventory:air_dodge_neutral|motion_law:uncertainty|runtime_clip:air_dodge_neutral
vesper-nyx,air_dodge_forward,defense_evasion,PROCEDURAL_FALLBACK,air_dodge_forward,content/fighters/vesper-nyx/animations/procedural/air_dodge_forward.anim.json,air_dodge,,,authority_inventory:air_dodge_forward|motion_law:uncertainty|runtime_clip:air_dodge_forward
vesper-nyx,air_dodge_back,defense_evasion,PROCEDURAL_FALLBACK,air_dodge_back,content/fighters/vesper-nyx/animations/procedural/air_dodge_back.anim.json,air_dodge,,,authority_inventory:air_dodge_back|motion_law:uncertainty|runtime_clip:air_dodge_back
vesper-nyx,air_dodge_up,defense_evasion,PROCEDURAL_FALLBACK,air_dodge_up,content/fighters/vesper-nyx/animations/procedural/air_dodge_up.anim.json,air_dodge,,,authority_inventory:air_dodge_up|motion_law:uncertainty|runtime_clip:air_dodge_up
vesper-nyx,air_dodge_down,defense_evasion,PROCEDURAL_FALLBACK,air_dodge_down,content/fighters/vesper-nyx/animations/procedural/air_dodge_down.anim.json,air_dodge,,,authority_inventory:air_dodge_down|motion_law:uncertainty|runtime_clip:air_dodge_down
vesper-nyx,tech_in_place,defense_evasion,PROCEDURAL_FALLBACK,tech_in_place,content/fighters/vesper-nyx/animations/procedural/tech_in_place.anim.json,land,,,authority_inventory:tech_in_place|motion_law:uncertainty|runtime_clip:tech_in_place
vesper-nyx,tech_forward,defense_evasion,PROCEDURAL_FALLBACK,tech_forward,content/fighters/vesper-nyx/animations/procedural/tech_forward.anim.json,dodge_forward,,,authority_inventory:tech_forward|motion_law:uncertainty|runtime_clip:tech_forward
vesper-nyx,tech_back,defense_evasion,PROCEDURAL_FALLBACK,tech_back,content/fighters/vesper-nyx/animations/procedural/tech_back.anim.json,dodge_back,,,authority_inventory:tech_back|motion_law:uncertainty|runtime_clip:tech_back
vesper-nyx,pratfall,defense_evasion,PROCEDURAL_FALLBACK,pratfall,content/fighters/vesper-nyx/animations/procedural/pratfall.anim.json,tumble,,,authority_inventory:pratfall|motion_law:uncertainty|runtime_clip:pratfall
vesper-nyx,hurt_light_front,damage_reactions,PROCEDURAL_FALLBACK,hurt_light_front,content/fighters/vesper-nyx/animations/procedural/hurt_light_front.anim.json,hurt_light,,,authority_inventory:hurt_light_front|motion_law:uncertainty|runtime_clip:hurt_light_front
vesper-nyx,hurt_light_back,damage_reactions,PROCEDURAL_FALLBACK,hurt_light_back,content/fighters/vesper-nyx/animations/procedural/hurt_light_back.anim.json,hurt_light,,,authority_inventory:hurt_light_back|motion_law:uncertainty|runtime_clip:hurt_light_back
vesper-nyx,hurt_heavy,damage_reactions,PROCEDURAL_FALLBACK,hurt_heavy,content/fighters/vesper-nyx/animations/procedural/hurt_heavy.anim.json,hurt_heavy,,,authority_inventory:hurt_heavy|motion_law:uncertainty|runtime_clip:hurt_heavy
vesper-nyx,hitstop_pose,damage_reactions,PROCEDURAL_FALLBACK,hitstop_pose,content/fighters/vesper-nyx/animations/procedural/hitstop_pose.anim.json,hurt,,,authority_inventory:hitstop_pose|motion_law:uncertainty|runtime_clip:hitstop_pose
vesper-nyx,hitstun_ground,damage_reactions,PROCEDURAL_FALLBACK,hitstun_ground,content/fighters/vesper-nyx/animations/procedural/hitstun_ground.anim.json,hurt,,,authority_inventory:hitstun_ground|motion_law:uncertainty|runtime_clip:hitstun_ground
vesper-nyx,launch_horizontal,damage_reactions,PROCEDURAL_FALLBACK,launch_horizontal,content/fighters/vesper-nyx/animations/procedural/launch_horizontal.anim.json,launch,,,authority_inventory:launch_horizontal|motion_law:uncertainty|runtime_clip:launch_horizontal
vesper-nyx,launch_vertical,damage_reactions,PROCEDURAL_FALLBACK,launch_vertical,content/fighters/vesper-nyx/animations/procedural/launch_vertical.anim.json,critical_launch,,,authority_inventory:launch_vertical|motion_law:uncertainty|runtime_clip:launch_vertical
vesper-nyx,tumble,damage_reactions,PROCEDURAL_FALLBACK,tumble,content/fighters/vesper-nyx/animations/procedural/tumble.anim.json,tumble,,,authority_inventory:tumble|motion_law:uncertainty|runtime_clip:tumble
vesper-nyx,ground_bounce,damage_reactions,PROCEDURAL_FALLBACK,ground_bounce,content/fighters/vesper-nyx/animations/procedural/ground_bounce.anim.json,landing,,,authority_inventory:ground_bounce|motion_law:uncertainty|runtime_clip:ground_bounce
vesper-nyx,wall_bounce,damage_reactions,PROCEDURAL_FALLBACK,wall_bounce,content/fighters/vesper-nyx/animations/procedural/wall_bounce.anim.json,hurt_heavy,,,authority_inventory:wall_bounce|motion_law:uncertainty|runtime_clip:wall_bounce
vesper-nyx,knockdown,damage_reactions,PROCEDURAL_FALLBACK,knockdown,content/fighters/vesper-nyx/animations/procedural/knockdown.anim.json,hurt_heavy,,,authority_inventory:knockdown|motion_law:uncertainty|runtime_clip:knockdown
vesper-nyx,ko,damage_reactions,PROCEDURAL_FALLBACK,ko,content/fighters/vesper-nyx/animations/procedural/ko.anim.json,ko,,,authority_inventory:ko|motion_law:uncertainty|runtime_clip:ko
vesper-nyx,respawn,damage_reactions,PROCEDURAL_FALLBACK,respawn,content/fighters/vesper-nyx/animations/procedural/respawn.anim.json,respawn,,,authority_inventory:respawn|motion_law:uncertainty|runtime_clip:respawn
vesper-nyx,grab_startup,grab_throw,PROCEDURAL_FALLBACK,grab_startup,content/fighters/vesper-nyx/animations/procedural/grab_startup.anim.json,grab,,,authority_inventory:grab_startup|motion_law:uncertainty|runtime_clip:grab_startup
vesper-nyx,grab_active,grab_throw,PROCEDURAL_FALLBACK,grab_active,content/fighters/vesper-nyx/animations/procedural/grab_active.anim.json,grab,,,authority_inventory:grab_active|motion_law:uncertainty|runtime_clip:grab_active
vesper-nyx,grab_whiff,grab_throw,PROCEDURAL_FALLBACK,grab_whiff,content/fighters/vesper-nyx/animations/procedural/grab_whiff.anim.json,grab_break,,,authority_inventory:grab_whiff|motion_law:uncertainty|runtime_clip:grab_whiff
vesper-nyx,grab_hold,grab_throw,PROCEDURAL_FALLBACK,grab_hold,content/fighters/vesper-nyx/animations/procedural/grab_hold.anim.json,grab_hold,,,authority_inventory:grab_hold|motion_law:uncertainty|runtime_clip:grab_hold
vesper-nyx,pummel,grab_throw,PROCEDURAL_FALLBACK,pummel,content/fighters/vesper-nyx/animations/procedural/pummel.anim.json,grab_hold,,,authority_inventory:pummel|motion_law:uncertainty|runtime_clip:pummel
vesper-nyx,throw_startup,grab_throw,PROCEDURAL_FALLBACK,throw_startup,content/fighters/vesper-nyx/animations/procedural/throw_startup.anim.json,throw_forward,,,authority_inventory:throw_startup|motion_law:uncertainty|runtime_clip:throw_startup
vesper-nyx,throw_release,grab_throw,PROCEDURAL_FALLBACK,throw_release,content/fighters/vesper-nyx/animations/procedural/throw_release.anim.json,throw_forward,,,authority_inventory:throw_release|motion_law:uncertainty|runtime_clip:throw_release
vesper-nyx,aura_charge,aura,PROCEDURAL_FALLBACK,aura_charge,content/fighters/vesper-nyx/animations/procedural/aura_charge.anim.json,aura_charge,aura_charge,,authority_inventory:aura_charge|motion_law:uncertainty|runtime_clip:aura_charge
vesper-nyx,aura_ready,aura,PROCEDURAL_FALLBACK,aura_ready,content/fighters/vesper-nyx/animations/procedural/aura_ready.anim.json,aura_ready,,,authority_inventory:aura_ready|motion_law:uncertainty|runtime_clip:aura_ready
vesper-nyx,aura_burst_startup,aura,PROCEDURAL_FALLBACK,aura_burst_startup,content/fighters/vesper-nyx/animations/procedural/aura_burst_startup.anim.json,aura_burst,,,authority_inventory:aura_burst_startup|motion_law:uncertainty|runtime_clip:aura_burst_startup
vesper-nyx,aura_burst_active,aura,PROCEDURAL_FALLBACK,aura_burst_active,content/fighters/vesper-nyx/animations/procedural/aura_burst_active.anim.json,aura_burst,,,authority_inventory:aura_burst_active|motion_law:uncertainty|runtime_clip:aura_burst_active
vesper-nyx,aura_burst_recovery,aura,PROCEDURAL_FALLBACK,aura_burst_recovery,content/fighters/vesper-nyx/animations/procedural/aura_burst_recovery.anim.json,aura_release,,,authority_inventory:aura_burst_recovery|motion_law:uncertainty|runtime_clip:aura_burst_recovery
vesper-nyx,aura_super_transform,aura,PROCEDURAL_FALLBACK,aura_super_transform,content/fighters/vesper-nyx/animations/procedural/aura_super_transform.anim.json,signature_lane_burst,,,authority_inventory:aura_super_transform|motion_law:uncertainty|runtime_clip:aura_super_transform
vesper-nyx,jab_1,moves,PROCEDURAL_FALLBACK,jab_1,content/fighters/vesper-nyx/animations/procedural/jab_1.anim.json,jab,jab_1,,authority_inventory:jab_1|motion_law:uncertainty|runtime_clip:jab_1
vesper-nyx,jab_2,moves,PROCEDURAL_FALLBACK,jab_2,content/fighters/vesper-nyx/animations/procedural/jab_2.anim.json,jab_chain_2,jab_2,,authority_inventory:jab_2|motion_law:uncertainty|runtime_clip:jab_2
vesper-nyx,jab_finisher,moves,PROCEDURAL_FALLBACK,jab_finisher,content/fighters/vesper-nyx/animations/procedural/jab_finisher.anim.json,jab_chain_3,jab_finisher,,authority_inventory:jab_finisher|motion_law:uncertainty|runtime_clip:jab_finisher
vesper-nyx,forward_tilt,moves,PROCEDURAL_FALLBACK,forward_tilt,content/fighters/vesper-nyx/animations/procedural/forward_tilt.anim.json,tilt_forward,forward_tilt,,authority_inventory:forward_tilt|motion_law:uncertainty|runtime_clip:forward_tilt
vesper-nyx,up_tilt,moves,PROCEDURAL_FALLBACK,up_tilt,content/fighters/vesper-nyx/animations/procedural/up_tilt.anim.json,tilt_up,up_tilt,,authority_inventory:up_tilt|motion_law:uncertainty|runtime_clip:up_tilt
vesper-nyx,down_tilt,moves,PROCEDURAL_FALLBACK,down_tilt,content/fighters/vesper-nyx/animations/procedural/down_tilt.anim.json,tilt_down,down_tilt,,authority_inventory:down_tilt|motion_law:uncertainty|runtime_clip:down_tilt
vesper-nyx,dash_attack,moves,PROCEDURAL_FALLBACK,dash_attack,content/fighters/vesper-nyx/animations/procedural/dash_attack.anim.json,dash_attack,dash_attack,,authority_inventory:dash_attack|motion_law:uncertainty|runtime_clip:dash_attack
vesper-nyx,heavy_attack,moves,PROCEDURAL_FALLBACK,heavy_attack,content/fighters/vesper-nyx/animations/procedural/heavy_attack.anim.json,heavy,heavy_attack,,authority_inventory:heavy_attack|motion_law:uncertainty|runtime_clip:heavy_attack
vesper-nyx,neutral_air,moves,PROCEDURAL_FALLBACK,neutral_air,content/fighters/vesper-nyx/animations/procedural/neutral_air.anim.json,aerial_neutral,neutral_air,,authority_inventory:neutral_air|motion_law:uncertainty|runtime_clip:neutral_air
vesper-nyx,forward_air,moves,PROCEDURAL_FALLBACK,forward_air,content/fighters/vesper-nyx/animations/procedural/forward_air.anim.json,aerial_forward,forward_air,,authority_inventory:forward_air|motion_law:uncertainty|runtime_clip:forward_air
vesper-nyx,back_air,moves,PROCEDURAL_FALLBACK,back_air,content/fighters/vesper-nyx/animations/procedural/back_air.anim.json,aerial_back,back_air,,authority_inventory:back_air|motion_law:uncertainty|runtime_clip:back_air
vesper-nyx,up_air,moves,PROCEDURAL_FALLBACK,up_air,content/fighters/vesper-nyx/animations/procedural/up_air.anim.json,aerial_up,up_air,,authority_inventory:up_air|motion_law:uncertainty|runtime_clip:up_air
vesper-nyx,down_air,moves,PROCEDURAL_FALLBACK,down_air,content/fighters/vesper-nyx/animations/procedural/down_air.anim.json,aerial_down,down_air,,authority_inventory:down_air|motion_law:uncertainty|runtime_clip:down_air
vesper-nyx,neutral_special_projectile,moves,PROCEDURAL_FALLBACK,neutral_special_projectile,content/fighters/vesper-nyx/animations/procedural/neutral_special_projectile.anim.json,projectile_full,neutral_special_projectile,,authority_inventory:neutral_special_projectile|motion_law:uncertainty|runtime_clip:neutral_special_projectile
vesper-nyx,side_special,moves,PROCEDURAL_FALLBACK,side_special,content/fighters/vesper-nyx/animations/procedural/side_special.anim.json,side_special,side_special,,authority_inventory:side_special|motion_law:uncertainty|runtime_clip:side_special
vesper-nyx,up_special_recovery,moves,PROCEDURAL_FALLBACK,up_special_recovery,content/fighters/vesper-nyx/animations/procedural/up_special_recovery.anim.json,recovery,up_special_recovery,,authority_inventory:up_special_recovery|motion_law:uncertainty|runtime_clip:up_special_recovery
vesper-nyx,down_special,moves,PROCEDURAL_FALLBACK,down_special,content/fighters/vesper-nyx/animations/procedural/down_special.anim.json,down_special,down_special,,authority_inventory:down_special|motion_law:uncertainty|runtime_clip:down_special
vesper-nyx,grab,moves,PROCEDURAL_FALLBACK,grab,content/fighters/vesper-nyx/animations/procedural/grab.anim.json,grab,grab,,authority_inventory:grab|motion_law:uncertainty|runtime_clip:grab
vesper-nyx,throw_forward,moves,PROCEDURAL_FALLBACK,throw_forward,content/fighters/vesper-nyx/animations/procedural/throw_forward.anim.json,throw_forward,throw_forward,,authority_inventory:throw_forward|motion_law:uncertainty|runtime_clip:throw_forward
vesper-nyx,throw_back,moves,PROCEDURAL_FALLBACK,throw_back,content/fighters/vesper-nyx/animations/procedural/throw_back.anim.json,throw_back,throw_back,,authority_inventory:throw_back|motion_law:uncertainty|runtime_clip:throw_back
vesper-nyx,throw_up,moves,PROCEDURAL_FALLBACK,throw_up,content/fighters/vesper-nyx/animations/procedural/throw_up.anim.json,throw_up,throw_up,,authority_inventory:throw_up|motion_law:uncertainty|runtime_clip:throw_up
vesper-nyx,throw_down,moves,PROCEDURAL_FALLBACK,throw_down,content/fighters/vesper-nyx/animations/procedural/throw_down.anim.json,throw_down,throw_down,,authority_inventory:throw_down|motion_law:uncertainty|runtime_clip:throw_down
vesper-nyx,aura_charge_move,moves,PROCEDURAL_FALLBACK,aura_charge_move,content/fighters/vesper-nyx/animations/procedural/aura_charge_move.anim.json,aura_charge,aura_charge,,authority_inventory:aura_charge_move|motion_law:uncertainty|runtime_clip:aura_charge_move
vesper-nyx,aura_burst_move,moves,PROCEDURAL_FALLBACK,aura_burst_move,content/fighters/vesper-nyx/animations/procedural/aura_burst_move.anim.json,signature_lane_burst,aura_burst,,authority_inventory:aura_burst_move|motion_law:uncertainty|runtime_clip:aura_burst_move
vesper-nyx,match_intro,presentation,PROCEDURAL_FALLBACK,match_intro,content/fighters/vesper-nyx/animations/procedural/match_intro.anim.json,idle,,,authority_inventory:match_intro|motion_law:uncertainty|runtime_clip:match_intro
vesper-nyx,character_select_idle,presentation,PROCEDURAL_FALLBACK,character_select_idle,content/fighters/vesper-nyx/animations/procedural/character_select_idle.anim.json,idle,,,authority_inventory:character_select_idle|motion_law:uncertainty|runtime_clip:character_select_idle
vesper-nyx,character_select_confirm,presentation,PROCEDURAL_FALLBACK,character_select_confirm,content/fighters/vesper-nyx/animations/procedural/character_select_confirm.anim.json,victory,,,authority_inventory:character_select_confirm|motion_law:uncertainty|runtime_clip:character_select_confirm
vesper-nyx,taunt_1,presentation,PROCEDURAL_FALLBACK,taunt_1,content/fighters/vesper-nyx/animations/procedural/taunt_1.anim.json,idle_variant,,,authority_inventory:taunt_1|motion_law:uncertainty|runtime_clip:taunt_1
vesper-nyx,taunt_2,presentation,PROCEDURAL_FALLBACK,taunt_2,content/fighters/vesper-nyx/animations/procedural/taunt_2.anim.json,idle_variant,,,authority_inventory:taunt_2|motion_law:uncertainty|runtime_clip:taunt_2
vesper-nyx,victory,presentation,PROCEDURAL_FALLBACK,victory,content/fighters/vesper-nyx/animations/procedural/victory.anim.json,victory,,,authority_inventory:victory|motion_law:uncertainty|runtime_clip:victory
vesper-nyx,defeat,presentation,PROCEDURAL_FALLBACK,defeat,content/fighters/vesper-nyx/animations/procedural/defeat.anim.json,defeat,,,authority_inventory:defeat|motion_law:uncertainty|runtime_clip:defeat
vesper-nyx,results_idle,presentation,PROCEDURAL_FALLBACK,results_idle,content/fighters/vesper-nyx/animations/procedural/results_idle.anim.json,idle,,,authority_inventory:results_idle|motion_law:uncertainty|runtime_clip:results_idle
vesper-nyx,story_dialogue_neutral,presentation,PROCEDURAL_FALLBACK,story_dialogue_neutral,content/fighters/vesper-nyx/animations/procedural/story_dialogue_neutral.anim.json,idle,,,authority_inventory:story_dialogue_neutral|motion_law:uncertainty|runtime_clip:story_dialogue_neutral
vesper-nyx,story_dialogue_intense,presentation,PROCEDURAL_FALLBACK,story_dialogue_intense,content/fighters/vesper-nyx/animations/procedural/story_dialogue_intense.anim.json,aura_ready,,,authority_inventory:story_dialogue_intense|motion_law:uncertainty|runtime_clip:story_dialogue_intense
yin,idle_primary,locomotion_traversal,PROCEDURAL_FALLBACK,idle_primary,content/fighters/yin/animations/procedural/idle_primary.anim.json,idle,,,authority_inventory:idle_primary|motion_law:reduction|runtime_clip:idle_primary
yin,idle_secondary,locomotion_traversal,PROCEDURAL_FALLBACK,idle_secondary,content/fighters/yin/animations/procedural/idle_secondary.anim.json,idle_variant,,,authority_inventory:idle_secondary|motion_law:reduction|runtime_clip:idle_secondary
yin,idle_long,locomotion_traversal,PROCEDURAL_FALLBACK,idle_long,content/fighters/yin/animations/procedural/idle_long.anim.json,idle,,,authority_inventory:idle_long|motion_law:reduction|runtime_clip:idle_long
yin,walk_start,locomotion_traversal,PROCEDURAL_FALLBACK,walk_start,content/fighters/yin/animations/procedural/walk_start.anim.json,walk,,,authority_inventory:walk_start|motion_law:reduction|runtime_clip:walk_start
yin,walk_loop,locomotion_traversal,PROCEDURAL_FALLBACK,walk_loop,content/fighters/yin/animations/procedural/walk_loop.anim.json,walk,,,authority_inventory:walk_loop|motion_law:reduction|runtime_clip:walk_loop
yin,walk_stop,locomotion_traversal,PROCEDURAL_FALLBACK,walk_stop,content/fighters/yin/animations/procedural/walk_stop.anim.json,walk,,,authority_inventory:walk_stop|motion_law:reduction|runtime_clip:walk_stop
yin,run_start,locomotion_traversal,PROCEDURAL_FALLBACK,run_start,content/fighters/yin/animations/procedural/run_start.anim.json,run,,,authority_inventory:run_start|motion_law:reduction|runtime_clip:run_start
yin,run_loop,locomotion_traversal,PROCEDURAL_FALLBACK,run_loop,content/fighters/yin/animations/procedural/run_loop.anim.json,run,,,authority_inventory:run_loop|motion_law:reduction|runtime_clip:run_loop
yin,run_stop,locomotion_traversal,PROCEDURAL_FALLBACK,run_stop,content/fighters/yin/animations/procedural/run_stop.anim.json,run,,,authority_inventory:run_stop|motion_law:reduction|runtime_clip:run_stop
yin,dash_start,locomotion_traversal,PROCEDURAL_FALLBACK,dash_start,content/fighters/yin/animations/procedural/dash_start.anim.json,dash,,,authority_inventory:dash_start|motion_law:reduction|runtime_clip:dash_start
yin,dash_loop,locomotion_traversal,PROCEDURAL_FALLBACK,dash_loop,content/fighters/yin/animations/procedural/dash_loop.anim.json,dash,,,authority_inventory:dash_loop|motion_law:reduction|runtime_clip:dash_loop
yin,dash_stop,locomotion_traversal,PROCEDURAL_FALLBACK,dash_stop,content/fighters/yin/animations/procedural/dash_stop.anim.json,dash,,,authority_inventory:dash_stop|motion_law:reduction|runtime_clip:dash_stop
yin,skid,locomotion_traversal,PROCEDURAL_FALLBACK,skid,content/fighters/yin/animations/procedural/skid.anim.json,turn,,,authority_inventory:skid|motion_law:reduction|runtime_clip:skid
yin,turnaround,locomotion_traversal,PROCEDURAL_FALLBACK,turnaround,content/fighters/yin/animations/procedural/turnaround.anim.json,turn,,,authority_inventory:turnaround|motion_law:reduction|runtime_clip:turnaround
yin,crouch_start,locomotion_traversal,PROCEDURAL_FALLBACK,crouch_start,content/fighters/yin/animations/procedural/crouch_start.anim.json,crouch,,,authority_inventory:crouch_start|motion_law:reduction|runtime_clip:crouch_start
yin,crouch_hold,locomotion_traversal,PROCEDURAL_FALLBACK,crouch_hold,content/fighters/yin/animations/procedural/crouch_hold.anim.json,crouch,,,authority_inventory:crouch_hold|motion_law:reduction|runtime_clip:crouch_hold
yin,crouch_end,locomotion_traversal,PROCEDURAL_FALLBACK,crouch_end,content/fighters/yin/animations/procedural/crouch_end.anim.json,crouch,,,authority_inventory:crouch_end|motion_law:reduction|runtime_clip:crouch_end
yin,jump_squat,locomotion_traversal,PROCEDURAL_FALLBACK,jump_squat,content/fighters/yin/animations/procedural/jump_squat.anim.json,jump_start,,,authority_inventory:jump_squat|motion_law:reduction|runtime_clip:jump_squat
yin,jump,locomotion_traversal,PROCEDURAL_FALLBACK,jump,content/fighters/yin/animations/procedural/jump.anim.json,jump_rise,,,authority_inventory:jump|motion_law:reduction|runtime_clip:jump
yin,short_hop_visual,locomotion_traversal,PROCEDURAL_FALLBACK,short_hop_visual,content/fighters/yin/animations/procedural/short_hop_visual.anim.json,jump,,,authority_inventory:short_hop_visual|motion_law:reduction|runtime_clip:short_hop_visual
yin,double_jump,locomotion_traversal,PROCEDURAL_FALLBACK,double_jump,content/fighters/yin/animations/procedural/double_jump.anim.json,jump,,,authority_inventory:double_jump|motion_law:reduction|runtime_clip:double_jump
yin,fall,locomotion_traversal,PROCEDURAL_FALLBACK,fall,content/fighters/yin/animations/procedural/fall.anim.json,fall,,,authority_inventory:fall|motion_law:reduction|runtime_clip:fall
yin,fast_fall,locomotion_traversal,PROCEDURAL_FALLBACK,fast_fall,content/fighters/yin/animations/procedural/fast_fall.anim.json,fall,,,authority_inventory:fast_fall|motion_law:reduction|runtime_clip:fast_fall
yin,land_soft,locomotion_traversal,PROCEDURAL_FALLBACK,land_soft,content/fighters/yin/animations/procedural/land_soft.anim.json,land,,,authority_inventory:land_soft|motion_law:reduction|runtime_clip:land_soft
yin,land_hard,locomotion_traversal,PROCEDURAL_FALLBACK,land_hard,content/fighters/yin/animations/procedural/land_hard.anim.json,landing,,,authority_inventory:land_hard|motion_law:reduction|runtime_clip:land_hard
yin,platform_drop,locomotion_traversal,PROCEDURAL_FALLBACK,platform_drop,content/fighters/yin/animations/procedural/platform_drop.anim.json,ledge_drop,,,authority_inventory:platform_drop|motion_law:reduction|runtime_clip:platform_drop
yin,edge_warning,ledge_platform,PROCEDURAL_FALLBACK,edge_warning,content/fighters/yin/animations/procedural/edge_warning.anim.json,ledge_hang,,,authority_inventory:edge_warning|motion_law:reduction|runtime_clip:edge_warning
yin,ledge_teeter,ledge_platform,PROCEDURAL_FALLBACK,ledge_teeter,content/fighters/yin/animations/procedural/ledge_teeter.anim.json,ledge_hang,,,authority_inventory:ledge_teeter|motion_law:reduction|runtime_clip:ledge_teeter
yin,ledge_grab,ledge_platform,PROCEDURAL_FALLBACK,ledge_grab,content/fighters/yin/animations/procedural/ledge_grab.anim.json,ledge_grab,,,authority_inventory:ledge_grab|motion_law:reduction|runtime_clip:ledge_grab
yin,ledge_hang,ledge_platform,PROCEDURAL_FALLBACK,ledge_hang,content/fighters/yin/animations/procedural/ledge_hang.anim.json,ledge_hang,,,authority_inventory:ledge_hang|motion_law:reduction|runtime_clip:ledge_hang
yin,ledge_getup,ledge_platform,PROCEDURAL_FALLBACK,ledge_getup,content/fighters/yin/animations/procedural/ledge_getup.anim.json,ledge_getup,,,authority_inventory:ledge_getup|motion_law:reduction|runtime_clip:ledge_getup
yin,ledge_roll,ledge_platform,PROCEDURAL_FALLBACK,ledge_roll,content/fighters/yin/animations/procedural/ledge_roll.anim.json,dodge_forward,,,authority_inventory:ledge_roll|motion_law:reduction|runtime_clip:ledge_roll
yin,ledge_jump,ledge_platform,PROCEDURAL_FALLBACK,ledge_jump,content/fighters/yin/animations/procedural/ledge_jump.anim.json,ledge_jump,,,authority_inventory:ledge_jump|motion_law:reduction|runtime_clip:ledge_jump
yin,ledge_attack,ledge_platform,PROCEDURAL_FALLBACK,ledge_attack,content/fighters/yin/animations/procedural/ledge_attack.anim.json,jab,,,authority_inventory:ledge_attack|motion_law:reduction|runtime_clip:ledge_attack
yin,shield_start,defense_evasion,PROCEDURAL_FALLBACK,shield_start,content/fighters/yin/animations/procedural/shield_start.anim.json,shield_start,,,authority_inventory:shield_start|motion_law:reduction|runtime_clip:shield_start
yin,shield_hold,defense_evasion,PROCEDURAL_FALLBACK,shield_hold,content/fighters/yin/animations/procedural/shield_hold.anim.json,shield_hold,,,authority_inventory:shield_hold|motion_law:reduction|runtime_clip:shield_hold
yin,shield_hit,defense_evasion,PROCEDURAL_FALLBACK,shield_hit,content/fighters/yin/animations/procedural/shield_hit.anim.json,shield,,,authority_inventory:shield_hit|motion_law:reduction|runtime_clip:shield_hit
yin,shield_stun,defense_evasion,PROCEDURAL_FALLBACK,shield_stun,content/fighters/yin/animations/procedural/shield_stun.anim.json,shield,,,authority_inventory:shield_stun|motion_law:reduction|runtime_clip:shield_stun
yin,shield_break,defense_evasion,PROCEDURAL_FALLBACK,shield_break,content/fighters/yin/animations/procedural/shield_break.anim.json,hurt_heavy,,,authority_inventory:shield_break|motion_law:reduction|runtime_clip:shield_break
yin,spot_dodge,defense_evasion,PROCEDURAL_FALLBACK,spot_dodge,content/fighters/yin/animations/procedural/spot_dodge.anim.json,dodge,,,authority_inventory:spot_dodge|motion_law:reduction|runtime_clip:spot_dodge
yin,roll_forward,defense_evasion,PROCEDURAL_FALLBACK,roll_forward,content/fighters/yin/animations/procedural/roll_forward.anim.json,dodge_forward,,,authority_inventory:roll_forward|motion_law:reduction|runtime_clip:roll_forward
yin,roll_backward,defense_evasion,PROCEDURAL_FALLBACK,roll_backward,content/fighters/yin/animations/procedural/roll_backward.anim.json,dodge_back,,,authority_inventory:roll_backward|motion_law:reduction|runtime_clip:roll_backward
yin,air_dodge_neutral,defense_evasion,PROCEDURAL_FALLBACK,air_dodge_neutral,content/fighters/yin/animations/procedural/air_dodge_neutral.anim.json,air_dodge,,,authority_inventory:air_dodge_neutral|motion_law:reduction|runtime_clip:air_dodge_neutral
yin,air_dodge_forward,defense_evasion,PROCEDURAL_FALLBACK,air_dodge_forward,content/fighters/yin/animations/procedural/air_dodge_forward.anim.json,air_dodge,,,authority_inventory:air_dodge_forward|motion_law:reduction|runtime_clip:air_dodge_forward
yin,air_dodge_back,defense_evasion,PROCEDURAL_FALLBACK,air_dodge_back,content/fighters/yin/animations/procedural/air_dodge_back.anim.json,air_dodge,,,authority_inventory:air_dodge_back|motion_law:reduction|runtime_clip:air_dodge_back
yin,air_dodge_up,defense_evasion,PROCEDURAL_FALLBACK,air_dodge_up,content/fighters/yin/animations/procedural/air_dodge_up.anim.json,air_dodge,,,authority_inventory:air_dodge_up|motion_law:reduction|runtime_clip:air_dodge_up
yin,air_dodge_down,defense_evasion,PROCEDURAL_FALLBACK,air_dodge_down,content/fighters/yin/animations/procedural/air_dodge_down.anim.json,air_dodge,,,authority_inventory:air_dodge_down|motion_law:reduction|runtime_clip:air_dodge_down
yin,tech_in_place,defense_evasion,PROCEDURAL_FALLBACK,tech_in_place,content/fighters/yin/animations/procedural/tech_in_place.anim.json,land,,,authority_inventory:tech_in_place|motion_law:reduction|runtime_clip:tech_in_place
yin,tech_forward,defense_evasion,PROCEDURAL_FALLBACK,tech_forward,content/fighters/yin/animations/procedural/tech_forward.anim.json,dodge_forward,,,authority_inventory:tech_forward|motion_law:reduction|runtime_clip:tech_forward
yin,tech_back,defense_evasion,PROCEDURAL_FALLBACK,tech_back,content/fighters/yin/animations/procedural/tech_back.anim.json,dodge_back,,,authority_inventory:tech_back|motion_law:reduction|runtime_clip:tech_back
yin,pratfall,defense_evasion,PROCEDURAL_FALLBACK,pratfall,content/fighters/yin/animations/procedural/pratfall.anim.json,tumble,,,authority_inventory:pratfall|motion_law:reduction|runtime_clip:pratfall
yin,hurt_light_front,damage_reactions,PROCEDURAL_FALLBACK,hurt_light_front,content/fighters/yin/animations/procedural/hurt_light_front.anim.json,hurt_light,,,authority_inventory:hurt_light_front|motion_law:reduction|runtime_clip:hurt_light_front
yin,hurt_light_back,damage_reactions,PROCEDURAL_FALLBACK,hurt_light_back,content/fighters/yin/animations/procedural/hurt_light_back.anim.json,hurt_light,,,authority_inventory:hurt_light_back|motion_law:reduction|runtime_clip:hurt_light_back
yin,hurt_heavy,damage_reactions,PROCEDURAL_FALLBACK,hurt_heavy,content/fighters/yin/animations/procedural/hurt_heavy.anim.json,hurt_heavy,,,authority_inventory:hurt_heavy|motion_law:reduction|runtime_clip:hurt_heavy
yin,hitstop_pose,damage_reactions,PROCEDURAL_FALLBACK,hitstop_pose,content/fighters/yin/animations/procedural/hitstop_pose.anim.json,hurt,,,authority_inventory:hitstop_pose|motion_law:reduction|runtime_clip:hitstop_pose
yin,hitstun_ground,damage_reactions,PROCEDURAL_FALLBACK,hitstun_ground,content/fighters/yin/animations/procedural/hitstun_ground.anim.json,hurt,,,authority_inventory:hitstun_ground|motion_law:reduction|runtime_clip:hitstun_ground
yin,launch_horizontal,damage_reactions,PROCEDURAL_FALLBACK,launch_horizontal,content/fighters/yin/animations/procedural/launch_horizontal.anim.json,launch,,,authority_inventory:launch_horizontal|motion_law:reduction|runtime_clip:launch_horizontal
yin,launch_vertical,damage_reactions,PROCEDURAL_FALLBACK,launch_vertical,content/fighters/yin/animations/procedural/launch_vertical.anim.json,critical_launch,,,authority_inventory:launch_vertical|motion_law:reduction|runtime_clip:launch_vertical
yin,tumble,damage_reactions,PROCEDURAL_FALLBACK,tumble,content/fighters/yin/animations/procedural/tumble.anim.json,tumble,,,authority_inventory:tumble|motion_law:reduction|runtime_clip:tumble
yin,ground_bounce,damage_reactions,PROCEDURAL_FALLBACK,ground_bounce,content/fighters/yin/animations/procedural/ground_bounce.anim.json,landing,,,authority_inventory:ground_bounce|motion_law:reduction|runtime_clip:ground_bounce
yin,wall_bounce,damage_reactions,PROCEDURAL_FALLBACK,wall_bounce,content/fighters/yin/animations/procedural/wall_bounce.anim.json,hurt_heavy,,,authority_inventory:wall_bounce|motion_law:reduction|runtime_clip:wall_bounce
yin,knockdown,damage_reactions,PROCEDURAL_FALLBACK,knockdown,content/fighters/yin/animations/procedural/knockdown.anim.json,hurt_heavy,,,authority_inventory:knockdown|motion_law:reduction|runtime_clip:knockdown
yin,ko,damage_reactions,PROCEDURAL_FALLBACK,ko,content/fighters/yin/animations/procedural/ko.anim.json,ko,,,authority_inventory:ko|motion_law:reduction|runtime_clip:ko
yin,respawn,damage_reactions,PROCEDURAL_FALLBACK,respawn,content/fighters/yin/animations/procedural/respawn.anim.json,respawn,,,authority_inventory:respawn|motion_law:reduction|runtime_clip:respawn
yin,grab_startup,grab_throw,PROCEDURAL_FALLBACK,grab_startup,content/fighters/yin/animations/procedural/grab_startup.anim.json,grab,,,authority_inventory:grab_startup|motion_law:reduction|runtime_clip:grab_startup
yin,grab_active,grab_throw,PROCEDURAL_FALLBACK,grab_active,content/fighters/yin/animations/procedural/grab_active.anim.json,grab,,,authority_inventory:grab_active|motion_law:reduction|runtime_clip:grab_active
yin,grab_whiff,grab_throw,PROCEDURAL_FALLBACK,grab_whiff,content/fighters/yin/animations/procedural/grab_whiff.anim.json,grab_break,,,authority_inventory:grab_whiff|motion_law:reduction|runtime_clip:grab_whiff
yin,grab_hold,grab_throw,PROCEDURAL_FALLBACK,grab_hold,content/fighters/yin/animations/procedural/grab_hold.anim.json,grab_hold,,,authority_inventory:grab_hold|motion_law:reduction|runtime_clip:grab_hold
yin,pummel,grab_throw,PROCEDURAL_FALLBACK,pummel,content/fighters/yin/animations/procedural/pummel.anim.json,grab_hold,,,authority_inventory:pummel|motion_law:reduction|runtime_clip:pummel
yin,throw_startup,grab_throw,PROCEDURAL_FALLBACK,throw_startup,content/fighters/yin/animations/procedural/throw_startup.anim.json,throw_forward,,,authority_inventory:throw_startup|motion_law:reduction|runtime_clip:throw_startup
yin,throw_release,grab_throw,PROCEDURAL_FALLBACK,throw_release,content/fighters/yin/animations/procedural/throw_release.anim.json,throw_forward,,,authority_inventory:throw_release|motion_law:reduction|runtime_clip:throw_release
yin,aura_charge,aura,PROCEDURAL_FALLBACK,aura_charge,content/fighters/yin/animations/procedural/aura_charge.anim.json,aura_charge,aura_charge,,authority_inventory:aura_charge|motion_law:reduction|runtime_clip:aura_charge
yin,aura_ready,aura,PROCEDURAL_FALLBACK,aura_ready,content/fighters/yin/animations/procedural/aura_ready.anim.json,aura_ready,,,authority_inventory:aura_ready|motion_law:reduction|runtime_clip:aura_ready
yin,aura_burst_startup,aura,PROCEDURAL_FALLBACK,aura_burst_startup,content/fighters/yin/animations/procedural/aura_burst_startup.anim.json,aura_burst,,,authority_inventory:aura_burst_startup|motion_law:reduction|runtime_clip:aura_burst_startup
yin,aura_burst_active,aura,PROCEDURAL_FALLBACK,aura_burst_active,content/fighters/yin/animations/procedural/aura_burst_active.anim.json,aura_burst,,,authority_inventory:aura_burst_active|motion_law:reduction|runtime_clip:aura_burst_active
yin,aura_burst_recovery,aura,PROCEDURAL_FALLBACK,aura_burst_recovery,content/fighters/yin/animations/procedural/aura_burst_recovery.anim.json,aura_release,,,authority_inventory:aura_burst_recovery|motion_law:reduction|runtime_clip:aura_burst_recovery
yin,aura_super_transform,aura,PROCEDURAL_FALLBACK,aura_super_transform,content/fighters/yin/animations/procedural/aura_super_transform.anim.json,signature_lane_burst,,,authority_inventory:aura_super_transform|motion_law:reduction|runtime_clip:aura_super_transform
yin,jab_1,moves,PROCEDURAL_FALLBACK,jab_1,content/fighters/yin/animations/procedural/jab_1.anim.json,jab,jab_1, PLAYABLE_TUNING=REQUIRES_HUMAN,authority_inventory:jab_1|motion_law:reduction|runtime_clip:jab_1
yin,jab_2,moves,PROCEDURAL_FALLBACK,jab_2,content/fighters/yin/animations/procedural/jab_2.anim.json,jab_chain_2,jab_2, PLAYABLE_TUNING=REQUIRES_HUMAN,authority_inventory:jab_2|motion_law:reduction|runtime_clip:jab_2
yin,jab_finisher,moves,PROCEDURAL_FALLBACK,jab_finisher,content/fighters/yin/animations/procedural/jab_finisher.anim.json,jab_chain_3,jab_finisher, PLAYABLE_TUNING=REQUIRES_HUMAN,authority_inventory:jab_finisher|motion_law:reduction|runtime_clip:jab_finisher
yin,forward_tilt,moves,PROCEDURAL_FALLBACK,forward_tilt,content/fighters/yin/animations/procedural/forward_tilt.anim.json,tilt_forward,forward_tilt, PLAYABLE_TUNING=REQUIRES_HUMAN,authority_inventory:forward_tilt|motion_law:reduction|runtime_clip:forward_tilt
yin,up_tilt,moves,PROCEDURAL_FALLBACK,up_tilt,content/fighters/yin/animations/procedural/up_tilt.anim.json,tilt_up,up_tilt, PLAYABLE_TUNING=REQUIRES_HUMAN,authority_inventory:up_tilt|motion_law:reduction|runtime_clip:up_tilt
yin,down_tilt,moves,PROCEDURAL_FALLBACK,down_tilt,content/fighters/yin/animations/procedural/down_tilt.anim.json,tilt_down,down_tilt, PLAYABLE_TUNING=REQUIRES_HUMAN,authority_inventory:down_tilt|motion_law:reduction|runtime_clip:down_tilt
yin,dash_attack,moves,PROCEDURAL_FALLBACK,dash_attack,content/fighters/yin/animations/procedural/dash_attack.anim.json,dash_attack,dash_attack, PLAYABLE_TUNING=REQUIRES_HUMAN,authority_inventory:dash_attack|motion_law:reduction|runtime_clip:dash_attack
yin,heavy_attack,moves,PROCEDURAL_FALLBACK,heavy_attack,content/fighters/yin/animations/procedural/heavy_attack.anim.json,heavy,heavy_attack, PLAYABLE_TUNING=REQUIRES_HUMAN,authority_inventory:heavy_attack|motion_law:reduction|runtime_clip:heavy_attack
yin,neutral_air,moves,PROCEDURAL_FALLBACK,neutral_air,content/fighters/yin/animations/procedural/neutral_air.anim.json,aerial_neutral,neutral_air, PLAYABLE_TUNING=REQUIRES_HUMAN,authority_inventory:neutral_air|motion_law:reduction|runtime_clip:neutral_air
yin,forward_air,moves,PROCEDURAL_FALLBACK,forward_air,content/fighters/yin/animations/procedural/forward_air.anim.json,aerial_forward,forward_air, PLAYABLE_TUNING=REQUIRES_HUMAN,authority_inventory:forward_air|motion_law:reduction|runtime_clip:forward_air
yin,back_air,moves,PROCEDURAL_FALLBACK,back_air,content/fighters/yin/animations/procedural/back_air.anim.json,aerial_back,back_air, PLAYABLE_TUNING=REQUIRES_HUMAN,authority_inventory:back_air|motion_law:reduction|runtime_clip:back_air
yin,up_air,moves,PROCEDURAL_FALLBACK,up_air,content/fighters/yin/animations/procedural/up_air.anim.json,aerial_up,up_air, PLAYABLE_TUNING=REQUIRES_HUMAN,authority_inventory:up_air|motion_law:reduction|runtime_clip:up_air
yin,down_air,moves,PROCEDURAL_FALLBACK,down_air,content/fighters/yin/animations/procedural/down_air.anim.json,aerial_down,down_air, PLAYABLE_TUNING=REQUIRES_HUMAN,authority_inventory:down_air|motion_law:reduction|runtime_clip:down_air
yin,neutral_special_projectile,moves,PROCEDURAL_FALLBACK,neutral_special_projectile,content/fighters/yin/animations/procedural/neutral_special_projectile.anim.json,projectile_full,neutral_special_projectile, PLAYABLE_TUNING=REQUIRES_HUMAN,authority_inventory:neutral_special_projectile|motion_law:reduction|runtime_clip:neutral_special_projectile
yin,side_special,moves,PROCEDURAL_FALLBACK,side_special,content/fighters/yin/animations/procedural/side_special.anim.json,side_special,side_special, PLAYABLE_TUNING=REQUIRES_HUMAN,authority_inventory:side_special|motion_law:reduction|runtime_clip:side_special
yin,up_special_recovery,moves,PROCEDURAL_FALLBACK,up_special_recovery,content/fighters/yin/animations/procedural/up_special_recovery.anim.json,recovery,up_special_recovery, PLAYABLE_TUNING=REQUIRES_HUMAN,authority_inventory:up_special_recovery|motion_law:reduction|runtime_clip:up_special_recovery
yin,down_special,moves,PROCEDURAL_FALLBACK,down_special,content/fighters/yin/animations/procedural/down_special.anim.json,down_special,down_special, PLAYABLE_TUNING=REQUIRES_HUMAN,authority_inventory:down_special|motion_law:reduction|runtime_clip:down_special
yin,grab,moves,PROCEDURAL_FALLBACK,grab,content/fighters/yin/animations/procedural/grab.anim.json,grab,grab, PLAYABLE_TUNING=REQUIRES_HUMAN,authority_inventory:grab|motion_law:reduction|runtime_clip:grab
yin,throw_forward,moves,PROCEDURAL_FALLBACK,throw_forward,content/fighters/yin/animations/procedural/throw_forward.anim.json,throw_forward,throw_forward, PLAYABLE_TUNING=REQUIRES_HUMAN,authority_inventory:throw_forward|motion_law:reduction|runtime_clip:throw_forward
yin,throw_back,moves,PROCEDURAL_FALLBACK,throw_back,content/fighters/yin/animations/procedural/throw_back.anim.json,throw_back,throw_back, PLAYABLE_TUNING=REQUIRES_HUMAN,authority_inventory:throw_back|motion_law:reduction|runtime_clip:throw_back
yin,throw_up,moves,PROCEDURAL_FALLBACK,throw_up,content/fighters/yin/animations/procedural/throw_up.anim.json,throw_up,throw_up, PLAYABLE_TUNING=REQUIRES_HUMAN,authority_inventory:throw_up|motion_law:reduction|runtime_clip:throw_up
yin,throw_down,moves,PROCEDURAL_FALLBACK,throw_down,content/fighters/yin/animations/procedural/throw_down.anim.json,throw_down,throw_down, PLAYABLE_TUNING=REQUIRES_HUMAN,authority_inventory:throw_down|motion_law:reduction|runtime_clip:throw_down
yin,aura_charge_move,moves,PROCEDURAL_FALLBACK,aura_charge_move,content/fighters/yin/animations/procedural/aura_charge_move.anim.json,aura_charge,aura_charge, PLAYABLE_TUNING=REQUIRES_HUMAN,authority_inventory:aura_charge_move|motion_law:reduction|runtime_clip:aura_charge_move
yin,aura_burst_move,moves,PROCEDURAL_FALLBACK,aura_burst_move,content/fighters/yin/animations/procedural/aura_burst_move.anim.json,signature_lane_burst,aura_burst, PLAYABLE_TUNING=REQUIRES_HUMAN,authority_inventory:aura_burst_move|motion_law:reduction|runtime_clip:aura_burst_move
yin,match_intro,presentation,PROCEDURAL_FALLBACK,match_intro,content/fighters/yin/animations/procedural/match_intro.anim.json,idle,,,authority_inventory:match_intro|motion_law:reduction|runtime_clip:match_intro
yin,character_select_idle,presentation,PROCEDURAL_FALLBACK,character_select_idle,content/fighters/yin/animations/procedural/character_select_idle.anim.json,idle,,,authority_inventory:character_select_idle|motion_law:reduction|runtime_clip:character_select_idle
yin,character_select_confirm,presentation,PROCEDURAL_FALLBACK,character_select_confirm,content/fighters/yin/animations/procedural/character_select_confirm.anim.json,victory,,,authority_inventory:character_select_confirm|motion_law:reduction|runtime_clip:character_select_confirm
yin,taunt_1,presentation,PROCEDURAL_FALLBACK,taunt_1,content/fighters/yin/animations/procedural/taunt_1.anim.json,idle_variant,,,authority_inventory:taunt_1|motion_law:reduction|runtime_clip:taunt_1
yin,taunt_2,presentation,PROCEDURAL_FALLBACK,taunt_2,content/fighters/yin/animations/procedural/taunt_2.anim.json,idle_variant,,,authority_inventory:taunt_2|motion_law:reduction|runtime_clip:taunt_2
yin,victory,presentation,PROCEDURAL_FALLBACK,victory,content/fighters/yin/animations/procedural/victory.anim.json,victory,,,authority_inventory:victory|motion_law:reduction|runtime_clip:victory
yin,defeat,presentation,PROCEDURAL_FALLBACK,defeat,content/fighters/yin/animations/procedural/defeat.anim.json,defeat,,,authority_inventory:defeat|motion_law:reduction|runtime_clip:defeat
yin,results_idle,presentation,PROCEDURAL_FALLBACK,results_idle,content/fighters/yin/animations/procedural/results_idle.anim.json,idle,,,authority_inventory:results_idle|motion_law:reduction|runtime_clip:results_idle
yin,story_dialogue_neutral,presentation,PROCEDURAL_FALLBACK,story_dialogue_neutral,content/fighters/yin/animations/procedural/story_dialogue_neutral.anim.json,idle,,,authority_inventory:story_dialogue_neutral|motion_law:reduction|runtime_clip:story_dialogue_neutral
yin,story_dialogue_intense,presentation,PROCEDURAL_FALLBACK,story_dialogue_intense,content/fighters/yin/animations/procedural/story_dialogue_intense.anim.json,aura_ready,,,authority_inventory:story_dialogue_intense|motion_law:reduction|runtime_clip:story_dialogue_intense
yang,idle_primary,locomotion_traversal,PROCEDURAL_FALLBACK,idle_primary,content/fighters/yang/animations/procedural/idle_primary.anim.json,idle,,,authority_inventory:idle_primary|motion_law:definition|runtime_clip:idle_primary
yang,idle_secondary,locomotion_traversal,PROCEDURAL_FALLBACK,idle_secondary,content/fighters/yang/animations/procedural/idle_secondary.anim.json,idle_variant,,,authority_inventory:idle_secondary|motion_law:definition|runtime_clip:idle_secondary
yang,idle_long,locomotion_traversal,PROCEDURAL_FALLBACK,idle_long,content/fighters/yang/animations/procedural/idle_long.anim.json,idle,,,authority_inventory:idle_long|motion_law:definition|runtime_clip:idle_long
yang,walk_start,locomotion_traversal,PROCEDURAL_FALLBACK,walk_start,content/fighters/yang/animations/procedural/walk_start.anim.json,walk,,,authority_inventory:walk_start|motion_law:definition|runtime_clip:walk_start
yang,walk_loop,locomotion_traversal,PROCEDURAL_FALLBACK,walk_loop,content/fighters/yang/animations/procedural/walk_loop.anim.json,walk,,,authority_inventory:walk_loop|motion_law:definition|runtime_clip:walk_loop
yang,walk_stop,locomotion_traversal,PROCEDURAL_FALLBACK,walk_stop,content/fighters/yang/animations/procedural/walk_stop.anim.json,walk,,,authority_inventory:walk_stop|motion_law:definition|runtime_clip:walk_stop
yang,run_start,locomotion_traversal,PROCEDURAL_FALLBACK,run_start,content/fighters/yang/animations/procedural/run_start.anim.json,run,,,authority_inventory:run_start|motion_law:definition|runtime_clip:run_start
yang,run_loop,locomotion_traversal,PROCEDURAL_FALLBACK,run_loop,content/fighters/yang/animations/procedural/run_loop.anim.json,run,,,authority_inventory:run_loop|motion_law:definition|runtime_clip:run_loop
yang,run_stop,locomotion_traversal,PROCEDURAL_FALLBACK,run_stop,content/fighters/yang/animations/procedural/run_stop.anim.json,run,,,authority_inventory:run_stop|motion_law:definition|runtime_clip:run_stop
yang,dash_start,locomotion_traversal,PROCEDURAL_FALLBACK,dash_start,content/fighters/yang/animations/procedural/dash_start.anim.json,dash,,,authority_inventory:dash_start|motion_law:definition|runtime_clip:dash_start
yang,dash_loop,locomotion_traversal,PROCEDURAL_FALLBACK,dash_loop,content/fighters/yang/animations/procedural/dash_loop.anim.json,dash,,,authority_inventory:dash_loop|motion_law:definition|runtime_clip:dash_loop
yang,dash_stop,locomotion_traversal,PROCEDURAL_FALLBACK,dash_stop,content/fighters/yang/animations/procedural/dash_stop.anim.json,dash,,,authority_inventory:dash_stop|motion_law:definition|runtime_clip:dash_stop
yang,skid,locomotion_traversal,PROCEDURAL_FALLBACK,skid,content/fighters/yang/animations/procedural/skid.anim.json,turn,,,authority_inventory:skid|motion_law:definition|runtime_clip:skid
yang,turnaround,locomotion_traversal,PROCEDURAL_FALLBACK,turnaround,content/fighters/yang/animations/procedural/turnaround.anim.json,turn,,,authority_inventory:turnaround|motion_law:definition|runtime_clip:turnaround
yang,crouch_start,locomotion_traversal,PROCEDURAL_FALLBACK,crouch_start,content/fighters/yang/animations/procedural/crouch_start.anim.json,crouch,,,authority_inventory:crouch_start|motion_law:definition|runtime_clip:crouch_start
yang,crouch_hold,locomotion_traversal,PROCEDURAL_FALLBACK,crouch_hold,content/fighters/yang/animations/procedural/crouch_hold.anim.json,crouch,,,authority_inventory:crouch_hold|motion_law:definition|runtime_clip:crouch_hold
yang,crouch_end,locomotion_traversal,PROCEDURAL_FALLBACK,crouch_end,content/fighters/yang/animations/procedural/crouch_end.anim.json,crouch,,,authority_inventory:crouch_end|motion_law:definition|runtime_clip:crouch_end
yang,jump_squat,locomotion_traversal,PROCEDURAL_FALLBACK,jump_squat,content/fighters/yang/animations/procedural/jump_squat.anim.json,jump_start,,,authority_inventory:jump_squat|motion_law:definition|runtime_clip:jump_squat
yang,jump,locomotion_traversal,PROCEDURAL_FALLBACK,jump,content/fighters/yang/animations/procedural/jump.anim.json,jump_rise,,,authority_inventory:jump|motion_law:definition|runtime_clip:jump
yang,short_hop_visual,locomotion_traversal,PROCEDURAL_FALLBACK,short_hop_visual,content/fighters/yang/animations/procedural/short_hop_visual.anim.json,jump,,,authority_inventory:short_hop_visual|motion_law:definition|runtime_clip:short_hop_visual
yang,double_jump,locomotion_traversal,PROCEDURAL_FALLBACK,double_jump,content/fighters/yang/animations/procedural/double_jump.anim.json,jump,,,authority_inventory:double_jump|motion_law:definition|runtime_clip:double_jump
yang,fall,locomotion_traversal,PROCEDURAL_FALLBACK,fall,content/fighters/yang/animations/procedural/fall.anim.json,fall,,,authority_inventory:fall|motion_law:definition|runtime_clip:fall
yang,fast_fall,locomotion_traversal,PROCEDURAL_FALLBACK,fast_fall,content/fighters/yang/animations/procedural/fast_fall.anim.json,fall,,,authority_inventory:fast_fall|motion_law:definition|runtime_clip:fast_fall
yang,land_soft,locomotion_traversal,PROCEDURAL_FALLBACK,land_soft,content/fighters/yang/animations/procedural/land_soft.anim.json,land,,,authority_inventory:land_soft|motion_law:definition|runtime_clip:land_soft
yang,land_hard,locomotion_traversal,PROCEDURAL_FALLBACK,land_hard,content/fighters/yang/animations/procedural/land_hard.anim.json,landing,,,authority_inventory:land_hard|motion_law:definition|runtime_clip:land_hard
yang,platform_drop,locomotion_traversal,PROCEDURAL_FALLBACK,platform_drop,content/fighters/yang/animations/procedural/platform_drop.anim.json,ledge_drop,,,authority_inventory:platform_drop|motion_law:definition|runtime_clip:platform_drop
yang,edge_warning,ledge_platform,PROCEDURAL_FALLBACK,edge_warning,content/fighters/yang/animations/procedural/edge_warning.anim.json,ledge_hang,,,authority_inventory:edge_warning|motion_law:definition|runtime_clip:edge_warning
yang,ledge_teeter,ledge_platform,PROCEDURAL_FALLBACK,ledge_teeter,content/fighters/yang/animations/procedural/ledge_teeter.anim.json,ledge_hang,,,authority_inventory:ledge_teeter|motion_law:definition|runtime_clip:ledge_teeter
yang,ledge_grab,ledge_platform,PROCEDURAL_FALLBACK,ledge_grab,content/fighters/yang/animations/procedural/ledge_grab.anim.json,ledge_grab,,,authority_inventory:ledge_grab|motion_law:definition|runtime_clip:ledge_grab
yang,ledge_hang,ledge_platform,PROCEDURAL_FALLBACK,ledge_hang,content/fighters/yang/animations/procedural/ledge_hang.anim.json,ledge_hang,,,authority_inventory:ledge_hang|motion_law:definition|runtime_clip:ledge_hang
yang,ledge_getup,ledge_platform,PROCEDURAL_FALLBACK,ledge_getup,content/fighters/yang/animations/procedural/ledge_getup.anim.json,ledge_getup,,,authority_inventory:ledge_getup|motion_law:definition|runtime_clip:ledge_getup
yang,ledge_roll,ledge_platform,PROCEDURAL_FALLBACK,ledge_roll,content/fighters/yang/animations/procedural/ledge_roll.anim.json,dodge_forward,,,authority_inventory:ledge_roll|motion_law:definition|runtime_clip:ledge_roll
yang,ledge_jump,ledge_platform,PROCEDURAL_FALLBACK,ledge_jump,content/fighters/yang/animations/procedural/ledge_jump.anim.json,ledge_jump,,,authority_inventory:ledge_jump|motion_law:definition|runtime_clip:ledge_jump
yang,ledge_attack,ledge_platform,PROCEDURAL_FALLBACK,ledge_attack,content/fighters/yang/animations/procedural/ledge_attack.anim.json,jab,,,authority_inventory:ledge_attack|motion_law:definition|runtime_clip:ledge_attack
yang,shield_start,defense_evasion,PROCEDURAL_FALLBACK,shield_start,content/fighters/yang/animations/procedural/shield_start.anim.json,shield_start,,,authority_inventory:shield_start|motion_law:definition|runtime_clip:shield_start
yang,shield_hold,defense_evasion,PROCEDURAL_FALLBACK,shield_hold,content/fighters/yang/animations/procedural/shield_hold.anim.json,shield_hold,,,authority_inventory:shield_hold|motion_law:definition|runtime_clip:shield_hold
yang,shield_hit,defense_evasion,PROCEDURAL_FALLBACK,shield_hit,content/fighters/yang/animations/procedural/shield_hit.anim.json,shield,,,authority_inventory:shield_hit|motion_law:definition|runtime_clip:shield_hit
yang,shield_stun,defense_evasion,PROCEDURAL_FALLBACK,shield_stun,content/fighters/yang/animations/procedural/shield_stun.anim.json,shield,,,authority_inventory:shield_stun|motion_law:definition|runtime_clip:shield_stun
yang,shield_break,defense_evasion,PROCEDURAL_FALLBACK,shield_break,content/fighters/yang/animations/procedural/shield_break.anim.json,hurt_heavy,,,authority_inventory:shield_break|motion_law:definition|runtime_clip:shield_break
yang,spot_dodge,defense_evasion,PROCEDURAL_FALLBACK,spot_dodge,content/fighters/yang/animations/procedural/spot_dodge.anim.json,dodge,,,authority_inventory:spot_dodge|motion_law:definition|runtime_clip:spot_dodge
yang,roll_forward,defense_evasion,PROCEDURAL_FALLBACK,roll_forward,content/fighters/yang/animations/procedural/roll_forward.anim.json,dodge_forward,,,authority_inventory:roll_forward|motion_law:definition|runtime_clip:roll_forward
yang,roll_backward,defense_evasion,PROCEDURAL_FALLBACK,roll_backward,content/fighters/yang/animations/procedural/roll_backward.anim.json,dodge_back,,,authority_inventory:roll_backward|motion_law:definition|runtime_clip:roll_backward
yang,air_dodge_neutral,defense_evasion,PROCEDURAL_FALLBACK,air_dodge_neutral,content/fighters/yang/animations/procedural/air_dodge_neutral.anim.json,air_dodge,,,authority_inventory:air_dodge_neutral|motion_law:definition|runtime_clip:air_dodge_neutral
yang,air_dodge_forward,defense_evasion,PROCEDURAL_FALLBACK,air_dodge_forward,content/fighters/yang/animations/procedural/air_dodge_forward.anim.json,air_dodge,,,authority_inventory:air_dodge_forward|motion_law:definition|runtime_clip:air_dodge_forward
yang,air_dodge_back,defense_evasion,PROCEDURAL_FALLBACK,air_dodge_back,content/fighters/yang/animations/procedural/air_dodge_back.anim.json,air_dodge,,,authority_inventory:air_dodge_back|motion_law:definition|runtime_clip:air_dodge_back
yang,air_dodge_up,defense_evasion,PROCEDURAL_FALLBACK,air_dodge_up,content/fighters/yang/animations/procedural/air_dodge_up.anim.json,air_dodge,,,authority_inventory:air_dodge_up|motion_law:definition|runtime_clip:air_dodge_up
yang,air_dodge_down,defense_evasion,PROCEDURAL_FALLBACK,air_dodge_down,content/fighters/yang/animations/procedural/air_dodge_down.anim.json,air_dodge,,,authority_inventory:air_dodge_down|motion_law:definition|runtime_clip:air_dodge_down
yang,tech_in_place,defense_evasion,PROCEDURAL_FALLBACK,tech_in_place,content/fighters/yang/animations/procedural/tech_in_place.anim.json,land,,,authority_inventory:tech_in_place|motion_law:definition|runtime_clip:tech_in_place
yang,tech_forward,defense_evasion,PROCEDURAL_FALLBACK,tech_forward,content/fighters/yang/animations/procedural/tech_forward.anim.json,dodge_forward,,,authority_inventory:tech_forward|motion_law:definition|runtime_clip:tech_forward
yang,tech_back,defense_evasion,PROCEDURAL_FALLBACK,tech_back,content/fighters/yang/animations/procedural/tech_back.anim.json,dodge_back,,,authority_inventory:tech_back|motion_law:definition|runtime_clip:tech_back
yang,pratfall,defense_evasion,PROCEDURAL_FALLBACK,pratfall,content/fighters/yang/animations/procedural/pratfall.anim.json,tumble,,,authority_inventory:pratfall|motion_law:definition|runtime_clip:pratfall
yang,hurt_light_front,damage_reactions,PROCEDURAL_FALLBACK,hurt_light_front,content/fighters/yang/animations/procedural/hurt_light_front.anim.json,hurt_light,,,authority_inventory:hurt_light_front|motion_law:definition|runtime_clip:hurt_light_front
yang,hurt_light_back,damage_reactions,PROCEDURAL_FALLBACK,hurt_light_back,content/fighters/yang/animations/procedural/hurt_light_back.anim.json,hurt_light,,,authority_inventory:hurt_light_back|motion_law:definition|runtime_clip:hurt_light_back
yang,hurt_heavy,damage_reactions,PROCEDURAL_FALLBACK,hurt_heavy,content/fighters/yang/animations/procedural/hurt_heavy.anim.json,hurt_heavy,,,authority_inventory:hurt_heavy|motion_law:definition|runtime_clip:hurt_heavy
yang,hitstop_pose,damage_reactions,PROCEDURAL_FALLBACK,hitstop_pose,content/fighters/yang/animations/procedural/hitstop_pose.anim.json,hurt,,,authority_inventory:hitstop_pose|motion_law:definition|runtime_clip:hitstop_pose
yang,hitstun_ground,damage_reactions,PROCEDURAL_FALLBACK,hitstun_ground,content/fighters/yang/animations/procedural/hitstun_ground.anim.json,hurt,,,authority_inventory:hitstun_ground|motion_law:definition|runtime_clip:hitstun_ground
yang,launch_horizontal,damage_reactions,PROCEDURAL_FALLBACK,launch_horizontal,content/fighters/yang/animations/procedural/launch_horizontal.anim.json,launch,,,authority_inventory:launch_horizontal|motion_law:definition|runtime_clip:launch_horizontal
yang,launch_vertical,damage_reactions,PROCEDURAL_FALLBACK,launch_vertical,content/fighters/yang/animations/procedural/launch_vertical.anim.json,critical_launch,,,authority_inventory:launch_vertical|motion_law:definition|runtime_clip:launch_vertical
yang,tumble,damage_reactions,PROCEDURAL_FALLBACK,tumble,content/fighters/yang/animations/procedural/tumble.anim.json,tumble,,,authority_inventory:tumble|motion_law:definition|runtime_clip:tumble
yang,ground_bounce,damage_reactions,PROCEDURAL_FALLBACK,ground_bounce,content/fighters/yang/animations/procedural/ground_bounce.anim.json,landing,,,authority_inventory:ground_bounce|motion_law:definition|runtime_clip:ground_bounce
yang,wall_bounce,damage_reactions,PROCEDURAL_FALLBACK,wall_bounce,content/fighters/yang/animations/procedural/wall_bounce.anim.json,hurt_heavy,,,authority_inventory:wall_bounce|motion_law:definition|runtime_clip:wall_bounce
yang,knockdown,damage_reactions,PROCEDURAL_FALLBACK,knockdown,content/fighters/yang/animations/procedural/knockdown.anim.json,hurt_heavy,,,authority_inventory:knockdown|motion_law:definition|runtime_clip:knockdown
yang,ko,damage_reactions,PROCEDURAL_FALLBACK,ko,content/fighters/yang/animations/procedural/ko.anim.json,ko,,,authority_inventory:ko|motion_law:definition|runtime_clip:ko
yang,respawn,damage_reactions,PROCEDURAL_FALLBACK,respawn,content/fighters/yang/animations/procedural/respawn.anim.json,respawn,,,authority_inventory:respawn|motion_law:definition|runtime_clip:respawn
yang,grab_startup,grab_throw,PROCEDURAL_FALLBACK,grab_startup,content/fighters/yang/animations/procedural/grab_startup.anim.json,grab,,,authority_inventory:grab_startup|motion_law:definition|runtime_clip:grab_startup
yang,grab_active,grab_throw,PROCEDURAL_FALLBACK,grab_active,content/fighters/yang/animations/procedural/grab_active.anim.json,grab,,,authority_inventory:grab_active|motion_law:definition|runtime_clip:grab_active
yang,grab_whiff,grab_throw,PROCEDURAL_FALLBACK,grab_whiff,content/fighters/yang/animations/procedural/grab_whiff.anim.json,grab_break,,,authority_inventory:grab_whiff|motion_law:definition|runtime_clip:grab_whiff
yang,grab_hold,grab_throw,PROCEDURAL_FALLBACK,grab_hold,content/fighters/yang/animations/procedural/grab_hold.anim.json,grab_hold,,,authority_inventory:grab_hold|motion_law:definition|runtime_clip:grab_hold
yang,pummel,grab_throw,PROCEDURAL_FALLBACK,pummel,content/fighters/yang/animations/procedural/pummel.anim.json,grab_hold,,,authority_inventory:pummel|motion_law:definition|runtime_clip:pummel
yang,throw_startup,grab_throw,PROCEDURAL_FALLBACK,throw_startup,content/fighters/yang/animations/procedural/throw_startup.anim.json,throw_forward,,,authority_inventory:throw_startup|motion_law:definition|runtime_clip:throw_startup
yang,throw_release,grab_throw,PROCEDURAL_FALLBACK,throw_release,content/fighters/yang/animations/procedural/throw_release.anim.json,throw_forward,,,authority_inventory:throw_release|motion_law:definition|runtime_clip:throw_release
yang,aura_charge,aura,PROCEDURAL_FALLBACK,aura_charge,content/fighters/yang/animations/procedural/aura_charge.anim.json,aura_charge,aura_charge,,authority_inventory:aura_charge|motion_law:definition|runtime_clip:aura_charge
yang,aura_ready,aura,PROCEDURAL_FALLBACK,aura_ready,content/fighters/yang/animations/procedural/aura_ready.anim.json,aura_ready,,,authority_inventory:aura_ready|motion_law:definition|runtime_clip:aura_ready
yang,aura_burst_startup,aura,PROCEDURAL_FALLBACK,aura_burst_startup,content/fighters/yang/animations/procedural/aura_burst_startup.anim.json,aura_burst,,,authority_inventory:aura_burst_startup|motion_law:definition|runtime_clip:aura_burst_startup
yang,aura_burst_active,aura,PROCEDURAL_FALLBACK,aura_burst_active,content/fighters/yang/animations/procedural/aura_burst_active.anim.json,aura_burst,,,authority_inventory:aura_burst_active|motion_law:definition|runtime_clip:aura_burst_active
yang,aura_burst_recovery,aura,PROCEDURAL_FALLBACK,aura_burst_recovery,content/fighters/yang/animations/procedural/aura_burst_recovery.anim.json,aura_release,,,authority_inventory:aura_burst_recovery|motion_law:definition|runtime_clip:aura_burst_recovery
yang,aura_super_transform,aura,PROCEDURAL_FALLBACK,aura_super_transform,content/fighters/yang/animations/procedural/aura_super_transform.anim.json,signature_lane_burst,,,authority_inventory:aura_super_transform|motion_law:definition|runtime_clip:aura_super_transform
yang,jab_1,moves,PROCEDURAL_FALLBACK,jab_1,content/fighters/yang/animations/procedural/jab_1.anim.json,jab,jab_1, PLAYABLE_TUNING=REQUIRES_HUMAN,authority_inventory:jab_1|motion_law:definition|runtime_clip:jab_1
yang,jab_2,moves,PROCEDURAL_FALLBACK,jab_2,content/fighters/yang/animations/procedural/jab_2.anim.json,jab_chain_2,jab_2, PLAYABLE_TUNING=REQUIRES_HUMAN,authority_inventory:jab_2|motion_law:definition|runtime_clip:jab_2
yang,jab_finisher,moves,PROCEDURAL_FALLBACK,jab_finisher,content/fighters/yang/animations/procedural/jab_finisher.anim.json,jab_chain_3,jab_finisher, PLAYABLE_TUNING=REQUIRES_HUMAN,authority_inventory:jab_finisher|motion_law:definition|runtime_clip:jab_finisher
yang,forward_tilt,moves,PROCEDURAL_FALLBACK,forward_tilt,content/fighters/yang/animations/procedural/forward_tilt.anim.json,tilt_forward,forward_tilt, PLAYABLE_TUNING=REQUIRES_HUMAN,authority_inventory:forward_tilt|motion_law:definition|runtime_clip:forward_tilt
yang,up_tilt,moves,PROCEDURAL_FALLBACK,up_tilt,content/fighters/yang/animations/procedural/up_tilt.anim.json,tilt_up,up_tilt, PLAYABLE_TUNING=REQUIRES_HUMAN,authority_inventory:up_tilt|motion_law:definition|runtime_clip:up_tilt
yang,down_tilt,moves,PROCEDURAL_FALLBACK,down_tilt,content/fighters/yang/animations/procedural/down_tilt.anim.json,tilt_down,down_tilt, PLAYABLE_TUNING=REQUIRES_HUMAN,authority_inventory:down_tilt|motion_law:definition|runtime_clip:down_tilt
yang,dash_attack,moves,PROCEDURAL_FALLBACK,dash_attack,content/fighters/yang/animations/procedural/dash_attack.anim.json,dash_attack,dash_attack, PLAYABLE_TUNING=REQUIRES_HUMAN,authority_inventory:dash_attack|motion_law:definition|runtime_clip:dash_attack
yang,heavy_attack,moves,PROCEDURAL_FALLBACK,heavy_attack,content/fighters/yang/animations/procedural/heavy_attack.anim.json,heavy,heavy_attack, PLAYABLE_TUNING=REQUIRES_HUMAN,authority_inventory:heavy_attack|motion_law:definition|runtime_clip:heavy_attack
yang,neutral_air,moves,PROCEDURAL_FALLBACK,neutral_air,content/fighters/yang/animations/procedural/neutral_air.anim.json,aerial_neutral,neutral_air, PLAYABLE_TUNING=REQUIRES_HUMAN,authority_inventory:neutral_air|motion_law:definition|runtime_clip:neutral_air
yang,forward_air,moves,PROCEDURAL_FALLBACK,forward_air,content/fighters/yang/animations/procedural/forward_air.anim.json,aerial_forward,forward_air, PLAYABLE_TUNING=REQUIRES_HUMAN,authority_inventory:forward_air|motion_law:definition|runtime_clip:forward_air
yang,back_air,moves,PROCEDURAL_FALLBACK,back_air,content/fighters/yang/animations/procedural/back_air.anim.json,aerial_back,back_air, PLAYABLE_TUNING=REQUIRES_HUMAN,authority_inventory:back_air|motion_law:definition|runtime_clip:back_air
yang,up_air,moves,PROCEDURAL_FALLBACK,up_air,content/fighters/yang/animations/procedural/up_air.anim.json,aerial_up,up_air, PLAYABLE_TUNING=REQUIRES_HUMAN,authority_inventory:up_air|motion_law:definition|runtime_clip:up_air
yang,down_air,moves,PROCEDURAL_FALLBACK,down_air,content/fighters/yang/animations/procedural/down_air.anim.json,aerial_down,down_air, PLAYABLE_TUNING=REQUIRES_HUMAN,authority_inventory:down_air|motion_law:definition|runtime_clip:down_air
yang,neutral_special_projectile,moves,PROCEDURAL_FALLBACK,neutral_special_projectile,content/fighters/yang/animations/procedural/neutral_special_projectile.anim.json,projectile_full,neutral_special_projectile, PLAYABLE_TUNING=REQUIRES_HUMAN,authority_inventory:neutral_special_projectile|motion_law:definition|runtime_clip:neutral_special_projectile
yang,side_special,moves,PROCEDURAL_FALLBACK,side_special,content/fighters/yang/animations/procedural/side_special.anim.json,side_special,side_special, PLAYABLE_TUNING=REQUIRES_HUMAN,authority_inventory:side_special|motion_law:definition|runtime_clip:side_special
yang,up_special_recovery,moves,PROCEDURAL_FALLBACK,up_special_recovery,content/fighters/yang/animations/procedural/up_special_recovery.anim.json,recovery,up_special_recovery, PLAYABLE_TUNING=REQUIRES_HUMAN,authority_inventory:up_special_recovery|motion_law:definition|runtime_clip:up_special_recovery
yang,down_special,moves,PROCEDURAL_FALLBACK,down_special,content/fighters/yang/animations/procedural/down_special.anim.json,down_special,down_special, PLAYABLE_TUNING=REQUIRES_HUMAN,authority_inventory:down_special|motion_law:definition|runtime_clip:down_special
yang,grab,moves,PROCEDURAL_FALLBACK,grab,content/fighters/yang/animations/procedural/grab.anim.json,grab,grab, PLAYABLE_TUNING=REQUIRES_HUMAN,authority_inventory:grab|motion_law:definition|runtime_clip:grab
yang,throw_forward,moves,PROCEDURAL_FALLBACK,throw_forward,content/fighters/yang/animations/procedural/throw_forward.anim.json,throw_forward,throw_forward, PLAYABLE_TUNING=REQUIRES_HUMAN,authority_inventory:throw_forward|motion_law:definition|runtime_clip:throw_forward
yang,throw_back,moves,PROCEDURAL_FALLBACK,throw_back,content/fighters/yang/animations/procedural/throw_back.anim.json,throw_back,throw_back, PLAYABLE_TUNING=REQUIRES_HUMAN,authority_inventory:throw_back|motion_law:definition|runtime_clip:throw_back
yang,throw_up,moves,PROCEDURAL_FALLBACK,throw_up,content/fighters/yang/animations/procedural/throw_up.anim.json,throw_up,throw_up, PLAYABLE_TUNING=REQUIRES_HUMAN,authority_inventory:throw_up|motion_law:definition|runtime_clip:throw_up
yang,throw_down,moves,PROCEDURAL_FALLBACK,throw_down,content/fighters/yang/animations/procedural/throw_down.anim.json,throw_down,throw_down, PLAYABLE_TUNING=REQUIRES_HUMAN,authority_inventory:throw_down|motion_law:definition|runtime_clip:throw_down
yang,aura_charge_move,moves,PROCEDURAL_FALLBACK,aura_charge_move,content/fighters/yang/animations/procedural/aura_charge_move.anim.json,aura_charge,aura_charge, PLAYABLE_TUNING=REQUIRES_HUMAN,authority_inventory:aura_charge_move|motion_law:definition|runtime_clip:aura_charge_move
yang,aura_burst_move,moves,PROCEDURAL_FALLBACK,aura_burst_move,content/fighters/yang/animations/procedural/aura_burst_move.anim.json,signature_lane_burst,aura_burst, PLAYABLE_TUNING=REQUIRES_HUMAN,authority_inventory:aura_burst_move|motion_law:definition|runtime_clip:aura_burst_move
yang,match_intro,presentation,PROCEDURAL_FALLBACK,match_intro,content/fighters/yang/animations/procedural/match_intro.anim.json,idle,,,authority_inventory:match_intro|motion_law:definition|runtime_clip:match_intro
yang,character_select_idle,presentation,PROCEDURAL_FALLBACK,character_select_idle,content/fighters/yang/animations/procedural/character_select_idle.anim.json,idle,,,authority_inventory:character_select_idle|motion_law:definition|runtime_clip:character_select_idle
yang,character_select_confirm,presentation,PROCEDURAL_FALLBACK,character_select_confirm,content/fighters/yang/animations/procedural/character_select_confirm.anim.json,victory,,,authority_inventory:character_select_confirm|motion_law:definition|runtime_clip:character_select_confirm
yang,taunt_1,presentation,PROCEDURAL_FALLBACK,taunt_1,content/fighters/yang/animations/procedural/taunt_1.anim.json,idle_variant,,,authority_inventory:taunt_1|motion_law:definition|runtime_clip:taunt_1
yang,taunt_2,presentation,PROCEDURAL_FALLBACK,taunt_2,content/fighters/yang/animations/procedural/taunt_2.anim.json,idle_variant,,,authority_inventory:taunt_2|motion_law:definition|runtime_clip:taunt_2
yang,victory,presentation,PROCEDURAL_FALLBACK,victory,content/fighters/yang/animations/procedural/victory.anim.json,victory,,,authority_inventory:victory|motion_law:definition|runtime_clip:victory
yang,defeat,presentation,PROCEDURAL_FALLBACK,defeat,content/fighters/yang/animations/procedural/defeat.anim.json,defeat,,,authority_inventory:defeat|motion_law:definition|runtime_clip:defeat
yang,results_idle,presentation,PROCEDURAL_FALLBACK,results_idle,content/fighters/yang/animations/procedural/results_idle.anim.json,idle,,,authority_inventory:results_idle|motion_law:definition|runtime_clip:results_idle
yang,story_dialogue_neutral,presentation,PROCEDURAL_FALLBACK,story_dialogue_neutral,content/fighters/yang/animations/procedural/story_dialogue_neutral.anim.json,idle,,,authority_inventory:story_dialogue_neutral|motion_law:definition|runtime_clip:story_dialogue_neutral
yang,story_dialogue_intense,presentation,PROCEDURAL_FALLBACK,story_dialogue_intense,content/fighters/yang/animations/procedural/story_dialogue_intense.anim.json,aura_ready,,,authority_inventory:story_dialogue_intense|motion_law:definition|runtime_clip:story_dialogue_intense
