cue_id,node_id,phase,speaker,line,performance,source_status,voice_asset_path,approval,license_evidence
kaia_windrow_prologue_001,kaia-windrow:prologue,pre,Kaia,The air remembers every argument.,natural,DRAFT_SCREENPLAY_FOR_OWNER_REVIEW,audio/tts_preview/kaia_windrow_prologue_001.wav,OWNER_SCREENPLAY_PENDING,UNVERIFIED_DO_NOT_SHIP
kaia_windrow_prologue_002,kaia-windrow:prologue,pre,Kaia,That does not mean it has to carry one forever.,natural,DRAFT_SCREENPLAY_FOR_OWNER_REVIEW,audio/tts_preview/kaia_windrow_prologue_002.wav,OWNER_SCREENPLAY_PENDING,UNVERIFIED_DO_NOT_SHIP
kaia_windrow_prologue_003,kaia-windrow:prologue,pre,Yin,A silence lies beneath every unfinished argument.,soft,DRAFT_SCREENPLAY_FOR_OWNER_REVIEW,audio/tts_preview/kaia_windrow_prologue_003.wav,OWNER_SCREENPLAY_PENDING,UNVERIFIED_DO_NOT_SHIP
kaia_windrow_prologue_004,kaia-windrow:prologue,pre,Yang,Every incomplete path can be corrected.,clear,DRAFT_SCREENPLAY_FOR_OWNER_REVIEW,audio/tts_preview/kaia_windrow_prologue_004.wav,OWNER_SCREENPLAY_PENDING,UNVERIFIED_DO_NOT_SHIP
kaia_windrow_prologue_005,kaia-windrow:prologue,mid,Kaia,"If I wait long enough, surely everyone can agree.",natural,DRAFT_SCREENPLAY_FOR_OWNER_REVIEW,audio/tts_preview/kaia_windrow_prologue_005.wav,OWNER_SCREENPLAY_PENDING,UNVERIFIED_DO_NOT_SHIP
kaia_windrow_prologue_006,kaia-windrow:prologue,post,Kaia,I want a way where nobody has to surrender themselves.,natural,DRAFT_SCREENPLAY_FOR_OWNER_REVIEW,audio/tts_preview/kaia_windrow_prologue_006.wav,OWNER_SCREENPLAY_PENDING,UNVERIFIED_DO_NOT_SHIP
kaia_windrow_recruit_juno_spark_001,kaia-windrow:recruit:juno-spark,pre,Juno,There is a rail storm two blocks ahead. I can get there first.,natural,DRAFT_SCREENPLAY_FOR_OWNER_REVIEW,audio/tts_preview/kaia_windrow_recruit_juno_spark_001.wav,OWNER_SCREENPLAY_PENDING,UNVERIFIED_DO_NOT_SHIP
kaia_windrow_recruit_juno_spark_002,kaia-windrow:recruit:juno-spark,pre,Kaia,And who will be there when you arrive?,natural,DRAFT_SCREENPLAY_FOR_OWNER_REVIEW,audio/tts_preview/kaia_windrow_recruit_juno_spark_002.wav,OWNER_SCREENPLAY_PENDING,UNVERIFIED_DO_NOT_SHIP
kaia_windrow_recruit_juno_spark_003,kaia-windrow:recruit:juno-spark,mid,Juno,...I had not checked.,natural,DRAFT_SCREENPLAY_FOR_OWNER_REVIEW,audio/tts_preview/kaia_windrow_recruit_juno_spark_003.wav,OWNER_SCREENPLAY_PENDING,UNVERIFIED_DO_NOT_SHIP
kaia_windrow_recruit_juno_spark_004,kaia-windrow:recruit:juno-spark,post,Kaia,Then let us go together. You lead; I watch the crossing.,natural,DRAFT_SCREENPLAY_FOR_OWNER_REVIEW,audio/tts_preview/kaia_windrow_recruit_juno_spark_004.wav,OWNER_SCREENPLAY_PENDING,UNVERIFIED_DO_NOT_SHIP
kaia_windrow_recruit_juno_spark_005,kaia-windrow:recruit:juno-spark,post,Juno,Okay. First time I have been asked to lead slowly.,natural,DRAFT_SCREENPLAY_FOR_OWNER_REVIEW,audio/tts_preview/kaia_windrow_recruit_juno_spark_005.wav,OWNER_SCREENPLAY_PENDING,UNVERIFIED_DO_NOT_SHIP
kaia_windrow_recruit_nix_calder_001,kaia-windrow:recruit:nix-calder,pre,Nix,I can close the storm gate. Everyone inside will be safe.,natural,DRAFT_SCREENPLAY_FOR_OWNER_REVIEW,audio/tts_preview/kaia_windrow_recruit_nix_calder_001.wav,OWNER_SCREENPLAY_PENDING,UNVERIFIED_DO_NOT_SHIP
kaia_windrow_recruit_nix_calder_002,kaia-windrow:recruit:nix-calder,pre,Kaia,And the people still outside?,natural,DRAFT_SCREENPLAY_FOR_OWNER_REVIEW,audio/tts_preview/kaia_windrow_recruit_nix_calder_002.wav,OWNER_SCREENPLAY_PENDING,UNVERIFIED_DO_NOT_SHIP
kaia_windrow_recruit_nix_calder_003,kaia-windrow:recruit:nix-calder,mid,Nix,They are outside the current safety model.,natural,DRAFT_SCREENPLAY_FOR_OWNER_REVIEW,audio/tts_preview/kaia_windrow_recruit_nix_calder_003.wav,OWNER_SCREENPLAY_PENDING,UNVERIFIED_DO_NOT_SHIP
kaia_windrow_recruit_nix_calder_004,kaia-windrow:recruit:nix-calder,post,Kaia,Then your model needs a door.,natural,DRAFT_SCREENPLAY_FOR_OWNER_REVIEW,audio/tts_preview/kaia_windrow_recruit_nix_calder_004.wav,OWNER_SCREENPLAY_PENDING,UNVERIFIED_DO_NOT_SHIP
kaia_windrow_recruit_nix_calder_005,kaia-windrow:recruit:nix-calder,post,Nix,A door with a choice of direction. I will design one.,natural,DRAFT_SCREENPLAY_FOR_OWNER_REVIEW,audio/tts_preview/kaia_windrow_recruit_nix_calder_005.wav,OWNER_SCREENPLAY_PENDING,UNVERIFIED_DO_NOT_SHIP
kaia_windrow_recruit_rook_ironside_001,kaia-windrow:recruit:rook-ironside,pre,Rook,Stand behind me. The load belongs here.,natural,DRAFT_SCREENPLAY_FOR_OWNER_REVIEW,audio/tts_preview/kaia_windrow_recruit_rook_ironside_001.wav,OWNER_SCREENPLAY_PENDING,UNVERIFIED_DO_NOT_SHIP
kaia_windrow_recruit_rook_ironside_002,kaia-windrow:recruit:rook-ironside,pre,Kaia,Does it have to belong to only you?,natural,DRAFT_SCREENPLAY_FOR_OWNER_REVIEW,audio/tts_preview/kaia_windrow_recruit_rook_ironside_002.wav,OWNER_SCREENPLAY_PENDING,UNVERIFIED_DO_NOT_SHIP
kaia_windrow_recruit_rook_ironside_003,kaia-windrow:recruit:rook-ironside,mid,Rook,I have never needed anyone else to hold a wall.,natural,DRAFT_SCREENPLAY_FOR_OWNER_REVIEW,audio/tts_preview/kaia_windrow_recruit_rook_ironside_003.wav,OWNER_SCREENPLAY_PENDING,UNVERIFIED_DO_NOT_SHIP
kaia_windrow_recruit_rook_ironside_004,kaia-windrow:recruit:rook-ironside,post,Kaia,We are not asking you to stop being strong. We are asking where to help.,natural,DRAFT_SCREENPLAY_FOR_OWNER_REVIEW,audio/tts_preview/kaia_windrow_recruit_rook_ironside_004.wav,OWNER_SCREENPLAY_PENDING,UNVERIFIED_DO_NOT_SHIP
kaia_windrow_recruit_rook_ironside_005,kaia-windrow:recruit:rook-ironside,post,Rook,Then stand at the seam. I will make room.,natural,DRAFT_SCREENPLAY_FOR_OWNER_REVIEW,audio/tts_preview/kaia_windrow_recruit_rook_ironside_005.wav,OWNER_SCREENPLAY_PENDING,UNVERIFIED_DO_NOT_SHIP
kaia_windrow_recruit_orion_vell_001,kaia-windrow:recruit:orion-vell,pre,Orion,A sevenfold collaboration has a low probability of stability.,natural,DRAFT_SCREENPLAY_FOR_OWNER_REVIEW,audio/tts_preview/kaia_windrow_recruit_orion_vell_001.wav,OWNER_SCREENPLAY_PENDING,UNVERIFIED_DO_NOT_SHIP
kaia_windrow_recruit_orion_vell_002,kaia-windrow:recruit:orion-vell,pre,Kaia,Have you asked any of the seven?,natural,DRAFT_SCREENPLAY_FOR_OWNER_REVIEW,audio/tts_preview/kaia_windrow_recruit_orion_vell_002.wav,OWNER_SCREENPLAY_PENDING,UNVERIFIED_DO_NOT_SHIP
kaia_windrow_recruit_orion_vell_003,kaia-windrow:recruit:orion-vell,mid,Orion,I made predictions.,natural,DRAFT_SCREENPLAY_FOR_OWNER_REVIEW,audio/tts_preview/kaia_windrow_recruit_orion_vell_003.wav,OWNER_SCREENPLAY_PENDING,UNVERIFIED_DO_NOT_SHIP
kaia_windrow_recruit_orion_vell_004,kaia-windrow:recruit:orion-vell,post,Kaia,Those are not invitations.,natural,DRAFT_SCREENPLAY_FOR_OWNER_REVIEW,audio/tts_preview/kaia_windrow_recruit_orion_vell_004.wav,OWNER_SCREENPLAY_PENDING,UNVERIFIED_DO_NOT_SHIP
kaia_windrow_recruit_orion_vell_005,kaia-windrow:recruit:orion-vell,post,Orion,Point taken. May I join you?,natural,DRAFT_SCREENPLAY_FOR_OWNER_REVIEW,audio/tts_preview/kaia_windrow_recruit_orion_vell_005.wav,OWNER_SCREENPLAY_PENDING,UNVERIFIED_DO_NOT_SHIP
kaia_windrow_recruit_ember_vale_001,kaia-windrow:recruit:ember-vale,pre,Ember,Give me a wall and I will leave you a path.,natural,DRAFT_SCREENPLAY_FOR_OWNER_REVIEW,audio/tts_preview/kaia_windrow_recruit_ember_vale_001.wav,OWNER_SCREENPLAY_PENDING,UNVERIFIED_DO_NOT_SHIP
kaia_windrow_recruit_ember_vale_002,kaia-windrow:recruit:ember-vale,pre,Kaia,What if someone wanted that wall to stay?,natural,DRAFT_SCREENPLAY_FOR_OWNER_REVIEW,audio/tts_preview/kaia_windrow_recruit_ember_vale_002.wav,OWNER_SCREENPLAY_PENDING,UNVERIFIED_DO_NOT_SHIP
kaia_windrow_recruit_ember_vale_003,kaia-windrow:recruit:ember-vale,mid,Ember,Then they should tell me before the fire.,natural,DRAFT_SCREENPLAY_FOR_OWNER_REVIEW,audio/tts_preview/kaia_windrow_recruit_ember_vale_003.wav,OWNER_SCREENPLAY_PENDING,UNVERIFIED_DO_NOT_SHIP
kaia_windrow_recruit_ember_vale_004,kaia-windrow:recruit:ember-vale,post,Kaia,I am telling you now.,natural,DRAFT_SCREENPLAY_FOR_OWNER_REVIEW,audio/tts_preview/kaia_windrow_recruit_ember_vale_004.wav,OWNER_SCREENPLAY_PENDING,UNVERIFIED_DO_NOT_SHIP
kaia_windrow_recruit_ember_vale_005,kaia-windrow:recruit:ember-vale,post,Ember,All right. I can learn to knock first.,natural,DRAFT_SCREENPLAY_FOR_OWNER_REVIEW,audio/tts_preview/kaia_windrow_recruit_ember_vale_005.wav,OWNER_SCREENPLAY_PENDING,UNVERIFIED_DO_NOT_SHIP
kaia_windrow_recruit_vesper_nyx_001,kaia-windrow:recruit:vesper-nyx,pre,Vesper,You came for me? Which me?,natural,DRAFT_SCREENPLAY_FOR_OWNER_REVIEW,audio/tts_preview/kaia_windrow_recruit_vesper_nyx_001.wav,OWNER_SCREENPLAY_PENDING,UNVERIFIED_DO_NOT_SHIP
kaia_windrow_recruit_vesper_nyx_002,kaia-windrow:recruit:vesper-nyx,pre,Kaia,The one who is waiting for somebody to ask.,natural,DRAFT_SCREENPLAY_FOR_OWNER_REVIEW,audio/tts_preview/kaia_windrow_recruit_vesper_nyx_002.wav,OWNER_SCREENPLAY_PENDING,UNVERIFIED_DO_NOT_SHIP
kaia_windrow_recruit_vesper_nyx_003,kaia-windrow:recruit:vesper-nyx,mid,Vesper,That is an unpleasantly good guess.,natural,DRAFT_SCREENPLAY_FOR_OWNER_REVIEW,audio/tts_preview/kaia_windrow_recruit_vesper_nyx_003.wav,OWNER_SCREENPLAY_PENDING,UNVERIFIED_DO_NOT_SHIP
kaia_windrow_recruit_vesper_nyx_004,kaia-windrow:recruit:vesper-nyx,post,Kaia,You can keep your secrets. Just do not make them traps.,natural,DRAFT_SCREENPLAY_FOR_OWNER_REVIEW,audio/tts_preview/kaia_windrow_recruit_vesper_nyx_004.wav,OWNER_SCREENPLAY_PENDING,UNVERIFIED_DO_NOT_SHIP
kaia_windrow_recruit_vesper_nyx_005,kaia-windrow:recruit:vesper-nyx,post,Vesper,For you? I can leave one honest sign.,natural,DRAFT_SCREENPLAY_FOR_OWNER_REVIEW,audio/tts_preview/kaia_windrow_recruit_vesper_nyx_005.wav,OWNER_SCREENPLAY_PENDING,UNVERIFIED_DO_NOT_SHIP
kaia_windrow_accord_001,kaia-windrow:accord,pre,Kaia,"I brought us into one place, not one opinion.",natural,DRAFT_SCREENPLAY_FOR_OWNER_REVIEW,audio/tts_preview/kaia_windrow_accord_001.wav,OWNER_SCREENPLAY_PENDING,UNVERIFIED_DO_NOT_SHIP
kaia_windrow_accord_002,kaia-windrow:accord,pre,Ember,"Are we actually doing this, or arguing until dawn?",natural,DRAFT_SCREENPLAY_FOR_OWNER_REVIEW,audio/tts_preview/kaia_windrow_accord_002.wav,OWNER_SCREENPLAY_PENDING,UNVERIFIED_DO_NOT_SHIP
kaia_windrow_accord_003,kaia-windrow:accord,pre,Nix,Those are not mutually exclusive activities.,natural,DRAFT_SCREENPLAY_FOR_OWNER_REVIEW,audio/tts_preview/kaia_windrow_accord_003.wav,OWNER_SCREENPLAY_PENDING,UNVERIFIED_DO_NOT_SHIP
kaia_windrow_accord_004,kaia-windrow:accord,pre,Juno,"I vote for arguing while walking. Efficient, entertaining.",natural,DRAFT_SCREENPLAY_FOR_OWNER_REVIEW,audio/tts_preview/kaia_windrow_accord_004.wav,OWNER_SCREENPLAY_PENDING,UNVERIFIED_DO_NOT_SHIP
kaia_windrow_accord_005,kaia-windrow:accord,pre,Rook,Stay where I can see you. Not where I can command you.,natural,DRAFT_SCREENPLAY_FOR_OWNER_REVIEW,audio/tts_preview/kaia_windrow_accord_005.wav,OWNER_SCREENPLAY_PENDING,UNVERIFIED_DO_NOT_SHIP
kaia_windrow_accord_006,kaia-windrow:accord,pre,Vesper,That sounded almost like trust.,natural,DRAFT_SCREENPLAY_FOR_OWNER_REVIEW,audio/tts_preview/kaia_windrow_accord_006.wav,OWNER_SCREENPLAY_PENDING,UNVERIFIED_DO_NOT_SHIP
kaia_windrow_accord_007,kaia-windrow:accord,pre,Orion,It is an unfamiliar but testable arrangement.,natural,DRAFT_SCREENPLAY_FOR_OWNER_REVIEW,audio/tts_preview/kaia_windrow_accord_007.wav,OWNER_SCREENPLAY_PENDING,UNVERIFIED_DO_NOT_SHIP
kaia_windrow_accord_008,kaia-windrow:accord,post,Kaia,We have seven answers. We do not need one voice.,natural,DRAFT_SCREENPLAY_FOR_OWNER_REVIEW,audio/tts_preview/kaia_windrow_accord_008.wav,OWNER_SCREENPLAY_PENDING,UNVERIFIED_DO_NOT_SHIP
kaia_windrow_accord_009,kaia-windrow:accord,post,Kaia,"Before we fight for each other, tell each other what you fear losing.",natural,DRAFT_SCREENPLAY_FOR_OWNER_REVIEW,audio/tts_preview/kaia_windrow_accord_009.wav,OWNER_SCREENPLAY_PENDING,UNVERIFIED_DO_NOT_SHIP
kaia_windrow_catastrophe_001,kaia-windrow:catastrophe,pre,Yin,You cannot wait forever for conflict to become harmless.,soft,DRAFT_SCREENPLAY_FOR_OWNER_REVIEW,audio/tts_preview/kaia_windrow_catastrophe_001.wav,OWNER_SCREENPLAY_PENDING,UNVERIFIED_DO_NOT_SHIP
kaia_windrow_catastrophe_002,kaia-windrow:catastrophe,pre,Yang,A mediator is merely a design awaiting its final rule.,formal,DRAFT_SCREENPLAY_FOR_OWNER_REVIEW,audio/tts_preview/kaia_windrow_catastrophe_002.wav,OWNER_SCREENPLAY_PENDING,UNVERIFIED_DO_NOT_SHIP
kaia_windrow_catastrophe_003,kaia-windrow:catastrophe,pre,Ember,Nobody gave you the right to rearrange us.,natural,DRAFT_SCREENPLAY_FOR_OWNER_REVIEW,audio/tts_preview/kaia_windrow_catastrophe_003.wav,OWNER_SCREENPLAY_PENDING,UNVERIFIED_DO_NOT_SHIP
kaia_windrow_catastrophe_004,kaia-windrow:catastrophe,pre,Nix,Your proposed structure contains no consent pathway.,natural,DRAFT_SCREENPLAY_FOR_OWNER_REVIEW,audio/tts_preview/kaia_windrow_catastrophe_004.wav,OWNER_SCREENPLAY_PENDING,UNVERIFIED_DO_NOT_SHIP
kaia_windrow_catastrophe_005,kaia-windrow:catastrophe,pre,Yin,Consent requires a self willing to suffer. I offer release.,natural,DRAFT_SCREENPLAY_FOR_OWNER_REVIEW,audio/tts_preview/kaia_windrow_catastrophe_005.wav,OWNER_SCREENPLAY_PENDING,UNVERIFIED_DO_NOT_SHIP
kaia_windrow_catastrophe_006,kaia-windrow:catastrophe,pre,Yang,Consent is unnecessary when no misunderstanding remains.,natural,DRAFT_SCREENPLAY_FOR_OWNER_REVIEW,audio/tts_preview/kaia_windrow_catastrophe_006.wav,OWNER_SCREENPLAY_PENDING,UNVERIFIED_DO_NOT_SHIP
kaia_windrow_catastrophe_007,kaia-windrow:catastrophe,mid,Kaia,"If I wait long enough, surely everyone can agree.",natural,DRAFT_SCREENPLAY_FOR_OWNER_REVIEW,audio/tts_preview/kaia_windrow_catastrophe_007.wav,OWNER_SCREENPLAY_PENDING,UNVERIFIED_DO_NOT_SHIP
kaia_windrow_catastrophe_008,kaia-windrow:catastrophe,mid,Kaia,We are not yours to solve.,natural,DRAFT_SCREENPLAY_FOR_OWNER_REVIEW,audio/tts_preview/kaia_windrow_catastrophe_008.wav,OWNER_SCREENPLAY_PENDING,UNVERIFIED_DO_NOT_SHIP
kaia_windrow_catastrophe_009,kaia-windrow:catastrophe,post,Rook,Then we hold together.,natural,DRAFT_SCREENPLAY_FOR_OWNER_REVIEW,audio/tts_preview/kaia_windrow_catastrophe_009.wav,OWNER_SCREENPLAY_PENDING,UNVERIFIED_DO_NOT_SHIP
kaia_windrow_catastrophe_010,kaia-windrow:catastrophe,post,Vesper,"For once, I have nothing clever to add.",natural,DRAFT_SCREENPLAY_FOR_OWNER_REVIEW,audio/tts_preview/kaia_windrow_catastrophe_010.wav,OWNER_SCREENPLAY_PENDING,UNVERIFIED_DO_NOT_SHIP
kaia_windrow_impossible_battle_1_001,kaia-windrow:impossible_battle_1,pre,Yang,You mistake the size of the disagreement for the depth of it.,natural,DRAFT_SCREENPLAY_FOR_OWNER_REVIEW,audio/tts_preview/kaia_windrow_impossible_battle_1_001.wav,OWNER_SCREENPLAY_PENDING,UNVERIFIED_DO_NOT_SHIP
kaia_windrow_impossible_battle_1_002,kaia-windrow:impossible_battle_1,pre,Kaia,Then we are going to test your certainty.,natural,DRAFT_SCREENPLAY_FOR_OWNER_REVIEW,audio/tts_preview/kaia_windrow_impossible_battle_1_002.wav,OWNER_SCREENPLAY_PENDING,UNVERIFIED_DO_NOT_SHIP
kaia_windrow_impossible_battle_1_003,kaia-windrow:impossible_battle_1,mid,Yin,Every strike ends. Every heartbeat asks for rest.,natural,DRAFT_SCREENPLAY_FOR_OWNER_REVIEW,audio/tts_preview/kaia_windrow_impossible_battle_1_003.wav,OWNER_SCREENPLAY_PENDING,UNVERIFIED_DO_NOT_SHIP
kaia_windrow_impossible_battle_1_004,kaia-windrow:impossible_battle_1,mid,Orion,"Our attacks are changing nothing. The field responds to allegiance, not impact.",natural,DRAFT_SCREENPLAY_FOR_OWNER_REVIEW,audio/tts_preview/kaia_windrow_impossible_battle_1_004.wav,OWNER_SCREENPLAY_PENDING,UNVERIFIED_DO_NOT_SHIP
kaia_windrow_impossible_battle_1_005,kaia-windrow:impossible_battle_1,post,Kaia,The fight was never about who hit harder.,natural,DRAFT_SCREENPLAY_FOR_OWNER_REVIEW,audio/tts_preview/kaia_windrow_impossible_battle_1_005.wav,OWNER_SCREENPLAY_PENDING,UNVERIFIED_DO_NOT_SHIP
kaia_windrow_impossible_battle_1_006,kaia-windrow:impossible_battle_1,post,Yang,"At last, you have begun to observe.",natural,DRAFT_SCREENPLAY_FOR_OWNER_REVIEW,audio/tts_preview/kaia_windrow_impossible_battle_1_006.wav,OWNER_SCREENPLAY_PENDING,UNVERIFIED_DO_NOT_SHIP
kaia_windrow_first_loss_001,kaia-windrow:first_loss,pre,Rook,The pressure is moving toward them.,natural,DRAFT_SCREENPLAY_FOR_OWNER_REVIEW,audio/tts_preview/kaia_windrow_first_loss_001.wav,OWNER_SCREENPLAY_PENDING,UNVERIFIED_DO_NOT_SHIP
kaia_windrow_first_loss_002,kaia-windrow:first_loss,pre,Kaia,We can redirect it. Together.,natural,DRAFT_SCREENPLAY_FOR_OWNER_REVIEW,audio/tts_preview/kaia_windrow_first_loss_002.wav,OWNER_SCREENPLAY_PENDING,UNVERIFIED_DO_NOT_SHIP
kaia_windrow_first_loss_003,kaia-windrow:first_loss,pre,Orion,The field is splitting. Time to failure: seconds.,natural,DRAFT_SCREENPLAY_FOR_OWNER_REVIEW,audio/tts_preview/kaia_windrow_first_loss_003.wav,OWNER_SCREENPLAY_PENDING,UNVERIFIED_DO_NOT_SHIP
kaia_windrow_first_loss_004,kaia-windrow:first_loss,pre,Rook,I can hold the weight.,natural,DRAFT_SCREENPLAY_FOR_OWNER_REVIEW,audio/tts_preview/kaia_windrow_first_loss_004.wav,OWNER_SCREENPLAY_PENDING,UNVERIFIED_DO_NOT_SHIP
kaia_windrow_first_loss_005,kaia-windrow:first_loss,mid,Kaia,You do not have to hold it alone.,strained,DRAFT_SCREENPLAY_FOR_OWNER_REVIEW,audio/tts_preview/kaia_windrow_first_loss_005.wav,OWNER_SCREENPLAY_PENDING,UNVERIFIED_DO_NOT_SHIP
kaia_windrow_first_loss_006,kaia-windrow:first_loss,mid,Rook,Then make sure nobody else stands here.,strained,DRAFT_SCREENPLAY_FOR_OWNER_REVIEW,audio/tts_preview/kaia_windrow_first_loss_006.wav,OWNER_SCREENPLAY_PENDING,UNVERIFIED_DO_NOT_SHIP
kaia_windrow_first_loss_007,kaia-windrow:first_loss,mid,Kaia,"Rook, wait. I am still looking for another way.",strained,DRAFT_SCREENPLAY_FOR_OWNER_REVIEW,audio/tts_preview/kaia_windrow_first_loss_007.wav,OWNER_SCREENPLAY_PENDING,UNVERIFIED_DO_NOT_SHIP
kaia_windrow_first_loss_008,kaia-windrow:first_loss,mid,Rook,Stop looking past the one in front of you.,strained,DRAFT_SCREENPLAY_FOR_OWNER_REVIEW,audio/tts_preview/kaia_windrow_first_loss_008.wav,OWNER_SCREENPLAY_PENDING,UNVERIFIED_DO_NOT_SHIP
kaia_windrow_first_loss_009,kaia-windrow:first_loss,post,Kaia,No— I can come back for you.,strained,DRAFT_SCREENPLAY_FOR_OWNER_REVIEW,audio/tts_preview/kaia_windrow_first_loss_009.wav,OWNER_SCREENPLAY_PENDING,UNVERIFIED_DO_NOT_SHIP
kaia_windrow_first_loss_010,kaia-windrow:first_loss,post,Rook,Go where your choice matters.,strained,DRAFT_SCREENPLAY_FOR_OWNER_REVIEW,audio/tts_preview/kaia_windrow_first_loss_010.wav,OWNER_SCREENPLAY_PENDING,UNVERIFIED_DO_NOT_SHIP
kaia_windrow_first_loss_011,kaia-windrow:first_loss,post,Kaia,I waited until choosing became losing.,strained,DRAFT_SCREENPLAY_FOR_OWNER_REVIEW,audio/tts_preview/kaia_windrow_first_loss_011.wav,OWNER_SCREENPLAY_PENDING,UNVERIFIED_DO_NOT_SHIP
kaia_windrow_first_loss_012,kaia-windrow:first_loss,post,Rook,Then choose now.,strained,DRAFT_SCREENPLAY_FOR_OWNER_REVIEW,audio/tts_preview/kaia_windrow_first_loss_012.wav,OWNER_SCREENPLAY_PENDING,UNVERIFIED_DO_NOT_SHIP
kaia_windrow_first_loss_013,kaia-windrow:first_loss,post,Kaia,I am crossing. I am here. I will carry what you taught me.,strained,DRAFT_SCREENPLAY_FOR_OWNER_REVIEW,audio/tts_preview/kaia_windrow_first_loss_013.wav,OWNER_SCREENPLAY_PENDING,UNVERIFIED_DO_NOT_SHIP
kaia_windrow_first_loss_014,kaia-windrow:first_loss,post,Yin,The burden has found an ending.,soft,DRAFT_SCREENPLAY_FOR_OWNER_REVIEW,audio/tts_preview/kaia_windrow_first_loss_014.wav,OWNER_SCREENPLAY_PENDING,UNVERIFIED_DO_NOT_SHIP
kaia_windrow_first_loss_015,kaia-windrow:first_loss,post,Yang,An incomplete loss can be integrated into a clearer whole.,clear,DRAFT_SCREENPLAY_FOR_OWNER_REVIEW,audio/tts_preview/kaia_windrow_first_loss_015.wav,OWNER_SCREENPLAY_PENDING,UNVERIFIED_DO_NOT_SHIP
kaia_windrow_first_loss_016,kaia-windrow:first_loss,post,Kaia,There was no perfect moment. There was Rook.,grief,DRAFT_SCREENPLAY_FOR_OWNER_REVIEW,audio/tts_preview/kaia_windrow_first_loss_016.wav,OWNER_SCREENPLAY_PENDING,UNVERIFIED_DO_NOT_SHIP
kaia_windrow_puppet_imbalance_001,kaia-windrow:puppet_imbalance,pre,Yin,A simple world is a quiet world.,natural,DRAFT_SCREENPLAY_FOR_OWNER_REVIEW,audio/tts_preview/kaia_windrow_puppet_imbalance_001.wav,OWNER_SCREENPLAY_PENDING,UNVERIFIED_DO_NOT_SHIP
kaia_windrow_puppet_imbalance_002,kaia-windrow:puppet_imbalance,pre,Yang,An ordered world is a world without mistakes.,natural,DRAFT_SCREENPLAY_FOR_OWNER_REVIEW,audio/tts_preview/kaia_windrow_puppet_imbalance_002.wav,OWNER_SCREENPLAY_PENDING,UNVERIFIED_DO_NOT_SHIP
kaia_windrow_puppet_imbalance_003,kaia-windrow:puppet_imbalance,pre,Kaia,"Rook is gone from this fight, not from what he gave me.",natural,DRAFT_SCREENPLAY_FOR_OWNER_REVIEW,audio/tts_preview/kaia_windrow_puppet_imbalance_003.wav,OWNER_SCREENPLAY_PENDING,UNVERIFIED_DO_NOT_SHIP
kaia_windrow_puppet_imbalance_004,kaia-windrow:puppet_imbalance,mid,Kaia,One side holds three of my friends. I can change that without taking their place.,natural,DRAFT_SCREENPLAY_FOR_OWNER_REVIEW,audio/tts_preview/kaia_windrow_puppet_imbalance_004.wav,OWNER_SCREENPLAY_PENDING,UNVERIFIED_DO_NOT_SHIP
kaia_windrow_puppet_imbalance_005,kaia-windrow:puppet_imbalance,post,Kaia,The space he left is where I must choose.,natural,DRAFT_SCREENPLAY_FOR_OWNER_REVIEW,audio/tts_preview/kaia_windrow_puppet_imbalance_005.wav,OWNER_SCREENPLAY_PENDING,UNVERIFIED_DO_NOT_SHIP
kaia_windrow_puppet_imbalance_006,kaia-windrow:puppet_imbalance,post,Vesper,"If you find the real me, please do not keep me as a souvenir.",natural,DRAFT_SCREENPLAY_FOR_OWNER_REVIEW,audio/tts_preview/kaia_windrow_puppet_imbalance_006.wav,OWNER_SCREENPLAY_PENDING,UNVERIFIED_DO_NOT_SHIP
kaia_windrow_first_release_001,kaia-windrow:first_release,pre,Kaia,"I can recognize their gesture, but it is not my right to command it.",natural,DRAFT_SCREENPLAY_FOR_OWNER_REVIEW,audio/tts_preview/kaia_windrow_first_release_001.wav,OWNER_SCREENPLAY_PENDING,UNVERIFIED_DO_NOT_SHIP
kaia_windrow_first_release_002,kaia-windrow:first_release,pre,Yin,The mask removes the need to decide. How merciful.,natural,DRAFT_SCREENPLAY_FOR_OWNER_REVIEW,audio/tts_preview/kaia_windrow_first_release_002.wav,OWNER_SCREENPLAY_PENDING,UNVERIFIED_DO_NOT_SHIP
kaia_windrow_first_release_003,kaia-windrow:first_release,mid,Kaia,The wind can carry your voice. It cannot speak for you.,natural,DRAFT_SCREENPLAY_FOR_OWNER_REVIEW,audio/tts_preview/kaia_windrow_first_release_003.wav,OWNER_SCREENPLAY_PENDING,UNVERIFIED_DO_NOT_SHIP
kaia_windrow_first_release_004,kaia-windrow:first_release,mid,Yang,Restored variation is an uncorrected flaw.,natural,DRAFT_SCREENPLAY_FOR_OWNER_REVIEW,audio/tts_preview/kaia_windrow_first_release_004.wav,OWNER_SCREENPLAY_PENDING,UNVERIFIED_DO_NOT_SHIP
kaia_windrow_first_release_005,kaia-windrow:first_release,post,Kaia,Your first real movement is yours. Keep it.,natural,DRAFT_SCREENPLAY_FOR_OWNER_REVIEW,audio/tts_preview/kaia_windrow_first_release_005.wav,OWNER_SCREENPLAY_PENDING,UNVERIFIED_DO_NOT_SHIP
kaia_windrow_first_release_006,kaia-windrow:first_release,post,Kaia,One mask down. What matters is who comes back.,natural,DRAFT_SCREENPLAY_FOR_OWNER_REVIEW,audio/tts_preview/kaia_windrow_first_release_006.wav,OWNER_SCREENPLAY_PENDING,UNVERIFIED_DO_NOT_SHIP
kaia_windrow_equilibrium_001,kaia-windrow:equilibrium,pre,Kaia,Even the air can settle without growing still.,natural,DRAFT_SCREENPLAY_FOR_OWNER_REVIEW,audio/tts_preview/kaia_windrow_equilibrium_001.wav,OWNER_SCREENPLAY_PENDING,UNVERIFIED_DO_NOT_SHIP
kaia_windrow_equilibrium_002,kaia-windrow:equilibrium,pre,Orion,The competing claims are momentarily equal.,natural,DRAFT_SCREENPLAY_FOR_OWNER_REVIEW,audio/tts_preview/kaia_windrow_equilibrium_002.wav,OWNER_SCREENPLAY_PENDING,UNVERIFIED_DO_NOT_SHIP
kaia_windrow_equilibrium_003,kaia-windrow:equilibrium,mid,Kaia,Equal numbers. Not equal freedom. We are not done.,natural,DRAFT_SCREENPLAY_FOR_OWNER_REVIEW,audio/tts_preview/kaia_windrow_equilibrium_003.wav,OWNER_SCREENPLAY_PENDING,UNVERIFIED_DO_NOT_SHIP
kaia_windrow_equilibrium_004,kaia-windrow:equilibrium,mid,Yin,A pause is not defeat. Sometimes it is care.,natural,DRAFT_SCREENPLAY_FOR_OWNER_REVIEW,audio/tts_preview/kaia_windrow_equilibrium_004.wav,OWNER_SCREENPLAY_PENDING,UNVERIFIED_DO_NOT_SHIP
kaia_windrow_equilibrium_005,kaia-windrow:equilibrium,post,Yang,Symmetry is only the beginning of completion.,natural,DRAFT_SCREENPLAY_FOR_OWNER_REVIEW,audio/tts_preview/kaia_windrow_equilibrium_005.wav,OWNER_SCREENPLAY_PENDING,UNVERIFIED_DO_NOT_SHIP
kaia_windrow_equilibrium_006,kaia-windrow:equilibrium,post,Kaia,Two opposing forces. Four people still waiting for a choice.,natural,DRAFT_SCREENPLAY_FOR_OWNER_REVIEW,audio/tts_preview/kaia_windrow_equilibrium_006.wav,OWNER_SCREENPLAY_PENDING,UNVERIFIED_DO_NOT_SHIP
kaia_windrow_dual_release_1_001,kaia-windrow:dual_release_1,pre,Kaia,Two friends on different sides of the same stolen decision.,natural,DRAFT_SCREENPLAY_FOR_OWNER_REVIEW,audio/tts_preview/kaia_windrow_dual_release_1_001.wav,OWNER_SCREENPLAY_PENDING,UNVERIFIED_DO_NOT_SHIP
kaia_windrow_dual_release_1_002,kaia-windrow:dual_release_1,pre,Yang,Partial definition is wasted effort.,natural,DRAFT_SCREENPLAY_FOR_OWNER_REVIEW,audio/tts_preview/kaia_windrow_dual_release_1_002.wav,OWNER_SCREENPLAY_PENDING,UNVERIFIED_DO_NOT_SHIP
kaia_windrow_dual_release_1_003,kaia-windrow:dual_release_1,mid,Kaia,You are not pieces on my board.,natural,DRAFT_SCREENPLAY_FOR_OWNER_REVIEW,audio/tts_preview/kaia_windrow_dual_release_1_003.wav,OWNER_SCREENPLAY_PENDING,UNVERIFIED_DO_NOT_SHIP
kaia_windrow_dual_release_1_004,kaia-windrow:dual_release_1,mid,Yin,Then allow them the peace of no decision.,natural,DRAFT_SCREENPLAY_FOR_OWNER_REVIEW,audio/tts_preview/kaia_windrow_dual_release_1_004.wav,OWNER_SCREENPLAY_PENDING,UNVERIFIED_DO_NOT_SHIP
kaia_windrow_dual_release_1_005,kaia-windrow:dual_release_1,post,Kaia,I do not need them to agree. I need them to be free.,natural,DRAFT_SCREENPLAY_FOR_OWNER_REVIEW,audio/tts_preview/kaia_windrow_dual_release_1_005.wav,OWNER_SCREENPLAY_PENDING,UNVERIFIED_DO_NOT_SHIP
kaia_windrow_dual_release_2_001,kaia-windrow:dual_release_2,pre,Kaia,The last two. No one has to disappear for balance to hold.,natural,DRAFT_SCREENPLAY_FOR_OWNER_REVIEW,audio/tts_preview/kaia_windrow_dual_release_2_001.wav,OWNER_SCREENPLAY_PENDING,UNVERIFIED_DO_NOT_SHIP
kaia_windrow_dual_release_2_002,kaia-windrow:dual_release_2,pre,Yin,To release them is to return their pain.,natural,DRAFT_SCREENPLAY_FOR_OWNER_REVIEW,audio/tts_preview/kaia_windrow_dual_release_2_002.wav,OWNER_SCREENPLAY_PENDING,UNVERIFIED_DO_NOT_SHIP
kaia_windrow_dual_release_2_003,kaia-windrow:dual_release_2,mid,Kaia,And their laughter. Their anger. Their choices.,natural,DRAFT_SCREENPLAY_FOR_OWNER_REVIEW,audio/tts_preview/kaia_windrow_dual_release_2_003.wav,OWNER_SCREENPLAY_PENDING,UNVERIFIED_DO_NOT_SHIP
kaia_windrow_dual_release_2_004,kaia-windrow:dual_release_2,mid,Yang,You cannot guarantee they will agree afterward.,natural,DRAFT_SCREENPLAY_FOR_OWNER_REVIEW,audio/tts_preview/kaia_windrow_dual_release_2_004.wav,OWNER_SCREENPLAY_PENDING,UNVERIFIED_DO_NOT_SHIP
kaia_windrow_dual_release_2_005,kaia-windrow:dual_release_2,post,Kaia,I am counting on them not to.,natural,DRAFT_SCREENPLAY_FOR_OWNER_REVIEW,audio/tts_preview/kaia_windrow_dual_release_2_005.wav,OWNER_SCREENPLAY_PENDING,UNVERIFIED_DO_NOT_SHIP
kaia_windrow_dual_release_2_006,kaia-windrow:dual_release_2,post,Kaia,I am not the center they must orbit. I am a current they may join.,natural,DRAFT_SCREENPLAY_FOR_OWNER_REVIEW,audio/tts_preview/kaia_windrow_dual_release_2_006.wav,OWNER_SCREENPLAY_PENDING,UNVERIFIED_DO_NOT_SHIP
kaia_windrow_prismatic_gray_001,kaia-windrow:prismatic_gray,pre,Yin,Every borrowed memory is another weight.,natural,DRAFT_SCREENPLAY_FOR_OWNER_REVIEW,audio/tts_preview/kaia_windrow_prismatic_gray_001.wav,OWNER_SCREENPLAY_PENDING,UNVERIFIED_DO_NOT_SHIP
kaia_windrow_prismatic_gray_002,kaia-windrow:prismatic_gray,pre,Yang,"If you combine them perfectly, there will be no conflict left.",natural,DRAFT_SCREENPLAY_FOR_OWNER_REVIEW,audio/tts_preview/kaia_windrow_prismatic_gray_002.wav,OWNER_SCREENPLAY_PENDING,UNVERIFIED_DO_NOT_SHIP
kaia_windrow_prismatic_gray_003,kaia-windrow:prismatic_gray,pre,Kaia,I used to think balance was the space between people.,natural,DRAFT_SCREENPLAY_FOR_OWNER_REVIEW,audio/tts_preview/kaia_windrow_prismatic_gray_003.wav,OWNER_SCREENPLAY_PENDING,UNVERIFIED_DO_NOT_SHIP
kaia_windrow_prismatic_gray_004,kaia-windrow:prismatic_gray,mid,Kaia,Six people. Six choices I could not make for them.,natural,DRAFT_SCREENPLAY_FOR_OWNER_REVIEW,audio/tts_preview/kaia_windrow_prismatic_gray_004.wav,OWNER_SCREENPLAY_PENDING,UNVERIFIED_DO_NOT_SHIP
kaia_windrow_prismatic_gray_005,kaia-windrow:prismatic_gray,mid,Kaia,It is what we choose to make when we stand together.,natural,DRAFT_SCREENPLAY_FOR_OWNER_REVIEW,audio/tts_preview/kaia_windrow_prismatic_gray_005.wav,OWNER_SCREENPLAY_PENDING,UNVERIFIED_DO_NOT_SHIP
kaia_windrow_prismatic_gray_006,kaia-windrow:prismatic_gray,post,Kaia,You are still yourself. That is the point.,natural,DRAFT_SCREENPLAY_FOR_OWNER_REVIEW,audio/tts_preview/kaia_windrow_prismatic_gray_006.wav,OWNER_SCREENPLAY_PENDING,UNVERIFIED_DO_NOT_SHIP
kaia_windrow_prismatic_gray_007,kaia-windrow:prismatic_gray,post,Kaia,And this choice is mine.,natural,DRAFT_SCREENPLAY_FOR_OWNER_REVIEW,audio/tts_preview/kaia_windrow_prismatic_gray_007.wav,OWNER_SCREENPLAY_PENDING,UNVERIFIED_DO_NOT_SHIP
kaia_windrow_impossible_battle_2_001,kaia-windrow:impossible_battle_2,pre,Yin,A question can remain open without becoming a wound.,soft,DRAFT_SCREENPLAY_FOR_OWNER_REVIEW,audio/tts_preview/kaia_windrow_impossible_battle_2_001.wav,OWNER_SCREENPLAY_PENDING,UNVERIFIED_DO_NOT_SHIP
kaia_windrow_impossible_battle_2_002,kaia-windrow:impossible_battle_2,pre,Yang,A system can have rules without closing every path.,formal,DRAFT_SCREENPLAY_FOR_OWNER_REVIEW,audio/tts_preview/kaia_windrow_impossible_battle_2_002.wav,OWNER_SCREENPLAY_PENDING,UNVERIFIED_DO_NOT_SHIP
kaia_windrow_impossible_battle_2_003,kaia-windrow:impossible_battle_2,pre,Kaia,"I will not erase you, Yin.",natural,DRAFT_SCREENPLAY_FOR_OWNER_REVIEW,audio/tts_preview/kaia_windrow_impossible_battle_2_003.wav,OWNER_SCREENPLAY_PENDING,UNVERIFIED_DO_NOT_SHIP
kaia_windrow_impossible_battle_2_004,kaia-windrow:impossible_battle_2,mid,Kaia,"I will not obey you, Yang.",natural,DRAFT_SCREENPLAY_FOR_OWNER_REVIEW,audio/tts_preview/kaia_windrow_impossible_battle_2_004.wav,OWNER_SCREENPLAY_PENDING,UNVERIFIED_DO_NOT_SHIP
kaia_windrow_impossible_battle_2_005,kaia-windrow:impossible_battle_2,mid,Yin,Then you accept that someone may be hurt again.,natural,DRAFT_SCREENPLAY_FOR_OWNER_REVIEW,audio/tts_preview/kaia_windrow_impossible_battle_2_005.wav,OWNER_SCREENPLAY_PENDING,UNVERIFIED_DO_NOT_SHIP
kaia_windrow_impossible_battle_2_006,kaia-windrow:impossible_battle_2,mid,Kaia,I accept that they remain someone who can choose.,natural,DRAFT_SCREENPLAY_FOR_OWNER_REVIEW,audio/tts_preview/kaia_windrow_impossible_battle_2_006.wav,OWNER_SCREENPLAY_PENDING,UNVERIFIED_DO_NOT_SHIP
kaia_windrow_impossible_battle_2_007,kaia-windrow:impossible_battle_2,mid,Yang,You offer an unfinished design.,natural,DRAFT_SCREENPLAY_FOR_OWNER_REVIEW,audio/tts_preview/kaia_windrow_impossible_battle_2_007.wav,OWNER_SCREENPLAY_PENDING,UNVERIFIED_DO_NOT_SHIP
kaia_windrow_impossible_battle_2_008,kaia-windrow:impossible_battle_2,post,Kaia,There is room for an unfinished world.,natural,DRAFT_SCREENPLAY_FOR_OWNER_REVIEW,audio/tts_preview/kaia_windrow_impossible_battle_2_008.wav,OWNER_SCREENPLAY_PENDING,UNVERIFIED_DO_NOT_SHIP
kaia_windrow_impossible_battle_2_009,kaia-windrow:impossible_battle_2,post,Yin,A boundary with an opening. Unfamiliar.,natural,DRAFT_SCREENPLAY_FOR_OWNER_REVIEW,audio/tts_preview/kaia_windrow_impossible_battle_2_009.wav,OWNER_SCREENPLAY_PENDING,UNVERIFIED_DO_NOT_SHIP
kaia_windrow_impossible_battle_2_010,kaia-windrow:impossible_battle_2,post,Yang,A pattern that may change itself. Unaccounted for.,natural,DRAFT_SCREENPLAY_FOR_OWNER_REVIEW,audio/tts_preview/kaia_windrow_impossible_battle_2_010.wav,OWNER_SCREENPLAY_PENDING,UNVERIFIED_DO_NOT_SHIP
kaia_windrow_epilogue_001,kaia-windrow:epilogue,pre,Kaia,They still argue. So do I.,natural,DRAFT_SCREENPLAY_FOR_OWNER_REVIEW,audio/tts_preview/kaia_windrow_epilogue_001.wav,OWNER_SCREENPLAY_PENDING,UNVERIFIED_DO_NOT_SHIP
kaia_windrow_epilogue_002,kaia-windrow:epilogue,pre,Juno,Do we have to call this a victory? I would prefer food.,natural,DRAFT_SCREENPLAY_FOR_OWNER_REVIEW,audio/tts_preview/kaia_windrow_epilogue_002.wav,OWNER_SCREENPLAY_PENDING,UNVERIFIED_DO_NOT_SHIP
kaia_windrow_epilogue_003,kaia-windrow:epilogue,pre,Nix,Food can be scheduled. Argument cannot.,natural,DRAFT_SCREENPLAY_FOR_OWNER_REVIEW,audio/tts_preview/kaia_windrow_epilogue_003.wav,OWNER_SCREENPLAY_PENDING,UNVERIFIED_DO_NOT_SHIP
kaia_windrow_epilogue_004,kaia-windrow:epilogue,pre,Vesper,Who says the argument has to end?,natural,DRAFT_SCREENPLAY_FOR_OWNER_REVIEW,audio/tts_preview/kaia_windrow_epilogue_004.wav,OWNER_SCREENPLAY_PENDING,UNVERIFIED_DO_NOT_SHIP
kaia_windrow_epilogue_005,kaia-windrow:epilogue,mid,Kaia,The argument can continue. We must make space for it.,natural,DRAFT_SCREENPLAY_FOR_OWNER_REVIEW,audio/tts_preview/kaia_windrow_epilogue_005.wav,OWNER_SCREENPLAY_PENDING,UNVERIFIED_DO_NOT_SHIP
kaia_windrow_epilogue_006,kaia-windrow:epilogue,post,Kaia,"When the next storm comes, we choose again.",natural,DRAFT_SCREENPLAY_FOR_OWNER_REVIEW,audio/tts_preview/kaia_windrow_epilogue_006.wav,OWNER_SCREENPLAY_PENDING,UNVERIFIED_DO_NOT_SHIP
kaia_windrow_epilogue_007,kaia-windrow:epilogue,post,Kaia,That will do. Until tomorrow.,natural,DRAFT_SCREENPLAY_FOR_OWNER_REVIEW,audio/tts_preview/kaia_windrow_epilogue_007.wav,OWNER_SCREENPLAY_PENDING,UNVERIFIED_DO_NOT_SHIP
kaia_windrow_unlock_001,kaia-windrow:unlock,pre,Kaia,"I will remember the choices, not just the outcome.",natural,DRAFT_SCREENPLAY_FOR_OWNER_REVIEW,audio/tts_preview/kaia_windrow_unlock_001.wav,OWNER_SCREENPLAY_PENDING,UNVERIFIED_DO_NOT_SHIP
kaia_windrow_unlock_002,kaia-windrow:unlock,mid,Kaia,Another color has found its own way to Gray.,natural,DRAFT_SCREENPLAY_FOR_OWNER_REVIEW,audio/tts_preview/kaia_windrow_unlock_002.wav,OWNER_SCREENPLAY_PENDING,UNVERIFIED_DO_NOT_SHIP
kaia_windrow_unlock_003,kaia-windrow:unlock,post,Kaia,Let the next story be told in its own voice.,natural,DRAFT_SCREENPLAY_FOR_OWNER_REVIEW,audio/tts_preview/kaia_windrow_unlock_003.wav,OWNER_SCREENPLAY_PENDING,UNVERIFIED_DO_NOT_SHIP
kaia_windrow_unlock_004,kaia-windrow:unlock,post,Orion,The result is reproducible. The journey was not inevitable.,natural,DRAFT_SCREENPLAY_FOR_OWNER_REVIEW,audio/tts_preview/kaia_windrow_unlock_004.wav,OWNER_SCREENPLAY_PENDING,UNVERIFIED_DO_NOT_SHIP
ember_vale_prologue_001,ember-vale:prologue,pre,Ember,The kiln has been cold too long.,natural,DRAFT_SCREENPLAY_FOR_OWNER_REVIEW,audio/tts_preview/ember_vale_prologue_001.wav,OWNER_SCREENPLAY_PENDING,UNVERIFIED_DO_NOT_SHIP
ember_vale_prologue_002,ember-vale:prologue,pre,Ember,You want tomorrow? Strike the first spark.,natural,DRAFT_SCREENPLAY_FOR_OWNER_REVIEW,audio/tts_preview/ember_vale_prologue_002.wav,OWNER_SCREENPLAY_PENDING,UNVERIFIED_DO_NOT_SHIP
ember_vale_prologue_003,ember-vale:prologue,pre,Yin,A silence lies beneath every unfinished argument.,soft,DRAFT_SCREENPLAY_FOR_OWNER_REVIEW,audio/tts_preview/ember_vale_prologue_003.wav,OWNER_SCREENPLAY_PENDING,UNVERIFIED_DO_NOT_SHIP
ember_vale_prologue_004,ember-vale:prologue,pre,Yang,Every incomplete path can be corrected.,clear,DRAFT_SCREENPLAY_FOR_OWNER_REVIEW,audio/tts_preview/ember_vale_prologue_004.wav,OWNER_SCREENPLAY_PENDING,UNVERIFIED_DO_NOT_SHIP
ember_vale_prologue_005,ember-vale:prologue,mid,Ember,"If I burn brighter, everything will move.",natural,DRAFT_SCREENPLAY_FOR_OWNER_REVIEW,audio/tts_preview/ember_vale_prologue_005.wav,OWNER_SCREENPLAY_PENDING,UNVERIFIED_DO_NOT_SHIP
ember_vale_prologue_006,ember-vale:prologue,post,Ember,"If a road is blocked, I make a door.",natural,DRAFT_SCREENPLAY_FOR_OWNER_REVIEW,audio/tts_preview/ember_vale_prologue_006.wav,OWNER_SCREENPLAY_PENDING,UNVERIFIED_DO_NOT_SHIP
ember_vale_recruit_vesper_nyx_001,ember-vale:recruit:vesper-nyx,pre,Vesper,How charming. Someone followed the wrong shadow to the right place.,natural,DRAFT_SCREENPLAY_FOR_OWNER_REVIEW,audio/tts_preview/ember_vale_recruit_vesper_nyx_001.wav,OWNER_SCREENPLAY_PENDING,UNVERIFIED_DO_NOT_SHIP
ember_vale_recruit_vesper_nyx_002,ember-vale:recruit:vesper-nyx,pre,Ember,Would you still be here if everyone could see you clearly?,natural,DRAFT_SCREENPLAY_FOR_OWNER_REVIEW,audio/tts_preview/ember_vale_recruit_vesper_nyx_002.wav,OWNER_SCREENPLAY_PENDING,UNVERIFIED_DO_NOT_SHIP
ember_vale_recruit_vesper_nyx_003,ember-vale:recruit:vesper-nyx,mid,Vesper,And what happens when you push straight through someone else?,natural,DRAFT_SCREENPLAY_FOR_OWNER_REVIEW,audio/tts_preview/ember_vale_recruit_vesper_nyx_003.wav,OWNER_SCREENPLAY_PENDING,UNVERIFIED_DO_NOT_SHIP
ember_vale_recruit_vesper_nyx_004,ember-vale:recruit:vesper-nyx,mid,Ember,Say it plainly. I can take the heat.,natural,DRAFT_SCREENPLAY_FOR_OWNER_REVIEW,audio/tts_preview/ember_vale_recruit_vesper_nyx_004.wav,OWNER_SCREENPLAY_PENDING,UNVERIFIED_DO_NOT_SHIP
ember_vale_recruit_vesper_nyx_005,ember-vale:recruit:vesper-nyx,post,Vesper,Look at that. An answer with no trapdoor.,natural,DRAFT_SCREENPLAY_FOR_OWNER_REVIEW,audio/tts_preview/ember_vale_recruit_vesper_nyx_005.wav,OWNER_SCREENPLAY_PENDING,UNVERIFIED_DO_NOT_SHIP
ember_vale_recruit_vesper_nyx_006,ember-vale:recruit:vesper-nyx,post,Ember,I do not need followers. I need people who push back.,natural,DRAFT_SCREENPLAY_FOR_OWNER_REVIEW,audio/tts_preview/ember_vale_recruit_vesper_nyx_006.wav,OWNER_SCREENPLAY_PENDING,UNVERIFIED_DO_NOT_SHIP
ember_vale_recruit_rook_ironside_001,ember-vale:recruit:rook-ironside,pre,Rook,I will stand between danger and the people behind me.,natural,DRAFT_SCREENPLAY_FOR_OWNER_REVIEW,audio/tts_preview/ember_vale_recruit_rook_ironside_001.wav,OWNER_SCREENPLAY_PENDING,UNVERIFIED_DO_NOT_SHIP
ember_vale_recruit_rook_ironside_002,ember-vale:recruit:rook-ironside,pre,Ember,What if I do not want to stand behind you?,natural,DRAFT_SCREENPLAY_FOR_OWNER_REVIEW,audio/tts_preview/ember_vale_recruit_rook_ironside_002.wav,OWNER_SCREENPLAY_PENDING,UNVERIFIED_DO_NOT_SHIP
ember_vale_recruit_rook_ironside_003,ember-vale:recruit:rook-ironside,mid,Rook,And what happens when you push straight through someone else?,natural,DRAFT_SCREENPLAY_FOR_OWNER_REVIEW,audio/tts_preview/ember_vale_recruit_rook_ironside_003.wav,OWNER_SCREENPLAY_PENDING,UNVERIFIED_DO_NOT_SHIP
ember_vale_recruit_rook_ironside_004,ember-vale:recruit:rook-ironside,mid,Ember,Say it plainly. I can take the heat.,natural,DRAFT_SCREENPLAY_FOR_OWNER_REVIEW,audio/tts_preview/ember_vale_recruit_rook_ironside_004.wav,OWNER_SCREENPLAY_PENDING,UNVERIFIED_DO_NOT_SHIP
ember_vale_recruit_rook_ironside_005,ember-vale:recruit:rook-ironside,post,Rook,Then take the open side. I will keep it open.,natural,DRAFT_SCREENPLAY_FOR_OWNER_REVIEW,audio/tts_preview/ember_vale_recruit_rook_ironside_005.wav,OWNER_SCREENPLAY_PENDING,UNVERIFIED_DO_NOT_SHIP
ember_vale_recruit_rook_ironside_006,ember-vale:recruit:rook-ironside,post,Ember,"If you are joining me, tell me when the flame is too close.",natural,DRAFT_SCREENPLAY_FOR_OWNER_REVIEW,audio/tts_preview/ember_vale_recruit_rook_ironside_006.wav,OWNER_SCREENPLAY_PENDING,UNVERIFIED_DO_NOT_SHIP
ember_vale_recruit_orion_vell_001,ember-vale:recruit:orion-vell,pre,Orion,The vectors overlap. This meeting was statistically probable.,natural,DRAFT_SCREENPLAY_FOR_OWNER_REVIEW,audio/tts_preview/ember_vale_recruit_orion_vell_001.wav,OWNER_SCREENPLAY_PENDING,UNVERIFIED_DO_NOT_SHIP
ember_vale_recruit_orion_vell_002,ember-vale:recruit:orion-vell,pre,Ember,Have you factored in a choice you do not expect?,natural,DRAFT_SCREENPLAY_FOR_OWNER_REVIEW,audio/tts_preview/ember_vale_recruit_orion_vell_002.wav,OWNER_SCREENPLAY_PENDING,UNVERIFIED_DO_NOT_SHIP
ember_vale_recruit_orion_vell_003,ember-vale:recruit:orion-vell,mid,Orion,And what happens when you push straight through someone else?,natural,DRAFT_SCREENPLAY_FOR_OWNER_REVIEW,audio/tts_preview/ember_vale_recruit_orion_vell_003.wav,OWNER_SCREENPLAY_PENDING,UNVERIFIED_DO_NOT_SHIP
ember_vale_recruit_orion_vell_004,ember-vale:recruit:orion-vell,mid,Ember,Say it plainly. I can take the heat.,natural,DRAFT_SCREENPLAY_FOR_OWNER_REVIEW,audio/tts_preview/ember_vale_recruit_orion_vell_004.wav,OWNER_SCREENPLAY_PENDING,UNVERIFIED_DO_NOT_SHIP
ember_vale_recruit_orion_vell_005,ember-vale:recruit:orion-vell,post,Orion,That variable has my attention now.,natural,DRAFT_SCREENPLAY_FOR_OWNER_REVIEW,audio/tts_preview/ember_vale_recruit_orion_vell_005.wav,OWNER_SCREENPLAY_PENDING,UNVERIFIED_DO_NOT_SHIP
ember_vale_recruit_orion_vell_006,ember-vale:recruit:orion-vell,post,Ember,I will hear you. Even if I hate the answer.,natural,DRAFT_SCREENPLAY_FOR_OWNER_REVIEW,audio/tts_preview/ember_vale_recruit_orion_vell_006.wav,OWNER_SCREENPLAY_PENDING,UNVERIFIED_DO_NOT_SHIP
ember_vale_recruit_juno_spark_001,ember-vale:recruit:juno-spark,pre,Juno,I spotted three routes. Want the good one or the fast one?,natural,DRAFT_SCREENPLAY_FOR_OWNER_REVIEW,audio/tts_preview/ember_vale_recruit_juno_spark_001.wav,OWNER_SCREENPLAY_PENDING,UNVERIFIED_DO_NOT_SHIP
ember_vale_recruit_juno_spark_002,ember-vale:recruit:juno-spark,pre,Ember,And if the fast route leaves somebody else stranded?,natural,DRAFT_SCREENPLAY_FOR_OWNER_REVIEW,audio/tts_preview/ember_vale_recruit_juno_spark_002.wav,OWNER_SCREENPLAY_PENDING,UNVERIFIED_DO_NOT_SHIP
ember_vale_recruit_juno_spark_003,ember-vale:recruit:juno-spark,mid,Juno,And what happens when you push straight through someone else?,natural,DRAFT_SCREENPLAY_FOR_OWNER_REVIEW,audio/tts_preview/ember_vale_recruit_juno_spark_003.wav,OWNER_SCREENPLAY_PENDING,UNVERIFIED_DO_NOT_SHIP
ember_vale_recruit_juno_spark_004,ember-vale:recruit:juno-spark,mid,Ember,Say it plainly. I can take the heat.,natural,DRAFT_SCREENPLAY_FOR_OWNER_REVIEW,audio/tts_preview/ember_vale_recruit_juno_spark_004.wav,OWNER_SCREENPLAY_PENDING,UNVERIFIED_DO_NOT_SHIP
ember_vale_recruit_juno_spark_005,ember-vale:recruit:juno-spark,post,Juno,Okay. The good route first. I can still make it fast.,natural,DRAFT_SCREENPLAY_FOR_OWNER_REVIEW,audio/tts_preview/ember_vale_recruit_juno_spark_005.wav,OWNER_SCREENPLAY_PENDING,UNVERIFIED_DO_NOT_SHIP
ember_vale_recruit_juno_spark_006,ember-vale:recruit:juno-spark,post,Ember,I do not need followers. I need people who push back.,natural,DRAFT_SCREENPLAY_FOR_OWNER_REVIEW,audio/tts_preview/ember_vale_recruit_juno_spark_006.wav,OWNER_SCREENPLAY_PENDING,UNVERIFIED_DO_NOT_SHIP
ember_vale_recruit_nix_calder_001,ember-vale:recruit:nix-calder,pre,Nix,"I can secure this area, provided everyone follows the instructions.",natural,DRAFT_SCREENPLAY_FOR_OWNER_REVIEW,audio/tts_preview/ember_vale_recruit_nix_calder_001.wav,OWNER_SCREENPLAY_PENDING,UNVERIFIED_DO_NOT_SHIP
ember_vale_recruit_nix_calder_002,ember-vale:recruit:nix-calder,pre,Ember,What if the instructions fail the people they protect?,natural,DRAFT_SCREENPLAY_FOR_OWNER_REVIEW,audio/tts_preview/ember_vale_recruit_nix_calder_002.wav,OWNER_SCREENPLAY_PENDING,UNVERIFIED_DO_NOT_SHIP
ember_vale_recruit_nix_calder_003,ember-vale:recruit:nix-calder,mid,Nix,And what happens when you push straight through someone else?,natural,DRAFT_SCREENPLAY_FOR_OWNER_REVIEW,audio/tts_preview/ember_vale_recruit_nix_calder_003.wav,OWNER_SCREENPLAY_PENDING,UNVERIFIED_DO_NOT_SHIP
ember_vale_recruit_nix_calder_004,ember-vale:recruit:nix-calder,mid,Ember,Say it plainly. I can take the heat.,natural,DRAFT_SCREENPLAY_FOR_OWNER_REVIEW,audio/tts_preview/ember_vale_recruit_nix_calder_004.wav,OWNER_SCREENPLAY_PENDING,UNVERIFIED_DO_NOT_SHIP
ember_vale_recruit_nix_calder_005,ember-vale:recruit:nix-calder,post,Nix,An amended plan is better than a perfect failure.,natural,DRAFT_SCREENPLAY_FOR_OWNER_REVIEW,audio/tts_preview/ember_vale_recruit_nix_calder_005.wav,OWNER_SCREENPLAY_PENDING,UNVERIFIED_DO_NOT_SHIP
ember_vale_recruit_nix_calder_006,ember-vale:recruit:nix-calder,post,Ember,"If you are joining me, tell me when the flame is too close.",natural,DRAFT_SCREENPLAY_FOR_OWNER_REVIEW,audio/tts_preview/ember_vale_recruit_nix_calder_006.wav,OWNER_SCREENPLAY_PENDING,UNVERIFIED_DO_NOT_SHIP
ember_vale_recruit_kaia_windrow_001,ember-vale:recruit:kaia-windrow,pre,Kaia,"Before we argue, tell me what you are afraid of losing.",natural,DRAFT_SCREENPLAY_FOR_OWNER_REVIEW,audio/tts_preview/ember_vale_recruit_kaia_windrow_001.wav,OWNER_SCREENPLAY_PENDING,UNVERIFIED_DO_NOT_SHIP
ember_vale_recruit_kaia_windrow_002,ember-vale:recruit:kaia-windrow,pre,Ember,Listening might cost more time than we have. Is it worth it?,natural,DRAFT_SCREENPLAY_FOR_OWNER_REVIEW,audio/tts_preview/ember_vale_recruit_kaia_windrow_002.wav,OWNER_SCREENPLAY_PENDING,UNVERIFIED_DO_NOT_SHIP
ember_vale_recruit_kaia_windrow_003,ember-vale:recruit:kaia-windrow,mid,Kaia,And what happens when you push straight through someone else?,natural,DRAFT_SCREENPLAY_FOR_OWNER_REVIEW,audio/tts_preview/ember_vale_recruit_kaia_windrow_003.wav,OWNER_SCREENPLAY_PENDING,UNVERIFIED_DO_NOT_SHIP
ember_vale_recruit_kaia_windrow_004,ember-vale:recruit:kaia-windrow,mid,Ember,Say it plainly. I can take the heat.,natural,DRAFT_SCREENPLAY_FOR_OWNER_REVIEW,audio/tts_preview/ember_vale_recruit_kaia_windrow_004.wav,OWNER_SCREENPLAY_PENDING,UNVERIFIED_DO_NOT_SHIP
ember_vale_recruit_kaia_windrow_005,ember-vale:recruit:kaia-windrow,post,Kaia,We can start by disagreeing honestly.,natural,DRAFT_SCREENPLAY_FOR_OWNER_REVIEW,audio/tts_preview/ember_vale_recruit_kaia_windrow_005.wav,OWNER_SCREENPLAY_PENDING,UNVERIFIED_DO_NOT_SHIP
ember_vale_recruit_kaia_windrow_006,ember-vale:recruit:kaia-windrow,post,Ember,I will hear you. Even if I hate the answer.,natural,DRAFT_SCREENPLAY_FOR_OWNER_REVIEW,audio/tts_preview/ember_vale_recruit_kaia_windrow_006.wav,OWNER_SCREENPLAY_PENDING,UNVERIFIED_DO_NOT_SHIP
ember_vale_accord_001,ember-vale:accord,pre,Ember,We are not a parade behind my fire.,natural,DRAFT_SCREENPLAY_FOR_OWNER_REVIEW,audio/tts_preview/ember_vale_accord_001.wav,OWNER_SCREENPLAY_PENDING,UNVERIFIED_DO_NOT_SHIP
ember_vale_accord_002,ember-vale:accord,pre,Ember,"Are we actually doing this, or arguing until dawn?",natural,DRAFT_SCREENPLAY_FOR_OWNER_REVIEW,audio/tts_preview/ember_vale_accord_002.wav,OWNER_SCREENPLAY_PENDING,UNVERIFIED_DO_NOT_SHIP
ember_vale_accord_003,ember-vale:accord,pre,Nix,Those are not mutually exclusive activities.,natural,DRAFT_SCREENPLAY_FOR_OWNER_REVIEW,audio/tts_preview/ember_vale_accord_003.wav,OWNER_SCREENPLAY_PENDING,UNVERIFIED_DO_NOT_SHIP
ember_vale_accord_004,ember-vale:accord,pre,Juno,"I vote for arguing while walking. Efficient, entertaining.",natural,DRAFT_SCREENPLAY_FOR_OWNER_REVIEW,audio/tts_preview/ember_vale_accord_004.wav,OWNER_SCREENPLAY_PENDING,UNVERIFIED_DO_NOT_SHIP
ember_vale_accord_005,ember-vale:accord,pre,Rook,Stay where I can see you. Not where I can command you.,natural,DRAFT_SCREENPLAY_FOR_OWNER_REVIEW,audio/tts_preview/ember_vale_accord_005.wav,OWNER_SCREENPLAY_PENDING,UNVERIFIED_DO_NOT_SHIP
ember_vale_accord_006,ember-vale:accord,pre,Vesper,That sounded almost like trust.,natural,DRAFT_SCREENPLAY_FOR_OWNER_REVIEW,audio/tts_preview/ember_vale_accord_006.wav,OWNER_SCREENPLAY_PENDING,UNVERIFIED_DO_NOT_SHIP
ember_vale_accord_007,ember-vale:accord,pre,Orion,It is an unfamiliar but testable arrangement.,natural,DRAFT_SCREENPLAY_FOR_OWNER_REVIEW,audio/tts_preview/ember_vale_accord_007.wav,OWNER_SCREENPLAY_PENDING,UNVERIFIED_DO_NOT_SHIP
ember_vale_accord_008,ember-vale:accord,post,Kaia,We have seven answers. We do not need one voice.,natural,DRAFT_SCREENPLAY_FOR_OWNER_REVIEW,audio/tts_preview/ember_vale_accord_008.wav,OWNER_SCREENPLAY_PENDING,UNVERIFIED_DO_NOT_SHIP
ember_vale_accord_009,ember-vale:accord,post,Ember,"Everybody gets a say. Make it fast, but make it real.",natural,DRAFT_SCREENPLAY_FOR_OWNER_REVIEW,audio/tts_preview/ember_vale_accord_009.wav,OWNER_SCREENPLAY_PENDING,UNVERIFIED_DO_NOT_SHIP
ember_vale_catastrophe_001,ember-vale:catastrophe,pre,Yin,Your fire is tired. Put it down where it can do no harm.,soft,DRAFT_SCREENPLAY_FOR_OWNER_REVIEW,audio/tts_preview/ember_vale_catastrophe_001.wav,OWNER_SCREENPLAY_PENDING,UNVERIFIED_DO_NOT_SHIP
ember_vale_catastrophe_002,ember-vale:catastrophe,pre,Yang,Your force could power a perfect order if you stopped wasting it.,formal,DRAFT_SCREENPLAY_FOR_OWNER_REVIEW,audio/tts_preview/ember_vale_catastrophe_002.wav,OWNER_SCREENPLAY_PENDING,UNVERIFIED_DO_NOT_SHIP
ember_vale_catastrophe_003,ember-vale:catastrophe,pre,Ember,Nobody gave you the right to rearrange us.,natural,DRAFT_SCREENPLAY_FOR_OWNER_REVIEW,audio/tts_preview/ember_vale_catastrophe_003.wav,OWNER_SCREENPLAY_PENDING,UNVERIFIED_DO_NOT_SHIP
ember_vale_catastrophe_004,ember-vale:catastrophe,pre,Nix,Your proposed structure contains no consent pathway.,natural,DRAFT_SCREENPLAY_FOR_OWNER_REVIEW,audio/tts_preview/ember_vale_catastrophe_004.wav,OWNER_SCREENPLAY_PENDING,UNVERIFIED_DO_NOT_SHIP
ember_vale_catastrophe_005,ember-vale:catastrophe,pre,Yin,Consent requires a self willing to suffer. I offer release.,natural,DRAFT_SCREENPLAY_FOR_OWNER_REVIEW,audio/tts_preview/ember_vale_catastrophe_005.wav,OWNER_SCREENPLAY_PENDING,UNVERIFIED_DO_NOT_SHIP
ember_vale_catastrophe_006,ember-vale:catastrophe,pre,Yang,Consent is unnecessary when no misunderstanding remains.,natural,DRAFT_SCREENPLAY_FOR_OWNER_REVIEW,audio/tts_preview/ember_vale_catastrophe_006.wav,OWNER_SCREENPLAY_PENDING,UNVERIFIED_DO_NOT_SHIP
ember_vale_catastrophe_007,ember-vale:catastrophe,mid,Ember,"If I burn brighter, everything will move.",natural,DRAFT_SCREENPLAY_FOR_OWNER_REVIEW,audio/tts_preview/ember_vale_catastrophe_007.wav,OWNER_SCREENPLAY_PENDING,UNVERIFIED_DO_NOT_SHIP
ember_vale_catastrophe_008,ember-vale:catastrophe,mid,Kaia,We are not yours to solve.,natural,DRAFT_SCREENPLAY_FOR_OWNER_REVIEW,audio/tts_preview/ember_vale_catastrophe_008.wav,OWNER_SCREENPLAY_PENDING,UNVERIFIED_DO_NOT_SHIP
ember_vale_catastrophe_009,ember-vale:catastrophe,post,Rook,Then we hold together.,natural,DRAFT_SCREENPLAY_FOR_OWNER_REVIEW,audio/tts_preview/ember_vale_catastrophe_009.wav,OWNER_SCREENPLAY_PENDING,UNVERIFIED_DO_NOT_SHIP
ember_vale_catastrophe_010,ember-vale:catastrophe,post,Vesper,"For once, I have nothing clever to add.",natural,DRAFT_SCREENPLAY_FOR_OWNER_REVIEW,audio/tts_preview/ember_vale_catastrophe_010.wav,OWNER_SCREENPLAY_PENDING,UNVERIFIED_DO_NOT_SHIP
ember_vale_impossible_battle_1_001,ember-vale:impossible_battle_1,pre,Yang,You mistake the size of the disagreement for the depth of it.,natural,DRAFT_SCREENPLAY_FOR_OWNER_REVIEW,audio/tts_preview/ember_vale_impossible_battle_1_001.wav,OWNER_SCREENPLAY_PENDING,UNVERIFIED_DO_NOT_SHIP
ember_vale_impossible_battle_1_002,ember-vale:impossible_battle_1,pre,Ember,Then we are going to test your certainty.,natural,DRAFT_SCREENPLAY_FOR_OWNER_REVIEW,audio/tts_preview/ember_vale_impossible_battle_1_002.wav,OWNER_SCREENPLAY_PENDING,UNVERIFIED_DO_NOT_SHIP
ember_vale_impossible_battle_1_003,ember-vale:impossible_battle_1,mid,Yin,Every strike ends. Every heartbeat asks for rest.,natural,DRAFT_SCREENPLAY_FOR_OWNER_REVIEW,audio/tts_preview/ember_vale_impossible_battle_1_003.wav,OWNER_SCREENPLAY_PENDING,UNVERIFIED_DO_NOT_SHIP
ember_vale_impossible_battle_1_004,ember-vale:impossible_battle_1,mid,Orion,"Our attacks are changing nothing. The field responds to allegiance, not impact.",natural,DRAFT_SCREENPLAY_FOR_OWNER_REVIEW,audio/tts_preview/ember_vale_impossible_battle_1_004.wav,OWNER_SCREENPLAY_PENDING,UNVERIFIED_DO_NOT_SHIP
ember_vale_impossible_battle_1_005,ember-vale:impossible_battle_1,post,Ember,The fight was never about who hit harder.,natural,DRAFT_SCREENPLAY_FOR_OWNER_REVIEW,audio/tts_preview/ember_vale_impossible_battle_1_005.wav,OWNER_SCREENPLAY_PENDING,UNVERIFIED_DO_NOT_SHIP
ember_vale_impossible_battle_1_006,ember-vale:impossible_battle_1,post,Yang,"At last, you have begun to observe.",natural,DRAFT_SCREENPLAY_FOR_OWNER_REVIEW,audio/tts_preview/ember_vale_impossible_battle_1_006.wav,OWNER_SCREENPLAY_PENDING,UNVERIFIED_DO_NOT_SHIP
ember_vale_first_loss_001,ember-vale:first_loss,pre,Nix,Please hold the corridor. Do not heat the seals.,natural,DRAFT_SCREENPLAY_FOR_OWNER_REVIEW,audio/tts_preview/ember_vale_first_loss_001.wav,OWNER_SCREENPLAY_PENDING,UNVERIFIED_DO_NOT_SHIP
ember_vale_first_loss_002,ember-vale:first_loss,pre,Ember,I can burn through the obstruction.,natural,DRAFT_SCREENPLAY_FOR_OWNER_REVIEW,audio/tts_preview/ember_vale_first_loss_002.wav,OWNER_SCREENPLAY_PENDING,UNVERIFIED_DO_NOT_SHIP
ember_vale_first_loss_003,ember-vale:first_loss,pre,Nix,Then the pressure will take the people beyond it.,natural,DRAFT_SCREENPLAY_FOR_OWNER_REVIEW,audio/tts_preview/ember_vale_first_loss_003.wav,OWNER_SCREENPLAY_PENDING,UNVERIFIED_DO_NOT_SHIP
ember_vale_first_loss_004,ember-vale:first_loss,pre,Ember,I have always saved time by pushing.,natural,DRAFT_SCREENPLAY_FOR_OWNER_REVIEW,audio/tts_preview/ember_vale_first_loss_004.wav,OWNER_SCREENPLAY_PENDING,UNVERIFIED_DO_NOT_SHIP
ember_vale_first_loss_005,ember-vale:first_loss,mid,Nix,Not this time. Give me room.,strained,DRAFT_SCREENPLAY_FOR_OWNER_REVIEW,audio/tts_preview/ember_vale_first_loss_005.wav,OWNER_SCREENPLAY_PENDING,UNVERIFIED_DO_NOT_SHIP
ember_vale_first_loss_006,ember-vale:first_loss,mid,Ember,There. My hands are still. Why is it still collapsing?,strained,DRAFT_SCREENPLAY_FOR_OWNER_REVIEW,audio/tts_preview/ember_vale_first_loss_006.wav,OWNER_SCREENPLAY_PENDING,UNVERIFIED_DO_NOT_SHIP
ember_vale_first_loss_007,ember-vale:first_loss,mid,Nix,Because the damage was already inside the walls.,strained,DRAFT_SCREENPLAY_FOR_OWNER_REVIEW,audio/tts_preview/ember_vale_first_loss_007.wav,OWNER_SCREENPLAY_PENDING,UNVERIFIED_DO_NOT_SHIP
ember_vale_first_loss_008,ember-vale:first_loss,mid,Ember,Let me take your place.,strained,DRAFT_SCREENPLAY_FOR_OWNER_REVIEW,audio/tts_preview/ember_vale_first_loss_008.wav,OWNER_SCREENPLAY_PENDING,UNVERIFIED_DO_NOT_SHIP
ember_vale_first_loss_009,ember-vale:first_loss,post,Nix,The interval is yours to protect. My route is already committed.,strained,DRAFT_SCREENPLAY_FOR_OWNER_REVIEW,audio/tts_preview/ember_vale_first_loss_009.wav,OWNER_SCREENPLAY_PENDING,UNVERIFIED_DO_NOT_SHIP
ember_vale_first_loss_010,ember-vale:first_loss,post,Ember,I heard your warning as a challenge.,strained,DRAFT_SCREENPLAY_FOR_OWNER_REVIEW,audio/tts_preview/ember_vale_first_loss_010.wav,OWNER_SCREENPLAY_PENDING,UNVERIFIED_DO_NOT_SHIP
ember_vale_first_loss_011,ember-vale:first_loss,post,Nix,Then let it become a lesson.,strained,DRAFT_SCREENPLAY_FOR_OWNER_REVIEW,audio/tts_preview/ember_vale_first_loss_011.wav,OWNER_SCREENPLAY_PENDING,UNVERIFIED_DO_NOT_SHIP
ember_vale_first_loss_012,ember-vale:first_loss,post,Ember,I will hold this gap. You will not vanish into my fire.,strained,DRAFT_SCREENPLAY_FOR_OWNER_REVIEW,audio/tts_preview/ember_vale_first_loss_012.wav,OWNER_SCREENPLAY_PENDING,UNVERIFIED_DO_NOT_SHIP
ember_vale_first_loss_013,ember-vale:first_loss,post,Yin,The burden has found an ending.,soft,DRAFT_SCREENPLAY_FOR_OWNER_REVIEW,audio/tts_preview/ember_vale_first_loss_013.wav,OWNER_SCREENPLAY_PENDING,UNVERIFIED_DO_NOT_SHIP
ember_vale_first_loss_014,ember-vale:first_loss,post,Yang,An incomplete loss can be integrated into a clearer whole.,clear,DRAFT_SCREENPLAY_FOR_OWNER_REVIEW,audio/tts_preview/ember_vale_first_loss_014.wav,OWNER_SCREENPLAY_PENDING,UNVERIFIED_DO_NOT_SHIP
ember_vale_first_loss_015,ember-vale:first_loss,post,Ember,I can still feel the shape of the space I did not leave.,grief,DRAFT_SCREENPLAY_FOR_OWNER_REVIEW,audio/tts_preview/ember_vale_first_loss_015.wav,OWNER_SCREENPLAY_PENDING,UNVERIFIED_DO_NOT_SHIP
ember_vale_puppet_imbalance_001,ember-vale:puppet_imbalance,pre,Yin,A simple world is a quiet world.,natural,DRAFT_SCREENPLAY_FOR_OWNER_REVIEW,audio/tts_preview/ember_vale_puppet_imbalance_001.wav,OWNER_SCREENPLAY_PENDING,UNVERIFIED_DO_NOT_SHIP
ember_vale_puppet_imbalance_002,ember-vale:puppet_imbalance,pre,Yang,An ordered world is a world without mistakes.,natural,DRAFT_SCREENPLAY_FOR_OWNER_REVIEW,audio/tts_preview/ember_vale_puppet_imbalance_002.wav,OWNER_SCREENPLAY_PENDING,UNVERIFIED_DO_NOT_SHIP
ember_vale_puppet_imbalance_003,ember-vale:puppet_imbalance,pre,Ember,A blow will not fix a stolen choice. I finally get that.,natural,DRAFT_SCREENPLAY_FOR_OWNER_REVIEW,audio/tts_preview/ember_vale_puppet_imbalance_003.wav,OWNER_SCREENPLAY_PENDING,UNVERIFIED_DO_NOT_SHIP
ember_vale_puppet_imbalance_004,ember-vale:puppet_imbalance,mid,Ember,One side holds three of my friends. I can change that without taking their place.,natural,DRAFT_SCREENPLAY_FOR_OWNER_REVIEW,audio/tts_preview/ember_vale_puppet_imbalance_004.wav,OWNER_SCREENPLAY_PENDING,UNVERIFIED_DO_NOT_SHIP
ember_vale_puppet_imbalance_005,ember-vale:puppet_imbalance,post,Ember,I will make space where my fire once took it.,natural,DRAFT_SCREENPLAY_FOR_OWNER_REVIEW,audio/tts_preview/ember_vale_puppet_imbalance_005.wav,OWNER_SCREENPLAY_PENDING,UNVERIFIED_DO_NOT_SHIP
ember_vale_puppet_imbalance_006,ember-vale:puppet_imbalance,post,Vesper,"If you find the real me, please do not keep me as a souvenir.",natural,DRAFT_SCREENPLAY_FOR_OWNER_REVIEW,audio/tts_preview/ember_vale_puppet_imbalance_006.wav,OWNER_SCREENPLAY_PENDING,UNVERIFIED_DO_NOT_SHIP
ember_vale_first_release_001,ember-vale:first_release,pre,Ember,I can pull my fist before it lands. Maybe I can pull them home.,natural,DRAFT_SCREENPLAY_FOR_OWNER_REVIEW,audio/tts_preview/ember_vale_first_release_001.wav,OWNER_SCREENPLAY_PENDING,UNVERIFIED_DO_NOT_SHIP
ember_vale_first_release_002,ember-vale:first_release,pre,Yin,The mask removes the need to decide. How merciful.,natural,DRAFT_SCREENPLAY_FOR_OWNER_REVIEW,audio/tts_preview/ember_vale_first_release_002.wav,OWNER_SCREENPLAY_PENDING,UNVERIFIED_DO_NOT_SHIP
ember_vale_first_release_003,ember-vale:first_release,mid,Ember,Take your own breath. I will hold back the flame.,natural,DRAFT_SCREENPLAY_FOR_OWNER_REVIEW,audio/tts_preview/ember_vale_first_release_003.wav,OWNER_SCREENPLAY_PENDING,UNVERIFIED_DO_NOT_SHIP
ember_vale_first_release_004,ember-vale:first_release,mid,Yang,Restored variation is an uncorrected flaw.,natural,DRAFT_SCREENPLAY_FOR_OWNER_REVIEW,audio/tts_preview/ember_vale_first_release_004.wav,OWNER_SCREENPLAY_PENDING,UNVERIFIED_DO_NOT_SHIP
ember_vale_first_release_005,ember-vale:first_release,post,Ember,Your first real movement is yours. Keep it.,natural,DRAFT_SCREENPLAY_FOR_OWNER_REVIEW,audio/tts_preview/ember_vale_first_release_005.wav,OWNER_SCREENPLAY_PENDING,UNVERIFIED_DO_NOT_SHIP
ember_vale_first_release_006,ember-vale:first_release,post,Ember,You move first. I will not drag you into my victory.,natural,DRAFT_SCREENPLAY_FOR_OWNER_REVIEW,audio/tts_preview/ember_vale_first_release_006.wav,OWNER_SCREENPLAY_PENDING,UNVERIFIED_DO_NOT_SHIP
ember_vale_equilibrium_001,ember-vale:equilibrium,pre,Ember,The pressure is even. Nobody is safe yet.,natural,DRAFT_SCREENPLAY_FOR_OWNER_REVIEW,audio/tts_preview/ember_vale_equilibrium_001.wav,OWNER_SCREENPLAY_PENDING,UNVERIFIED_DO_NOT_SHIP
ember_vale_equilibrium_002,ember-vale:equilibrium,pre,Orion,The competing claims are momentarily equal.,natural,DRAFT_SCREENPLAY_FOR_OWNER_REVIEW,audio/tts_preview/ember_vale_equilibrium_002.wav,OWNER_SCREENPLAY_PENDING,UNVERIFIED_DO_NOT_SHIP
ember_vale_equilibrium_003,ember-vale:equilibrium,mid,Ember,I can hold the line without setting the line on fire.,natural,DRAFT_SCREENPLAY_FOR_OWNER_REVIEW,audio/tts_preview/ember_vale_equilibrium_003.wav,OWNER_SCREENPLAY_PENDING,UNVERIFIED_DO_NOT_SHIP
ember_vale_equilibrium_004,ember-vale:equilibrium,mid,Yin,A pause is not defeat. Sometimes it is care.,natural,DRAFT_SCREENPLAY_FOR_OWNER_REVIEW,audio/tts_preview/ember_vale_equilibrium_004.wav,OWNER_SCREENPLAY_PENDING,UNVERIFIED_DO_NOT_SHIP
ember_vale_equilibrium_005,ember-vale:equilibrium,post,Yang,Symmetry is only the beginning of completion.,natural,DRAFT_SCREENPLAY_FOR_OWNER_REVIEW,audio/tts_preview/ember_vale_equilibrium_005.wav,OWNER_SCREENPLAY_PENDING,UNVERIFIED_DO_NOT_SHIP
ember_vale_equilibrium_006,ember-vale:equilibrium,post,Ember,I will keep this flame low enough for somebody else to speak.,natural,DRAFT_SCREENPLAY_FOR_OWNER_REVIEW,audio/tts_preview/ember_vale_equilibrium_006.wav,OWNER_SCREENPLAY_PENDING,UNVERIFIED_DO_NOT_SHIP
ember_vale_dual_release_1_001,ember-vale:dual_release_1,pre,Ember,Two masks. I will not burn the people inside.,natural,DRAFT_SCREENPLAY_FOR_OWNER_REVIEW,audio/tts_preview/ember_vale_dual_release_1_001.wav,OWNER_SCREENPLAY_PENDING,UNVERIFIED_DO_NOT_SHIP
ember_vale_dual_release_1_002,ember-vale:dual_release_1,pre,Yang,Partial definition is wasted effort.,natural,DRAFT_SCREENPLAY_FOR_OWNER_REVIEW,audio/tts_preview/ember_vale_dual_release_1_002.wav,OWNER_SCREENPLAY_PENDING,UNVERIFIED_DO_NOT_SHIP
ember_vale_dual_release_1_003,ember-vale:dual_release_1,mid,Ember,You are not pieces on my board.,natural,DRAFT_SCREENPLAY_FOR_OWNER_REVIEW,audio/tts_preview/ember_vale_dual_release_1_003.wav,OWNER_SCREENPLAY_PENDING,UNVERIFIED_DO_NOT_SHIP
ember_vale_dual_release_1_004,ember-vale:dual_release_1,mid,Yin,Then allow them the peace of no decision.,natural,DRAFT_SCREENPLAY_FOR_OWNER_REVIEW,audio/tts_preview/ember_vale_dual_release_1_004.wav,OWNER_SCREENPLAY_PENDING,UNVERIFIED_DO_NOT_SHIP
ember_vale_dual_release_1_005,ember-vale:dual_release_1,post,Ember,Hold the opening. Let each of them choose a way out.,natural,DRAFT_SCREENPLAY_FOR_OWNER_REVIEW,audio/tts_preview/ember_vale_dual_release_1_005.wav,OWNER_SCREENPLAY_PENDING,UNVERIFIED_DO_NOT_SHIP
ember_vale_dual_release_2_001,ember-vale:dual_release_2,pre,Ember,The last two are not a target. They are coming home.,natural,DRAFT_SCREENPLAY_FOR_OWNER_REVIEW,audio/tts_preview/ember_vale_dual_release_2_001.wav,OWNER_SCREENPLAY_PENDING,UNVERIFIED_DO_NOT_SHIP
ember_vale_dual_release_2_002,ember-vale:dual_release_2,pre,Yin,To release them is to return their pain.,natural,DRAFT_SCREENPLAY_FOR_OWNER_REVIEW,audio/tts_preview/ember_vale_dual_release_2_002.wav,OWNER_SCREENPLAY_PENDING,UNVERIFIED_DO_NOT_SHIP
ember_vale_dual_release_2_003,ember-vale:dual_release_2,mid,Ember,And their laughter. Their anger. Their choices.,natural,DRAFT_SCREENPLAY_FOR_OWNER_REVIEW,audio/tts_preview/ember_vale_dual_release_2_003.wav,OWNER_SCREENPLAY_PENDING,UNVERIFIED_DO_NOT_SHIP
ember_vale_dual_release_2_004,ember-vale:dual_release_2,mid,Yang,You cannot guarantee they will agree afterward.,natural,DRAFT_SCREENPLAY_FOR_OWNER_REVIEW,audio/tts_preview/ember_vale_dual_release_2_004.wav,OWNER_SCREENPLAY_PENDING,UNVERIFIED_DO_NOT_SHIP
ember_vale_dual_release_2_005,ember-vale:dual_release_2,post,Ember,I am counting on them not to.,natural,DRAFT_SCREENPLAY_FOR_OWNER_REVIEW,audio/tts_preview/ember_vale_dual_release_2_005.wav,OWNER_SCREENPLAY_PENDING,UNVERIFIED_DO_NOT_SHIP
ember_vale_dual_release_2_006,ember-vale:dual_release_2,post,Ember,Nix would call this a structural solution. I call it listening.,natural,DRAFT_SCREENPLAY_FOR_OWNER_REVIEW,audio/tts_preview/ember_vale_dual_release_2_006.wav,OWNER_SCREENPLAY_PENDING,UNVERIFIED_DO_NOT_SHIP
ember_vale_prismatic_gray_001,ember-vale:prismatic_gray,pre,Yin,Every borrowed memory is another weight.,natural,DRAFT_SCREENPLAY_FOR_OWNER_REVIEW,audio/tts_preview/ember_vale_prismatic_gray_001.wav,OWNER_SCREENPLAY_PENDING,UNVERIFIED_DO_NOT_SHIP
ember_vale_prismatic_gray_002,ember-vale:prismatic_gray,pre,Yang,"If you combine them perfectly, there will be no conflict left.",natural,DRAFT_SCREENPLAY_FOR_OWNER_REVIEW,audio/tts_preview/ember_vale_prismatic_gray_002.wav,OWNER_SCREENPLAY_PENDING,UNVERIFIED_DO_NOT_SHIP
ember_vale_prismatic_gray_003,ember-vale:prismatic_gray,pre,Ember,The fire is still mine.,natural,DRAFT_SCREENPLAY_FOR_OWNER_REVIEW,audio/tts_preview/ember_vale_prismatic_gray_003.wav,OWNER_SCREENPLAY_PENDING,UNVERIFIED_DO_NOT_SHIP
ember_vale_prismatic_gray_004,ember-vale:prismatic_gray,mid,Ember,Six people. Six choices I could not make for them.,natural,DRAFT_SCREENPLAY_FOR_OWNER_REVIEW,audio/tts_preview/ember_vale_prismatic_gray_004.wav,OWNER_SCREENPLAY_PENDING,UNVERIFIED_DO_NOT_SHIP
ember_vale_prismatic_gray_005,ember-vale:prismatic_gray,mid,Ember,But now I know when it should light the way instead of clearing it.,natural,DRAFT_SCREENPLAY_FOR_OWNER_REVIEW,audio/tts_preview/ember_vale_prismatic_gray_005.wav,OWNER_SCREENPLAY_PENDING,UNVERIFIED_DO_NOT_SHIP
ember_vale_prismatic_gray_006,ember-vale:prismatic_gray,post,Kaia,You are still yourself. That is the point.,natural,DRAFT_SCREENPLAY_FOR_OWNER_REVIEW,audio/tts_preview/ember_vale_prismatic_gray_006.wav,OWNER_SCREENPLAY_PENDING,UNVERIFIED_DO_NOT_SHIP
ember_vale_prismatic_gray_007,ember-vale:prismatic_gray,post,Ember,And this choice is mine.,natural,DRAFT_SCREENPLAY_FOR_OWNER_REVIEW,audio/tts_preview/ember_vale_prismatic_gray_007.wav,OWNER_SCREENPLAY_PENDING,UNVERIFIED_DO_NOT_SHIP
ember_vale_impossible_battle_2_001,ember-vale:impossible_battle_2,pre,Yin,A fire can stop without being extinguished forever.,soft,DRAFT_SCREENPLAY_FOR_OWNER_REVIEW,audio/tts_preview/ember_vale_impossible_battle_2_001.wav,OWNER_SCREENPLAY_PENDING,UNVERIFIED_DO_NOT_SHIP
ember_vale_impossible_battle_2_002,ember-vale:impossible_battle_2,pre,Yang,A flame can illuminate without obeying a pattern.,formal,DRAFT_SCREENPLAY_FOR_OWNER_REVIEW,audio/tts_preview/ember_vale_impossible_battle_2_002.wav,OWNER_SCREENPLAY_PENDING,UNVERIFIED_DO_NOT_SHIP
ember_vale_impossible_battle_2_003,ember-vale:impossible_battle_2,pre,Ember,"Yin, even a flame needs to rest.",natural,DRAFT_SCREENPLAY_FOR_OWNER_REVIEW,audio/tts_preview/ember_vale_impossible_battle_2_003.wav,OWNER_SCREENPLAY_PENDING,UNVERIFIED_DO_NOT_SHIP
ember_vale_impossible_battle_2_004,ember-vale:impossible_battle_2,mid,Ember,"Yang, even a flame needs room to dance.",natural,DRAFT_SCREENPLAY_FOR_OWNER_REVIEW,audio/tts_preview/ember_vale_impossible_battle_2_004.wav,OWNER_SCREENPLAY_PENDING,UNVERIFIED_DO_NOT_SHIP
ember_vale_impossible_battle_2_005,ember-vale:impossible_battle_2,mid,Yin,Then you accept that someone may be hurt again.,natural,DRAFT_SCREENPLAY_FOR_OWNER_REVIEW,audio/tts_preview/ember_vale_impossible_battle_2_005.wav,OWNER_SCREENPLAY_PENDING,UNVERIFIED_DO_NOT_SHIP
ember_vale_impossible_battle_2_006,ember-vale:impossible_battle_2,mid,Ember,I accept that they remain someone who can choose.,natural,DRAFT_SCREENPLAY_FOR_OWNER_REVIEW,audio/tts_preview/ember_vale_impossible_battle_2_006.wav,OWNER_SCREENPLAY_PENDING,UNVERIFIED_DO_NOT_SHIP
ember_vale_impossible_battle_2_007,ember-vale:impossible_battle_2,mid,Yang,You offer an unfinished design.,natural,DRAFT_SCREENPLAY_FOR_OWNER_REVIEW,audio/tts_preview/ember_vale_impossible_battle_2_007.wav,OWNER_SCREENPLAY_PENDING,UNVERIFIED_DO_NOT_SHIP
ember_vale_impossible_battle_2_008,ember-vale:impossible_battle_2,post,Ember,Neither of you gets to command its shape.,natural,DRAFT_SCREENPLAY_FOR_OWNER_REVIEW,audio/tts_preview/ember_vale_impossible_battle_2_008.wav,OWNER_SCREENPLAY_PENDING,UNVERIFIED_DO_NOT_SHIP
ember_vale_impossible_battle_2_009,ember-vale:impossible_battle_2,post,Yin,A boundary with an opening. Unfamiliar.,natural,DRAFT_SCREENPLAY_FOR_OWNER_REVIEW,audio/tts_preview/ember_vale_impossible_battle_2_009.wav,OWNER_SCREENPLAY_PENDING,UNVERIFIED_DO_NOT_SHIP
ember_vale_impossible_battle_2_010,ember-vale:impossible_battle_2,post,Yang,A pattern that may change itself. Unaccounted for.,natural,DRAFT_SCREENPLAY_FOR_OWNER_REVIEW,audio/tts_preview/ember_vale_impossible_battle_2_010.wav,OWNER_SCREENPLAY_PENDING,UNVERIFIED_DO_NOT_SHIP
ember_vale_epilogue_001,ember-vale:epilogue,pre,Ember,"We built a hearth, not a weapon.",natural,DRAFT_SCREENPLAY_FOR_OWNER_REVIEW,audio/tts_preview/ember_vale_epilogue_001.wav,OWNER_SCREENPLAY_PENDING,UNVERIFIED_DO_NOT_SHIP
ember_vale_epilogue_002,ember-vale:epilogue,pre,Juno,Do we have to call this a victory? I would prefer food.,natural,DRAFT_SCREENPLAY_FOR_OWNER_REVIEW,audio/tts_preview/ember_vale_epilogue_002.wav,OWNER_SCREENPLAY_PENDING,UNVERIFIED_DO_NOT_SHIP
ember_vale_epilogue_003,ember-vale:epilogue,pre,Ember,I hear the lesson left behind. I will not pretend its owner stands here.,natural,DRAFT_SCREENPLAY_FOR_OWNER_REVIEW,audio/tts_preview/ember_vale_epilogue_003.wav,OWNER_SCREENPLAY_PENDING,UNVERIFIED_DO_NOT_SHIP
ember_vale_epilogue_004,ember-vale:epilogue,pre,Vesper,Who says the argument has to end?,natural,DRAFT_SCREENPLAY_FOR_OWNER_REVIEW,audio/tts_preview/ember_vale_epilogue_004.wav,OWNER_SCREENPLAY_PENDING,UNVERIFIED_DO_NOT_SHIP
ember_vale_epilogue_005,ember-vale:epilogue,mid,Rook,It does not. Just make a space for it.,natural,DRAFT_SCREENPLAY_FOR_OWNER_REVIEW,audio/tts_preview/ember_vale_epilogue_005.wav,OWNER_SCREENPLAY_PENDING,UNVERIFIED_DO_NOT_SHIP
ember_vale_epilogue_006,ember-vale:epilogue,post,Ember,Come argue with me tomorrow. Bring your best idea.,natural,DRAFT_SCREENPLAY_FOR_OWNER_REVIEW,audio/tts_preview/ember_vale_epilogue_006.wav,OWNER_SCREENPLAY_PENDING,UNVERIFIED_DO_NOT_SHIP
ember_vale_epilogue_007,ember-vale:epilogue,post,Kaia,That will do. Until tomorrow.,natural,DRAFT_SCREENPLAY_FOR_OWNER_REVIEW,audio/tts_preview/ember_vale_epilogue_007.wav,OWNER_SCREENPLAY_PENDING,UNVERIFIED_DO_NOT_SHIP
ember_vale_unlock_001,ember-vale:unlock,pre,Ember,"I will remember the choices, not just the outcome.",natural,DRAFT_SCREENPLAY_FOR_OWNER_REVIEW,audio/tts_preview/ember_vale_unlock_001.wav,OWNER_SCREENPLAY_PENDING,UNVERIFIED_DO_NOT_SHIP
ember_vale_unlock_002,ember-vale:unlock,mid,Kaia,Another color has found its own way to Gray.,natural,DRAFT_SCREENPLAY_FOR_OWNER_REVIEW,audio/tts_preview/ember_vale_unlock_002.wav,OWNER_SCREENPLAY_PENDING,UNVERIFIED_DO_NOT_SHIP
ember_vale_unlock_003,ember-vale:unlock,post,Ember,Let the next story be told in its own voice.,natural,DRAFT_SCREENPLAY_FOR_OWNER_REVIEW,audio/tts_preview/ember_vale_unlock_003.wav,OWNER_SCREENPLAY_PENDING,UNVERIFIED_DO_NOT_SHIP
ember_vale_unlock_004,ember-vale:unlock,post,Orion,The result is reproducible. The journey was not inevitable.,natural,DRAFT_SCREENPLAY_FOR_OWNER_REVIEW,audio/tts_preview/ember_vale_unlock_004.wav,OWNER_SCREENPLAY_PENDING,UNVERIFIED_DO_NOT_SHIP
rook_ironside_prologue_001,rook-ironside:prologue,pre,Rook,The wall is steady.,natural,DRAFT_SCREENPLAY_FOR_OWNER_REVIEW,audio/tts_preview/rook_ironside_prologue_001.wav,OWNER_SCREENPLAY_PENDING,UNVERIFIED_DO_NOT_SHIP
rook_ironside_prologue_002,rook-ironside:prologue,pre,Rook,I have held worse.,natural,DRAFT_SCREENPLAY_FOR_OWNER_REVIEW,audio/tts_preview/rook_ironside_prologue_002.wav,OWNER_SCREENPLAY_PENDING,UNVERIFIED_DO_NOT_SHIP
rook_ironside_prologue_003,rook-ironside:prologue,pre,Yin,A silence lies beneath every unfinished argument.,soft,DRAFT_SCREENPLAY_FOR_OWNER_REVIEW,audio/tts_preview/rook_ironside_prologue_003.wav,OWNER_SCREENPLAY_PENDING,UNVERIFIED_DO_NOT_SHIP
rook_ironside_prologue_004,rook-ironside:prologue,pre,Yang,Every incomplete path can be corrected.,clear,DRAFT_SCREENPLAY_FOR_OWNER_REVIEW,audio/tts_preview/rook_ironside_prologue_004.wav,OWNER_SCREENPLAY_PENDING,UNVERIFIED_DO_NOT_SHIP
rook_ironside_prologue_005,rook-ironside:prologue,mid,Rook,"If I carry it alone, nobody else gets hurt.",natural,DRAFT_SCREENPLAY_FOR_OWNER_REVIEW,audio/tts_preview/rook_ironside_prologue_005.wav,OWNER_SCREENPLAY_PENDING,UNVERIFIED_DO_NOT_SHIP
rook_ironside_prologue_006,rook-ironside:prologue,post,Rook,I can take the weight.,natural,DRAFT_SCREENPLAY_FOR_OWNER_REVIEW,audio/tts_preview/rook_ironside_prologue_006.wav,OWNER_SCREENPLAY_PENDING,UNVERIFIED_DO_NOT_SHIP
rook_ironside_recruit_ember_vale_001,rook-ironside:recruit:ember-vale,pre,Ember,I would rather lose a fight than a chance to act.,natural,DRAFT_SCREENPLAY_FOR_OWNER_REVIEW,audio/tts_preview/rook_ironside_recruit_ember_vale_001.wav,OWNER_SCREENPLAY_PENDING,UNVERIFIED_DO_NOT_SHIP
rook_ironside_recruit_ember_vale_002,rook-ironside:recruit:ember-vale,pre,Rook,And what happens when you push straight through someone else?,natural,DRAFT_SCREENPLAY_FOR_OWNER_REVIEW,audio/tts_preview/rook_ironside_recruit_ember_vale_002.wav,OWNER_SCREENPLAY_PENDING,UNVERIFIED_DO_NOT_SHIP
rook_ironside_recruit_ember_vale_003,rook-ironside:recruit:ember-vale,mid,Ember,What if I do not want to stand behind you?,natural,DRAFT_SCREENPLAY_FOR_OWNER_REVIEW,audio/tts_preview/rook_ironside_recruit_ember_vale_003.wav,OWNER_SCREENPLAY_PENDING,UNVERIFIED_DO_NOT_SHIP
rook_ironside_recruit_ember_vale_004,rook-ironside:recruit:ember-vale,mid,Rook,I hear you. I will move if you ask.,natural,DRAFT_SCREENPLAY_FOR_OWNER_REVIEW,audio/tts_preview/rook_ironside_recruit_ember_vale_004.wav,OWNER_SCREENPLAY_PENDING,UNVERIFIED_DO_NOT_SHIP
rook_ironside_recruit_ember_vale_005,rook-ironside:recruit:ember-vale,post,Ember,Fine. I will follow as long as we keep moving.,natural,DRAFT_SCREENPLAY_FOR_OWNER_REVIEW,audio/tts_preview/rook_ironside_recruit_ember_vale_005.wav,OWNER_SCREENPLAY_PENDING,UNVERIFIED_DO_NOT_SHIP
rook_ironside_recruit_ember_vale_006,rook-ironside:recruit:ember-vale,post,Rook,I have space at my side.,natural,DRAFT_SCREENPLAY_FOR_OWNER_REVIEW,audio/tts_preview/rook_ironside_recruit_ember_vale_006.wav,OWNER_SCREENPLAY_PENDING,UNVERIFIED_DO_NOT_SHIP
rook_ironside_recruit_juno_spark_001,rook-ironside:recruit:juno-spark,pre,Juno,I spotted three routes. Want the good one or the fast one?,natural,DRAFT_SCREENPLAY_FOR_OWNER_REVIEW,audio/tts_preview/rook_ironside_recruit_juno_spark_001.wav,OWNER_SCREENPLAY_PENDING,UNVERIFIED_DO_NOT_SHIP
rook_ironside_recruit_juno_spark_002,rook-ironside:recruit:juno-spark,pre,Rook,And if the fast route leaves somebody else stranded?,natural,DRAFT_SCREENPLAY_FOR_OWNER_REVIEW,audio/tts_preview/rook_ironside_recruit_juno_spark_002.wav,OWNER_SCREENPLAY_PENDING,UNVERIFIED_DO_NOT_SHIP
rook_ironside_recruit_juno_spark_003,rook-ironside:recruit:juno-spark,mid,Juno,What if I do not want to stand behind you?,natural,DRAFT_SCREENPLAY_FOR_OWNER_REVIEW,audio/tts_preview/rook_ironside_recruit_juno_spark_003.wav,OWNER_SCREENPLAY_PENDING,UNVERIFIED_DO_NOT_SHIP
rook_ironside_recruit_juno_spark_004,rook-ironside:recruit:juno-spark,mid,Rook,I hear you. I will move if you ask.,natural,DRAFT_SCREENPLAY_FOR_OWNER_REVIEW,audio/tts_preview/rook_ironside_recruit_juno_spark_004.wav,OWNER_SCREENPLAY_PENDING,UNVERIFIED_DO_NOT_SHIP
rook_ironside_recruit_juno_spark_005,rook-ironside:recruit:juno-spark,post,Juno,Okay. The good route first. I can still make it fast.,natural,DRAFT_SCREENPLAY_FOR_OWNER_REVIEW,audio/tts_preview/rook_ironside_recruit_juno_spark_005.wav,OWNER_SCREENPLAY_PENDING,UNVERIFIED_DO_NOT_SHIP
rook_ironside_recruit_juno_spark_006,rook-ironside:recruit:juno-spark,post,Rook,You decide where to stand.,natural,DRAFT_SCREENPLAY_FOR_OWNER_REVIEW,audio/tts_preview/rook_ironside_recruit_juno_spark_006.wav,OWNER_SCREENPLAY_PENDING,UNVERIFIED_DO_NOT_SHIP
rook_ironside_recruit_vesper_nyx_001,rook-ironside:recruit:vesper-nyx,pre,Vesper,How charming. Someone followed the wrong shadow to the right place.,natural,DRAFT_SCREENPLAY_FOR_OWNER_REVIEW,audio/tts_preview/rook_ironside_recruit_vesper_nyx_001.wav,OWNER_SCREENPLAY_PENDING,UNVERIFIED_DO_NOT_SHIP
rook_ironside_recruit_vesper_nyx_002,rook-ironside:recruit:vesper-nyx,pre,Rook,Would you still be here if everyone could see you clearly?,natural,DRAFT_SCREENPLAY_FOR_OWNER_REVIEW,audio/tts_preview/rook_ironside_recruit_vesper_nyx_002.wav,OWNER_SCREENPLAY_PENDING,UNVERIFIED_DO_NOT_SHIP
rook_ironside_recruit_vesper_nyx_003,rook-ironside:recruit:vesper-nyx,mid,Vesper,What if I do not want to stand behind you?,natural,DRAFT_SCREENPLAY_FOR_OWNER_REVIEW,audio/tts_preview/rook_ironside_recruit_vesper_nyx_003.wav,OWNER_SCREENPLAY_PENDING,UNVERIFIED_DO_NOT_SHIP
rook_ironside_recruit_vesper_nyx_004,rook-ironside:recruit:vesper-nyx,mid,Rook,I hear you. I will move if you ask.,natural,DRAFT_SCREENPLAY_FOR_OWNER_REVIEW,audio/tts_preview/rook_ironside_recruit_vesper_nyx_004.wav,OWNER_SCREENPLAY_PENDING,UNVERIFIED_DO_NOT_SHIP
rook_ironside_recruit_vesper_nyx_005,rook-ironside:recruit:vesper-nyx,post,Vesper,Look at that. An answer with no trapdoor.,natural,DRAFT_SCREENPLAY_FOR_OWNER_REVIEW,audio/tts_preview/rook_ironside_recruit_vesper_nyx_005.wav,OWNER_SCREENPLAY_PENDING,UNVERIFIED_DO_NOT_SHIP
rook_ironside_recruit_vesper_nyx_006,rook-ironside:recruit:vesper-nyx,post,Rook,I can protect a choice I did not make.,natural,DRAFT_SCREENPLAY_FOR_OWNER_REVIEW,audio/tts_preview/rook_ironside_recruit_vesper_nyx_006.wav,OWNER_SCREENPLAY_PENDING,UNVERIFIED_DO_NOT_SHIP
rook_ironside_recruit_kaia_windrow_001,rook-ironside:recruit:kaia-windrow,pre,Kaia,"Before we argue, tell me what you are afraid of losing.",natural,DRAFT_SCREENPLAY_FOR_OWNER_REVIEW,audio/tts_preview/rook_ironside_recruit_kaia_windrow_001.wav,OWNER_SCREENPLAY_PENDING,UNVERIFIED_DO_NOT_SHIP
rook_ironside_recruit_kaia_windrow_002,rook-ironside:recruit:kaia-windrow,pre,Rook,Listening might cost more time than we have. Is it worth it?,natural,DRAFT_SCREENPLAY_FOR_OWNER_REVIEW,audio/tts_preview/rook_ironside_recruit_kaia_windrow_002.wav,OWNER_SCREENPLAY_PENDING,UNVERIFIED_DO_NOT_SHIP
rook_ironside_recruit_kaia_windrow_003,rook-ironside:recruit:kaia-windrow,mid,Kaia,What if I do not want to stand behind you?,natural,DRAFT_SCREENPLAY_FOR_OWNER_REVIEW,audio/tts_preview/rook_ironside_recruit_kaia_windrow_003.wav,OWNER_SCREENPLAY_PENDING,UNVERIFIED_DO_NOT_SHIP
rook_ironside_recruit_kaia_windrow_004,rook-ironside:recruit:kaia-windrow,mid,Rook,I hear you. I will move if you ask.,natural,DRAFT_SCREENPLAY_FOR_OWNER_REVIEW,audio/tts_preview/rook_ironside_recruit_kaia_windrow_004.wav,OWNER_SCREENPLAY_PENDING,UNVERIFIED_DO_NOT_SHIP
rook_ironside_recruit_kaia_windrow_005,rook-ironside:recruit:kaia-windrow,post,Kaia,We can start by disagreeing honestly.,natural,DRAFT_SCREENPLAY_FOR_OWNER_REVIEW,audio/tts_preview/rook_ironside_recruit_kaia_windrow_005.wav,OWNER_SCREENPLAY_PENDING,UNVERIFIED_DO_NOT_SHIP
rook_ironside_recruit_kaia_windrow_006,rook-ironside:recruit:kaia-windrow,post,Rook,I have space at my side.,natural,DRAFT_SCREENPLAY_FOR_OWNER_REVIEW,audio/tts_preview/rook_ironside_recruit_kaia_windrow_006.wav,OWNER_SCREENPLAY_PENDING,UNVERIFIED_DO_NOT_SHIP
rook_ironside_recruit_orion_vell_001,rook-ironside:recruit:orion-vell,pre,Orion,The vectors overlap. This meeting was statistically probable.,natural,DRAFT_SCREENPLAY_FOR_OWNER_REVIEW,audio/tts_preview/rook_ironside_recruit_orion_vell_001.wav,OWNER_SCREENPLAY_PENDING,UNVERIFIED_DO_NOT_SHIP
rook_ironside_recruit_orion_vell_002,rook-ironside:recruit:orion-vell,pre,Rook,Have you factored in a choice you do not expect?,natural,DRAFT_SCREENPLAY_FOR_OWNER_REVIEW,audio/tts_preview/rook_ironside_recruit_orion_vell_002.wav,OWNER_SCREENPLAY_PENDING,UNVERIFIED_DO_NOT_SHIP
rook_ironside_recruit_orion_vell_003,rook-ironside:recruit:orion-vell,mid,Orion,What if I do not want to stand behind you?,natural,DRAFT_SCREENPLAY_FOR_OWNER_REVIEW,audio/tts_preview/rook_ironside_recruit_orion_vell_003.wav,OWNER_SCREENPLAY_PENDING,UNVERIFIED_DO_NOT_SHIP
rook_ironside_recruit_orion_vell_004,rook-ironside:recruit:orion-vell,mid,Rook,I hear you. I will move if you ask.,natural,DRAFT_SCREENPLAY_FOR_OWNER_REVIEW,audio/tts_preview/rook_ironside_recruit_orion_vell_004.wav,OWNER_SCREENPLAY_PENDING,UNVERIFIED_DO_NOT_SHIP
rook_ironside_recruit_orion_vell_005,rook-ironside:recruit:orion-vell,post,Orion,That variable has my attention now.,natural,DRAFT_SCREENPLAY_FOR_OWNER_REVIEW,audio/tts_preview/rook_ironside_recruit_orion_vell_005.wav,OWNER_SCREENPLAY_PENDING,UNVERIFIED_DO_NOT_SHIP
rook_ironside_recruit_orion_vell_006,rook-ironside:recruit:orion-vell,post,Rook,You decide where to stand.,natural,DRAFT_SCREENPLAY_FOR_OWNER_REVIEW,audio/tts_preview/rook_ironside_recruit_orion_vell_006.wav,OWNER_SCREENPLAY_PENDING,UNVERIFIED_DO_NOT_SHIP
rook_ironside_recruit_nix_calder_001,rook-ironside:recruit:nix-calder,pre,Nix,"I can secure this area, provided everyone follows the instructions.",natural,DRAFT_SCREENPLAY_FOR_OWNER_REVIEW,audio/tts_preview/rook_ironside_recruit_nix_calder_001.wav,OWNER_SCREENPLAY_PENDING,UNVERIFIED_DO_NOT_SHIP
rook_ironside_recruit_nix_calder_002,rook-ironside:recruit:nix-calder,pre,Rook,What if the instructions fail the people they protect?,natural,DRAFT_SCREENPLAY_FOR_OWNER_REVIEW,audio/tts_preview/rook_ironside_recruit_nix_calder_002.wav,OWNER_SCREENPLAY_PENDING,UNVERIFIED_DO_NOT_SHIP
rook_ironside_recruit_nix_calder_003,rook-ironside:recruit:nix-calder,mid,Nix,What if I do not want to stand behind you?,natural,DRAFT_SCREENPLAY_FOR_OWNER_REVIEW,audio/tts_preview/rook_ironside_recruit_nix_calder_003.wav,OWNER_SCREENPLAY_PENDING,UNVERIFIED_DO_NOT_SHIP
rook_ironside_recruit_nix_calder_004,rook-ironside:recruit:nix-calder,mid,Rook,I hear you. I will move if you ask.,natural,DRAFT_SCREENPLAY_FOR_OWNER_REVIEW,audio/tts_preview/rook_ironside_recruit_nix_calder_004.wav,OWNER_SCREENPLAY_PENDING,UNVERIFIED_DO_NOT_SHIP
rook_ironside_recruit_nix_calder_005,rook-ironside:recruit:nix-calder,post,Nix,An amended plan is better than a perfect failure.,natural,DRAFT_SCREENPLAY_FOR_OWNER_REVIEW,audio/tts_preview/rook_ironside_recruit_nix_calder_005.wav,OWNER_SCREENPLAY_PENDING,UNVERIFIED_DO_NOT_SHIP
rook_ironside_recruit_nix_calder_006,rook-ironside:recruit:nix-calder,post,Rook,I can protect a choice I did not make.,natural,DRAFT_SCREENPLAY_FOR_OWNER_REVIEW,audio/tts_preview/rook_ironside_recruit_nix_calder_006.wav,OWNER_SCREENPLAY_PENDING,UNVERIFIED_DO_NOT_SHIP
rook_ironside_accord_001,rook-ironside:accord,pre,Rook,I counted six people behind me.,natural,DRAFT_SCREENPLAY_FOR_OWNER_REVIEW,audio/tts_preview/rook_ironside_accord_001.wav,OWNER_SCREENPLAY_PENDING,UNVERIFIED_DO_NOT_SHIP
rook_ironside_accord_002,rook-ironside:accord,pre,Ember,"Are we actually doing this, or arguing until dawn?",natural,DRAFT_SCREENPLAY_FOR_OWNER_REVIEW,audio/tts_preview/rook_ironside_accord_002.wav,OWNER_SCREENPLAY_PENDING,UNVERIFIED_DO_NOT_SHIP
rook_ironside_accord_003,rook-ironside:accord,pre,Nix,Those are not mutually exclusive activities.,natural,DRAFT_SCREENPLAY_FOR_OWNER_REVIEW,audio/tts_preview/rook_ironside_accord_003.wav,OWNER_SCREENPLAY_PENDING,UNVERIFIED_DO_NOT_SHIP
rook_ironside_accord_004,rook-ironside:accord,pre,Juno,"I vote for arguing while walking. Efficient, entertaining.",natural,DRAFT_SCREENPLAY_FOR_OWNER_REVIEW,audio/tts_preview/rook_ironside_accord_004.wav,OWNER_SCREENPLAY_PENDING,UNVERIFIED_DO_NOT_SHIP
rook_ironside_accord_005,rook-ironside:accord,pre,Rook,Stay where I can see you. Not where I can command you.,natural,DRAFT_SCREENPLAY_FOR_OWNER_REVIEW,audio/tts_preview/rook_ironside_accord_005.wav,OWNER_SCREENPLAY_PENDING,UNVERIFIED_DO_NOT_SHIP
rook_ironside_accord_006,rook-ironside:accord,pre,Vesper,That sounded almost like trust.,natural,DRAFT_SCREENPLAY_FOR_OWNER_REVIEW,audio/tts_preview/rook_ironside_accord_006.wav,OWNER_SCREENPLAY_PENDING,UNVERIFIED_DO_NOT_SHIP
rook_ironside_accord_007,rook-ironside:accord,pre,Orion,It is an unfamiliar but testable arrangement.,natural,DRAFT_SCREENPLAY_FOR_OWNER_REVIEW,audio/tts_preview/rook_ironside_accord_007.wav,OWNER_SCREENPLAY_PENDING,UNVERIFIED_DO_NOT_SHIP
rook_ironside_accord_008,rook-ironside:accord,post,Kaia,We have seven answers. We do not need one voice.,natural,DRAFT_SCREENPLAY_FOR_OWNER_REVIEW,audio/tts_preview/rook_ironside_accord_008.wav,OWNER_SCREENPLAY_PENDING,UNVERIFIED_DO_NOT_SHIP
rook_ironside_accord_009,rook-ironside:accord,post,Rook,They were never behind me. They were beside me.,natural,DRAFT_SCREENPLAY_FOR_OWNER_REVIEW,audio/tts_preview/rook_ironside_accord_009.wav,OWNER_SCREENPLAY_PENDING,UNVERIFIED_DO_NOT_SHIP
rook_ironside_catastrophe_001,rook-ironside:catastrophe,pre,Yin,The weight will not end while you insist on carrying it.,soft,DRAFT_SCREENPLAY_FOR_OWNER_REVIEW,audio/tts_preview/rook_ironside_catastrophe_001.wav,OWNER_SCREENPLAY_PENDING,UNVERIFIED_DO_NOT_SHIP
rook_ironside_catastrophe_002,rook-ironside:catastrophe,pre,Yang,A single shield can be integrated into one seamless wall.,formal,DRAFT_SCREENPLAY_FOR_OWNER_REVIEW,audio/tts_preview/rook_ironside_catastrophe_002.wav,OWNER_SCREENPLAY_PENDING,UNVERIFIED_DO_NOT_SHIP
rook_ironside_catastrophe_003,rook-ironside:catastrophe,pre,Ember,Nobody gave you the right to rearrange us.,natural,DRAFT_SCREENPLAY_FOR_OWNER_REVIEW,audio/tts_preview/rook_ironside_catastrophe_003.wav,OWNER_SCREENPLAY_PENDING,UNVERIFIED_DO_NOT_SHIP
rook_ironside_catastrophe_004,rook-ironside:catastrophe,pre,Nix,Your proposed structure contains no consent pathway.,natural,DRAFT_SCREENPLAY_FOR_OWNER_REVIEW,audio/tts_preview/rook_ironside_catastrophe_004.wav,OWNER_SCREENPLAY_PENDING,UNVERIFIED_DO_NOT_SHIP
rook_ironside_catastrophe_005,rook-ironside:catastrophe,pre,Yin,Consent requires a self willing to suffer. I offer release.,natural,DRAFT_SCREENPLAY_FOR_OWNER_REVIEW,audio/tts_preview/rook_ironside_catastrophe_005.wav,OWNER_SCREENPLAY_PENDING,UNVERIFIED_DO_NOT_SHIP
rook_ironside_catastrophe_006,rook-ironside:catastrophe,pre,Yang,Consent is unnecessary when no misunderstanding remains.,natural,DRAFT_SCREENPLAY_FOR_OWNER_REVIEW,audio/tts_preview/rook_ironside_catastrophe_006.wav,OWNER_SCREENPLAY_PENDING,UNVERIFIED_DO_NOT_SHIP
rook_ironside_catastrophe_007,rook-ironside:catastrophe,mid,Rook,"If I carry it alone, nobody else gets hurt.",natural,DRAFT_SCREENPLAY_FOR_OWNER_REVIEW,audio/tts_preview/rook_ironside_catastrophe_007.wav,OWNER_SCREENPLAY_PENDING,UNVERIFIED_DO_NOT_SHIP
rook_ironside_catastrophe_008,rook-ironside:catastrophe,mid,Kaia,We are not yours to solve.,natural,DRAFT_SCREENPLAY_FOR_OWNER_REVIEW,audio/tts_preview/rook_ironside_catastrophe_008.wav,OWNER_SCREENPLAY_PENDING,UNVERIFIED_DO_NOT_SHIP
rook_ironside_catastrophe_009,rook-ironside:catastrophe,post,Rook,Then we hold together.,natural,DRAFT_SCREENPLAY_FOR_OWNER_REVIEW,audio/tts_preview/rook_ironside_catastrophe_009.wav,OWNER_SCREENPLAY_PENDING,UNVERIFIED_DO_NOT_SHIP
rook_ironside_catastrophe_010,rook-ironside:catastrophe,post,Vesper,"For once, I have nothing clever to add.",natural,DRAFT_SCREENPLAY_FOR_OWNER_REVIEW,audio/tts_preview/rook_ironside_catastrophe_010.wav,OWNER_SCREENPLAY_PENDING,UNVERIFIED_DO_NOT_SHIP
rook_ironside_impossible_battle_1_001,rook-ironside:impossible_battle_1,pre,Yang,You mistake the size of the disagreement for the depth of it.,natural,DRAFT_SCREENPLAY_FOR_OWNER_REVIEW,audio/tts_preview/rook_ironside_impossible_battle_1_001.wav,OWNER_SCREENPLAY_PENDING,UNVERIFIED_DO_NOT_SHIP
rook_ironside_impossible_battle_1_002,rook-ironside:impossible_battle_1,pre,Rook,Then we are going to test your certainty.,natural,DRAFT_SCREENPLAY_FOR_OWNER_REVIEW,audio/tts_preview/rook_ironside_impossible_battle_1_002.wav,OWNER_SCREENPLAY_PENDING,UNVERIFIED_DO_NOT_SHIP
rook_ironside_impossible_battle_1_003,rook-ironside:impossible_battle_1,mid,Yin,Every strike ends. Every heartbeat asks for rest.,natural,DRAFT_SCREENPLAY_FOR_OWNER_REVIEW,audio/tts_preview/rook_ironside_impossible_battle_1_003.wav,OWNER_SCREENPLAY_PENDING,UNVERIFIED_DO_NOT_SHIP
rook_ironside_impossible_battle_1_004,rook-ironside:impossible_battle_1,mid,Orion,"Our attacks are changing nothing. The field responds to allegiance, not impact.",natural,DRAFT_SCREENPLAY_FOR_OWNER_REVIEW,audio/tts_preview/rook_ironside_impossible_battle_1_004.wav,OWNER_SCREENPLAY_PENDING,UNVERIFIED_DO_NOT_SHIP
rook_ironside_impossible_battle_1_005,rook-ironside:impossible_battle_1,post,Rook,The fight was never about who hit harder.,natural,DRAFT_SCREENPLAY_FOR_OWNER_REVIEW,audio/tts_preview/rook_ironside_impossible_battle_1_005.wav,OWNER_SCREENPLAY_PENDING,UNVERIFIED_DO_NOT_SHIP
rook_ironside_impossible_battle_1_006,rook-ironside:impossible_battle_1,post,Yang,"At last, you have begun to observe.",natural,DRAFT_SCREENPLAY_FOR_OWNER_REVIEW,audio/tts_preview/rook_ironside_impossible_battle_1_006.wav,OWNER_SCREENPLAY_PENDING,UNVERIFIED_DO_NOT_SHIP
rook_ironside_first_loss_001,rook-ironside:first_loss,pre,Rook,"Juno, behind me. This passage is not safe.",natural,DRAFT_SCREENPLAY_FOR_OWNER_REVIEW,audio/tts_preview/rook_ironside_first_loss_001.wav,OWNER_SCREENPLAY_PENDING,UNVERIFIED_DO_NOT_SHIP
rook_ironside_first_loss_002,rook-ironside:first_loss,pre,Juno,I can run the far line. There are people over there.,natural,DRAFT_SCREENPLAY_FOR_OWNER_REVIEW,audio/tts_preview/rook_ironside_first_loss_002.wav,OWNER_SCREENPLAY_PENDING,UNVERIFIED_DO_NOT_SHIP
rook_ironside_first_loss_003,rook-ironside:first_loss,pre,Rook,Not without cover.,natural,DRAFT_SCREENPLAY_FOR_OWNER_REVIEW,audio/tts_preview/rook_ironside_first_loss_003.wav,OWNER_SCREENPLAY_PENDING,UNVERIFIED_DO_NOT_SHIP
rook_ironside_first_loss_004,rook-ironside:first_loss,pre,Juno,Cover me from your side. Do not choose my feet.,natural,DRAFT_SCREENPLAY_FOR_OWNER_REVIEW,audio/tts_preview/rook_ironside_first_loss_004.wav,OWNER_SCREENPLAY_PENDING,UNVERIFIED_DO_NOT_SHIP
rook_ironside_first_loss_005,rook-ironside:first_loss,mid,Rook,"If I block this entire path, nobody can be lost.",strained,DRAFT_SCREENPLAY_FOR_OWNER_REVIEW,audio/tts_preview/rook_ironside_first_loss_005.wav,OWNER_SCREENPLAY_PENDING,UNVERIFIED_DO_NOT_SHIP
rook_ironside_first_loss_006,rook-ironside:first_loss,mid,Juno,Then nobody gets through.,strained,DRAFT_SCREENPLAY_FOR_OWNER_REVIEW,audio/tts_preview/rook_ironside_first_loss_006.wav,OWNER_SCREENPLAY_PENDING,UNVERIFIED_DO_NOT_SHIP
rook_ironside_first_loss_007,rook-ironside:first_loss,mid,Rook,I cannot move the wall in time.,strained,DRAFT_SCREENPLAY_FOR_OWNER_REVIEW,audio/tts_preview/rook_ironside_first_loss_007.wav,OWNER_SCREENPLAY_PENDING,UNVERIFIED_DO_NOT_SHIP
rook_ironside_first_loss_008,rook-ironside:first_loss,mid,Juno,You can leave a door. I can take it.,strained,DRAFT_SCREENPLAY_FOR_OWNER_REVIEW,audio/tts_preview/rook_ironside_first_loss_008.wav,OWNER_SCREENPLAY_PENDING,UNVERIFIED_DO_NOT_SHIP
rook_ironside_first_loss_009,rook-ironside:first_loss,post,Rook,I built my strength to make sure you never had to risk this.,strained,DRAFT_SCREENPLAY_FOR_OWNER_REVIEW,audio/tts_preview/rook_ironside_first_loss_009.wav,OWNER_SCREENPLAY_PENDING,UNVERIFIED_DO_NOT_SHIP
rook_ironside_first_loss_010,rook-ironside:first_loss,post,Juno,And I learned to run so I could choose a risk worth taking.,strained,DRAFT_SCREENPLAY_FOR_OWNER_REVIEW,audio/tts_preview/rook_ironside_first_loss_010.wav,OWNER_SCREENPLAY_PENDING,UNVERIFIED_DO_NOT_SHIP
rook_ironside_first_loss_011,rook-ironside:first_loss,post,Rook,Juno— I am opening the path.,strained,DRAFT_SCREENPLAY_FOR_OWNER_REVIEW,audio/tts_preview/rook_ironside_first_loss_011.wav,OWNER_SCREENPLAY_PENDING,UNVERIFIED_DO_NOT_SHIP
rook_ironside_first_loss_012,rook-ironside:first_loss,post,Juno,That is all I needed.,strained,DRAFT_SCREENPLAY_FOR_OWNER_REVIEW,audio/tts_preview/rook_ironside_first_loss_012.wav,OWNER_SCREENPLAY_PENDING,UNVERIFIED_DO_NOT_SHIP
rook_ironside_first_loss_013,rook-ironside:first_loss,post,Rook,I should have stood beside you from the start.,strained,DRAFT_SCREENPLAY_FOR_OWNER_REVIEW,audio/tts_preview/rook_ironside_first_loss_013.wav,OWNER_SCREENPLAY_PENDING,UNVERIFIED_DO_NOT_SHIP
rook_ironside_first_loss_014,rook-ironside:first_loss,post,Yin,The burden has found an ending.,soft,DRAFT_SCREENPLAY_FOR_OWNER_REVIEW,audio/tts_preview/rook_ironside_first_loss_014.wav,OWNER_SCREENPLAY_PENDING,UNVERIFIED_DO_NOT_SHIP
rook_ironside_first_loss_015,rook-ironside:first_loss,post,Yang,An incomplete loss can be integrated into a clearer whole.,clear,DRAFT_SCREENPLAY_FOR_OWNER_REVIEW,audio/tts_preview/rook_ironside_first_loss_015.wav,OWNER_SCREENPLAY_PENDING,UNVERIFIED_DO_NOT_SHIP
rook_ironside_first_loss_016,rook-ironside:first_loss,post,Rook,Juno found a path I could not control.,grief,DRAFT_SCREENPLAY_FOR_OWNER_REVIEW,audio/tts_preview/rook_ironside_first_loss_016.wav,OWNER_SCREENPLAY_PENDING,UNVERIFIED_DO_NOT_SHIP
rook_ironside_puppet_imbalance_001,rook-ironside:puppet_imbalance,pre,Yin,A simple world is a quiet world.,natural,DRAFT_SCREENPLAY_FOR_OWNER_REVIEW,audio/tts_preview/rook_ironside_puppet_imbalance_001.wav,OWNER_SCREENPLAY_PENDING,UNVERIFIED_DO_NOT_SHIP
rook_ironside_puppet_imbalance_002,rook-ironside:puppet_imbalance,pre,Yang,An ordered world is a world without mistakes.,natural,DRAFT_SCREENPLAY_FOR_OWNER_REVIEW,audio/tts_preview/rook_ironside_puppet_imbalance_002.wav,OWNER_SCREENPLAY_PENDING,UNVERIFIED_DO_NOT_SHIP
rook_ironside_puppet_imbalance_003,rook-ironside:puppet_imbalance,pre,Rook,I can hold the rupture. I cannot decide what the others do with the time.,natural,DRAFT_SCREENPLAY_FOR_OWNER_REVIEW,audio/tts_preview/rook_ironside_puppet_imbalance_003.wav,OWNER_SCREENPLAY_PENDING,UNVERIFIED_DO_NOT_SHIP
rook_ironside_puppet_imbalance_004,rook-ironside:puppet_imbalance,mid,Rook,One side holds three of my friends. I can change that without taking their place.,natural,DRAFT_SCREENPLAY_FOR_OWNER_REVIEW,audio/tts_preview/rook_ironside_puppet_imbalance_004.wav,OWNER_SCREENPLAY_PENDING,UNVERIFIED_DO_NOT_SHIP
rook_ironside_puppet_imbalance_005,rook-ironside:puppet_imbalance,post,Rook,A wall is only useful if it lets someone pass.,natural,DRAFT_SCREENPLAY_FOR_OWNER_REVIEW,audio/tts_preview/rook_ironside_puppet_imbalance_005.wav,OWNER_SCREENPLAY_PENDING,UNVERIFIED_DO_NOT_SHIP
rook_ironside_puppet_imbalance_006,rook-ironside:puppet_imbalance,post,Vesper,"If you find the real me, please do not keep me as a souvenir.",natural,DRAFT_SCREENPLAY_FOR_OWNER_REVIEW,audio/tts_preview/rook_ironside_puppet_imbalance_006.wav,OWNER_SCREENPLAY_PENDING,UNVERIFIED_DO_NOT_SHIP
rook_ironside_first_release_001,rook-ironside:first_release,pre,Rook,There is still a person behind that mask. I can make room.,natural,DRAFT_SCREENPLAY_FOR_OWNER_REVIEW,audio/tts_preview/rook_ironside_first_release_001.wav,OWNER_SCREENPLAY_PENDING,UNVERIFIED_DO_NOT_SHIP
rook_ironside_first_release_002,rook-ironside:first_release,pre,Yin,The mask removes the need to decide. How merciful.,natural,DRAFT_SCREENPLAY_FOR_OWNER_REVIEW,audio/tts_preview/rook_ironside_first_release_002.wav,OWNER_SCREENPLAY_PENDING,UNVERIFIED_DO_NOT_SHIP
rook_ironside_first_release_003,rook-ironside:first_release,mid,Rook,Your feet. Your decision. I will not take either.,natural,DRAFT_SCREENPLAY_FOR_OWNER_REVIEW,audio/tts_preview/rook_ironside_first_release_003.wav,OWNER_SCREENPLAY_PENDING,UNVERIFIED_DO_NOT_SHIP
rook_ironside_first_release_004,rook-ironside:first_release,mid,Yang,Restored variation is an uncorrected flaw.,natural,DRAFT_SCREENPLAY_FOR_OWNER_REVIEW,audio/tts_preview/rook_ironside_first_release_004.wav,OWNER_SCREENPLAY_PENDING,UNVERIFIED_DO_NOT_SHIP
rook_ironside_first_release_005,rook-ironside:first_release,post,Rook,Your first real movement is yours. Keep it.,natural,DRAFT_SCREENPLAY_FOR_OWNER_REVIEW,audio/tts_preview/rook_ironside_first_release_005.wav,OWNER_SCREENPLAY_PENDING,UNVERIFIED_DO_NOT_SHIP
rook_ironside_first_release_006,rook-ironside:first_release,post,Rook,Come out when you are ready. My shield will stay here.,natural,DRAFT_SCREENPLAY_FOR_OWNER_REVIEW,audio/tts_preview/rook_ironside_first_release_006.wav,OWNER_SCREENPLAY_PENDING,UNVERIFIED_DO_NOT_SHIP
rook_ironside_equilibrium_001,rook-ironside:equilibrium,pre,Rook,Weight is shared. The center is holding.,natural,DRAFT_SCREENPLAY_FOR_OWNER_REVIEW,audio/tts_preview/rook_ironside_equilibrium_001.wav,OWNER_SCREENPLAY_PENDING,UNVERIFIED_DO_NOT_SHIP
rook_ironside_equilibrium_002,rook-ironside:equilibrium,pre,Orion,The competing claims are momentarily equal.,natural,DRAFT_SCREENPLAY_FOR_OWNER_REVIEW,audio/tts_preview/rook_ironside_equilibrium_002.wav,OWNER_SCREENPLAY_PENDING,UNVERIFIED_DO_NOT_SHIP
rook_ironside_equilibrium_003,rook-ironside:equilibrium,mid,Rook,A wall can make a doorway.,natural,DRAFT_SCREENPLAY_FOR_OWNER_REVIEW,audio/tts_preview/rook_ironside_equilibrium_003.wav,OWNER_SCREENPLAY_PENDING,UNVERIFIED_DO_NOT_SHIP
rook_ironside_equilibrium_004,rook-ironside:equilibrium,mid,Yin,A pause is not defeat. Sometimes it is care.,natural,DRAFT_SCREENPLAY_FOR_OWNER_REVIEW,audio/tts_preview/rook_ironside_equilibrium_004.wav,OWNER_SCREENPLAY_PENDING,UNVERIFIED_DO_NOT_SHIP
rook_ironside_equilibrium_005,rook-ironside:equilibrium,post,Yang,Symmetry is only the beginning of completion.,natural,DRAFT_SCREENPLAY_FOR_OWNER_REVIEW,audio/tts_preview/rook_ironside_equilibrium_005.wav,OWNER_SCREENPLAY_PENDING,UNVERIFIED_DO_NOT_SHIP
rook_ironside_equilibrium_006,rook-ironside:equilibrium,post,Rook,It will take more than holding to free them.,natural,DRAFT_SCREENPLAY_FOR_OWNER_REVIEW,audio/tts_preview/rook_ironside_equilibrium_006.wav,OWNER_SCREENPLAY_PENDING,UNVERIFIED_DO_NOT_SHIP
rook_ironside_dual_release_1_001,rook-ironside:dual_release_1,pre,Rook,I keep the opening. Their feet do the rest.,natural,DRAFT_SCREENPLAY_FOR_OWNER_REVIEW,audio/tts_preview/rook_ironside_dual_release_1_001.wav,OWNER_SCREENPLAY_PENDING,UNVERIFIED_DO_NOT_SHIP
rook_ironside_dual_release_1_002,rook-ironside:dual_release_1,pre,Yang,Partial definition is wasted effort.,natural,DRAFT_SCREENPLAY_FOR_OWNER_REVIEW,audio/tts_preview/rook_ironside_dual_release_1_002.wav,OWNER_SCREENPLAY_PENDING,UNVERIFIED_DO_NOT_SHIP
rook_ironside_dual_release_1_003,rook-ironside:dual_release_1,mid,Rook,You are not pieces on my board.,natural,DRAFT_SCREENPLAY_FOR_OWNER_REVIEW,audio/tts_preview/rook_ironside_dual_release_1_003.wav,OWNER_SCREENPLAY_PENDING,UNVERIFIED_DO_NOT_SHIP
rook_ironside_dual_release_1_004,rook-ironside:dual_release_1,mid,Yin,Then allow them the peace of no decision.,natural,DRAFT_SCREENPLAY_FOR_OWNER_REVIEW,audio/tts_preview/rook_ironside_dual_release_1_004.wav,OWNER_SCREENPLAY_PENDING,UNVERIFIED_DO_NOT_SHIP
rook_ironside_dual_release_1_005,rook-ironside:dual_release_1,post,Rook,No walls around their choices.,natural,DRAFT_SCREENPLAY_FOR_OWNER_REVIEW,audio/tts_preview/rook_ironside_dual_release_1_005.wav,OWNER_SCREENPLAY_PENDING,UNVERIFIED_DO_NOT_SHIP
rook_ironside_dual_release_2_001,rook-ironside:dual_release_2,pre,Rook,Last pair. No one is falling behind me.,natural,DRAFT_SCREENPLAY_FOR_OWNER_REVIEW,audio/tts_preview/rook_ironside_dual_release_2_001.wav,OWNER_SCREENPLAY_PENDING,UNVERIFIED_DO_NOT_SHIP
rook_ironside_dual_release_2_002,rook-ironside:dual_release_2,pre,Yin,To release them is to return their pain.,natural,DRAFT_SCREENPLAY_FOR_OWNER_REVIEW,audio/tts_preview/rook_ironside_dual_release_2_002.wav,OWNER_SCREENPLAY_PENDING,UNVERIFIED_DO_NOT_SHIP
rook_ironside_dual_release_2_003,rook-ironside:dual_release_2,mid,Rook,And their laughter. Their anger. Their choices.,natural,DRAFT_SCREENPLAY_FOR_OWNER_REVIEW,audio/tts_preview/rook_ironside_dual_release_2_003.wav,OWNER_SCREENPLAY_PENDING,UNVERIFIED_DO_NOT_SHIP
rook_ironside_dual_release_2_004,rook-ironside:dual_release_2,mid,Yang,You cannot guarantee they will agree afterward.,natural,DRAFT_SCREENPLAY_FOR_OWNER_REVIEW,audio/tts_preview/rook_ironside_dual_release_2_004.wav,OWNER_SCREENPLAY_PENDING,UNVERIFIED_DO_NOT_SHIP
rook_ironside_dual_release_2_005,rook-ironside:dual_release_2,post,Rook,I am counting on them not to.,natural,DRAFT_SCREENPLAY_FOR_OWNER_REVIEW,audio/tts_preview/rook_ironside_dual_release_2_005.wav,OWNER_SCREENPLAY_PENDING,UNVERIFIED_DO_NOT_SHIP
rook_ironside_dual_release_2_006,rook-ironside:dual_release_2,post,Rook,I can carry this weight because I am not alone.,natural,DRAFT_SCREENPLAY_FOR_OWNER_REVIEW,audio/tts_preview/rook_ironside_dual_release_2_006.wav,OWNER_SCREENPLAY_PENDING,UNVERIFIED_DO_NOT_SHIP
rook_ironside_prismatic_gray_001,rook-ironside:prismatic_gray,pre,Yin,Every borrowed memory is another weight.,natural,DRAFT_SCREENPLAY_FOR_OWNER_REVIEW,audio/tts_preview/rook_ironside_prismatic_gray_001.wav,OWNER_SCREENPLAY_PENDING,UNVERIFIED_DO_NOT_SHIP
rook_ironside_prismatic_gray_002,rook-ironside:prismatic_gray,pre,Yang,"If you combine them perfectly, there will be no conflict left.",natural,DRAFT_SCREENPLAY_FOR_OWNER_REVIEW,audio/tts_preview/rook_ironside_prismatic_gray_002.wav,OWNER_SCREENPLAY_PENDING,UNVERIFIED_DO_NOT_SHIP
rook_ironside_prismatic_gray_003,rook-ironside:prismatic_gray,pre,Rook,I thought strength meant never leaning.,natural,DRAFT_SCREENPLAY_FOR_OWNER_REVIEW,audio/tts_preview/rook_ironside_prismatic_gray_003.wav,OWNER_SCREENPLAY_PENDING,UNVERIFIED_DO_NOT_SHIP
rook_ironside_prismatic_gray_004,rook-ironside:prismatic_gray,mid,Rook,Six people. Six choices I could not make for them.,natural,DRAFT_SCREENPLAY_FOR_OWNER_REVIEW,audio/tts_preview/rook_ironside_prismatic_gray_004.wav,OWNER_SCREENPLAY_PENDING,UNVERIFIED_DO_NOT_SHIP
rook_ironside_prismatic_gray_005,rook-ironside:prismatic_gray,mid,Rook,It means trusting someone to hold me when I do.,natural,DRAFT_SCREENPLAY_FOR_OWNER_REVIEW,audio/tts_preview/rook_ironside_prismatic_gray_005.wav,OWNER_SCREENPLAY_PENDING,UNVERIFIED_DO_NOT_SHIP
rook_ironside_prismatic_gray_006,rook-ironside:prismatic_gray,post,Kaia,You are still yourself. That is the point.,natural,DRAFT_SCREENPLAY_FOR_OWNER_REVIEW,audio/tts_preview/rook_ironside_prismatic_gray_006.wav,OWNER_SCREENPLAY_PENDING,UNVERIFIED_DO_NOT_SHIP
rook_ironside_prismatic_gray_007,rook-ironside:prismatic_gray,post,Rook,And this choice is mine.,natural,DRAFT_SCREENPLAY_FOR_OWNER_REVIEW,audio/tts_preview/rook_ironside_prismatic_gray_007.wav,OWNER_SCREENPLAY_PENDING,UNVERIFIED_DO_NOT_SHIP
rook_ironside_impossible_battle_2_001,rook-ironside:impossible_battle_2,pre,Yin,Rest is welcome when someone may rise again.,soft,DRAFT_SCREENPLAY_FOR_OWNER_REVIEW,audio/tts_preview/rook_ironside_impossible_battle_2_001.wav,OWNER_SCREENPLAY_PENDING,UNVERIFIED_DO_NOT_SHIP
rook_ironside_impossible_battle_2_002,rook-ironside:impossible_battle_2,pre,Yang,Structure is welcome when someone may walk through it.,formal,DRAFT_SCREENPLAY_FOR_OWNER_REVIEW,audio/tts_preview/rook_ironside_impossible_battle_2_002.wav,OWNER_SCREENPLAY_PENDING,UNVERIFIED_DO_NOT_SHIP
rook_ironside_impossible_battle_2_003,rook-ironside:impossible_battle_2,pre,Rook,"Yin, you may offer rest. Not silence by force.",natural,DRAFT_SCREENPLAY_FOR_OWNER_REVIEW,audio/tts_preview/rook_ironside_impossible_battle_2_003.wav,OWNER_SCREENPLAY_PENDING,UNVERIFIED_DO_NOT_SHIP
rook_ironside_impossible_battle_2_004,rook-ironside:impossible_battle_2,mid,Rook,"Yang, you may offer structure. Not obedience.",natural,DRAFT_SCREENPLAY_FOR_OWNER_REVIEW,audio/tts_preview/rook_ironside_impossible_battle_2_004.wav,OWNER_SCREENPLAY_PENDING,UNVERIFIED_DO_NOT_SHIP
rook_ironside_impossible_battle_2_005,rook-ironside:impossible_battle_2,mid,Yin,Then you accept that someone may be hurt again.,natural,DRAFT_SCREENPLAY_FOR_OWNER_REVIEW,audio/tts_preview/rook_ironside_impossible_battle_2_005.wav,OWNER_SCREENPLAY_PENDING,UNVERIFIED_DO_NOT_SHIP
rook_ironside_impossible_battle_2_006,rook-ironside:impossible_battle_2,mid,Rook,I accept that they remain someone who can choose.,natural,DRAFT_SCREENPLAY_FOR_OWNER_REVIEW,audio/tts_preview/rook_ironside_impossible_battle_2_006.wav,OWNER_SCREENPLAY_PENDING,UNVERIFIED_DO_NOT_SHIP
rook_ironside_impossible_battle_2_007,rook-ironside:impossible_battle_2,mid,Yang,You offer an unfinished design.,natural,DRAFT_SCREENPLAY_FOR_OWNER_REVIEW,audio/tts_preview/rook_ironside_impossible_battle_2_007.wav,OWNER_SCREENPLAY_PENDING,UNVERIFIED_DO_NOT_SHIP
rook_ironside_impossible_battle_2_008,rook-ironside:impossible_battle_2,post,Rook,"Yang, you may offer structure. Not obedience.",natural,DRAFT_SCREENPLAY_FOR_OWNER_REVIEW,audio/tts_preview/rook_ironside_impossible_battle_2_008.wav,OWNER_SCREENPLAY_PENDING,UNVERIFIED_DO_NOT_SHIP
rook_ironside_impossible_battle_2_009,rook-ironside:impossible_battle_2,post,Yin,A boundary with an opening. Unfamiliar.,natural,DRAFT_SCREENPLAY_FOR_OWNER_REVIEW,audio/tts_preview/rook_ironside_impossible_battle_2_009.wav,OWNER_SCREENPLAY_PENDING,UNVERIFIED_DO_NOT_SHIP
rook_ironside_impossible_battle_2_010,rook-ironside:impossible_battle_2,post,Yang,A pattern that may change itself. Unaccounted for.,natural,DRAFT_SCREENPLAY_FOR_OWNER_REVIEW,audio/tts_preview/rook_ironside_impossible_battle_2_010.wav,OWNER_SCREENPLAY_PENDING,UNVERIFIED_DO_NOT_SHIP
rook_ironside_epilogue_001,rook-ironside:epilogue,pre,Rook,Still standing.,natural,DRAFT_SCREENPLAY_FOR_OWNER_REVIEW,audio/tts_preview/rook_ironside_epilogue_001.wav,OWNER_SCREENPLAY_PENDING,UNVERIFIED_DO_NOT_SHIP
rook_ironside_epilogue_002,rook-ironside:epilogue,pre,Rook,I hear the lesson left behind. I will not pretend its owner stands here.,natural,DRAFT_SCREENPLAY_FOR_OWNER_REVIEW,audio/tts_preview/rook_ironside_epilogue_002.wav,OWNER_SCREENPLAY_PENDING,UNVERIFIED_DO_NOT_SHIP
rook_ironside_epilogue_003,rook-ironside:epilogue,pre,Nix,Food can be scheduled. Argument cannot.,natural,DRAFT_SCREENPLAY_FOR_OWNER_REVIEW,audio/tts_preview/rook_ironside_epilogue_003.wav,OWNER_SCREENPLAY_PENDING,UNVERIFIED_DO_NOT_SHIP
rook_ironside_epilogue_004,rook-ironside:epilogue,pre,Vesper,Who says the argument has to end?,natural,DRAFT_SCREENPLAY_FOR_OWNER_REVIEW,audio/tts_preview/rook_ironside_epilogue_004.wav,OWNER_SCREENPLAY_PENDING,UNVERIFIED_DO_NOT_SHIP
rook_ironside_epilogue_005,rook-ironside:epilogue,mid,Rook,It does not. Just make a space for it.,natural,DRAFT_SCREENPLAY_FOR_OWNER_REVIEW,audio/tts_preview/rook_ironside_epilogue_005.wav,OWNER_SCREENPLAY_PENDING,UNVERIFIED_DO_NOT_SHIP
rook_ironside_epilogue_006,rook-ironside:epilogue,post,Rook,Not alone.,natural,DRAFT_SCREENPLAY_FOR_OWNER_REVIEW,audio/tts_preview/rook_ironside_epilogue_006.wav,OWNER_SCREENPLAY_PENDING,UNVERIFIED_DO_NOT_SHIP
rook_ironside_epilogue_007,rook-ironside:epilogue,post,Kaia,That will do. Until tomorrow.,natural,DRAFT_SCREENPLAY_FOR_OWNER_REVIEW,audio/tts_preview/rook_ironside_epilogue_007.wav,OWNER_SCREENPLAY_PENDING,UNVERIFIED_DO_NOT_SHIP
rook_ironside_unlock_001,rook-ironside:unlock,pre,Rook,"I will remember the choices, not just the outcome.",natural,DRAFT_SCREENPLAY_FOR_OWNER_REVIEW,audio/tts_preview/rook_ironside_unlock_001.wav,OWNER_SCREENPLAY_PENDING,UNVERIFIED_DO_NOT_SHIP
rook_ironside_unlock_002,rook-ironside:unlock,mid,Kaia,Another color has found its own way to Gray.,natural,DRAFT_SCREENPLAY_FOR_OWNER_REVIEW,audio/tts_preview/rook_ironside_unlock_002.wav,OWNER_SCREENPLAY_PENDING,UNVERIFIED_DO_NOT_SHIP
rook_ironside_unlock_003,rook-ironside:unlock,post,Rook,Let the next story be told in its own voice.,natural,DRAFT_SCREENPLAY_FOR_OWNER_REVIEW,audio/tts_preview/rook_ironside_unlock_003.wav,OWNER_SCREENPLAY_PENDING,UNVERIFIED_DO_NOT_SHIP
rook_ironside_unlock_004,rook-ironside:unlock,post,Orion,The result is reproducible. The journey was not inevitable.,natural,DRAFT_SCREENPLAY_FOR_OWNER_REVIEW,audio/tts_preview/rook_ironside_unlock_004.wav,OWNER_SCREENPLAY_PENDING,UNVERIFIED_DO_NOT_SHIP
juno_spark_prologue_001,juno-spark:prologue,pre,Juno,Good news: I found the route.,natural,DRAFT_SCREENPLAY_FOR_OWNER_REVIEW,audio/tts_preview/juno_spark_prologue_001.wav,OWNER_SCREENPLAY_PENDING,UNVERIFIED_DO_NOT_SHIP
juno_spark_prologue_002,juno-spark:prologue,pre,Juno,Bad news: I found six routes and already took the wrong one.,natural,DRAFT_SCREENPLAY_FOR_OWNER_REVIEW,audio/tts_preview/juno_spark_prologue_002.wav,OWNER_SCREENPLAY_PENDING,UNVERIFIED_DO_NOT_SHIP
juno_spark_prologue_003,juno-spark:prologue,pre,Yin,A silence lies beneath every unfinished argument.,soft,DRAFT_SCREENPLAY_FOR_OWNER_REVIEW,audio/tts_preview/juno_spark_prologue_003.wav,OWNER_SCREENPLAY_PENDING,UNVERIFIED_DO_NOT_SHIP
juno_spark_prologue_004,juno-spark:prologue,pre,Yang,Every incomplete path can be corrected.,clear,DRAFT_SCREENPLAY_FOR_OWNER_REVIEW,audio/tts_preview/juno_spark_prologue_004.wav,OWNER_SCREENPLAY_PENDING,UNVERIFIED_DO_NOT_SHIP
juno_spark_prologue_005,juno-spark:prologue,mid,Juno,Speed is how I prove I am helping.,natural,DRAFT_SCREENPLAY_FOR_OWNER_REVIEW,audio/tts_preview/juno_spark_prologue_005.wav,OWNER_SCREENPLAY_PENDING,UNVERIFIED_DO_NOT_SHIP
juno_spark_prologue_006,juno-spark:prologue,post,Juno,I can get there before the problem knows I am coming.,natural,DRAFT_SCREENPLAY_FOR_OWNER_REVIEW,audio/tts_preview/juno_spark_prologue_006.wav,OWNER_SCREENPLAY_PENDING,UNVERIFIED_DO_NOT_SHIP
juno_spark_recruit_rook_ironside_001,juno-spark:recruit:rook-ironside,pre,Rook,I will stand between danger and the people behind me.,natural,DRAFT_SCREENPLAY_FOR_OWNER_REVIEW,audio/tts_preview/juno_spark_recruit_rook_ironside_001.wav,OWNER_SCREENPLAY_PENDING,UNVERIFIED_DO_NOT_SHIP
juno_spark_recruit_rook_ironside_002,juno-spark:recruit:rook-ironside,pre,Juno,What if I do not want to stand behind you?,natural,DRAFT_SCREENPLAY_FOR_OWNER_REVIEW,audio/tts_preview/juno_spark_recruit_rook_ironside_002.wav,OWNER_SCREENPLAY_PENDING,UNVERIFIED_DO_NOT_SHIP
juno_spark_recruit_rook_ironside_003,juno-spark:recruit:rook-ironside,mid,Rook,And if the fast route leaves somebody else stranded?,natural,DRAFT_SCREENPLAY_FOR_OWNER_REVIEW,audio/tts_preview/juno_spark_recruit_rook_ironside_003.wav,OWNER_SCREENPLAY_PENDING,UNVERIFIED_DO_NOT_SHIP
juno_spark_recruit_rook_ironside_004,juno-spark:recruit:rook-ironside,mid,Juno,Wait. That changes the whole route.,natural,DRAFT_SCREENPLAY_FOR_OWNER_REVIEW,audio/tts_preview/juno_spark_recruit_rook_ironside_004.wav,OWNER_SCREENPLAY_PENDING,UNVERIFIED_DO_NOT_SHIP
juno_spark_recruit_rook_ironside_005,juno-spark:recruit:rook-ironside,post,Rook,Then take the open side. I will keep it open.,natural,DRAFT_SCREENPLAY_FOR_OWNER_REVIEW,audio/tts_preview/juno_spark_recruit_rook_ironside_005.wav,OWNER_SCREENPLAY_PENDING,UNVERIFIED_DO_NOT_SHIP
juno_spark_recruit_rook_ironside_006,juno-spark:recruit:rook-ironside,post,Juno,"Race you to the point. Actually, no. Tell me where we are going first.",natural,DRAFT_SCREENPLAY_FOR_OWNER_REVIEW,audio/tts_preview/juno_spark_recruit_rook_ironside_006.wav,OWNER_SCREENPLAY_PENDING,UNVERIFIED_DO_NOT_SHIP
juno_spark_recruit_kaia_windrow_001,juno-spark:recruit:kaia-windrow,pre,Kaia,"Before we argue, tell me what you are afraid of losing.",natural,DRAFT_SCREENPLAY_FOR_OWNER_REVIEW,audio/tts_preview/juno_spark_recruit_kaia_windrow_001.wav,OWNER_SCREENPLAY_PENDING,UNVERIFIED_DO_NOT_SHIP
juno_spark_recruit_kaia_windrow_002,juno-spark:recruit:kaia-windrow,pre,Juno,Listening might cost more time than we have. Is it worth it?,natural,DRAFT_SCREENPLAY_FOR_OWNER_REVIEW,audio/tts_preview/juno_spark_recruit_kaia_windrow_002.wav,OWNER_SCREENPLAY_PENDING,UNVERIFIED_DO_NOT_SHIP
juno_spark_recruit_kaia_windrow_003,juno-spark:recruit:kaia-windrow,mid,Kaia,And if the fast route leaves somebody else stranded?,natural,DRAFT_SCREENPLAY_FOR_OWNER_REVIEW,audio/tts_preview/juno_spark_recruit_kaia_windrow_003.wav,OWNER_SCREENPLAY_PENDING,UNVERIFIED_DO_NOT_SHIP
juno_spark_recruit_kaia_windrow_004,juno-spark:recruit:kaia-windrow,mid,Juno,Wait. That changes the whole route.,natural,DRAFT_SCREENPLAY_FOR_OWNER_REVIEW,audio/tts_preview/juno_spark_recruit_kaia_windrow_004.wav,OWNER_SCREENPLAY_PENDING,UNVERIFIED_DO_NOT_SHIP
juno_spark_recruit_kaia_windrow_005,juno-spark:recruit:kaia-windrow,post,Kaia,We can start by disagreeing honestly.,natural,DRAFT_SCREENPLAY_FOR_OWNER_REVIEW,audio/tts_preview/juno_spark_recruit_kaia_windrow_005.wav,OWNER_SCREENPLAY_PENDING,UNVERIFIED_DO_NOT_SHIP
juno_spark_recruit_kaia_windrow_006,juno-spark:recruit:kaia-windrow,post,Juno,This time I am listening before the countdown.,natural,DRAFT_SCREENPLAY_FOR_OWNER_REVIEW,audio/tts_preview/juno_spark_recruit_kaia_windrow_006.wav,OWNER_SCREENPLAY_PENDING,UNVERIFIED_DO_NOT_SHIP
juno_spark_recruit_ember_vale_001,juno-spark:recruit:ember-vale,pre,Ember,I would rather lose a fight than a chance to act.,natural,DRAFT_SCREENPLAY_FOR_OWNER_REVIEW,audio/tts_preview/juno_spark_recruit_ember_vale_001.wav,OWNER_SCREENPLAY_PENDING,UNVERIFIED_DO_NOT_SHIP
juno_spark_recruit_ember_vale_002,juno-spark:recruit:ember-vale,pre,Juno,And what happens when you push straight through someone else?,natural,DRAFT_SCREENPLAY_FOR_OWNER_REVIEW,audio/tts_preview/juno_spark_recruit_ember_vale_002.wav,OWNER_SCREENPLAY_PENDING,UNVERIFIED_DO_NOT_SHIP
juno_spark_recruit_ember_vale_003,juno-spark:recruit:ember-vale,mid,Ember,And if the fast route leaves somebody else stranded?,natural,DRAFT_SCREENPLAY_FOR_OWNER_REVIEW,audio/tts_preview/juno_spark_recruit_ember_vale_003.wav,OWNER_SCREENPLAY_PENDING,UNVERIFIED_DO_NOT_SHIP
juno_spark_recruit_ember_vale_004,juno-spark:recruit:ember-vale,mid,Juno,Wait. That changes the whole route.,natural,DRAFT_SCREENPLAY_FOR_OWNER_REVIEW,audio/tts_preview/juno_spark_recruit_ember_vale_004.wav,OWNER_SCREENPLAY_PENDING,UNVERIFIED_DO_NOT_SHIP
juno_spark_recruit_ember_vale_005,juno-spark:recruit:ember-vale,post,Ember,Fine. I will follow as long as we keep moving.,natural,DRAFT_SCREENPLAY_FOR_OWNER_REVIEW,audio/tts_preview/juno_spark_recruit_ember_vale_005.wav,OWNER_SCREENPLAY_PENDING,UNVERIFIED_DO_NOT_SHIP
juno_spark_recruit_ember_vale_006,juno-spark:recruit:ember-vale,post,Juno,"I still get to make the entrance, right?",natural,DRAFT_SCREENPLAY_FOR_OWNER_REVIEW,audio/tts_preview/juno_spark_recruit_ember_vale_006.wav,OWNER_SCREENPLAY_PENDING,UNVERIFIED_DO_NOT_SHIP
juno_spark_recruit_nix_calder_001,juno-spark:recruit:nix-calder,pre,Nix,"I can secure this area, provided everyone follows the instructions.",natural,DRAFT_SCREENPLAY_FOR_OWNER_REVIEW,audio/tts_preview/juno_spark_recruit_nix_calder_001.wav,OWNER_SCREENPLAY_PENDING,UNVERIFIED_DO_NOT_SHIP
juno_spark_recruit_nix_calder_002,juno-spark:recruit:nix-calder,pre,Juno,What if the instructions fail the people they protect?,natural,DRAFT_SCREENPLAY_FOR_OWNER_REVIEW,audio/tts_preview/juno_spark_recruit_nix_calder_002.wav,OWNER_SCREENPLAY_PENDING,UNVERIFIED_DO_NOT_SHIP
juno_spark_recruit_nix_calder_003,juno-spark:recruit:nix-calder,mid,Nix,And if the fast route leaves somebody else stranded?,natural,DRAFT_SCREENPLAY_FOR_OWNER_REVIEW,audio/tts_preview/juno_spark_recruit_nix_calder_003.wav,OWNER_SCREENPLAY_PENDING,UNVERIFIED_DO_NOT_SHIP
juno_spark_recruit_nix_calder_004,juno-spark:recruit:nix-calder,mid,Juno,Wait. That changes the whole route.,natural,DRAFT_SCREENPLAY_FOR_OWNER_REVIEW,audio/tts_preview/juno_spark_recruit_nix_calder_004.wav,OWNER_SCREENPLAY_PENDING,UNVERIFIED_DO_NOT_SHIP
juno_spark_recruit_nix_calder_005,juno-spark:recruit:nix-calder,post,Nix,An amended plan is better than a perfect failure.,natural,DRAFT_SCREENPLAY_FOR_OWNER_REVIEW,audio/tts_preview/juno_spark_recruit_nix_calder_005.wav,OWNER_SCREENPLAY_PENDING,UNVERIFIED_DO_NOT_SHIP
juno_spark_recruit_nix_calder_006,juno-spark:recruit:nix-calder,post,Juno,"Race you to the point. Actually, no. Tell me where we are going first.",natural,DRAFT_SCREENPLAY_FOR_OWNER_REVIEW,audio/tts_preview/juno_spark_recruit_nix_calder_006.wav,OWNER_SCREENPLAY_PENDING,UNVERIFIED_DO_NOT_SHIP
juno_spark_recruit_vesper_nyx_001,juno-spark:recruit:vesper-nyx,pre,Vesper,How charming. Someone followed the wrong shadow to the right place.,natural,DRAFT_SCREENPLAY_FOR_OWNER_REVIEW,audio/tts_preview/juno_spark_recruit_vesper_nyx_001.wav,OWNER_SCREENPLAY_PENDING,UNVERIFIED_DO_NOT_SHIP
juno_spark_recruit_vesper_nyx_002,juno-spark:recruit:vesper-nyx,pre,Juno,Would you still be here if everyone could see you clearly?,natural,DRAFT_SCREENPLAY_FOR_OWNER_REVIEW,audio/tts_preview/juno_spark_recruit_vesper_nyx_002.wav,OWNER_SCREENPLAY_PENDING,UNVERIFIED_DO_NOT_SHIP
juno_spark_recruit_vesper_nyx_003,juno-spark:recruit:vesper-nyx,mid,Vesper,And if the fast route leaves somebody else stranded?,natural,DRAFT_SCREENPLAY_FOR_OWNER_REVIEW,audio/tts_preview/juno_spark_recruit_vesper_nyx_003.wav,OWNER_SCREENPLAY_PENDING,UNVERIFIED_DO_NOT_SHIP
juno_spark_recruit_vesper_nyx_004,juno-spark:recruit:vesper-nyx,mid,Juno,Wait. That changes the whole route.,natural,DRAFT_SCREENPLAY_FOR_OWNER_REVIEW,audio/tts_preview/juno_spark_recruit_vesper_nyx_004.wav,OWNER_SCREENPLAY_PENDING,UNVERIFIED_DO_NOT_SHIP
juno_spark_recruit_vesper_nyx_005,juno-spark:recruit:vesper-nyx,post,Vesper,Look at that. An answer with no trapdoor.,natural,DRAFT_SCREENPLAY_FOR_OWNER_REVIEW,audio/tts_preview/juno_spark_recruit_vesper_nyx_005.wav,OWNER_SCREENPLAY_PENDING,UNVERIFIED_DO_NOT_SHIP
juno_spark_recruit_vesper_nyx_006,juno-spark:recruit:vesper-nyx,post,Juno,This time I am listening before the countdown.,natural,DRAFT_SCREENPLAY_FOR_OWNER_REVIEW,audio/tts_preview/juno_spark_recruit_vesper_nyx_006.wav,OWNER_SCREENPLAY_PENDING,UNVERIFIED_DO_NOT_SHIP
juno_spark_recruit_orion_vell_001,juno-spark:recruit:orion-vell,pre,Orion,The vectors overlap. This meeting was statistically probable.,natural,DRAFT_SCREENPLAY_FOR_OWNER_REVIEW,audio/tts_preview/juno_spark_recruit_orion_vell_001.wav,OWNER_SCREENPLAY_PENDING,UNVERIFIED_DO_NOT_SHIP
juno_spark_recruit_orion_vell_002,juno-spark:recruit:orion-vell,pre,Juno,Have you factored in a choice you do not expect?,natural,DRAFT_SCREENPLAY_FOR_OWNER_REVIEW,audio/tts_preview/juno_spark_recruit_orion_vell_002.wav,OWNER_SCREENPLAY_PENDING,UNVERIFIED_DO_NOT_SHIP
juno_spark_recruit_orion_vell_003,juno-spark:recruit:orion-vell,mid,Orion,And if the fast route leaves somebody else stranded?,natural,DRAFT_SCREENPLAY_FOR_OWNER_REVIEW,audio/tts_preview/juno_spark_recruit_orion_vell_003.wav,OWNER_SCREENPLAY_PENDING,UNVERIFIED_DO_NOT_SHIP
juno_spark_recruit_orion_vell_004,juno-spark:recruit:orion-vell,mid,Juno,Wait. That changes the whole route.,natural,DRAFT_SCREENPLAY_FOR_OWNER_REVIEW,audio/tts_preview/juno_spark_recruit_orion_vell_004.wav,OWNER_SCREENPLAY_PENDING,UNVERIFIED_DO_NOT_SHIP
juno_spark_recruit_orion_vell_005,juno-spark:recruit:orion-vell,post,Orion,That variable has my attention now.,natural,DRAFT_SCREENPLAY_FOR_OWNER_REVIEW,audio/tts_preview/juno_spark_recruit_orion_vell_005.wav,OWNER_SCREENPLAY_PENDING,UNVERIFIED_DO_NOT_SHIP
juno_spark_recruit_orion_vell_006,juno-spark:recruit:orion-vell,post,Juno,"I still get to make the entrance, right?",natural,DRAFT_SCREENPLAY_FOR_OWNER_REVIEW,audio/tts_preview/juno_spark_recruit_orion_vell_006.wav,OWNER_SCREENPLAY_PENDING,UNVERIFIED_DO_NOT_SHIP
juno_spark_accord_001,juno-spark:accord,pre,Juno,We are a beautiful mess.,natural,DRAFT_SCREENPLAY_FOR_OWNER_REVIEW,audio/tts_preview/juno_spark_accord_001.wav,OWNER_SCREENPLAY_PENDING,UNVERIFIED_DO_NOT_SHIP
juno_spark_accord_002,juno-spark:accord,pre,Ember,"Are we actually doing this, or arguing until dawn?",natural,DRAFT_SCREENPLAY_FOR_OWNER_REVIEW,audio/tts_preview/juno_spark_accord_002.wav,OWNER_SCREENPLAY_PENDING,UNVERIFIED_DO_NOT_SHIP
juno_spark_accord_003,juno-spark:accord,pre,Nix,Those are not mutually exclusive activities.,natural,DRAFT_SCREENPLAY_FOR_OWNER_REVIEW,audio/tts_preview/juno_spark_accord_003.wav,OWNER_SCREENPLAY_PENDING,UNVERIFIED_DO_NOT_SHIP
juno_spark_accord_004,juno-spark:accord,pre,Juno,"I vote for arguing while walking. Efficient, entertaining.",natural,DRAFT_SCREENPLAY_FOR_OWNER_REVIEW,audio/tts_preview/juno_spark_accord_004.wav,OWNER_SCREENPLAY_PENDING,UNVERIFIED_DO_NOT_SHIP
juno_spark_accord_005,juno-spark:accord,pre,Rook,Stay where I can see you. Not where I can command you.,natural,DRAFT_SCREENPLAY_FOR_OWNER_REVIEW,audio/tts_preview/juno_spark_accord_005.wav,OWNER_SCREENPLAY_PENDING,UNVERIFIED_DO_NOT_SHIP
juno_spark_accord_006,juno-spark:accord,pre,Vesper,That sounded almost like trust.,natural,DRAFT_SCREENPLAY_FOR_OWNER_REVIEW,audio/tts_preview/juno_spark_accord_006.wav,OWNER_SCREENPLAY_PENDING,UNVERIFIED_DO_NOT_SHIP
juno_spark_accord_007,juno-spark:accord,pre,Orion,It is an unfamiliar but testable arrangement.,natural,DRAFT_SCREENPLAY_FOR_OWNER_REVIEW,audio/tts_preview/juno_spark_accord_007.wav,OWNER_SCREENPLAY_PENDING,UNVERIFIED_DO_NOT_SHIP
juno_spark_accord_008,juno-spark:accord,post,Kaia,We have seven answers. We do not need one voice.,natural,DRAFT_SCREENPLAY_FOR_OWNER_REVIEW,audio/tts_preview/juno_spark_accord_008.wav,OWNER_SCREENPLAY_PENDING,UNVERIFIED_DO_NOT_SHIP
juno_spark_accord_009,juno-spark:accord,post,Juno,"If we stay a mess together, at least we can see who needs help.",natural,DRAFT_SCREENPLAY_FOR_OWNER_REVIEW,audio/tts_preview/juno_spark_accord_009.wav,OWNER_SCREENPLAY_PENDING,UNVERIFIED_DO_NOT_SHIP
juno_spark_catastrophe_001,juno-spark:catastrophe,pre,Yin,Your running is another way to flee a world that hurts.,soft,DRAFT_SCREENPLAY_FOR_OWNER_REVIEW,audio/tts_preview/juno_spark_catastrophe_001.wav,OWNER_SCREENPLAY_PENDING,UNVERIFIED_DO_NOT_SHIP
juno_spark_catastrophe_002,juno-spark:catastrophe,pre,Yang,Every route can be assigned a purpose before you take a step.,formal,DRAFT_SCREENPLAY_FOR_OWNER_REVIEW,audio/tts_preview/juno_spark_catastrophe_002.wav,OWNER_SCREENPLAY_PENDING,UNVERIFIED_DO_NOT_SHIP
juno_spark_catastrophe_003,juno-spark:catastrophe,pre,Ember,Nobody gave you the right to rearrange us.,natural,DRAFT_SCREENPLAY_FOR_OWNER_REVIEW,audio/tts_preview/juno_spark_catastrophe_003.wav,OWNER_SCREENPLAY_PENDING,UNVERIFIED_DO_NOT_SHIP
juno_spark_catastrophe_004,juno-spark:catastrophe,pre,Nix,Your proposed structure contains no consent pathway.,natural,DRAFT_SCREENPLAY_FOR_OWNER_REVIEW,audio/tts_preview/juno_spark_catastrophe_004.wav,OWNER_SCREENPLAY_PENDING,UNVERIFIED_DO_NOT_SHIP
juno_spark_catastrophe_005,juno-spark:catastrophe,pre,Yin,Consent requires a self willing to suffer. I offer release.,natural,DRAFT_SCREENPLAY_FOR_OWNER_REVIEW,audio/tts_preview/juno_spark_catastrophe_005.wav,OWNER_SCREENPLAY_PENDING,UNVERIFIED_DO_NOT_SHIP
juno_spark_catastrophe_006,juno-spark:catastrophe,pre,Yang,Consent is unnecessary when no misunderstanding remains.,natural,DRAFT_SCREENPLAY_FOR_OWNER_REVIEW,audio/tts_preview/juno_spark_catastrophe_006.wav,OWNER_SCREENPLAY_PENDING,UNVERIFIED_DO_NOT_SHIP
juno_spark_catastrophe_007,juno-spark:catastrophe,mid,Juno,Speed is how I prove I am helping.,natural,DRAFT_SCREENPLAY_FOR_OWNER_REVIEW,audio/tts_preview/juno_spark_catastrophe_007.wav,OWNER_SCREENPLAY_PENDING,UNVERIFIED_DO_NOT_SHIP
juno_spark_catastrophe_008,juno-spark:catastrophe,mid,Kaia,We are not yours to solve.,natural,DRAFT_SCREENPLAY_FOR_OWNER_REVIEW,audio/tts_preview/juno_spark_catastrophe_008.wav,OWNER_SCREENPLAY_PENDING,UNVERIFIED_DO_NOT_SHIP
juno_spark_catastrophe_009,juno-spark:catastrophe,post,Rook,Then we hold together.,natural,DRAFT_SCREENPLAY_FOR_OWNER_REVIEW,audio/tts_preview/juno_spark_catastrophe_009.wav,OWNER_SCREENPLAY_PENDING,UNVERIFIED_DO_NOT_SHIP
juno_spark_catastrophe_010,juno-spark:catastrophe,post,Vesper,"For once, I have nothing clever to add.",natural,DRAFT_SCREENPLAY_FOR_OWNER_REVIEW,audio/tts_preview/juno_spark_catastrophe_010.wav,OWNER_SCREENPLAY_PENDING,UNVERIFIED_DO_NOT_SHIP
juno_spark_impossible_battle_1_001,juno-spark:impossible_battle_1,pre,Yang,You mistake the size of the disagreement for the depth of it.,natural,DRAFT_SCREENPLAY_FOR_OWNER_REVIEW,audio/tts_preview/juno_spark_impossible_battle_1_001.wav,OWNER_SCREENPLAY_PENDING,UNVERIFIED_DO_NOT_SHIP
juno_spark_impossible_battle_1_002,juno-spark:impossible_battle_1,pre,Juno,Then we are going to test your certainty.,natural,DRAFT_SCREENPLAY_FOR_OWNER_REVIEW,audio/tts_preview/juno_spark_impossible_battle_1_002.wav,OWNER_SCREENPLAY_PENDING,UNVERIFIED_DO_NOT_SHIP
juno_spark_impossible_battle_1_003,juno-spark:impossible_battle_1,mid,Yin,Every strike ends. Every heartbeat asks for rest.,natural,DRAFT_SCREENPLAY_FOR_OWNER_REVIEW,audio/tts_preview/juno_spark_impossible_battle_1_003.wav,OWNER_SCREENPLAY_PENDING,UNVERIFIED_DO_NOT_SHIP
juno_spark_impossible_battle_1_004,juno-spark:impossible_battle_1,mid,Orion,"Our attacks are changing nothing. The field responds to allegiance, not impact.",natural,DRAFT_SCREENPLAY_FOR_OWNER_REVIEW,audio/tts_preview/juno_spark_impossible_battle_1_004.wav,OWNER_SCREENPLAY_PENDING,UNVERIFIED_DO_NOT_SHIP
juno_spark_impossible_battle_1_005,juno-spark:impossible_battle_1,post,Juno,The fight was never about who hit harder.,natural,DRAFT_SCREENPLAY_FOR_OWNER_REVIEW,audio/tts_preview/juno_spark_impossible_battle_1_005.wav,OWNER_SCREENPLAY_PENDING,UNVERIFIED_DO_NOT_SHIP
juno_spark_impossible_battle_1_006,juno-spark:impossible_battle_1,post,Yang,"At last, you have begun to observe.",natural,DRAFT_SCREENPLAY_FOR_OWNER_REVIEW,audio/tts_preview/juno_spark_impossible_battle_1_006.wav,OWNER_SCREENPLAY_PENDING,UNVERIFIED_DO_NOT_SHIP
juno_spark_first_loss_001,juno-spark:first_loss,pre,Juno,I found four exits. Five if I break the north rail.,natural,DRAFT_SCREENPLAY_FOR_OWNER_REVIEW,audio/tts_preview/juno_spark_first_loss_001.wav,OWNER_SCREENPLAY_PENDING,UNVERIFIED_DO_NOT_SHIP
juno_spark_first_loss_002,juno-spark:first_loss,pre,Orion,Every exit collapses before the last group clears.,natural,DRAFT_SCREENPLAY_FOR_OWNER_REVIEW,audio/tts_preview/juno_spark_first_loss_002.wav,OWNER_SCREENPLAY_PENDING,UNVERIFIED_DO_NOT_SHIP
juno_spark_first_loss_003,juno-spark:first_loss,pre,Juno,Then I will run it twice as fast.,natural,DRAFT_SCREENPLAY_FOR_OWNER_REVIEW,audio/tts_preview/juno_spark_first_loss_003.wav,OWNER_SCREENPLAY_PENDING,UNVERIFIED_DO_NOT_SHIP
juno_spark_first_loss_004,juno-spark:first_loss,pre,Orion,A faster arrival will not create a second stable passage.,natural,DRAFT_SCREENPLAY_FOR_OWNER_REVIEW,audio/tts_preview/juno_spark_first_loss_004.wav,OWNER_SCREENPLAY_PENDING,UNVERIFIED_DO_NOT_SHIP
juno_spark_first_loss_005,juno-spark:first_loss,pre,Juno,You are not saying what I think you are saying.,natural,DRAFT_SCREENPLAY_FOR_OWNER_REVIEW,audio/tts_preview/juno_spark_first_loss_005.wav,OWNER_SCREENPLAY_PENDING,UNVERIFIED_DO_NOT_SHIP
juno_spark_first_loss_006,juno-spark:first_loss,mid,Orion,I can hold one vector long enough for them.,strained,DRAFT_SCREENPLAY_FOR_OWNER_REVIEW,audio/tts_preview/juno_spark_first_loss_006.wav,OWNER_SCREENPLAY_PENDING,UNVERIFIED_DO_NOT_SHIP
juno_spark_first_loss_007,juno-spark:first_loss,mid,Juno,Not if you stay. No. We run together.,strained,DRAFT_SCREENPLAY_FOR_OWNER_REVIEW,audio/tts_preview/juno_spark_first_loss_007.wav,OWNER_SCREENPLAY_PENDING,UNVERIFIED_DO_NOT_SHIP
juno_spark_first_loss_008,juno-spark:first_loss,mid,Orion,I used to treat people as positions inside a model.,strained,DRAFT_SCREENPLAY_FOR_OWNER_REVIEW,audio/tts_preview/juno_spark_first_loss_008.wav,OWNER_SCREENPLAY_PENDING,UNVERIFIED_DO_NOT_SHIP
juno_spark_first_loss_009,juno-spark:first_loss,mid,Juno,Orion. Please.,strained,DRAFT_SCREENPLAY_FOR_OWNER_REVIEW,audio/tts_preview/juno_spark_first_loss_009.wav,OWNER_SCREENPLAY_PENDING,UNVERIFIED_DO_NOT_SHIP
juno_spark_first_loss_010,juno-spark:first_loss,mid,Orion,You were never a position. I am choosing this because you can choose what comes next.,strained,DRAFT_SCREENPLAY_FOR_OWNER_REVIEW,audio/tts_preview/juno_spark_first_loss_010.wav,OWNER_SCREENPLAY_PENDING,UNVERIFIED_DO_NOT_SHIP
juno_spark_first_loss_011,juno-spark:first_loss,mid,Juno,I can turn back before the field shuts.,strained,DRAFT_SCREENPLAY_FOR_OWNER_REVIEW,audio/tts_preview/juno_spark_first_loss_011.wav,OWNER_SCREENPLAY_PENDING,UNVERIFIED_DO_NOT_SHIP
juno_spark_first_loss_012,juno-spark:first_loss,post,Orion,And those behind you would lose their passage.,strained,DRAFT_SCREENPLAY_FOR_OWNER_REVIEW,audio/tts_preview/juno_spark_first_loss_012.wav,OWNER_SCREENPLAY_PENDING,UNVERIFIED_DO_NOT_SHIP
juno_spark_first_loss_013,juno-spark:first_loss,post,Juno,I hate this direction.,strained,DRAFT_SCREENPLAY_FOR_OWNER_REVIEW,audio/tts_preview/juno_spark_first_loss_013.wav,OWNER_SCREENPLAY_PENDING,UNVERIFIED_DO_NOT_SHIP
juno_spark_first_loss_014,juno-spark:first_loss,post,Orion,You do not have to like it. Only decide.,strained,DRAFT_SCREENPLAY_FOR_OWNER_REVIEW,audio/tts_preview/juno_spark_first_loss_014.wav,OWNER_SCREENPLAY_PENDING,UNVERIFIED_DO_NOT_SHIP
juno_spark_first_loss_015,juno-spark:first_loss,post,Juno,All right. Everyone with me. We are getting through.,strained,DRAFT_SCREENPLAY_FOR_OWNER_REVIEW,audio/tts_preview/juno_spark_first_loss_015.wav,OWNER_SCREENPLAY_PENDING,UNVERIFIED_DO_NOT_SHIP
juno_spark_first_loss_016,juno-spark:first_loss,post,Orion,"That is your vector, Juno.",strained,DRAFT_SCREENPLAY_FOR_OWNER_REVIEW,audio/tts_preview/juno_spark_first_loss_016.wav,OWNER_SCREENPLAY_PENDING,UNVERIFIED_DO_NOT_SHIP
juno_spark_first_loss_017,juno-spark:first_loss,post,Juno,I am going forward. I will make it mean something.,strained,DRAFT_SCREENPLAY_FOR_OWNER_REVIEW,audio/tts_preview/juno_spark_first_loss_017.wav,OWNER_SCREENPLAY_PENDING,UNVERIFIED_DO_NOT_SHIP
juno_spark_first_loss_018,juno-spark:first_loss,post,Yin,The burden has found an ending.,soft,DRAFT_SCREENPLAY_FOR_OWNER_REVIEW,audio/tts_preview/juno_spark_first_loss_018.wav,OWNER_SCREENPLAY_PENDING,UNVERIFIED_DO_NOT_SHIP
juno_spark_first_loss_019,juno-spark:first_loss,post,Yang,An incomplete loss can be integrated into a clearer whole.,clear,DRAFT_SCREENPLAY_FOR_OWNER_REVIEW,audio/tts_preview/juno_spark_first_loss_019.wav,OWNER_SCREENPLAY_PENDING,UNVERIFIED_DO_NOT_SHIP
juno_spark_first_loss_020,juno-spark:first_loss,post,Juno,He knew exactly where I would run. He trusted me to choose differently.,grief,DRAFT_SCREENPLAY_FOR_OWNER_REVIEW,audio/tts_preview/juno_spark_first_loss_020.wav,OWNER_SCREENPLAY_PENDING,UNVERIFIED_DO_NOT_SHIP
juno_spark_puppet_imbalance_001,juno-spark:puppet_imbalance,pre,Yin,A simple world is a quiet world.,natural,DRAFT_SCREENPLAY_FOR_OWNER_REVIEW,audio/tts_preview/juno_spark_puppet_imbalance_001.wav,OWNER_SCREENPLAY_PENDING,UNVERIFIED_DO_NOT_SHIP
juno_spark_puppet_imbalance_002,juno-spark:puppet_imbalance,pre,Yang,An ordered world is a world without mistakes.,natural,DRAFT_SCREENPLAY_FOR_OWNER_REVIEW,audio/tts_preview/juno_spark_puppet_imbalance_002.wav,OWNER_SCREENPLAY_PENDING,UNVERIFIED_DO_NOT_SHIP
juno_spark_puppet_imbalance_003,juno-spark:puppet_imbalance,pre,Juno,Three against two. I can count; I am not that reckless.,natural,DRAFT_SCREENPLAY_FOR_OWNER_REVIEW,audio/tts_preview/juno_spark_puppet_imbalance_003.wav,OWNER_SCREENPLAY_PENDING,UNVERIFIED_DO_NOT_SHIP
juno_spark_puppet_imbalance_004,juno-spark:puppet_imbalance,mid,Juno,One side holds three of my friends. I can change that without taking their place.,natural,DRAFT_SCREENPLAY_FOR_OWNER_REVIEW,audio/tts_preview/juno_spark_puppet_imbalance_004.wav,OWNER_SCREENPLAY_PENDING,UNVERIFIED_DO_NOT_SHIP
juno_spark_puppet_imbalance_005,juno-spark:puppet_imbalance,post,Juno,"If I dive in blind, I leave another person behind.",natural,DRAFT_SCREENPLAY_FOR_OWNER_REVIEW,audio/tts_preview/juno_spark_puppet_imbalance_005.wav,OWNER_SCREENPLAY_PENDING,UNVERIFIED_DO_NOT_SHIP
juno_spark_puppet_imbalance_006,juno-spark:puppet_imbalance,post,Vesper,"If you find the real me, please do not keep me as a souvenir.",natural,DRAFT_SCREENPLAY_FOR_OWNER_REVIEW,audio/tts_preview/juno_spark_puppet_imbalance_006.wav,OWNER_SCREENPLAY_PENDING,UNVERIFIED_DO_NOT_SHIP
juno_spark_first_release_001,juno-spark:first_release,pre,Juno,The mask does not get to choose their direction.,natural,DRAFT_SCREENPLAY_FOR_OWNER_REVIEW,audio/tts_preview/juno_spark_first_release_001.wav,OWNER_SCREENPLAY_PENDING,UNVERIFIED_DO_NOT_SHIP
juno_spark_first_release_002,juno-spark:first_release,pre,Yin,The mask removes the need to decide. How merciful.,natural,DRAFT_SCREENPLAY_FOR_OWNER_REVIEW,audio/tts_preview/juno_spark_first_release_002.wav,OWNER_SCREENPLAY_PENDING,UNVERIFIED_DO_NOT_SHIP
juno_spark_first_release_003,juno-spark:first_release,mid,Juno,No loops. No shortcuts. Tell me where you want to go.,natural,DRAFT_SCREENPLAY_FOR_OWNER_REVIEW,audio/tts_preview/juno_spark_first_release_003.wav,OWNER_SCREENPLAY_PENDING,UNVERIFIED_DO_NOT_SHIP
juno_spark_first_release_004,juno-spark:first_release,mid,Yang,Restored variation is an uncorrected flaw.,natural,DRAFT_SCREENPLAY_FOR_OWNER_REVIEW,audio/tts_preview/juno_spark_first_release_004.wav,OWNER_SCREENPLAY_PENDING,UNVERIFIED_DO_NOT_SHIP
juno_spark_first_release_005,juno-spark:first_release,post,Juno,Your first real movement is yours. Keep it.,natural,DRAFT_SCREENPLAY_FOR_OWNER_REVIEW,audio/tts_preview/juno_spark_first_release_005.wav,OWNER_SCREENPLAY_PENDING,UNVERIFIED_DO_NOT_SHIP
juno_spark_first_release_006,juno-spark:first_release,post,Juno,"I will follow your signal, not lead your feet.",natural,DRAFT_SCREENPLAY_FOR_OWNER_REVIEW,audio/tts_preview/juno_spark_first_release_006.wav,OWNER_SCREENPLAY_PENDING,UNVERIFIED_DO_NOT_SHIP
juno_spark_equilibrium_001,juno-spark:equilibrium,pre,Juno,Okay. Two and two. I can stay in this lane.,natural,DRAFT_SCREENPLAY_FOR_OWNER_REVIEW,audio/tts_preview/juno_spark_equilibrium_001.wav,OWNER_SCREENPLAY_PENDING,UNVERIFIED_DO_NOT_SHIP
juno_spark_equilibrium_002,juno-spark:equilibrium,pre,Juno,The numbers have evened out. The masks have not come off.,natural,DRAFT_SCREENPLAY_FOR_OWNER_REVIEW,audio/tts_preview/juno_spark_equilibrium_002.wav,OWNER_SCREENPLAY_PENDING,UNVERIFIED_DO_NOT_SHIP
juno_spark_equilibrium_003,juno-spark:equilibrium,mid,Juno,I stayed still long enough to understand it.,natural,DRAFT_SCREENPLAY_FOR_OWNER_REVIEW,audio/tts_preview/juno_spark_equilibrium_003.wav,OWNER_SCREENPLAY_PENDING,UNVERIFIED_DO_NOT_SHIP
juno_spark_equilibrium_004,juno-spark:equilibrium,mid,Yin,A pause is not defeat. Sometimes it is care.,natural,DRAFT_SCREENPLAY_FOR_OWNER_REVIEW,audio/tts_preview/juno_spark_equilibrium_004.wav,OWNER_SCREENPLAY_PENDING,UNVERIFIED_DO_NOT_SHIP
juno_spark_equilibrium_005,juno-spark:equilibrium,post,Yang,Symmetry is only the beginning of completion.,natural,DRAFT_SCREENPLAY_FOR_OWNER_REVIEW,audio/tts_preview/juno_spark_equilibrium_005.wav,OWNER_SCREENPLAY_PENDING,UNVERIFIED_DO_NOT_SHIP
juno_spark_equilibrium_006,juno-spark:equilibrium,post,Juno,Look at that: patience with actual results.,natural,DRAFT_SCREENPLAY_FOR_OWNER_REVIEW,audio/tts_preview/juno_spark_equilibrium_006.wav,OWNER_SCREENPLAY_PENDING,UNVERIFIED_DO_NOT_SHIP
juno_spark_dual_release_1_001,juno-spark:dual_release_1,pre,Juno,"Opposite masks. Same problem. Let us take both, on purpose.",natural,DRAFT_SCREENPLAY_FOR_OWNER_REVIEW,audio/tts_preview/juno_spark_dual_release_1_001.wav,OWNER_SCREENPLAY_PENDING,UNVERIFIED_DO_NOT_SHIP
juno_spark_dual_release_1_002,juno-spark:dual_release_1,pre,Yang,Partial definition is wasted effort.,natural,DRAFT_SCREENPLAY_FOR_OWNER_REVIEW,audio/tts_preview/juno_spark_dual_release_1_002.wav,OWNER_SCREENPLAY_PENDING,UNVERIFIED_DO_NOT_SHIP
juno_spark_dual_release_1_003,juno-spark:dual_release_1,mid,Juno,You are not pieces on my board.,natural,DRAFT_SCREENPLAY_FOR_OWNER_REVIEW,audio/tts_preview/juno_spark_dual_release_1_003.wav,OWNER_SCREENPLAY_PENDING,UNVERIFIED_DO_NOT_SHIP
juno_spark_dual_release_1_004,juno-spark:dual_release_1,mid,Yin,Then allow them the peace of no decision.,natural,DRAFT_SCREENPLAY_FOR_OWNER_REVIEW,audio/tts_preview/juno_spark_dual_release_1_004.wav,OWNER_SCREENPLAY_PENDING,UNVERIFIED_DO_NOT_SHIP
juno_spark_dual_release_1_005,juno-spark:dual_release_1,post,Juno,The fast route is not always the right one.,natural,DRAFT_SCREENPLAY_FOR_OWNER_REVIEW,audio/tts_preview/juno_spark_dual_release_1_005.wav,OWNER_SCREENPLAY_PENDING,UNVERIFIED_DO_NOT_SHIP
juno_spark_dual_release_2_001,juno-spark:dual_release_2,pre,Juno,Orion would ask where the last two need to land.,natural,DRAFT_SCREENPLAY_FOR_OWNER_REVIEW,audio/tts_preview/juno_spark_dual_release_2_001.wav,OWNER_SCREENPLAY_PENDING,UNVERIFIED_DO_NOT_SHIP
juno_spark_dual_release_2_002,juno-spark:dual_release_2,pre,Yin,To release them is to return their pain.,natural,DRAFT_SCREENPLAY_FOR_OWNER_REVIEW,audio/tts_preview/juno_spark_dual_release_2_002.wav,OWNER_SCREENPLAY_PENDING,UNVERIFIED_DO_NOT_SHIP
juno_spark_dual_release_2_003,juno-spark:dual_release_2,mid,Juno,And their laughter. Their anger. Their choices.,natural,DRAFT_SCREENPLAY_FOR_OWNER_REVIEW,audio/tts_preview/juno_spark_dual_release_2_003.wav,OWNER_SCREENPLAY_PENDING,UNVERIFIED_DO_NOT_SHIP
juno_spark_dual_release_2_004,juno-spark:dual_release_2,mid,Yang,You cannot guarantee they will agree afterward.,natural,DRAFT_SCREENPLAY_FOR_OWNER_REVIEW,audio/tts_preview/juno_spark_dual_release_2_004.wav,OWNER_SCREENPLAY_PENDING,UNVERIFIED_DO_NOT_SHIP
juno_spark_dual_release_2_005,juno-spark:dual_release_2,post,Juno,I am counting on them not to.,natural,DRAFT_SCREENPLAY_FOR_OWNER_REVIEW,audio/tts_preview/juno_spark_dual_release_2_005.wav,OWNER_SCREENPLAY_PENDING,UNVERIFIED_DO_NOT_SHIP
juno_spark_dual_release_2_006,juno-spark:dual_release_2,post,Juno,"I am asking, not guessing. This is new.",natural,DRAFT_SCREENPLAY_FOR_OWNER_REVIEW,audio/tts_preview/juno_spark_dual_release_2_006.wav,OWNER_SCREENPLAY_PENDING,UNVERIFIED_DO_NOT_SHIP
juno_spark_prismatic_gray_001,juno-spark:prismatic_gray,pre,Yin,Every borrowed memory is another weight.,natural,DRAFT_SCREENPLAY_FOR_OWNER_REVIEW,audio/tts_preview/juno_spark_prismatic_gray_001.wav,OWNER_SCREENPLAY_PENDING,UNVERIFIED_DO_NOT_SHIP
juno_spark_prismatic_gray_002,juno-spark:prismatic_gray,pre,Yang,"If you combine them perfectly, there will be no conflict left.",natural,DRAFT_SCREENPLAY_FOR_OWNER_REVIEW,audio/tts_preview/juno_spark_prismatic_gray_002.wav,OWNER_SCREENPLAY_PENDING,UNVERIFIED_DO_NOT_SHIP
juno_spark_prismatic_gray_003,juno-spark:prismatic_gray,pre,Juno,There are a thousand ways to be fast.,natural,DRAFT_SCREENPLAY_FOR_OWNER_REVIEW,audio/tts_preview/juno_spark_prismatic_gray_003.wav,OWNER_SCREENPLAY_PENDING,UNVERIFIED_DO_NOT_SHIP
juno_spark_prismatic_gray_004,juno-spark:prismatic_gray,mid,Juno,Six people. Six choices I could not make for them.,natural,DRAFT_SCREENPLAY_FOR_OWNER_REVIEW,audio/tts_preview/juno_spark_prismatic_gray_004.wav,OWNER_SCREENPLAY_PENDING,UNVERIFIED_DO_NOT_SHIP
juno_spark_prismatic_gray_005,juno-spark:prismatic_gray,mid,Juno,There is only one reason I chose this path.,natural,DRAFT_SCREENPLAY_FOR_OWNER_REVIEW,audio/tts_preview/juno_spark_prismatic_gray_005.wav,OWNER_SCREENPLAY_PENDING,UNVERIFIED_DO_NOT_SHIP
juno_spark_prismatic_gray_006,juno-spark:prismatic_gray,post,Kaia,You are still yourself. That is the point.,natural,DRAFT_SCREENPLAY_FOR_OWNER_REVIEW,audio/tts_preview/juno_spark_prismatic_gray_006.wav,OWNER_SCREENPLAY_PENDING,UNVERIFIED_DO_NOT_SHIP
juno_spark_prismatic_gray_007,juno-spark:prismatic_gray,post,Juno,And this choice is mine.,natural,DRAFT_SCREENPLAY_FOR_OWNER_REVIEW,audio/tts_preview/juno_spark_prismatic_gray_007.wav,OWNER_SCREENPLAY_PENDING,UNVERIFIED_DO_NOT_SHIP
juno_spark_impossible_battle_2_001,juno-spark:impossible_battle_2,pre,Yin,A pause matters because I get to choose it.,soft,DRAFT_SCREENPLAY_FOR_OWNER_REVIEW,audio/tts_preview/juno_spark_impossible_battle_2_001.wav,OWNER_SCREENPLAY_PENDING,UNVERIFIED_DO_NOT_SHIP
juno_spark_impossible_battle_2_002,juno-spark:impossible_battle_2,pre,Yang,A route matters because I can change my mind.,formal,DRAFT_SCREENPLAY_FOR_OWNER_REVIEW,audio/tts_preview/juno_spark_impossible_battle_2_002.wav,OWNER_SCREENPLAY_PENDING,UNVERIFIED_DO_NOT_SHIP
juno_spark_impossible_battle_2_003,juno-spark:impossible_battle_2,pre,Juno,"Yin, stopping is a choice. Do not make it for us.",natural,DRAFT_SCREENPLAY_FOR_OWNER_REVIEW,audio/tts_preview/juno_spark_impossible_battle_2_003.wav,OWNER_SCREENPLAY_PENDING,UNVERIFIED_DO_NOT_SHIP
juno_spark_impossible_battle_2_004,juno-spark:impossible_battle_2,mid,Juno,"Yang, a map is not a destination.",natural,DRAFT_SCREENPLAY_FOR_OWNER_REVIEW,audio/tts_preview/juno_spark_impossible_battle_2_004.wav,OWNER_SCREENPLAY_PENDING,UNVERIFIED_DO_NOT_SHIP
juno_spark_impossible_battle_2_005,juno-spark:impossible_battle_2,mid,Yin,Then you accept that someone may be hurt again.,natural,DRAFT_SCREENPLAY_FOR_OWNER_REVIEW,audio/tts_preview/juno_spark_impossible_battle_2_005.wav,OWNER_SCREENPLAY_PENDING,UNVERIFIED_DO_NOT_SHIP
juno_spark_impossible_battle_2_006,juno-spark:impossible_battle_2,mid,Juno,I accept that they remain someone who can choose.,natural,DRAFT_SCREENPLAY_FOR_OWNER_REVIEW,audio/tts_preview/juno_spark_impossible_battle_2_006.wav,OWNER_SCREENPLAY_PENDING,UNVERIFIED_DO_NOT_SHIP
juno_spark_impossible_battle_2_007,juno-spark:impossible_battle_2,mid,Yang,You offer an unfinished design.,natural,DRAFT_SCREENPLAY_FOR_OWNER_REVIEW,audio/tts_preview/juno_spark_impossible_battle_2_007.wav,OWNER_SCREENPLAY_PENDING,UNVERIFIED_DO_NOT_SHIP
juno_spark_impossible_battle_2_008,juno-spark:impossible_battle_2,post,Juno,"Yang, a map is not a destination.",natural,DRAFT_SCREENPLAY_FOR_OWNER_REVIEW,audio/tts_preview/juno_spark_impossible_battle_2_008.wav,OWNER_SCREENPLAY_PENDING,UNVERIFIED_DO_NOT_SHIP
juno_spark_impossible_battle_2_009,juno-spark:impossible_battle_2,post,Yin,A boundary with an opening. Unfamiliar.,natural,DRAFT_SCREENPLAY_FOR_OWNER_REVIEW,audio/tts_preview/juno_spark_impossible_battle_2_009.wav,OWNER_SCREENPLAY_PENDING,UNVERIFIED_DO_NOT_SHIP
juno_spark_impossible_battle_2_010,juno-spark:impossible_battle_2,post,Yang,A pattern that may change itself. Unaccounted for.,natural,DRAFT_SCREENPLAY_FOR_OWNER_REVIEW,audio/tts_preview/juno_spark_impossible_battle_2_010.wav,OWNER_SCREENPLAY_PENDING,UNVERIFIED_DO_NOT_SHIP
juno_spark_epilogue_001,juno-spark:epilogue,pre,Juno,That was the longest second of my life.,natural,DRAFT_SCREENPLAY_FOR_OWNER_REVIEW,audio/tts_preview/juno_spark_epilogue_001.wav,OWNER_SCREENPLAY_PENDING,UNVERIFIED_DO_NOT_SHIP
juno_spark_epilogue_002,juno-spark:epilogue,pre,Juno,Do we have to call this a victory? I would prefer food.,natural,DRAFT_SCREENPLAY_FOR_OWNER_REVIEW,audio/tts_preview/juno_spark_epilogue_002.wav,OWNER_SCREENPLAY_PENDING,UNVERIFIED_DO_NOT_SHIP
juno_spark_epilogue_003,juno-spark:epilogue,pre,Nix,Food can be scheduled. Argument cannot.,natural,DRAFT_SCREENPLAY_FOR_OWNER_REVIEW,audio/tts_preview/juno_spark_epilogue_003.wav,OWNER_SCREENPLAY_PENDING,UNVERIFIED_DO_NOT_SHIP
juno_spark_epilogue_004,juno-spark:epilogue,pre,Vesper,Who says the argument has to end?,natural,DRAFT_SCREENPLAY_FOR_OWNER_REVIEW,audio/tts_preview/juno_spark_epilogue_004.wav,OWNER_SCREENPLAY_PENDING,UNVERIFIED_DO_NOT_SHIP
juno_spark_epilogue_005,juno-spark:epilogue,mid,Rook,It does not. Just make a space for it.,natural,DRAFT_SCREENPLAY_FOR_OWNER_REVIEW,audio/tts_preview/juno_spark_epilogue_005.wav,OWNER_SCREENPLAY_PENDING,UNVERIFIED_DO_NOT_SHIP
juno_spark_epilogue_006,juno-spark:epilogue,post,Juno,I would take it again.,natural,DRAFT_SCREENPLAY_FOR_OWNER_REVIEW,audio/tts_preview/juno_spark_epilogue_006.wav,OWNER_SCREENPLAY_PENDING,UNVERIFIED_DO_NOT_SHIP
juno_spark_epilogue_007,juno-spark:epilogue,post,Kaia,That will do. Until tomorrow.,natural,DRAFT_SCREENPLAY_FOR_OWNER_REVIEW,audio/tts_preview/juno_spark_epilogue_007.wav,OWNER_SCREENPLAY_PENDING,UNVERIFIED_DO_NOT_SHIP
juno_spark_unlock_001,juno-spark:unlock,pre,Juno,"I will remember the choices, not just the outcome.",natural,DRAFT_SCREENPLAY_FOR_OWNER_REVIEW,audio/tts_preview/juno_spark_unlock_001.wav,OWNER_SCREENPLAY_PENDING,UNVERIFIED_DO_NOT_SHIP
juno_spark_unlock_002,juno-spark:unlock,mid,Kaia,Another color has found its own way to Gray.,natural,DRAFT_SCREENPLAY_FOR_OWNER_REVIEW,audio/tts_preview/juno_spark_unlock_002.wav,OWNER_SCREENPLAY_PENDING,UNVERIFIED_DO_NOT_SHIP
juno_spark_unlock_003,juno-spark:unlock,post,Juno,Let the next story be told in its own voice.,natural,DRAFT_SCREENPLAY_FOR_OWNER_REVIEW,audio/tts_preview/juno_spark_unlock_003.wav,OWNER_SCREENPLAY_PENDING,UNVERIFIED_DO_NOT_SHIP
juno_spark_unlock_004,juno-spark:unlock,post,Juno,I hear the lesson left behind. I will not pretend its owner stands here.,natural,DRAFT_SCREENPLAY_FOR_OWNER_REVIEW,audio/tts_preview/juno_spark_unlock_004.wav,OWNER_SCREENPLAY_PENDING,UNVERIFIED_DO_NOT_SHIP
nix_calder_prologue_001,nix-calder:prologue,pre,Nix,The lattice is within tolerance.,natural,DRAFT_SCREENPLAY_FOR_OWNER_REVIEW,audio/tts_preview/nix_calder_prologue_001.wav,OWNER_SCREENPLAY_PENDING,UNVERIFIED_DO_NOT_SHIP
nix_calder_prologue_002,nix-calder:prologue,pre,Nix,Every exit has a reason.,natural,DRAFT_SCREENPLAY_FOR_OWNER_REVIEW,audio/tts_preview/nix_calder_prologue_002.wav,OWNER_SCREENPLAY_PENDING,UNVERIFIED_DO_NOT_SHIP
nix_calder_prologue_003,nix-calder:prologue,pre,Yin,A silence lies beneath every unfinished argument.,soft,DRAFT_SCREENPLAY_FOR_OWNER_REVIEW,audio/tts_preview/nix_calder_prologue_003.wav,OWNER_SCREENPLAY_PENDING,UNVERIFIED_DO_NOT_SHIP
nix_calder_prologue_004,nix-calder:prologue,pre,Yang,Every incomplete path can be corrected.,clear,DRAFT_SCREENPLAY_FOR_OWNER_REVIEW,audio/tts_preview/nix_calder_prologue_004.wav,OWNER_SCREENPLAY_PENDING,UNVERIFIED_DO_NOT_SHIP
nix_calder_prologue_005,nix-calder:prologue,mid,Nix,"If I can close every gap, nobody can be harmed.",natural,DRAFT_SCREENPLAY_FOR_OWNER_REVIEW,audio/tts_preview/nix_calder_prologue_005.wav,OWNER_SCREENPLAY_PENDING,UNVERIFIED_DO_NOT_SHIP
nix_calder_prologue_006,nix-calder:prologue,post,Nix,A secure structure lets people survive the storm.,natural,DRAFT_SCREENPLAY_FOR_OWNER_REVIEW,audio/tts_preview/nix_calder_prologue_006.wav,OWNER_SCREENPLAY_PENDING,UNVERIFIED_DO_NOT_SHIP
nix_calder_recruit_kaia_windrow_001,nix-calder:recruit:kaia-windrow,pre,Kaia,"Before we argue, tell me what you are afraid of losing.",natural,DRAFT_SCREENPLAY_FOR_OWNER_REVIEW,audio/tts_preview/nix_calder_recruit_kaia_windrow_001.wav,OWNER_SCREENPLAY_PENDING,UNVERIFIED_DO_NOT_SHIP
nix_calder_recruit_kaia_windrow_002,nix-calder:recruit:kaia-windrow,pre,Nix,Listening might cost more time than we have. Is it worth it?,natural,DRAFT_SCREENPLAY_FOR_OWNER_REVIEW,audio/tts_preview/nix_calder_recruit_kaia_windrow_002.wav,OWNER_SCREENPLAY_PENDING,UNVERIFIED_DO_NOT_SHIP
nix_calder_recruit_kaia_windrow_003,nix-calder:recruit:kaia-windrow,mid,Kaia,What if the instructions fail the people they protect?,natural,DRAFT_SCREENPLAY_FOR_OWNER_REVIEW,audio/tts_preview/nix_calder_recruit_kaia_windrow_003.wav,OWNER_SCREENPLAY_PENDING,UNVERIFIED_DO_NOT_SHIP
nix_calder_recruit_kaia_windrow_004,nix-calder:recruit:kaia-windrow,mid,Nix,That is a valid objection. Let me revise.,natural,DRAFT_SCREENPLAY_FOR_OWNER_REVIEW,audio/tts_preview/nix_calder_recruit_kaia_windrow_004.wav,OWNER_SCREENPLAY_PENDING,UNVERIFIED_DO_NOT_SHIP
nix_calder_recruit_kaia_windrow_005,nix-calder:recruit:kaia-windrow,post,Kaia,We can start by disagreeing honestly.,natural,DRAFT_SCREENPLAY_FOR_OWNER_REVIEW,audio/tts_preview/nix_calder_recruit_kaia_windrow_005.wav,OWNER_SCREENPLAY_PENDING,UNVERIFIED_DO_NOT_SHIP
nix_calder_recruit_kaia_windrow_006,nix-calder:recruit:kaia-windrow,post,Nix,I will give you a plan and an exit.,natural,DRAFT_SCREENPLAY_FOR_OWNER_REVIEW,audio/tts_preview/nix_calder_recruit_kaia_windrow_006.wav,OWNER_SCREENPLAY_PENDING,UNVERIFIED_DO_NOT_SHIP
nix_calder_recruit_orion_vell_001,nix-calder:recruit:orion-vell,pre,Orion,The vectors overlap. This meeting was statistically probable.,natural,DRAFT_SCREENPLAY_FOR_OWNER_REVIEW,audio/tts_preview/nix_calder_recruit_orion_vell_001.wav,OWNER_SCREENPLAY_PENDING,UNVERIFIED_DO_NOT_SHIP
nix_calder_recruit_orion_vell_002,nix-calder:recruit:orion-vell,pre,Nix,Have you factored in a choice you do not expect?,natural,DRAFT_SCREENPLAY_FOR_OWNER_REVIEW,audio/tts_preview/nix_calder_recruit_orion_vell_002.wav,OWNER_SCREENPLAY_PENDING,UNVERIFIED_DO_NOT_SHIP
nix_calder_recruit_orion_vell_003,nix-calder:recruit:orion-vell,mid,Orion,What if the instructions fail the people they protect?,natural,DRAFT_SCREENPLAY_FOR_OWNER_REVIEW,audio/tts_preview/nix_calder_recruit_orion_vell_003.wav,OWNER_SCREENPLAY_PENDING,UNVERIFIED_DO_NOT_SHIP
nix_calder_recruit_orion_vell_004,nix-calder:recruit:orion-vell,mid,Nix,That is a valid objection. Let me revise.,natural,DRAFT_SCREENPLAY_FOR_OWNER_REVIEW,audio/tts_preview/nix_calder_recruit_orion_vell_004.wav,OWNER_SCREENPLAY_PENDING,UNVERIFIED_DO_NOT_SHIP
nix_calder_recruit_orion_vell_005,nix-calder:recruit:orion-vell,post,Orion,That variable has my attention now.,natural,DRAFT_SCREENPLAY_FOR_OWNER_REVIEW,audio/tts_preview/nix_calder_recruit_orion_vell_005.wav,OWNER_SCREENPLAY_PENDING,UNVERIFIED_DO_NOT_SHIP
nix_calder_recruit_orion_vell_006,nix-calder:recruit:orion-vell,post,Nix,Not because I expect betrayal. Because freedom requires one.,natural,DRAFT_SCREENPLAY_FOR_OWNER_REVIEW,audio/tts_preview/nix_calder_recruit_orion_vell_006.wav,OWNER_SCREENPLAY_PENDING,UNVERIFIED_DO_NOT_SHIP
nix_calder_recruit_juno_spark_001,nix-calder:recruit:juno-spark,pre,Juno,I spotted three routes. Want the good one or the fast one?,natural,DRAFT_SCREENPLAY_FOR_OWNER_REVIEW,audio/tts_preview/nix_calder_recruit_juno_spark_001.wav,OWNER_SCREENPLAY_PENDING,UNVERIFIED_DO_NOT_SHIP
nix_calder_recruit_juno_spark_002,nix-calder:recruit:juno-spark,pre,Nix,And if the fast route leaves somebody else stranded?,natural,DRAFT_SCREENPLAY_FOR_OWNER_REVIEW,audio/tts_preview/nix_calder_recruit_juno_spark_002.wav,OWNER_SCREENPLAY_PENDING,UNVERIFIED_DO_NOT_SHIP
nix_calder_recruit_juno_spark_003,nix-calder:recruit:juno-spark,mid,Juno,What if the instructions fail the people they protect?,natural,DRAFT_SCREENPLAY_FOR_OWNER_REVIEW,audio/tts_preview/nix_calder_recruit_juno_spark_003.wav,OWNER_SCREENPLAY_PENDING,UNVERIFIED_DO_NOT_SHIP
nix_calder_recruit_juno_spark_004,nix-calder:recruit:juno-spark,mid,Nix,That is a valid objection. Let me revise.,natural,DRAFT_SCREENPLAY_FOR_OWNER_REVIEW,audio/tts_preview/nix_calder_recruit_juno_spark_004.wav,OWNER_SCREENPLAY_PENDING,UNVERIFIED_DO_NOT_SHIP
nix_calder_recruit_juno_spark_005,nix-calder:recruit:juno-spark,post,Juno,Okay. The good route first. I can still make it fast.,natural,DRAFT_SCREENPLAY_FOR_OWNER_REVIEW,audio/tts_preview/nix_calder_recruit_juno_spark_005.wav,OWNER_SCREENPLAY_PENDING,UNVERIFIED_DO_NOT_SHIP
nix_calder_recruit_juno_spark_006,nix-calder:recruit:juno-spark,post,Nix,You can revise the plan. I will mark the change.,natural,DRAFT_SCREENPLAY_FOR_OWNER_REVIEW,audio/tts_preview/nix_calder_recruit_juno_spark_006.wav,OWNER_SCREENPLAY_PENDING,UNVERIFIED_DO_NOT_SHIP
nix_calder_recruit_vesper_nyx_001,nix-calder:recruit:vesper-nyx,pre,Vesper,How charming. Someone followed the wrong shadow to the right place.,natural,DRAFT_SCREENPLAY_FOR_OWNER_REVIEW,audio/tts_preview/nix_calder_recruit_vesper_nyx_001.wav,OWNER_SCREENPLAY_PENDING,UNVERIFIED_DO_NOT_SHIP
nix_calder_recruit_vesper_nyx_002,nix-calder:recruit:vesper-nyx,pre,Nix,Would you still be here if everyone could see you clearly?,natural,DRAFT_SCREENPLAY_FOR_OWNER_REVIEW,audio/tts_preview/nix_calder_recruit_vesper_nyx_002.wav,OWNER_SCREENPLAY_PENDING,UNVERIFIED_DO_NOT_SHIP
nix_calder_recruit_vesper_nyx_003,nix-calder:recruit:vesper-nyx,mid,Vesper,What if the instructions fail the people they protect?,natural,DRAFT_SCREENPLAY_FOR_OWNER_REVIEW,audio/tts_preview/nix_calder_recruit_vesper_nyx_003.wav,OWNER_SCREENPLAY_PENDING,UNVERIFIED_DO_NOT_SHIP
nix_calder_recruit_vesper_nyx_004,nix-calder:recruit:vesper-nyx,mid,Nix,That is a valid objection. Let me revise.,natural,DRAFT_SCREENPLAY_FOR_OWNER_REVIEW,audio/tts_preview/nix_calder_recruit_vesper_nyx_004.wav,OWNER_SCREENPLAY_PENDING,UNVERIFIED_DO_NOT_SHIP
nix_calder_recruit_vesper_nyx_005,nix-calder:recruit:vesper-nyx,post,Vesper,Look at that. An answer with no trapdoor.,natural,DRAFT_SCREENPLAY_FOR_OWNER_REVIEW,audio/tts_preview/nix_calder_recruit_vesper_nyx_005.wav,OWNER_SCREENPLAY_PENDING,UNVERIFIED_DO_NOT_SHIP
nix_calder_recruit_vesper_nyx_006,nix-calder:recruit:vesper-nyx,post,Nix,I will give you a plan and an exit.,natural,DRAFT_SCREENPLAY_FOR_OWNER_REVIEW,audio/tts_preview/nix_calder_recruit_vesper_nyx_006.wav,OWNER_SCREENPLAY_PENDING,UNVERIFIED_DO_NOT_SHIP
nix_calder_recruit_rook_ironside_001,nix-calder:recruit:rook-ironside,pre,Rook,I will stand between danger and the people behind me.,natural,DRAFT_SCREENPLAY_FOR_OWNER_REVIEW,audio/tts_preview/nix_calder_recruit_rook_ironside_001.wav,OWNER_SCREENPLAY_PENDING,UNVERIFIED_DO_NOT_SHIP
nix_calder_recruit_rook_ironside_002,nix-calder:recruit:rook-ironside,pre,Nix,What if I do not want to stand behind you?,natural,DRAFT_SCREENPLAY_FOR_OWNER_REVIEW,audio/tts_preview/nix_calder_recruit_rook_ironside_002.wav,OWNER_SCREENPLAY_PENDING,UNVERIFIED_DO_NOT_SHIP
nix_calder_recruit_rook_ironside_003,nix-calder:recruit:rook-ironside,mid,Rook,What if the instructions fail the people they protect?,natural,DRAFT_SCREENPLAY_FOR_OWNER_REVIEW,audio/tts_preview/nix_calder_recruit_rook_ironside_003.wav,OWNER_SCREENPLAY_PENDING,UNVERIFIED_DO_NOT_SHIP
nix_calder_recruit_rook_ironside_004,nix-calder:recruit:rook-ironside,mid,Nix,That is a valid objection. Let me revise.,natural,DRAFT_SCREENPLAY_FOR_OWNER_REVIEW,audio/tts_preview/nix_calder_recruit_rook_ironside_004.wav,OWNER_SCREENPLAY_PENDING,UNVERIFIED_DO_NOT_SHIP
nix_calder_recruit_rook_ironside_005,nix-calder:recruit:rook-ironside,post,Rook,Then take the open side. I will keep it open.,natural,DRAFT_SCREENPLAY_FOR_OWNER_REVIEW,audio/tts_preview/nix_calder_recruit_rook_ironside_005.wav,OWNER_SCREENPLAY_PENDING,UNVERIFIED_DO_NOT_SHIP
nix_calder_recruit_rook_ironside_006,nix-calder:recruit:rook-ironside,post,Nix,Not because I expect betrayal. Because freedom requires one.,natural,DRAFT_SCREENPLAY_FOR_OWNER_REVIEW,audio/tts_preview/nix_calder_recruit_rook_ironside_006.wav,OWNER_SCREENPLAY_PENDING,UNVERIFIED_DO_NOT_SHIP
nix_calder_recruit_ember_vale_001,nix-calder:recruit:ember-vale,pre,Ember,I would rather lose a fight than a chance to act.,natural,DRAFT_SCREENPLAY_FOR_OWNER_REVIEW,audio/tts_preview/nix_calder_recruit_ember_vale_001.wav,OWNER_SCREENPLAY_PENDING,UNVERIFIED_DO_NOT_SHIP
nix_calder_recruit_ember_vale_002,nix-calder:recruit:ember-vale,pre,Nix,And what happens when you push straight through someone else?,natural,DRAFT_SCREENPLAY_FOR_OWNER_REVIEW,audio/tts_preview/nix_calder_recruit_ember_vale_002.wav,OWNER_SCREENPLAY_PENDING,UNVERIFIED_DO_NOT_SHIP
nix_calder_recruit_ember_vale_003,nix-calder:recruit:ember-vale,mid,Ember,What if the instructions fail the people they protect?,natural,DRAFT_SCREENPLAY_FOR_OWNER_REVIEW,audio/tts_preview/nix_calder_recruit_ember_vale_003.wav,OWNER_SCREENPLAY_PENDING,UNVERIFIED_DO_NOT_SHIP
nix_calder_recruit_ember_vale_004,nix-calder:recruit:ember-vale,mid,Nix,That is a valid objection. Let me revise.,natural,DRAFT_SCREENPLAY_FOR_OWNER_REVIEW,audio/tts_preview/nix_calder_recruit_ember_vale_004.wav,OWNER_SCREENPLAY_PENDING,UNVERIFIED_DO_NOT_SHIP
nix_calder_recruit_ember_vale_005,nix-calder:recruit:ember-vale,post,Ember,Fine. I will follow as long as we keep moving.,natural,DRAFT_SCREENPLAY_FOR_OWNER_REVIEW,audio/tts_preview/nix_calder_recruit_ember_vale_005.wav,OWNER_SCREENPLAY_PENDING,UNVERIFIED_DO_NOT_SHIP
nix_calder_recruit_ember_vale_006,nix-calder:recruit:ember-vale,post,Nix,You can revise the plan. I will mark the change.,natural,DRAFT_SCREENPLAY_FOR_OWNER_REVIEW,audio/tts_preview/nix_calder_recruit_ember_vale_006.wav,OWNER_SCREENPLAY_PENDING,UNVERIFIED_DO_NOT_SHIP
nix_calder_accord_001,nix-calder:accord,pre,Nix,Seven distinct failure modes.,natural,DRAFT_SCREENPLAY_FOR_OWNER_REVIEW,audio/tts_preview/nix_calder_accord_001.wav,OWNER_SCREENPLAY_PENDING,UNVERIFIED_DO_NOT_SHIP
nix_calder_accord_002,nix-calder:accord,pre,Ember,"Are we actually doing this, or arguing until dawn?",natural,DRAFT_SCREENPLAY_FOR_OWNER_REVIEW,audio/tts_preview/nix_calder_accord_002.wav,OWNER_SCREENPLAY_PENDING,UNVERIFIED_DO_NOT_SHIP
nix_calder_accord_003,nix-calder:accord,pre,Nix,Those are not mutually exclusive activities.,natural,DRAFT_SCREENPLAY_FOR_OWNER_REVIEW,audio/tts_preview/nix_calder_accord_003.wav,OWNER_SCREENPLAY_PENDING,UNVERIFIED_DO_NOT_SHIP
nix_calder_accord_004,nix-calder:accord,pre,Juno,"I vote for arguing while walking. Efficient, entertaining.",natural,DRAFT_SCREENPLAY_FOR_OWNER_REVIEW,audio/tts_preview/nix_calder_accord_004.wav,OWNER_SCREENPLAY_PENDING,UNVERIFIED_DO_NOT_SHIP
nix_calder_accord_005,nix-calder:accord,pre,Rook,Stay where I can see you. Not where I can command you.,natural,DRAFT_SCREENPLAY_FOR_OWNER_REVIEW,audio/tts_preview/nix_calder_accord_005.wav,OWNER_SCREENPLAY_PENDING,UNVERIFIED_DO_NOT_SHIP
nix_calder_accord_006,nix-calder:accord,pre,Vesper,That sounded almost like trust.,natural,DRAFT_SCREENPLAY_FOR_OWNER_REVIEW,audio/tts_preview/nix_calder_accord_006.wav,OWNER_SCREENPLAY_PENDING,UNVERIFIED_DO_NOT_SHIP
nix_calder_accord_007,nix-calder:accord,pre,Orion,It is an unfamiliar but testable arrangement.,natural,DRAFT_SCREENPLAY_FOR_OWNER_REVIEW,audio/tts_preview/nix_calder_accord_007.wav,OWNER_SCREENPLAY_PENDING,UNVERIFIED_DO_NOT_SHIP
nix_calder_accord_008,nix-calder:accord,post,Kaia,We have seven answers. We do not need one voice.,natural,DRAFT_SCREENPLAY_FOR_OWNER_REVIEW,audio/tts_preview/nix_calder_accord_008.wav,OWNER_SCREENPLAY_PENDING,UNVERIFIED_DO_NOT_SHIP
nix_calder_accord_009,nix-calder:accord,post,Nix,Perhaps a system should be judged by whether people can change it.,natural,DRAFT_SCREENPLAY_FOR_OWNER_REVIEW,audio/tts_preview/nix_calder_accord_009.wav,OWNER_SCREENPLAY_PENDING,UNVERIFIED_DO_NOT_SHIP
nix_calder_catastrophe_001,nix-calder:catastrophe,pre,Yin,No boundary can guarantee you will never lose anyone.,soft,DRAFT_SCREENPLAY_FOR_OWNER_REVIEW,audio/tts_preview/nix_calder_catastrophe_001.wav,OWNER_SCREENPLAY_PENDING,UNVERIFIED_DO_NOT_SHIP
nix_calder_catastrophe_002,nix-calder:catastrophe,pre,Yang,Your skill could build a perfectly closed city.,formal,DRAFT_SCREENPLAY_FOR_OWNER_REVIEW,audio/tts_preview/nix_calder_catastrophe_002.wav,OWNER_SCREENPLAY_PENDING,UNVERIFIED_DO_NOT_SHIP
nix_calder_catastrophe_003,nix-calder:catastrophe,pre,Ember,Nobody gave you the right to rearrange us.,natural,DRAFT_SCREENPLAY_FOR_OWNER_REVIEW,audio/tts_preview/nix_calder_catastrophe_003.wav,OWNER_SCREENPLAY_PENDING,UNVERIFIED_DO_NOT_SHIP
nix_calder_catastrophe_004,nix-calder:catastrophe,pre,Nix,Your proposed structure contains no consent pathway.,natural,DRAFT_SCREENPLAY_FOR_OWNER_REVIEW,audio/tts_preview/nix_calder_catastrophe_004.wav,OWNER_SCREENPLAY_PENDING,UNVERIFIED_DO_NOT_SHIP
nix_calder_catastrophe_005,nix-calder:catastrophe,pre,Yin,Consent requires a self willing to suffer. I offer release.,natural,DRAFT_SCREENPLAY_FOR_OWNER_REVIEW,audio/tts_preview/nix_calder_catastrophe_005.wav,OWNER_SCREENPLAY_PENDING,UNVERIFIED_DO_NOT_SHIP
nix_calder_catastrophe_006,nix-calder:catastrophe,pre,Yang,Consent is unnecessary when no misunderstanding remains.,natural,DRAFT_SCREENPLAY_FOR_OWNER_REVIEW,audio/tts_preview/nix_calder_catastrophe_006.wav,OWNER_SCREENPLAY_PENDING,UNVERIFIED_DO_NOT_SHIP
nix_calder_catastrophe_007,nix-calder:catastrophe,mid,Nix,"If I can close every gap, nobody can be harmed.",natural,DRAFT_SCREENPLAY_FOR_OWNER_REVIEW,audio/tts_preview/nix_calder_catastrophe_007.wav,OWNER_SCREENPLAY_PENDING,UNVERIFIED_DO_NOT_SHIP
nix_calder_catastrophe_008,nix-calder:catastrophe,mid,Kaia,We are not yours to solve.,natural,DRAFT_SCREENPLAY_FOR_OWNER_REVIEW,audio/tts_preview/nix_calder_catastrophe_008.wav,OWNER_SCREENPLAY_PENDING,UNVERIFIED_DO_NOT_SHIP
nix_calder_catastrophe_009,nix-calder:catastrophe,post,Rook,Then we hold together.,natural,DRAFT_SCREENPLAY_FOR_OWNER_REVIEW,audio/tts_preview/nix_calder_catastrophe_009.wav,OWNER_SCREENPLAY_PENDING,UNVERIFIED_DO_NOT_SHIP
nix_calder_catastrophe_010,nix-calder:catastrophe,post,Vesper,"For once, I have nothing clever to add.",natural,DRAFT_SCREENPLAY_FOR_OWNER_REVIEW,audio/tts_preview/nix_calder_catastrophe_010.wav,OWNER_SCREENPLAY_PENDING,UNVERIFIED_DO_NOT_SHIP
nix_calder_impossible_battle_1_001,nix-calder:impossible_battle_1,pre,Yang,You mistake the size of the disagreement for the depth of it.,natural,DRAFT_SCREENPLAY_FOR_OWNER_REVIEW,audio/tts_preview/nix_calder_impossible_battle_1_001.wav,OWNER_SCREENPLAY_PENDING,UNVERIFIED_DO_NOT_SHIP
nix_calder_impossible_battle_1_002,nix-calder:impossible_battle_1,pre,Nix,Then we are going to test your certainty.,natural,DRAFT_SCREENPLAY_FOR_OWNER_REVIEW,audio/tts_preview/nix_calder_impossible_battle_1_002.wav,OWNER_SCREENPLAY_PENDING,UNVERIFIED_DO_NOT_SHIP
nix_calder_impossible_battle_1_003,nix-calder:impossible_battle_1,mid,Yin,Every strike ends. Every heartbeat asks for rest.,natural,DRAFT_SCREENPLAY_FOR_OWNER_REVIEW,audio/tts_preview/nix_calder_impossible_battle_1_003.wav,OWNER_SCREENPLAY_PENDING,UNVERIFIED_DO_NOT_SHIP
nix_calder_impossible_battle_1_004,nix-calder:impossible_battle_1,mid,Orion,"Our attacks are changing nothing. The field responds to allegiance, not impact.",natural,DRAFT_SCREENPLAY_FOR_OWNER_REVIEW,audio/tts_preview/nix_calder_impossible_battle_1_004.wav,OWNER_SCREENPLAY_PENDING,UNVERIFIED_DO_NOT_SHIP
nix_calder_impossible_battle_1_005,nix-calder:impossible_battle_1,post,Nix,The fight was never about who hit harder.,natural,DRAFT_SCREENPLAY_FOR_OWNER_REVIEW,audio/tts_preview/nix_calder_impossible_battle_1_005.wav,OWNER_SCREENPLAY_PENDING,UNVERIFIED_DO_NOT_SHIP
nix_calder_impossible_battle_1_006,nix-calder:impossible_battle_1,post,Yang,"At last, you have begun to observe.",natural,DRAFT_SCREENPLAY_FOR_OWNER_REVIEW,audio/tts_preview/nix_calder_impossible_battle_1_006.wav,OWNER_SCREENPLAY_PENDING,UNVERIFIED_DO_NOT_SHIP
nix_calder_first_loss_001,nix-calder:first_loss,pre,Nix,The boundary is secure. No one can enter or leave without my permission.,natural,DRAFT_SCREENPLAY_FOR_OWNER_REVIEW,audio/tts_preview/nix_calder_first_loss_001.wav,OWNER_SCREENPLAY_PENDING,UNVERIFIED_DO_NOT_SHIP
nix_calder_first_loss_002,nix-calder:first_loss,pre,Vesper,You say that like a kindness.,natural,DRAFT_SCREENPLAY_FOR_OWNER_REVIEW,audio/tts_preview/nix_calder_first_loss_002.wav,OWNER_SCREENPLAY_PENDING,UNVERIFIED_DO_NOT_SHIP
nix_calder_first_loss_003,nix-calder:first_loss,pre,Nix,I am preventing harm.,natural,DRAFT_SCREENPLAY_FOR_OWNER_REVIEW,audio/tts_preview/nix_calder_first_loss_003.wav,OWNER_SCREENPLAY_PENDING,UNVERIFIED_DO_NOT_SHIP
nix_calder_first_loss_004,nix-calder:first_loss,pre,Vesper,You are also preventing me from telling you where I want to go.,natural,DRAFT_SCREENPLAY_FOR_OWNER_REVIEW,audio/tts_preview/nix_calder_first_loss_004.wav,OWNER_SCREENPLAY_PENDING,UNVERIFIED_DO_NOT_SHIP
nix_calder_first_loss_005,nix-calder:first_loss,mid,Nix,The locks are calculated to survive this impact.,strained,DRAFT_SCREENPLAY_FOR_OWNER_REVIEW,audio/tts_preview/nix_calder_first_loss_005.wav,OWNER_SCREENPLAY_PENDING,UNVERIFIED_DO_NOT_SHIP
nix_calder_first_loss_006,nix-calder:first_loss,mid,Vesper,They will. That is what scares me.,strained,DRAFT_SCREENPLAY_FOR_OWNER_REVIEW,audio/tts_preview/nix_calder_first_loss_006.wav,OWNER_SCREENPLAY_PENDING,UNVERIFIED_DO_NOT_SHIP
nix_calder_first_loss_007,nix-calder:first_loss,mid,Nix,Open the east hatch. Override— denied?,strained,DRAFT_SCREENPLAY_FOR_OWNER_REVIEW,audio/tts_preview/nix_calder_first_loss_007.wav,OWNER_SCREENPLAY_PENDING,UNVERIFIED_DO_NOT_SHIP
nix_calder_first_loss_008,nix-calder:first_loss,mid,Vesper,Too late for a new rule.,strained,DRAFT_SCREENPLAY_FOR_OWNER_REVIEW,audio/tts_preview/nix_calder_first_loss_008.wav,OWNER_SCREENPLAY_PENDING,UNVERIFIED_DO_NOT_SHIP
nix_calder_first_loss_009,nix-calder:first_loss,post,Nix,I measured the wall. I did not measure what you needed.,strained,DRAFT_SCREENPLAY_FOR_OWNER_REVIEW,audio/tts_preview/nix_calder_first_loss_009.wav,OWNER_SCREENPLAY_PENDING,UNVERIFIED_DO_NOT_SHIP
nix_calder_first_loss_010,nix-calder:first_loss,post,Vesper,You could have asked.,strained,DRAFT_SCREENPLAY_FOR_OWNER_REVIEW,audio/tts_preview/nix_calder_first_loss_010.wav,OWNER_SCREENPLAY_PENDING,UNVERIFIED_DO_NOT_SHIP
nix_calder_first_loss_011,nix-calder:first_loss,post,Nix,I am opening the boundary. From your side. Not mine.,strained,DRAFT_SCREENPLAY_FOR_OWNER_REVIEW,audio/tts_preview/nix_calder_first_loss_011.wav,OWNER_SCREENPLAY_PENDING,UNVERIFIED_DO_NOT_SHIP
nix_calder_first_loss_012,nix-calder:first_loss,post,Vesper,"Good. Keep it that way, even if you cannot see me afterward.",strained,DRAFT_SCREENPLAY_FOR_OWNER_REVIEW,audio/tts_preview/nix_calder_first_loss_012.wav,OWNER_SCREENPLAY_PENDING,UNVERIFIED_DO_NOT_SHIP
nix_calder_first_loss_013,nix-calder:first_loss,post,Yin,The burden has found an ending.,soft,DRAFT_SCREENPLAY_FOR_OWNER_REVIEW,audio/tts_preview/nix_calder_first_loss_013.wav,OWNER_SCREENPLAY_PENDING,UNVERIFIED_DO_NOT_SHIP
nix_calder_first_loss_014,nix-calder:first_loss,post,Yang,An incomplete loss can be integrated into a clearer whole.,clear,DRAFT_SCREENPLAY_FOR_OWNER_REVIEW,audio/tts_preview/nix_calder_first_loss_014.wav,OWNER_SCREENPLAY_PENDING,UNVERIFIED_DO_NOT_SHIP
nix_calder_first_loss_015,nix-calder:first_loss,post,Nix,A complete enclosure can be a complete failure.,grief,DRAFT_SCREENPLAY_FOR_OWNER_REVIEW,audio/tts_preview/nix_calder_first_loss_015.wav,OWNER_SCREENPLAY_PENDING,UNVERIFIED_DO_NOT_SHIP
nix_calder_puppet_imbalance_001,nix-calder:puppet_imbalance,pre,Yin,A simple world is a quiet world.,natural,DRAFT_SCREENPLAY_FOR_OWNER_REVIEW,audio/tts_preview/nix_calder_puppet_imbalance_001.wav,OWNER_SCREENPLAY_PENDING,UNVERIFIED_DO_NOT_SHIP
nix_calder_puppet_imbalance_002,nix-calder:puppet_imbalance,pre,Yang,An ordered world is a world without mistakes.,natural,DRAFT_SCREENPLAY_FOR_OWNER_REVIEW,audio/tts_preview/nix_calder_puppet_imbalance_002.wav,OWNER_SCREENPLAY_PENDING,UNVERIFIED_DO_NOT_SHIP
nix_calder_puppet_imbalance_003,nix-calder:puppet_imbalance,pre,Nix,A lopsided control structure is collapsing under its own coercion.,natural,DRAFT_SCREENPLAY_FOR_OWNER_REVIEW,audio/tts_preview/nix_calder_puppet_imbalance_003.wav,OWNER_SCREENPLAY_PENDING,UNVERIFIED_DO_NOT_SHIP
nix_calder_puppet_imbalance_004,nix-calder:puppet_imbalance,mid,Nix,One side holds three of my friends. I can change that without taking their place.,natural,DRAFT_SCREENPLAY_FOR_OWNER_REVIEW,audio/tts_preview/nix_calder_puppet_imbalance_004.wav,OWNER_SCREENPLAY_PENDING,UNVERIFIED_DO_NOT_SHIP
nix_calder_puppet_imbalance_005,nix-calder:puppet_imbalance,post,Nix,"I am revising the objective: access, not possession.",natural,DRAFT_SCREENPLAY_FOR_OWNER_REVIEW,audio/tts_preview/nix_calder_puppet_imbalance_005.wav,OWNER_SCREENPLAY_PENDING,UNVERIFIED_DO_NOT_SHIP
nix_calder_puppet_imbalance_006,nix-calder:puppet_imbalance,post,Nix,The repair is not another lock. It is an opening.,natural,DRAFT_SCREENPLAY_FOR_OWNER_REVIEW,audio/tts_preview/nix_calder_puppet_imbalance_006.wav,OWNER_SCREENPLAY_PENDING,UNVERIFIED_DO_NOT_SHIP
nix_calder_first_release_001,nix-calder:first_release,pre,Nix,Residual color confirmed. Agency not yet restored.,natural,DRAFT_SCREENPLAY_FOR_OWNER_REVIEW,audio/tts_preview/nix_calder_first_release_001.wav,OWNER_SCREENPLAY_PENDING,UNVERIFIED_DO_NOT_SHIP
nix_calder_first_release_002,nix-calder:first_release,pre,Yin,The mask removes the need to decide. How merciful.,natural,DRAFT_SCREENPLAY_FOR_OWNER_REVIEW,audio/tts_preview/nix_calder_first_release_002.wav,OWNER_SCREENPLAY_PENDING,UNVERIFIED_DO_NOT_SHIP
nix_calder_first_release_003,nix-calder:first_release,mid,Nix,The door opens from your side. Always.,natural,DRAFT_SCREENPLAY_FOR_OWNER_REVIEW,audio/tts_preview/nix_calder_first_release_003.wav,OWNER_SCREENPLAY_PENDING,UNVERIFIED_DO_NOT_SHIP
nix_calder_first_release_004,nix-calder:first_release,mid,Yang,Restored variation is an uncorrected flaw.,natural,DRAFT_SCREENPLAY_FOR_OWNER_REVIEW,audio/tts_preview/nix_calder_first_release_004.wav,OWNER_SCREENPLAY_PENDING,UNVERIFIED_DO_NOT_SHIP
nix_calder_first_release_005,nix-calder:first_release,post,Nix,Your first real movement is yours. Keep it.,natural,DRAFT_SCREENPLAY_FOR_OWNER_REVIEW,audio/tts_preview/nix_calder_first_release_005.wav,OWNER_SCREENPLAY_PENDING,UNVERIFIED_DO_NOT_SHIP
nix_calder_first_release_006,nix-calder:first_release,post,Nix,The exit is accessible from their side; that is the requirement.,natural,DRAFT_SCREENPLAY_FOR_OWNER_REVIEW,audio/tts_preview/nix_calder_first_release_006.wav,OWNER_SCREENPLAY_PENDING,UNVERIFIED_DO_NOT_SHIP
nix_calder_equilibrium_001,nix-calder:equilibrium,pre,Nix,Two against two. Balanced forces do not equal consenting people.,natural,DRAFT_SCREENPLAY_FOR_OWNER_REVIEW,audio/tts_preview/nix_calder_equilibrium_001.wav,OWNER_SCREENPLAY_PENDING,UNVERIFIED_DO_NOT_SHIP
nix_calder_equilibrium_002,nix-calder:equilibrium,pre,Orion,The competing claims are momentarily equal.,natural,DRAFT_SCREENPLAY_FOR_OWNER_REVIEW,audio/tts_preview/nix_calder_equilibrium_002.wav,OWNER_SCREENPLAY_PENDING,UNVERIFIED_DO_NOT_SHIP
nix_calder_equilibrium_003,nix-calder:equilibrium,mid,Nix,Symmetry is useful. Consent is essential.,natural,DRAFT_SCREENPLAY_FOR_OWNER_REVIEW,audio/tts_preview/nix_calder_equilibrium_003.wav,OWNER_SCREENPLAY_PENDING,UNVERIFIED_DO_NOT_SHIP
nix_calder_equilibrium_004,nix-calder:equilibrium,mid,Yin,A pause is not defeat. Sometimes it is care.,natural,DRAFT_SCREENPLAY_FOR_OWNER_REVIEW,audio/tts_preview/nix_calder_equilibrium_004.wav,OWNER_SCREENPLAY_PENDING,UNVERIFIED_DO_NOT_SHIP
nix_calder_equilibrium_005,nix-calder:equilibrium,post,Yang,Symmetry is only the beginning of completion.,natural,DRAFT_SCREENPLAY_FOR_OWNER_REVIEW,audio/tts_preview/nix_calder_equilibrium_005.wav,OWNER_SCREENPLAY_PENDING,UNVERIFIED_DO_NOT_SHIP
nix_calder_equilibrium_006,nix-calder:equilibrium,post,Nix,Maintain the opening. Keep the escape path reversible.,natural,DRAFT_SCREENPLAY_FOR_OWNER_REVIEW,audio/tts_preview/nix_calder_equilibrium_006.wav,OWNER_SCREENPLAY_PENDING,UNVERIFIED_DO_NOT_SHIP
nix_calder_dual_release_1_001,nix-calder:dual_release_1,pre,Nix,Two controlled souls. Release them without converting their agency to mine.,natural,DRAFT_SCREENPLAY_FOR_OWNER_REVIEW,audio/tts_preview/nix_calder_dual_release_1_001.wav,OWNER_SCREENPLAY_PENDING,UNVERIFIED_DO_NOT_SHIP
nix_calder_dual_release_1_002,nix-calder:dual_release_1,pre,Yang,Partial definition is wasted effort.,natural,DRAFT_SCREENPLAY_FOR_OWNER_REVIEW,audio/tts_preview/nix_calder_dual_release_1_002.wav,OWNER_SCREENPLAY_PENDING,UNVERIFIED_DO_NOT_SHIP
nix_calder_dual_release_1_003,nix-calder:dual_release_1,mid,Nix,You are not pieces on my board.,natural,DRAFT_SCREENPLAY_FOR_OWNER_REVIEW,audio/tts_preview/nix_calder_dual_release_1_003.wav,OWNER_SCREENPLAY_PENDING,UNVERIFIED_DO_NOT_SHIP
nix_calder_dual_release_1_004,nix-calder:dual_release_1,mid,Yin,Then allow them the peace of no decision.,natural,DRAFT_SCREENPLAY_FOR_OWNER_REVIEW,audio/tts_preview/nix_calder_dual_release_1_004.wav,OWNER_SCREENPLAY_PENDING,UNVERIFIED_DO_NOT_SHIP
nix_calder_dual_release_1_005,nix-calder:dual_release_1,post,Nix,The model now includes an exit I cannot close.,natural,DRAFT_SCREENPLAY_FOR_OWNER_REVIEW,audio/tts_preview/nix_calder_dual_release_1_005.wav,OWNER_SCREENPLAY_PENDING,UNVERIFIED_DO_NOT_SHIP
nix_calder_dual_release_2_001,nix-calder:dual_release_2,pre,Nix,Vesper would hate my usual idea of a rescue.,natural,DRAFT_SCREENPLAY_FOR_OWNER_REVIEW,audio/tts_preview/nix_calder_dual_release_2_001.wav,OWNER_SCREENPLAY_PENDING,UNVERIFIED_DO_NOT_SHIP
nix_calder_dual_release_2_002,nix-calder:dual_release_2,pre,Yin,To release them is to return their pain.,natural,DRAFT_SCREENPLAY_FOR_OWNER_REVIEW,audio/tts_preview/nix_calder_dual_release_2_002.wav,OWNER_SCREENPLAY_PENDING,UNVERIFIED_DO_NOT_SHIP
nix_calder_dual_release_2_003,nix-calder:dual_release_2,mid,Nix,And their laughter. Their anger. Their choices.,natural,DRAFT_SCREENPLAY_FOR_OWNER_REVIEW,audio/tts_preview/nix_calder_dual_release_2_003.wav,OWNER_SCREENPLAY_PENDING,UNVERIFIED_DO_NOT_SHIP
nix_calder_dual_release_2_004,nix-calder:dual_release_2,mid,Yang,You cannot guarantee they will agree afterward.,natural,DRAFT_SCREENPLAY_FOR_OWNER_REVIEW,audio/tts_preview/nix_calder_dual_release_2_004.wav,OWNER_SCREENPLAY_PENDING,UNVERIFIED_DO_NOT_SHIP
nix_calder_dual_release_2_005,nix-calder:dual_release_2,post,Nix,I am counting on them not to.,natural,DRAFT_SCREENPLAY_FOR_OWNER_REVIEW,audio/tts_preview/nix_calder_dual_release_2_005.wav,OWNER_SCREENPLAY_PENDING,UNVERIFIED_DO_NOT_SHIP
nix_calder_dual_release_2_006,nix-calder:dual_release_2,post,Nix,This time the design protects the right to leave.,natural,DRAFT_SCREENPLAY_FOR_OWNER_REVIEW,audio/tts_preview/nix_calder_dual_release_2_006.wav,OWNER_SCREENPLAY_PENDING,UNVERIFIED_DO_NOT_SHIP
nix_calder_prismatic_gray_001,nix-calder:prismatic_gray,pre,Yin,Every borrowed memory is another weight.,natural,DRAFT_SCREENPLAY_FOR_OWNER_REVIEW,audio/tts_preview/nix_calder_prismatic_gray_001.wav,OWNER_SCREENPLAY_PENDING,UNVERIFIED_DO_NOT_SHIP
nix_calder_prismatic_gray_002,nix-calder:prismatic_gray,pre,Yang,"If you combine them perfectly, there will be no conflict left.",natural,DRAFT_SCREENPLAY_FOR_OWNER_REVIEW,audio/tts_preview/nix_calder_prismatic_gray_002.wav,OWNER_SCREENPLAY_PENDING,UNVERIFIED_DO_NOT_SHIP
nix_calder_prismatic_gray_003,nix-calder:prismatic_gray,pre,Nix,I have not abandoned structure.,natural,DRAFT_SCREENPLAY_FOR_OWNER_REVIEW,audio/tts_preview/nix_calder_prismatic_gray_003.wav,OWNER_SCREENPLAY_PENDING,UNVERIFIED_DO_NOT_SHIP
nix_calder_prismatic_gray_004,nix-calder:prismatic_gray,mid,Nix,Six people. Six choices I could not make for them.,natural,DRAFT_SCREENPLAY_FOR_OWNER_REVIEW,audio/tts_preview/nix_calder_prismatic_gray_004.wav,OWNER_SCREENPLAY_PENDING,UNVERIFIED_DO_NOT_SHIP
nix_calder_prismatic_gray_005,nix-calder:prismatic_gray,mid,Nix,I have redesigned it so no one needs my permission to live.,natural,DRAFT_SCREENPLAY_FOR_OWNER_REVIEW,audio/tts_preview/nix_calder_prismatic_gray_005.wav,OWNER_SCREENPLAY_PENDING,UNVERIFIED_DO_NOT_SHIP
nix_calder_prismatic_gray_006,nix-calder:prismatic_gray,post,Kaia,You are still yourself. That is the point.,natural,DRAFT_SCREENPLAY_FOR_OWNER_REVIEW,audio/tts_preview/nix_calder_prismatic_gray_006.wav,OWNER_SCREENPLAY_PENDING,UNVERIFIED_DO_NOT_SHIP
nix_calder_prismatic_gray_007,nix-calder:prismatic_gray,post,Nix,And this choice is mine.,natural,DRAFT_SCREENPLAY_FOR_OWNER_REVIEW,audio/tts_preview/nix_calder_prismatic_gray_007.wav,OWNER_SCREENPLAY_PENDING,UNVERIFIED_DO_NOT_SHIP
nix_calder_impossible_battle_2_001,nix-calder:impossible_battle_2,pre,Yin,"Privacy is a boundary, not disappearance.",soft,DRAFT_SCREENPLAY_FOR_OWNER_REVIEW,audio/tts_preview/nix_calder_impossible_battle_2_001.wav,OWNER_SCREENPLAY_PENDING,UNVERIFIED_DO_NOT_SHIP
nix_calder_impossible_battle_2_002,nix-calder:impossible_battle_2,pre,Yang,A valid structure is one its inhabitants can revise.,formal,DRAFT_SCREENPLAY_FOR_OWNER_REVIEW,audio/tts_preview/nix_calder_impossible_battle_2_002.wav,OWNER_SCREENPLAY_PENDING,UNVERIFIED_DO_NOT_SHIP
nix_calder_impossible_battle_2_003,nix-calder:impossible_battle_2,pre,Nix,"Yin, a boundary requires an inside and an outside.",natural,DRAFT_SCREENPLAY_FOR_OWNER_REVIEW,audio/tts_preview/nix_calder_impossible_battle_2_003.wav,OWNER_SCREENPLAY_PENDING,UNVERIFIED_DO_NOT_SHIP
nix_calder_impossible_battle_2_004,nix-calder:impossible_battle_2,mid,Nix,"Yang, a pattern requires the freedom to redraw it.",natural,DRAFT_SCREENPLAY_FOR_OWNER_REVIEW,audio/tts_preview/nix_calder_impossible_battle_2_004.wav,OWNER_SCREENPLAY_PENDING,UNVERIFIED_DO_NOT_SHIP
nix_calder_impossible_battle_2_005,nix-calder:impossible_battle_2,mid,Yin,Then you accept that someone may be hurt again.,natural,DRAFT_SCREENPLAY_FOR_OWNER_REVIEW,audio/tts_preview/nix_calder_impossible_battle_2_005.wav,OWNER_SCREENPLAY_PENDING,UNVERIFIED_DO_NOT_SHIP
nix_calder_impossible_battle_2_006,nix-calder:impossible_battle_2,mid,Nix,I accept that they remain someone who can choose.,natural,DRAFT_SCREENPLAY_FOR_OWNER_REVIEW,audio/tts_preview/nix_calder_impossible_battle_2_006.wav,OWNER_SCREENPLAY_PENDING,UNVERIFIED_DO_NOT_SHIP
nix_calder_impossible_battle_2_007,nix-calder:impossible_battle_2,mid,Yang,You offer an unfinished design.,natural,DRAFT_SCREENPLAY_FOR_OWNER_REVIEW,audio/tts_preview/nix_calder_impossible_battle_2_007.wav,OWNER_SCREENPLAY_PENDING,UNVERIFIED_DO_NOT_SHIP
nix_calder_impossible_battle_2_008,nix-calder:impossible_battle_2,post,Nix,"Yang, a pattern requires the freedom to redraw it.",natural,DRAFT_SCREENPLAY_FOR_OWNER_REVIEW,audio/tts_preview/nix_calder_impossible_battle_2_008.wav,OWNER_SCREENPLAY_PENDING,UNVERIFIED_DO_NOT_SHIP
nix_calder_impossible_battle_2_009,nix-calder:impossible_battle_2,post,Yin,A boundary with an opening. Unfamiliar.,natural,DRAFT_SCREENPLAY_FOR_OWNER_REVIEW,audio/tts_preview/nix_calder_impossible_battle_2_009.wav,OWNER_SCREENPLAY_PENDING,UNVERIFIED_DO_NOT_SHIP
nix_calder_impossible_battle_2_010,nix-calder:impossible_battle_2,post,Yang,A pattern that may change itself. Unaccounted for.,natural,DRAFT_SCREENPLAY_FOR_OWNER_REVIEW,audio/tts_preview/nix_calder_impossible_battle_2_010.wav,OWNER_SCREENPLAY_PENDING,UNVERIFIED_DO_NOT_SHIP
nix_calder_epilogue_001,nix-calder:epilogue,pre,Nix,The lattice is unfinished.,natural,DRAFT_SCREENPLAY_FOR_OWNER_REVIEW,audio/tts_preview/nix_calder_epilogue_001.wav,OWNER_SCREENPLAY_PENDING,UNVERIFIED_DO_NOT_SHIP
nix_calder_epilogue_002,nix-calder:epilogue,pre,Juno,Do we have to call this a victory? I would prefer food.,natural,DRAFT_SCREENPLAY_FOR_OWNER_REVIEW,audio/tts_preview/nix_calder_epilogue_002.wav,OWNER_SCREENPLAY_PENDING,UNVERIFIED_DO_NOT_SHIP
nix_calder_epilogue_003,nix-calder:epilogue,pre,Nix,Food can be scheduled. Argument cannot.,natural,DRAFT_SCREENPLAY_FOR_OWNER_REVIEW,audio/tts_preview/nix_calder_epilogue_003.wav,OWNER_SCREENPLAY_PENDING,UNVERIFIED_DO_NOT_SHIP
nix_calder_epilogue_004,nix-calder:epilogue,pre,Nix,I hear the lesson left behind. I will not pretend its owner stands here.,natural,DRAFT_SCREENPLAY_FOR_OWNER_REVIEW,audio/tts_preview/nix_calder_epilogue_004.wav,OWNER_SCREENPLAY_PENDING,UNVERIFIED_DO_NOT_SHIP
nix_calder_epilogue_005,nix-calder:epilogue,mid,Rook,It does not. Just make a space for it.,natural,DRAFT_SCREENPLAY_FOR_OWNER_REVIEW,audio/tts_preview/nix_calder_epilogue_005.wav,OWNER_SCREENPLAY_PENDING,UNVERIFIED_DO_NOT_SHIP
nix_calder_epilogue_006,nix-calder:epilogue,post,Nix,"For once, that is the feature.",natural,DRAFT_SCREENPLAY_FOR_OWNER_REVIEW,audio/tts_preview/nix_calder_epilogue_006.wav,OWNER_SCREENPLAY_PENDING,UNVERIFIED_DO_NOT_SHIP
nix_calder_epilogue_007,nix-calder:epilogue,post,Kaia,That will do. Until tomorrow.,natural,DRAFT_SCREENPLAY_FOR_OWNER_REVIEW,audio/tts_preview/nix_calder_epilogue_007.wav,OWNER_SCREENPLAY_PENDING,UNVERIFIED_DO_NOT_SHIP
nix_calder_unlock_001,nix-calder:unlock,pre,Nix,"I will remember the choices, not just the outcome.",natural,DRAFT_SCREENPLAY_FOR_OWNER_REVIEW,audio/tts_preview/nix_calder_unlock_001.wav,OWNER_SCREENPLAY_PENDING,UNVERIFIED_DO_NOT_SHIP
nix_calder_unlock_002,nix-calder:unlock,mid,Kaia,Another color has found its own way to Gray.,natural,DRAFT_SCREENPLAY_FOR_OWNER_REVIEW,audio/tts_preview/nix_calder_unlock_002.wav,OWNER_SCREENPLAY_PENDING,UNVERIFIED_DO_NOT_SHIP
nix_calder_unlock_003,nix-calder:unlock,post,Nix,Let the next story be told in its own voice.,natural,DRAFT_SCREENPLAY_FOR_OWNER_REVIEW,audio/tts_preview/nix_calder_unlock_003.wav,OWNER_SCREENPLAY_PENDING,UNVERIFIED_DO_NOT_SHIP
nix_calder_unlock_004,nix-calder:unlock,post,Orion,The result is reproducible. The journey was not inevitable.,natural,DRAFT_SCREENPLAY_FOR_OWNER_REVIEW,audio/tts_preview/nix_calder_unlock_004.wav,OWNER_SCREENPLAY_PENDING,UNVERIFIED_DO_NOT_SHIP
orion_vell_prologue_001,orion-vell:prologue,pre,Orion,Six possible futures cross this orbit.,natural,DRAFT_SCREENPLAY_FOR_OWNER_REVIEW,audio/tts_preview/orion_vell_prologue_001.wav,OWNER_SCREENPLAY_PENDING,UNVERIFIED_DO_NOT_SHIP
orion_vell_prologue_002,orion-vell:prologue,pre,Orion,I selected the most stable.,natural,DRAFT_SCREENPLAY_FOR_OWNER_REVIEW,audio/tts_preview/orion_vell_prologue_002.wav,OWNER_SCREENPLAY_PENDING,UNVERIFIED_DO_NOT_SHIP
orion_vell_prologue_003,orion-vell:prologue,pre,Yin,A silence lies beneath every unfinished argument.,soft,DRAFT_SCREENPLAY_FOR_OWNER_REVIEW,audio/tts_preview/orion_vell_prologue_003.wav,OWNER_SCREENPLAY_PENDING,UNVERIFIED_DO_NOT_SHIP
orion_vell_prologue_004,orion-vell:prologue,pre,Yang,Every incomplete path can be corrected.,clear,DRAFT_SCREENPLAY_FOR_OWNER_REVIEW,audio/tts_preview/orion_vell_prologue_004.wav,OWNER_SCREENPLAY_PENDING,UNVERIFIED_DO_NOT_SHIP
orion_vell_prologue_005,orion-vell:prologue,mid,Orion,"If I predict an outcome, I have done enough.",natural,DRAFT_SCREENPLAY_FOR_OWNER_REVIEW,audio/tts_preview/orion_vell_prologue_005.wav,OWNER_SCREENPLAY_PENDING,UNVERIFIED_DO_NOT_SHIP
orion_vell_prologue_006,orion-vell:prologue,post,Orion,Every motion has a consequence we can understand.,natural,DRAFT_SCREENPLAY_FOR_OWNER_REVIEW,audio/tts_preview/orion_vell_prologue_006.wav,OWNER_SCREENPLAY_PENDING,UNVERIFIED_DO_NOT_SHIP
orion_vell_recruit_nix_calder_001,orion-vell:recruit:nix-calder,pre,Nix,"I can secure this area, provided everyone follows the instructions.",natural,DRAFT_SCREENPLAY_FOR_OWNER_REVIEW,audio/tts_preview/orion_vell_recruit_nix_calder_001.wav,OWNER_SCREENPLAY_PENDING,UNVERIFIED_DO_NOT_SHIP
orion_vell_recruit_nix_calder_002,orion-vell:recruit:nix-calder,pre,Orion,What if the instructions fail the people they protect?,natural,DRAFT_SCREENPLAY_FOR_OWNER_REVIEW,audio/tts_preview/orion_vell_recruit_nix_calder_002.wav,OWNER_SCREENPLAY_PENDING,UNVERIFIED_DO_NOT_SHIP
orion_vell_recruit_nix_calder_003,orion-vell:recruit:nix-calder,mid,Nix,Have you factored in a choice you do not expect?,natural,DRAFT_SCREENPLAY_FOR_OWNER_REVIEW,audio/tts_preview/orion_vell_recruit_nix_calder_003.wav,OWNER_SCREENPLAY_PENDING,UNVERIFIED_DO_NOT_SHIP
orion_vell_recruit_nix_calder_004,orion-vell:recruit:nix-calder,mid,Orion,I had not considered what that would feel like.,natural,DRAFT_SCREENPLAY_FOR_OWNER_REVIEW,audio/tts_preview/orion_vell_recruit_nix_calder_004.wav,OWNER_SCREENPLAY_PENDING,UNVERIFIED_DO_NOT_SHIP
orion_vell_recruit_nix_calder_005,orion-vell:recruit:nix-calder,post,Nix,An amended plan is better than a perfect failure.,natural,DRAFT_SCREENPLAY_FOR_OWNER_REVIEW,audio/tts_preview/orion_vell_recruit_nix_calder_005.wav,OWNER_SCREENPLAY_PENDING,UNVERIFIED_DO_NOT_SHIP
orion_vell_recruit_nix_calder_006,orion-vell:recruit:nix-calder,post,Orion,My model predicts our cooperation.,natural,DRAFT_SCREENPLAY_FOR_OWNER_REVIEW,audio/tts_preview/orion_vell_recruit_nix_calder_006.wav,OWNER_SCREENPLAY_PENDING,UNVERIFIED_DO_NOT_SHIP
orion_vell_recruit_vesper_nyx_001,orion-vell:recruit:vesper-nyx,pre,Vesper,How charming. Someone followed the wrong shadow to the right place.,natural,DRAFT_SCREENPLAY_FOR_OWNER_REVIEW,audio/tts_preview/orion_vell_recruit_vesper_nyx_001.wav,OWNER_SCREENPLAY_PENDING,UNVERIFIED_DO_NOT_SHIP
orion_vell_recruit_vesper_nyx_002,orion-vell:recruit:vesper-nyx,pre,Orion,Would you still be here if everyone could see you clearly?,natural,DRAFT_SCREENPLAY_FOR_OWNER_REVIEW,audio/tts_preview/orion_vell_recruit_vesper_nyx_002.wav,OWNER_SCREENPLAY_PENDING,UNVERIFIED_DO_NOT_SHIP
orion_vell_recruit_vesper_nyx_003,orion-vell:recruit:vesper-nyx,mid,Vesper,Have you factored in a choice you do not expect?,natural,DRAFT_SCREENPLAY_FOR_OWNER_REVIEW,audio/tts_preview/orion_vell_recruit_vesper_nyx_003.wav,OWNER_SCREENPLAY_PENDING,UNVERIFIED_DO_NOT_SHIP
orion_vell_recruit_vesper_nyx_004,orion-vell:recruit:vesper-nyx,mid,Orion,I had not considered what that would feel like.,natural,DRAFT_SCREENPLAY_FOR_OWNER_REVIEW,audio/tts_preview/orion_vell_recruit_vesper_nyx_004.wav,OWNER_SCREENPLAY_PENDING,UNVERIFIED_DO_NOT_SHIP
orion_vell_recruit_vesper_nyx_005,orion-vell:recruit:vesper-nyx,post,Vesper,Look at that. An answer with no trapdoor.,natural,DRAFT_SCREENPLAY_FOR_OWNER_REVIEW,audio/tts_preview/orion_vell_recruit_vesper_nyx_005.wav,OWNER_SCREENPLAY_PENDING,UNVERIFIED_DO_NOT_SHIP
orion_vell_recruit_vesper_nyx_006,orion-vell:recruit:vesper-nyx,post,Orion,But I would rather hear your answer.,natural,DRAFT_SCREENPLAY_FOR_OWNER_REVIEW,audio/tts_preview/orion_vell_recruit_vesper_nyx_006.wav,OWNER_SCREENPLAY_PENDING,UNVERIFIED_DO_NOT_SHIP
orion_vell_recruit_kaia_windrow_001,orion-vell:recruit:kaia-windrow,pre,Kaia,"Before we argue, tell me what you are afraid of losing.",natural,DRAFT_SCREENPLAY_FOR_OWNER_REVIEW,audio/tts_preview/orion_vell_recruit_kaia_windrow_001.wav,OWNER_SCREENPLAY_PENDING,UNVERIFIED_DO_NOT_SHIP
orion_vell_recruit_kaia_windrow_002,orion-vell:recruit:kaia-windrow,pre,Orion,Listening might cost more time than we have. Is it worth it?,natural,DRAFT_SCREENPLAY_FOR_OWNER_REVIEW,audio/tts_preview/orion_vell_recruit_kaia_windrow_002.wav,OWNER_SCREENPLAY_PENDING,UNVERIFIED_DO_NOT_SHIP
orion_vell_recruit_kaia_windrow_003,orion-vell:recruit:kaia-windrow,mid,Kaia,Have you factored in a choice you do not expect?,natural,DRAFT_SCREENPLAY_FOR_OWNER_REVIEW,audio/tts_preview/orion_vell_recruit_kaia_windrow_003.wav,OWNER_SCREENPLAY_PENDING,UNVERIFIED_DO_NOT_SHIP
orion_vell_recruit_kaia_windrow_004,orion-vell:recruit:kaia-windrow,mid,Orion,I had not considered what that would feel like.,natural,DRAFT_SCREENPLAY_FOR_OWNER_REVIEW,audio/tts_preview/orion_vell_recruit_kaia_windrow_004.wav,OWNER_SCREENPLAY_PENDING,UNVERIFIED_DO_NOT_SHIP
orion_vell_recruit_kaia_windrow_005,orion-vell:recruit:kaia-windrow,post,Kaia,We can start by disagreeing honestly.,natural,DRAFT_SCREENPLAY_FOR_OWNER_REVIEW,audio/tts_preview/orion_vell_recruit_kaia_windrow_005.wav,OWNER_SCREENPLAY_PENDING,UNVERIFIED_DO_NOT_SHIP
orion_vell_recruit_kaia_windrow_006,orion-vell:recruit:kaia-windrow,post,Orion,Which risk matters to you?,natural,DRAFT_SCREENPLAY_FOR_OWNER_REVIEW,audio/tts_preview/orion_vell_recruit_kaia_windrow_006.wav,OWNER_SCREENPLAY_PENDING,UNVERIFIED_DO_NOT_SHIP
orion_vell_recruit_ember_vale_001,orion-vell:recruit:ember-vale,pre,Ember,I would rather lose a fight than a chance to act.,natural,DRAFT_SCREENPLAY_FOR_OWNER_REVIEW,audio/tts_preview/orion_vell_recruit_ember_vale_001.wav,OWNER_SCREENPLAY_PENDING,UNVERIFIED_DO_NOT_SHIP
orion_vell_recruit_ember_vale_002,orion-vell:recruit:ember-vale,pre,Orion,And what happens when you push straight through someone else?,natural,DRAFT_SCREENPLAY_FOR_OWNER_REVIEW,audio/tts_preview/orion_vell_recruit_ember_vale_002.wav,OWNER_SCREENPLAY_PENDING,UNVERIFIED_DO_NOT_SHIP
orion_vell_recruit_ember_vale_003,orion-vell:recruit:ember-vale,mid,Ember,Have you factored in a choice you do not expect?,natural,DRAFT_SCREENPLAY_FOR_OWNER_REVIEW,audio/tts_preview/orion_vell_recruit_ember_vale_003.wav,OWNER_SCREENPLAY_PENDING,UNVERIFIED_DO_NOT_SHIP
orion_vell_recruit_ember_vale_004,orion-vell:recruit:ember-vale,mid,Orion,I had not considered what that would feel like.,natural,DRAFT_SCREENPLAY_FOR_OWNER_REVIEW,audio/tts_preview/orion_vell_recruit_ember_vale_004.wav,OWNER_SCREENPLAY_PENDING,UNVERIFIED_DO_NOT_SHIP
orion_vell_recruit_ember_vale_005,orion-vell:recruit:ember-vale,post,Ember,Fine. I will follow as long as we keep moving.,natural,DRAFT_SCREENPLAY_FOR_OWNER_REVIEW,audio/tts_preview/orion_vell_recruit_ember_vale_005.wav,OWNER_SCREENPLAY_PENDING,UNVERIFIED_DO_NOT_SHIP
orion_vell_recruit_ember_vale_006,orion-vell:recruit:ember-vale,post,Orion,My model predicts our cooperation.,natural,DRAFT_SCREENPLAY_FOR_OWNER_REVIEW,audio/tts_preview/orion_vell_recruit_ember_vale_006.wav,OWNER_SCREENPLAY_PENDING,UNVERIFIED_DO_NOT_SHIP
orion_vell_recruit_juno_spark_001,orion-vell:recruit:juno-spark,pre,Juno,I spotted three routes. Want the good one or the fast one?,natural,DRAFT_SCREENPLAY_FOR_OWNER_REVIEW,audio/tts_preview/orion_vell_recruit_juno_spark_001.wav,OWNER_SCREENPLAY_PENDING,UNVERIFIED_DO_NOT_SHIP
orion_vell_recruit_juno_spark_002,orion-vell:recruit:juno-spark,pre,Orion,And if the fast route leaves somebody else stranded?,natural,DRAFT_SCREENPLAY_FOR_OWNER_REVIEW,audio/tts_preview/orion_vell_recruit_juno_spark_002.wav,OWNER_SCREENPLAY_PENDING,UNVERIFIED_DO_NOT_SHIP
orion_vell_recruit_juno_spark_003,orion-vell:recruit:juno-spark,mid,Juno,Have you factored in a choice you do not expect?,natural,DRAFT_SCREENPLAY_FOR_OWNER_REVIEW,audio/tts_preview/orion_vell_recruit_juno_spark_003.wav,OWNER_SCREENPLAY_PENDING,UNVERIFIED_DO_NOT_SHIP
orion_vell_recruit_juno_spark_004,orion-vell:recruit:juno-spark,mid,Orion,I had not considered what that would feel like.,natural,DRAFT_SCREENPLAY_FOR_OWNER_REVIEW,audio/tts_preview/orion_vell_recruit_juno_spark_004.wav,OWNER_SCREENPLAY_PENDING,UNVERIFIED_DO_NOT_SHIP
orion_vell_recruit_juno_spark_005,orion-vell:recruit:juno-spark,post,Juno,Okay. The good route first. I can still make it fast.,natural,DRAFT_SCREENPLAY_FOR_OWNER_REVIEW,audio/tts_preview/orion_vell_recruit_juno_spark_005.wav,OWNER_SCREENPLAY_PENDING,UNVERIFIED_DO_NOT_SHIP
orion_vell_recruit_juno_spark_006,orion-vell:recruit:juno-spark,post,Orion,But I would rather hear your answer.,natural,DRAFT_SCREENPLAY_FOR_OWNER_REVIEW,audio/tts_preview/orion_vell_recruit_juno_spark_006.wav,OWNER_SCREENPLAY_PENDING,UNVERIFIED_DO_NOT_SHIP
orion_vell_recruit_rook_ironside_001,orion-vell:recruit:rook-ironside,pre,Rook,I will stand between danger and the people behind me.,natural,DRAFT_SCREENPLAY_FOR_OWNER_REVIEW,audio/tts_preview/orion_vell_recruit_rook_ironside_001.wav,OWNER_SCREENPLAY_PENDING,UNVERIFIED_DO_NOT_SHIP
orion_vell_recruit_rook_ironside_002,orion-vell:recruit:rook-ironside,pre,Orion,What if I do not want to stand behind you?,natural,DRAFT_SCREENPLAY_FOR_OWNER_REVIEW,audio/tts_preview/orion_vell_recruit_rook_ironside_002.wav,OWNER_SCREENPLAY_PENDING,UNVERIFIED_DO_NOT_SHIP
orion_vell_recruit_rook_ironside_003,orion-vell:recruit:rook-ironside,mid,Rook,Have you factored in a choice you do not expect?,natural,DRAFT_SCREENPLAY_FOR_OWNER_REVIEW,audio/tts_preview/orion_vell_recruit_rook_ironside_003.wav,OWNER_SCREENPLAY_PENDING,UNVERIFIED_DO_NOT_SHIP
orion_vell_recruit_rook_ironside_004,orion-vell:recruit:rook-ironside,mid,Orion,I had not considered what that would feel like.,natural,DRAFT_SCREENPLAY_FOR_OWNER_REVIEW,audio/tts_preview/orion_vell_recruit_rook_ironside_004.wav,OWNER_SCREENPLAY_PENDING,UNVERIFIED_DO_NOT_SHIP
orion_vell_recruit_rook_ironside_005,orion-vell:recruit:rook-ironside,post,Rook,Then take the open side. I will keep it open.,natural,DRAFT_SCREENPLAY_FOR_OWNER_REVIEW,audio/tts_preview/orion_vell_recruit_rook_ironside_005.wav,OWNER_SCREENPLAY_PENDING,UNVERIFIED_DO_NOT_SHIP
orion_vell_recruit_rook_ironside_006,orion-vell:recruit:rook-ironside,post,Orion,Which risk matters to you?,natural,DRAFT_SCREENPLAY_FOR_OWNER_REVIEW,audio/tts_preview/orion_vell_recruit_rook_ironside_006.wav,OWNER_SCREENPLAY_PENDING,UNVERIFIED_DO_NOT_SHIP
orion_vell_accord_001,orion-vell:accord,pre,Orion,I have drawn everyone's trajectories.,natural,DRAFT_SCREENPLAY_FOR_OWNER_REVIEW,audio/tts_preview/orion_vell_accord_001.wav,OWNER_SCREENPLAY_PENDING,UNVERIFIED_DO_NOT_SHIP
orion_vell_accord_002,orion-vell:accord,pre,Ember,"Are we actually doing this, or arguing until dawn?",natural,DRAFT_SCREENPLAY_FOR_OWNER_REVIEW,audio/tts_preview/orion_vell_accord_002.wav,OWNER_SCREENPLAY_PENDING,UNVERIFIED_DO_NOT_SHIP
orion_vell_accord_003,orion-vell:accord,pre,Nix,Those are not mutually exclusive activities.,natural,DRAFT_SCREENPLAY_FOR_OWNER_REVIEW,audio/tts_preview/orion_vell_accord_003.wav,OWNER_SCREENPLAY_PENDING,UNVERIFIED_DO_NOT_SHIP
orion_vell_accord_004,orion-vell:accord,pre,Juno,"I vote for arguing while walking. Efficient, entertaining.",natural,DRAFT_SCREENPLAY_FOR_OWNER_REVIEW,audio/tts_preview/orion_vell_accord_004.wav,OWNER_SCREENPLAY_PENDING,UNVERIFIED_DO_NOT_SHIP
orion_vell_accord_005,orion-vell:accord,pre,Rook,Stay where I can see you. Not where I can command you.,natural,DRAFT_SCREENPLAY_FOR_OWNER_REVIEW,audio/tts_preview/orion_vell_accord_005.wav,OWNER_SCREENPLAY_PENDING,UNVERIFIED_DO_NOT_SHIP
orion_vell_accord_006,orion-vell:accord,pre,Vesper,That sounded almost like trust.,natural,DRAFT_SCREENPLAY_FOR_OWNER_REVIEW,audio/tts_preview/orion_vell_accord_006.wav,OWNER_SCREENPLAY_PENDING,UNVERIFIED_DO_NOT_SHIP
orion_vell_accord_007,orion-vell:accord,pre,Orion,It is an unfamiliar but testable arrangement.,natural,DRAFT_SCREENPLAY_FOR_OWNER_REVIEW,audio/tts_preview/orion_vell_accord_007.wav,OWNER_SCREENPLAY_PENDING,UNVERIFIED_DO_NOT_SHIP
orion_vell_accord_008,orion-vell:accord,post,Kaia,We have seven answers. We do not need one voice.,natural,DRAFT_SCREENPLAY_FOR_OWNER_REVIEW,audio/tts_preview/orion_vell_accord_008.wav,OWNER_SCREENPLAY_PENDING,UNVERIFIED_DO_NOT_SHIP
orion_vell_accord_009,orion-vell:accord,post,Orion,That omission is mine.,natural,DRAFT_SCREENPLAY_FOR_OWNER_REVIEW,audio/tts_preview/orion_vell_accord_009.wav,OWNER_SCREENPLAY_PENDING,UNVERIFIED_DO_NOT_SHIP
orion_vell_catastrophe_001,orion-vell:catastrophe,pre,Yin,There is relief in a universe you need not calculate.,soft,DRAFT_SCREENPLAY_FOR_OWNER_REVIEW,audio/tts_preview/orion_vell_catastrophe_001.wav,OWNER_SCREENPLAY_PENDING,UNVERIFIED_DO_NOT_SHIP
orion_vell_catastrophe_002,orion-vell:catastrophe,pre,Yang,All possible paths can become one correct trajectory.,formal,DRAFT_SCREENPLAY_FOR_OWNER_REVIEW,audio/tts_preview/orion_vell_catastrophe_002.wav,OWNER_SCREENPLAY_PENDING,UNVERIFIED_DO_NOT_SHIP
orion_vell_catastrophe_003,orion-vell:catastrophe,pre,Ember,Nobody gave you the right to rearrange us.,natural,DRAFT_SCREENPLAY_FOR_OWNER_REVIEW,audio/tts_preview/orion_vell_catastrophe_003.wav,OWNER_SCREENPLAY_PENDING,UNVERIFIED_DO_NOT_SHIP
orion_vell_catastrophe_004,orion-vell:catastrophe,pre,Nix,Your proposed structure contains no consent pathway.,natural,DRAFT_SCREENPLAY_FOR_OWNER_REVIEW,audio/tts_preview/orion_vell_catastrophe_004.wav,OWNER_SCREENPLAY_PENDING,UNVERIFIED_DO_NOT_SHIP
orion_vell_catastrophe_005,orion-vell:catastrophe,pre,Yin,Consent requires a self willing to suffer. I offer release.,natural,DRAFT_SCREENPLAY_FOR_OWNER_REVIEW,audio/tts_preview/orion_vell_catastrophe_005.wav,OWNER_SCREENPLAY_PENDING,UNVERIFIED_DO_NOT_SHIP
orion_vell_catastrophe_006,orion-vell:catastrophe,pre,Yang,Consent is unnecessary when no misunderstanding remains.,natural,DRAFT_SCREENPLAY_FOR_OWNER_REVIEW,audio/tts_preview/orion_vell_catastrophe_006.wav,OWNER_SCREENPLAY_PENDING,UNVERIFIED_DO_NOT_SHIP
orion_vell_catastrophe_007,orion-vell:catastrophe,mid,Orion,"If I predict an outcome, I have done enough.",natural,DRAFT_SCREENPLAY_FOR_OWNER_REVIEW,audio/tts_preview/orion_vell_catastrophe_007.wav,OWNER_SCREENPLAY_PENDING,UNVERIFIED_DO_NOT_SHIP
orion_vell_catastrophe_008,orion-vell:catastrophe,mid,Kaia,We are not yours to solve.,natural,DRAFT_SCREENPLAY_FOR_OWNER_REVIEW,audio/tts_preview/orion_vell_catastrophe_008.wav,OWNER_SCREENPLAY_PENDING,UNVERIFIED_DO_NOT_SHIP
orion_vell_catastrophe_009,orion-vell:catastrophe,post,Rook,Then we hold together.,natural,DRAFT_SCREENPLAY_FOR_OWNER_REVIEW,audio/tts_preview/orion_vell_catastrophe_009.wav,OWNER_SCREENPLAY_PENDING,UNVERIFIED_DO_NOT_SHIP
orion_vell_catastrophe_010,orion-vell:catastrophe,post,Vesper,"For once, I have nothing clever to add.",natural,DRAFT_SCREENPLAY_FOR_OWNER_REVIEW,audio/tts_preview/orion_vell_catastrophe_010.wav,OWNER_SCREENPLAY_PENDING,UNVERIFIED_DO_NOT_SHIP
orion_vell_impossible_battle_1_001,orion-vell:impossible_battle_1,pre,Yang,You mistake the size of the disagreement for the depth of it.,natural,DRAFT_SCREENPLAY_FOR_OWNER_REVIEW,audio/tts_preview/orion_vell_impossible_battle_1_001.wav,OWNER_SCREENPLAY_PENDING,UNVERIFIED_DO_NOT_SHIP
orion_vell_impossible_battle_1_002,orion-vell:impossible_battle_1,pre,Orion,Then we are going to test your certainty.,natural,DRAFT_SCREENPLAY_FOR_OWNER_REVIEW,audio/tts_preview/orion_vell_impossible_battle_1_002.wav,OWNER_SCREENPLAY_PENDING,UNVERIFIED_DO_NOT_SHIP
orion_vell_impossible_battle_1_003,orion-vell:impossible_battle_1,mid,Yin,Every strike ends. Every heartbeat asks for rest.,natural,DRAFT_SCREENPLAY_FOR_OWNER_REVIEW,audio/tts_preview/orion_vell_impossible_battle_1_003.wav,OWNER_SCREENPLAY_PENDING,UNVERIFIED_DO_NOT_SHIP
orion_vell_impossible_battle_1_004,orion-vell:impossible_battle_1,mid,Orion,"Our attacks are changing nothing. The field responds to allegiance, not impact.",natural,DRAFT_SCREENPLAY_FOR_OWNER_REVIEW,audio/tts_preview/orion_vell_impossible_battle_1_004.wav,OWNER_SCREENPLAY_PENDING,UNVERIFIED_DO_NOT_SHIP
orion_vell_impossible_battle_1_005,orion-vell:impossible_battle_1,post,Orion,The fight was never about who hit harder.,natural,DRAFT_SCREENPLAY_FOR_OWNER_REVIEW,audio/tts_preview/orion_vell_impossible_battle_1_005.wav,OWNER_SCREENPLAY_PENDING,UNVERIFIED_DO_NOT_SHIP
orion_vell_impossible_battle_1_006,orion-vell:impossible_battle_1,post,Yang,"At last, you have begun to observe.",natural,DRAFT_SCREENPLAY_FOR_OWNER_REVIEW,audio/tts_preview/orion_vell_impossible_battle_1_006.wav,OWNER_SCREENPLAY_PENDING,UNVERIFIED_DO_NOT_SHIP
orion_vell_first_loss_001,orion-vell:first_loss,pre,Orion,"Kaia, the optimal position is behind the lower vector.",natural,DRAFT_SCREENPLAY_FOR_OWNER_REVIEW,audio/tts_preview/orion_vell_first_loss_001.wav,OWNER_SCREENPLAY_PENDING,UNVERIFIED_DO_NOT_SHIP
orion_vell_first_loss_002,orion-vell:first_loss,pre,Kaia,Someone is calling from the center.,natural,DRAFT_SCREENPLAY_FOR_OWNER_REVIEW,audio/tts_preview/orion_vell_first_loss_002.wav,OWNER_SCREENPLAY_PENDING,UNVERIFIED_DO_NOT_SHIP
orion_vell_first_loss_003,orion-vell:first_loss,pre,Orion,That point is excluded from the stable model.,natural,DRAFT_SCREENPLAY_FOR_OWNER_REVIEW,audio/tts_preview/orion_vell_first_loss_003.wav,OWNER_SCREENPLAY_PENDING,UNVERIFIED_DO_NOT_SHIP
orion_vell_first_loss_004,orion-vell:first_loss,pre,Kaia,A person is not an excluded point.,natural,DRAFT_SCREENPLAY_FOR_OWNER_REVIEW,audio/tts_preview/orion_vell_first_loss_004.wav,OWNER_SCREENPLAY_PENDING,UNVERIFIED_DO_NOT_SHIP
orion_vell_first_loss_005,orion-vell:first_loss,mid,Orion,"If you change direction, I cannot guarantee the outcome.",strained,DRAFT_SCREENPLAY_FOR_OWNER_REVIEW,audio/tts_preview/orion_vell_first_loss_005.wav,OWNER_SCREENPLAY_PENDING,UNVERIFIED_DO_NOT_SHIP
orion_vell_first_loss_006,orion-vell:first_loss,mid,Kaia,I was not asking for a guarantee.,strained,DRAFT_SCREENPLAY_FOR_OWNER_REVIEW,audio/tts_preview/orion_vell_first_loss_006.wav,OWNER_SCREENPLAY_PENDING,UNVERIFIED_DO_NOT_SHIP
orion_vell_first_loss_007,orion-vell:first_loss,mid,Orion,You knew the risk and chose to answer anyway.,strained,DRAFT_SCREENPLAY_FOR_OWNER_REVIEW,audio/tts_preview/orion_vell_first_loss_007.wav,OWNER_SCREENPLAY_PENDING,UNVERIFIED_DO_NOT_SHIP
orion_vell_first_loss_008,orion-vell:first_loss,mid,Kaia,Would you have answered if your numbers said not to?,strained,DRAFT_SCREENPLAY_FOR_OWNER_REVIEW,audio/tts_preview/orion_vell_first_loss_008.wav,OWNER_SCREENPLAY_PENDING,UNVERIFIED_DO_NOT_SHIP
orion_vell_first_loss_009,orion-vell:first_loss,post,Orion,I was so certain about the world that I never asked what you needed.,strained,DRAFT_SCREENPLAY_FOR_OWNER_REVIEW,audio/tts_preview/orion_vell_first_loss_009.wav,OWNER_SCREENPLAY_PENDING,UNVERIFIED_DO_NOT_SHIP
orion_vell_first_loss_010,orion-vell:first_loss,post,Kaia,Ask now. There is still time to help them.,strained,DRAFT_SCREENPLAY_FOR_OWNER_REVIEW,audio/tts_preview/orion_vell_first_loss_010.wav,OWNER_SCREENPLAY_PENDING,UNVERIFIED_DO_NOT_SHIP
orion_vell_first_loss_011,orion-vell:first_loss,post,Orion,"Kaia, what do you need?",strained,DRAFT_SCREENPLAY_FOR_OWNER_REVIEW,audio/tts_preview/orion_vell_first_loss_011.wav,OWNER_SCREENPLAY_PENDING,UNVERIFIED_DO_NOT_SHIP
orion_vell_first_loss_012,orion-vell:first_loss,post,Kaia,Someone to trust my choice.,strained,DRAFT_SCREENPLAY_FOR_OWNER_REVIEW,audio/tts_preview/orion_vell_first_loss_012.wav,OWNER_SCREENPLAY_PENDING,UNVERIFIED_DO_NOT_SHIP
orion_vell_first_loss_013,orion-vell:first_loss,post,Orion,"Then I will protect the path you chose, not the one I assigned.",strained,DRAFT_SCREENPLAY_FOR_OWNER_REVIEW,audio/tts_preview/orion_vell_first_loss_013.wav,OWNER_SCREENPLAY_PENDING,UNVERIFIED_DO_NOT_SHIP
orion_vell_first_loss_014,orion-vell:first_loss,post,Yin,The burden has found an ending.,soft,DRAFT_SCREENPLAY_FOR_OWNER_REVIEW,audio/tts_preview/orion_vell_first_loss_014.wav,OWNER_SCREENPLAY_PENDING,UNVERIFIED_DO_NOT_SHIP
orion_vell_first_loss_015,orion-vell:first_loss,post,Yang,An incomplete loss can be integrated into a clearer whole.,clear,DRAFT_SCREENPLAY_FOR_OWNER_REVIEW,audio/tts_preview/orion_vell_first_loss_015.wav,OWNER_SCREENPLAY_PENDING,UNVERIFIED_DO_NOT_SHIP
orion_vell_first_loss_016,orion-vell:first_loss,post,Orion,I called that an error. I should have called it a person.,grief,DRAFT_SCREENPLAY_FOR_OWNER_REVIEW,audio/tts_preview/orion_vell_first_loss_016.wav,OWNER_SCREENPLAY_PENDING,UNVERIFIED_DO_NOT_SHIP
orion_vell_puppet_imbalance_001,orion-vell:puppet_imbalance,pre,Yin,A simple world is a quiet world.,natural,DRAFT_SCREENPLAY_FOR_OWNER_REVIEW,audio/tts_preview/orion_vell_puppet_imbalance_001.wav,OWNER_SCREENPLAY_PENDING,UNVERIFIED_DO_NOT_SHIP
orion_vell_puppet_imbalance_002,orion-vell:puppet_imbalance,pre,Yang,An ordered world is a world without mistakes.,natural,DRAFT_SCREENPLAY_FOR_OWNER_REVIEW,audio/tts_preview/orion_vell_puppet_imbalance_002.wav,OWNER_SCREENPLAY_PENDING,UNVERIFIED_DO_NOT_SHIP
orion_vell_puppet_imbalance_003,orion-vell:puppet_imbalance,pre,Orion,The imbalance is measurable. The stolen choices are not reducible to the measure.,natural,DRAFT_SCREENPLAY_FOR_OWNER_REVIEW,audio/tts_preview/orion_vell_puppet_imbalance_003.wav,OWNER_SCREENPLAY_PENDING,UNVERIFIED_DO_NOT_SHIP
orion_vell_puppet_imbalance_004,orion-vell:puppet_imbalance,mid,Orion,One side holds three of my friends. I can change that without taking their place.,natural,DRAFT_SCREENPLAY_FOR_OWNER_REVIEW,audio/tts_preview/orion_vell_puppet_imbalance_004.wav,OWNER_SCREENPLAY_PENDING,UNVERIFIED_DO_NOT_SHIP
orion_vell_puppet_imbalance_005,orion-vell:puppet_imbalance,post,Orion,"I will ask, then act. Not merely predict.",natural,DRAFT_SCREENPLAY_FOR_OWNER_REVIEW,audio/tts_preview/orion_vell_puppet_imbalance_005.wav,OWNER_SCREENPLAY_PENDING,UNVERIFIED_DO_NOT_SHIP
orion_vell_puppet_imbalance_006,orion-vell:puppet_imbalance,post,Vesper,"If you find the real me, please do not keep me as a souvenir.",natural,DRAFT_SCREENPLAY_FOR_OWNER_REVIEW,audio/tts_preview/orion_vell_puppet_imbalance_006.wav,OWNER_SCREENPLAY_PENDING,UNVERIFIED_DO_NOT_SHIP
orion_vell_first_release_001,orion-vell:first_release,pre,Orion,Their motion is still inside the mask.,natural,DRAFT_SCREENPLAY_FOR_OWNER_REVIEW,audio/tts_preview/orion_vell_first_release_001.wav,OWNER_SCREENPLAY_PENDING,UNVERIFIED_DO_NOT_SHIP
orion_vell_first_release_002,orion-vell:first_release,pre,Yin,The mask removes the need to decide. How merciful.,natural,DRAFT_SCREENPLAY_FOR_OWNER_REVIEW,audio/tts_preview/orion_vell_first_release_002.wav,OWNER_SCREENPLAY_PENDING,UNVERIFIED_DO_NOT_SHIP
orion_vell_first_release_003,orion-vell:first_release,mid,Orion,The vector is yours. I will stop steering it.,natural,DRAFT_SCREENPLAY_FOR_OWNER_REVIEW,audio/tts_preview/orion_vell_first_release_003.wav,OWNER_SCREENPLAY_PENDING,UNVERIFIED_DO_NOT_SHIP
orion_vell_first_release_004,orion-vell:first_release,mid,Yang,Restored variation is an uncorrected flaw.,natural,DRAFT_SCREENPLAY_FOR_OWNER_REVIEW,audio/tts_preview/orion_vell_first_release_004.wav,OWNER_SCREENPLAY_PENDING,UNVERIFIED_DO_NOT_SHIP
orion_vell_first_release_005,orion-vell:first_release,post,Orion,Your first real movement is yours. Keep it.,natural,DRAFT_SCREENPLAY_FOR_OWNER_REVIEW,audio/tts_preview/orion_vell_first_release_005.wav,OWNER_SCREENPLAY_PENDING,UNVERIFIED_DO_NOT_SHIP
orion_vell_first_release_006,orion-vell:first_release,post,Orion,A restored choice has no predetermined vector.,natural,DRAFT_SCREENPLAY_FOR_OWNER_REVIEW,audio/tts_preview/orion_vell_first_release_006.wav,OWNER_SCREENPLAY_PENDING,UNVERIFIED_DO_NOT_SHIP
orion_vell_equilibrium_001,orion-vell:equilibrium,pre,Orion,A temporary equilibrium. The human cost remains.,natural,DRAFT_SCREENPLAY_FOR_OWNER_REVIEW,audio/tts_preview/orion_vell_equilibrium_001.wav,OWNER_SCREENPLAY_PENDING,UNVERIFIED_DO_NOT_SHIP
orion_vell_equilibrium_002,orion-vell:equilibrium,pre,Orion,The competing claims are momentarily equal.,natural,DRAFT_SCREENPLAY_FOR_OWNER_REVIEW,audio/tts_preview/orion_vell_equilibrium_002.wav,OWNER_SCREENPLAY_PENDING,UNVERIFIED_DO_NOT_SHIP
orion_vell_equilibrium_003,orion-vell:equilibrium,mid,Orion,Two forces balanced. Six lives still making choices.,natural,DRAFT_SCREENPLAY_FOR_OWNER_REVIEW,audio/tts_preview/orion_vell_equilibrium_003.wav,OWNER_SCREENPLAY_PENDING,UNVERIFIED_DO_NOT_SHIP
orion_vell_equilibrium_004,orion-vell:equilibrium,mid,Yin,A pause is not defeat. Sometimes it is care.,natural,DRAFT_SCREENPLAY_FOR_OWNER_REVIEW,audio/tts_preview/orion_vell_equilibrium_004.wav,OWNER_SCREENPLAY_PENDING,UNVERIFIED_DO_NOT_SHIP
orion_vell_equilibrium_005,orion-vell:equilibrium,post,Yang,Symmetry is only the beginning of completion.,natural,DRAFT_SCREENPLAY_FOR_OWNER_REVIEW,audio/tts_preview/orion_vell_equilibrium_005.wav,OWNER_SCREENPLAY_PENDING,UNVERIFIED_DO_NOT_SHIP
orion_vell_equilibrium_006,orion-vell:equilibrium,post,Orion,I will stay close enough to hear what changes.,natural,DRAFT_SCREENPLAY_FOR_OWNER_REVIEW,audio/tts_preview/orion_vell_equilibrium_006.wav,OWNER_SCREENPLAY_PENDING,UNVERIFIED_DO_NOT_SHIP
orion_vell_dual_release_1_001,orion-vell:dual_release_1,pre,Orion,Two trajectories diverge. That is not a malfunction.,natural,DRAFT_SCREENPLAY_FOR_OWNER_REVIEW,audio/tts_preview/orion_vell_dual_release_1_001.wav,OWNER_SCREENPLAY_PENDING,UNVERIFIED_DO_NOT_SHIP
orion_vell_dual_release_1_002,orion-vell:dual_release_1,pre,Yang,Partial definition is wasted effort.,natural,DRAFT_SCREENPLAY_FOR_OWNER_REVIEW,audio/tts_preview/orion_vell_dual_release_1_002.wav,OWNER_SCREENPLAY_PENDING,UNVERIFIED_DO_NOT_SHIP
orion_vell_dual_release_1_003,orion-vell:dual_release_1,mid,Orion,You are not pieces on my board.,natural,DRAFT_SCREENPLAY_FOR_OWNER_REVIEW,audio/tts_preview/orion_vell_dual_release_1_003.wav,OWNER_SCREENPLAY_PENDING,UNVERIFIED_DO_NOT_SHIP
orion_vell_dual_release_1_004,orion-vell:dual_release_1,mid,Yin,Then allow them the peace of no decision.,natural,DRAFT_SCREENPLAY_FOR_OWNER_REVIEW,audio/tts_preview/orion_vell_dual_release_1_004.wav,OWNER_SCREENPLAY_PENDING,UNVERIFIED_DO_NOT_SHIP
orion_vell_dual_release_1_005,orion-vell:dual_release_1,post,Orion,I release the vectors I was trying to command.,natural,DRAFT_SCREENPLAY_FOR_OWNER_REVIEW,audio/tts_preview/orion_vell_dual_release_1_005.wav,OWNER_SCREENPLAY_PENDING,UNVERIFIED_DO_NOT_SHIP
orion_vell_dual_release_2_001,orion-vell:dual_release_2,pre,Orion,Kaia taught me that a question is sometimes better than a model.,natural,DRAFT_SCREENPLAY_FOR_OWNER_REVIEW,audio/tts_preview/orion_vell_dual_release_2_001.wav,OWNER_SCREENPLAY_PENDING,UNVERIFIED_DO_NOT_SHIP
orion_vell_dual_release_2_002,orion-vell:dual_release_2,pre,Yin,To release them is to return their pain.,natural,DRAFT_SCREENPLAY_FOR_OWNER_REVIEW,audio/tts_preview/orion_vell_dual_release_2_002.wav,OWNER_SCREENPLAY_PENDING,UNVERIFIED_DO_NOT_SHIP
orion_vell_dual_release_2_003,orion-vell:dual_release_2,mid,Orion,And their laughter. Their anger. Their choices.,natural,DRAFT_SCREENPLAY_FOR_OWNER_REVIEW,audio/tts_preview/orion_vell_dual_release_2_003.wav,OWNER_SCREENPLAY_PENDING,UNVERIFIED_DO_NOT_SHIP
orion_vell_dual_release_2_004,orion-vell:dual_release_2,mid,Yang,You cannot guarantee they will agree afterward.,natural,DRAFT_SCREENPLAY_FOR_OWNER_REVIEW,audio/tts_preview/orion_vell_dual_release_2_004.wav,OWNER_SCREENPLAY_PENDING,UNVERIFIED_DO_NOT_SHIP
orion_vell_dual_release_2_005,orion-vell:dual_release_2,post,Orion,I am counting on them not to.,natural,DRAFT_SCREENPLAY_FOR_OWNER_REVIEW,audio/tts_preview/orion_vell_dual_release_2_005.wav,OWNER_SCREENPLAY_PENDING,UNVERIFIED_DO_NOT_SHIP
orion_vell_dual_release_2_006,orion-vell:dual_release_2,post,Orion,I am asking the last two what they want.,natural,DRAFT_SCREENPLAY_FOR_OWNER_REVIEW,audio/tts_preview/orion_vell_dual_release_2_006.wav,OWNER_SCREENPLAY_PENDING,UNVERIFIED_DO_NOT_SHIP
orion_vell_prismatic_gray_001,orion-vell:prismatic_gray,pre,Yin,Every borrowed memory is another weight.,natural,DRAFT_SCREENPLAY_FOR_OWNER_REVIEW,audio/tts_preview/orion_vell_prismatic_gray_001.wav,OWNER_SCREENPLAY_PENDING,UNVERIFIED_DO_NOT_SHIP
orion_vell_prismatic_gray_002,orion-vell:prismatic_gray,pre,Yang,"If you combine them perfectly, there will be no conflict left.",natural,DRAFT_SCREENPLAY_FOR_OWNER_REVIEW,audio/tts_preview/orion_vell_prismatic_gray_002.wav,OWNER_SCREENPLAY_PENDING,UNVERIFIED_DO_NOT_SHIP
orion_vell_prismatic_gray_003,orion-vell:prismatic_gray,pre,Orion,I once studied every orbit from far above.,natural,DRAFT_SCREENPLAY_FOR_OWNER_REVIEW,audio/tts_preview/orion_vell_prismatic_gray_003.wav,OWNER_SCREENPLAY_PENDING,UNVERIFIED_DO_NOT_SHIP
orion_vell_prismatic_gray_004,orion-vell:prismatic_gray,mid,Orion,Six people. Six choices I could not make for them.,natural,DRAFT_SCREENPLAY_FOR_OWNER_REVIEW,audio/tts_preview/orion_vell_prismatic_gray_004.wav,OWNER_SCREENPLAY_PENDING,UNVERIFIED_DO_NOT_SHIP
orion_vell_prismatic_gray_005,orion-vell:prismatic_gray,mid,Orion,Now I know what a hand reaching for another looks like from here.,natural,DRAFT_SCREENPLAY_FOR_OWNER_REVIEW,audio/tts_preview/orion_vell_prismatic_gray_005.wav,OWNER_SCREENPLAY_PENDING,UNVERIFIED_DO_NOT_SHIP
orion_vell_prismatic_gray_006,orion-vell:prismatic_gray,post,Orion,I hear the lesson left behind. I will not pretend its owner stands here.,natural,DRAFT_SCREENPLAY_FOR_OWNER_REVIEW,audio/tts_preview/orion_vell_prismatic_gray_006.wav,OWNER_SCREENPLAY_PENDING,UNVERIFIED_DO_NOT_SHIP
orion_vell_prismatic_gray_007,orion-vell:prismatic_gray,post,Orion,And this choice is mine.,natural,DRAFT_SCREENPLAY_FOR_OWNER_REVIEW,audio/tts_preview/orion_vell_prismatic_gray_007.wav,OWNER_SCREENPLAY_PENDING,UNVERIFIED_DO_NOT_SHIP
orion_vell_impossible_battle_2_001,orion-vell:impossible_battle_2,pre,Yin,"The unknown deserves care, not deletion.",soft,DRAFT_SCREENPLAY_FOR_OWNER_REVIEW,audio/tts_preview/orion_vell_impossible_battle_2_001.wav,OWNER_SCREENPLAY_PENDING,UNVERIFIED_DO_NOT_SHIP
orion_vell_impossible_battle_2_002,orion-vell:impossible_battle_2,pre,Yang,The model must remain answerable to the people in it.,formal,DRAFT_SCREENPLAY_FOR_OWNER_REVIEW,audio/tts_preview/orion_vell_impossible_battle_2_002.wav,OWNER_SCREENPLAY_PENDING,UNVERIFIED_DO_NOT_SHIP
orion_vell_impossible_battle_2_003,orion-vell:impossible_battle_2,pre,Orion,"Yin, no equation can ask a grieving person whether they are ready.",natural,DRAFT_SCREENPLAY_FOR_OWNER_REVIEW,audio/tts_preview/orion_vell_impossible_battle_2_003.wav,OWNER_SCREENPLAY_PENDING,UNVERIFIED_DO_NOT_SHIP
orion_vell_impossible_battle_2_004,orion-vell:impossible_battle_2,mid,Orion,"Yang, no theorem gives consent.",natural,DRAFT_SCREENPLAY_FOR_OWNER_REVIEW,audio/tts_preview/orion_vell_impossible_battle_2_004.wav,OWNER_SCREENPLAY_PENDING,UNVERIFIED_DO_NOT_SHIP
orion_vell_impossible_battle_2_005,orion-vell:impossible_battle_2,mid,Yin,Then you accept that someone may be hurt again.,natural,DRAFT_SCREENPLAY_FOR_OWNER_REVIEW,audio/tts_preview/orion_vell_impossible_battle_2_005.wav,OWNER_SCREENPLAY_PENDING,UNVERIFIED_DO_NOT_SHIP
orion_vell_impossible_battle_2_006,orion-vell:impossible_battle_2,mid,Orion,I accept that they remain someone who can choose.,natural,DRAFT_SCREENPLAY_FOR_OWNER_REVIEW,audio/tts_preview/orion_vell_impossible_battle_2_006.wav,OWNER_SCREENPLAY_PENDING,UNVERIFIED_DO_NOT_SHIP
orion_vell_impossible_battle_2_007,orion-vell:impossible_battle_2,mid,Yang,You offer an unfinished design.,natural,DRAFT_SCREENPLAY_FOR_OWNER_REVIEW,audio/tts_preview/orion_vell_impossible_battle_2_007.wav,OWNER_SCREENPLAY_PENDING,UNVERIFIED_DO_NOT_SHIP
orion_vell_impossible_battle_2_008,orion-vell:impossible_battle_2,post,Orion,"Yang, no theorem gives consent.",natural,DRAFT_SCREENPLAY_FOR_OWNER_REVIEW,audio/tts_preview/orion_vell_impossible_battle_2_008.wav,OWNER_SCREENPLAY_PENDING,UNVERIFIED_DO_NOT_SHIP
orion_vell_impossible_battle_2_009,orion-vell:impossible_battle_2,post,Yin,A boundary with an opening. Unfamiliar.,natural,DRAFT_SCREENPLAY_FOR_OWNER_REVIEW,audio/tts_preview/orion_vell_impossible_battle_2_009.wav,OWNER_SCREENPLAY_PENDING,UNVERIFIED_DO_NOT_SHIP
orion_vell_impossible_battle_2_010,orion-vell:impossible_battle_2,post,Yang,A pattern that may change itself. Unaccounted for.,natural,DRAFT_SCREENPLAY_FOR_OWNER_REVIEW,audio/tts_preview/orion_vell_impossible_battle_2_010.wav,OWNER_SCREENPLAY_PENDING,UNVERIFIED_DO_NOT_SHIP
orion_vell_epilogue_001,orion-vell:epilogue,pre,Orion,The forecast remains uncertain.,natural,DRAFT_SCREENPLAY_FOR_OWNER_REVIEW,audio/tts_preview/orion_vell_epilogue_001.wav,OWNER_SCREENPLAY_PENDING,UNVERIFIED_DO_NOT_SHIP
orion_vell_epilogue_002,orion-vell:epilogue,pre,Juno,Do we have to call this a victory? I would prefer food.,natural,DRAFT_SCREENPLAY_FOR_OWNER_REVIEW,audio/tts_preview/orion_vell_epilogue_002.wav,OWNER_SCREENPLAY_PENDING,UNVERIFIED_DO_NOT_SHIP
orion_vell_epilogue_003,orion-vell:epilogue,pre,Nix,Food can be scheduled. Argument cannot.,natural,DRAFT_SCREENPLAY_FOR_OWNER_REVIEW,audio/tts_preview/orion_vell_epilogue_003.wav,OWNER_SCREENPLAY_PENDING,UNVERIFIED_DO_NOT_SHIP
orion_vell_epilogue_004,orion-vell:epilogue,pre,Vesper,Who says the argument has to end?,natural,DRAFT_SCREENPLAY_FOR_OWNER_REVIEW,audio/tts_preview/orion_vell_epilogue_004.wav,OWNER_SCREENPLAY_PENDING,UNVERIFIED_DO_NOT_SHIP
orion_vell_epilogue_005,orion-vell:epilogue,mid,Rook,It does not. Just make a space for it.,natural,DRAFT_SCREENPLAY_FOR_OWNER_REVIEW,audio/tts_preview/orion_vell_epilogue_005.wav,OWNER_SCREENPLAY_PENDING,UNVERIFIED_DO_NOT_SHIP
orion_vell_epilogue_006,orion-vell:epilogue,post,Orion,Good. Then there is still room to answer each other.,natural,DRAFT_SCREENPLAY_FOR_OWNER_REVIEW,audio/tts_preview/orion_vell_epilogue_006.wav,OWNER_SCREENPLAY_PENDING,UNVERIFIED_DO_NOT_SHIP
orion_vell_epilogue_007,orion-vell:epilogue,post,Orion,I hear the lesson left behind. I will not pretend its owner stands here.,natural,DRAFT_SCREENPLAY_FOR_OWNER_REVIEW,audio/tts_preview/orion_vell_epilogue_007.wav,OWNER_SCREENPLAY_PENDING,UNVERIFIED_DO_NOT_SHIP
orion_vell_unlock_001,orion-vell:unlock,pre,Orion,"I will remember the choices, not just the outcome.",natural,DRAFT_SCREENPLAY_FOR_OWNER_REVIEW,audio/tts_preview/orion_vell_unlock_001.wav,OWNER_SCREENPLAY_PENDING,UNVERIFIED_DO_NOT_SHIP
orion_vell_unlock_002,orion-vell:unlock,mid,Orion,I hear the lesson left behind. I will not pretend its owner stands here.,natural,DRAFT_SCREENPLAY_FOR_OWNER_REVIEW,audio/tts_preview/orion_vell_unlock_002.wav,OWNER_SCREENPLAY_PENDING,UNVERIFIED_DO_NOT_SHIP
orion_vell_unlock_003,orion-vell:unlock,post,Orion,Let the next story be told in its own voice.,natural,DRAFT_SCREENPLAY_FOR_OWNER_REVIEW,audio/tts_preview/orion_vell_unlock_003.wav,OWNER_SCREENPLAY_PENDING,UNVERIFIED_DO_NOT_SHIP
orion_vell_unlock_004,orion-vell:unlock,post,Orion,The result is reproducible. The journey was not inevitable.,natural,DRAFT_SCREENPLAY_FOR_OWNER_REVIEW,audio/tts_preview/orion_vell_unlock_004.wav,OWNER_SCREENPLAY_PENDING,UNVERIFIED_DO_NOT_SHIP
vesper_nyx_prologue_001,vesper-nyx:prologue,pre,Vesper,That alley has three exits.,natural,DRAFT_SCREENPLAY_FOR_OWNER_REVIEW,audio/tts_preview/vesper_nyx_prologue_001.wav,OWNER_SCREENPLAY_PENDING,UNVERIFIED_DO_NOT_SHIP
vesper_nyx_prologue_002,vesper-nyx:prologue,pre,Vesper,You can see two.,natural,DRAFT_SCREENPLAY_FOR_OWNER_REVIEW,audio/tts_preview/vesper_nyx_prologue_002.wav,OWNER_SCREENPLAY_PENDING,UNVERIFIED_DO_NOT_SHIP
vesper_nyx_prologue_003,vesper-nyx:prologue,pre,Yin,A silence lies beneath every unfinished argument.,soft,DRAFT_SCREENPLAY_FOR_OWNER_REVIEW,audio/tts_preview/vesper_nyx_prologue_003.wav,OWNER_SCREENPLAY_PENDING,UNVERIFIED_DO_NOT_SHIP
vesper_nyx_prologue_004,vesper-nyx:prologue,pre,Yang,Every incomplete path can be corrected.,clear,DRAFT_SCREENPLAY_FOR_OWNER_REVIEW,audio/tts_preview/vesper_nyx_prologue_004.wav,OWNER_SCREENPLAY_PENDING,UNVERIFIED_DO_NOT_SHIP
vesper_nyx_prologue_005,vesper-nyx:prologue,mid,Vesper,A concealed truth is safer than a shared one.,natural,DRAFT_SCREENPLAY_FOR_OWNER_REVIEW,audio/tts_preview/vesper_nyx_prologue_005.wav,OWNER_SCREENPLAY_PENDING,UNVERIFIED_DO_NOT_SHIP
vesper_nyx_prologue_006,vesper-nyx:prologue,post,Vesper,"If nobody can pin me down, nobody can hurt me.",natural,DRAFT_SCREENPLAY_FOR_OWNER_REVIEW,audio/tts_preview/vesper_nyx_prologue_006.wav,OWNER_SCREENPLAY_PENDING,UNVERIFIED_DO_NOT_SHIP
vesper_nyx_recruit_orion_vell_001,vesper-nyx:recruit:orion-vell,pre,Orion,The vectors overlap. This meeting was statistically probable.,natural,DRAFT_SCREENPLAY_FOR_OWNER_REVIEW,audio/tts_preview/vesper_nyx_recruit_orion_vell_001.wav,OWNER_SCREENPLAY_PENDING,UNVERIFIED_DO_NOT_SHIP
vesper_nyx_recruit_orion_vell_002,vesper-nyx:recruit:orion-vell,pre,Vesper,Have you factored in a choice you do not expect?,natural,DRAFT_SCREENPLAY_FOR_OWNER_REVIEW,audio/tts_preview/vesper_nyx_recruit_orion_vell_002.wav,OWNER_SCREENPLAY_PENDING,UNVERIFIED_DO_NOT_SHIP
vesper_nyx_recruit_orion_vell_003,vesper-nyx:recruit:orion-vell,mid,Orion,Would you still be here if everyone could see you clearly?,natural,DRAFT_SCREENPLAY_FOR_OWNER_REVIEW,audio/tts_preview/vesper_nyx_recruit_orion_vell_003.wav,OWNER_SCREENPLAY_PENDING,UNVERIFIED_DO_NOT_SHIP
vesper_nyx_recruit_orion_vell_004,vesper-nyx:recruit:orion-vell,mid,Vesper,I could dodge that question. I will not.,natural,DRAFT_SCREENPLAY_FOR_OWNER_REVIEW,audio/tts_preview/vesper_nyx_recruit_orion_vell_004.wav,OWNER_SCREENPLAY_PENDING,UNVERIFIED_DO_NOT_SHIP
vesper_nyx_recruit_orion_vell_005,vesper-nyx:recruit:orion-vell,post,Orion,That variable has my attention now.,natural,DRAFT_SCREENPLAY_FOR_OWNER_REVIEW,audio/tts_preview/vesper_nyx_recruit_orion_vell_005.wav,OWNER_SCREENPLAY_PENDING,UNVERIFIED_DO_NOT_SHIP
vesper_nyx_recruit_orion_vell_006,vesper-nyx:recruit:orion-vell,post,Vesper,You can trust me to be unpredictable.,natural,DRAFT_SCREENPLAY_FOR_OWNER_REVIEW,audio/tts_preview/vesper_nyx_recruit_orion_vell_006.wav,OWNER_SCREENPLAY_PENDING,UNVERIFIED_DO_NOT_SHIP
vesper_nyx_recruit_ember_vale_001,vesper-nyx:recruit:ember-vale,pre,Ember,I would rather lose a fight than a chance to act.,natural,DRAFT_SCREENPLAY_FOR_OWNER_REVIEW,audio/tts_preview/vesper_nyx_recruit_ember_vale_001.wav,OWNER_SCREENPLAY_PENDING,UNVERIFIED_DO_NOT_SHIP
vesper_nyx_recruit_ember_vale_002,vesper-nyx:recruit:ember-vale,pre,Vesper,And what happens when you push straight through someone else?,natural,DRAFT_SCREENPLAY_FOR_OWNER_REVIEW,audio/tts_preview/vesper_nyx_recruit_ember_vale_002.wav,OWNER_SCREENPLAY_PENDING,UNVERIFIED_DO_NOT_SHIP
vesper_nyx_recruit_ember_vale_003,vesper-nyx:recruit:ember-vale,mid,Ember,Would you still be here if everyone could see you clearly?,natural,DRAFT_SCREENPLAY_FOR_OWNER_REVIEW,audio/tts_preview/vesper_nyx_recruit_ember_vale_003.wav,OWNER_SCREENPLAY_PENDING,UNVERIFIED_DO_NOT_SHIP
vesper_nyx_recruit_ember_vale_004,vesper-nyx:recruit:ember-vale,mid,Vesper,I could dodge that question. I will not.,natural,DRAFT_SCREENPLAY_FOR_OWNER_REVIEW,audio/tts_preview/vesper_nyx_recruit_ember_vale_004.wav,OWNER_SCREENPLAY_PENDING,UNVERIFIED_DO_NOT_SHIP
vesper_nyx_recruit_ember_vale_005,vesper-nyx:recruit:ember-vale,post,Ember,Fine. I will follow as long as we keep moving.,natural,DRAFT_SCREENPLAY_FOR_OWNER_REVIEW,audio/tts_preview/vesper_nyx_recruit_ember_vale_005.wav,OWNER_SCREENPLAY_PENDING,UNVERIFIED_DO_NOT_SHIP
vesper_nyx_recruit_ember_vale_006,vesper-nyx:recruit:ember-vale,post,Vesper,"No, that is not trust. I know.",natural,DRAFT_SCREENPLAY_FOR_OWNER_REVIEW,audio/tts_preview/vesper_nyx_recruit_ember_vale_006.wav,OWNER_SCREENPLAY_PENDING,UNVERIFIED_DO_NOT_SHIP
vesper_nyx_recruit_nix_calder_001,vesper-nyx:recruit:nix-calder,pre,Nix,"I can secure this area, provided everyone follows the instructions.",natural,DRAFT_SCREENPLAY_FOR_OWNER_REVIEW,audio/tts_preview/vesper_nyx_recruit_nix_calder_001.wav,OWNER_SCREENPLAY_PENDING,UNVERIFIED_DO_NOT_SHIP
vesper_nyx_recruit_nix_calder_002,vesper-nyx:recruit:nix-calder,pre,Vesper,What if the instructions fail the people they protect?,natural,DRAFT_SCREENPLAY_FOR_OWNER_REVIEW,audio/tts_preview/vesper_nyx_recruit_nix_calder_002.wav,OWNER_SCREENPLAY_PENDING,UNVERIFIED_DO_NOT_SHIP
vesper_nyx_recruit_nix_calder_003,vesper-nyx:recruit:nix-calder,mid,Nix,Would you still be here if everyone could see you clearly?,natural,DRAFT_SCREENPLAY_FOR_OWNER_REVIEW,audio/tts_preview/vesper_nyx_recruit_nix_calder_003.wav,OWNER_SCREENPLAY_PENDING,UNVERIFIED_DO_NOT_SHIP
vesper_nyx_recruit_nix_calder_004,vesper-nyx:recruit:nix-calder,mid,Vesper,I could dodge that question. I will not.,natural,DRAFT_SCREENPLAY_FOR_OWNER_REVIEW,audio/tts_preview/vesper_nyx_recruit_nix_calder_004.wav,OWNER_SCREENPLAY_PENDING,UNVERIFIED_DO_NOT_SHIP
vesper_nyx_recruit_nix_calder_005,vesper-nyx:recruit:nix-calder,post,Nix,An amended plan is better than a perfect failure.,natural,DRAFT_SCREENPLAY_FOR_OWNER_REVIEW,audio/tts_preview/vesper_nyx_recruit_nix_calder_005.wav,OWNER_SCREENPLAY_PENDING,UNVERIFIED_DO_NOT_SHIP
vesper_nyx_recruit_nix_calder_006,vesper-nyx:recruit:nix-calder,post,Vesper,Ask me one question. I will answer it straight.,natural,DRAFT_SCREENPLAY_FOR_OWNER_REVIEW,audio/tts_preview/vesper_nyx_recruit_nix_calder_006.wav,OWNER_SCREENPLAY_PENDING,UNVERIFIED_DO_NOT_SHIP
vesper_nyx_recruit_rook_ironside_001,vesper-nyx:recruit:rook-ironside,pre,Rook,I will stand between danger and the people behind me.,natural,DRAFT_SCREENPLAY_FOR_OWNER_REVIEW,audio/tts_preview/vesper_nyx_recruit_rook_ironside_001.wav,OWNER_SCREENPLAY_PENDING,UNVERIFIED_DO_NOT_SHIP
vesper_nyx_recruit_rook_ironside_002,vesper-nyx:recruit:rook-ironside,pre,Vesper,What if I do not want to stand behind you?,natural,DRAFT_SCREENPLAY_FOR_OWNER_REVIEW,audio/tts_preview/vesper_nyx_recruit_rook_ironside_002.wav,OWNER_SCREENPLAY_PENDING,UNVERIFIED_DO_NOT_SHIP
vesper_nyx_recruit_rook_ironside_003,vesper-nyx:recruit:rook-ironside,mid,Rook,Would you still be here if everyone could see you clearly?,natural,DRAFT_SCREENPLAY_FOR_OWNER_REVIEW,audio/tts_preview/vesper_nyx_recruit_rook_ironside_003.wav,OWNER_SCREENPLAY_PENDING,UNVERIFIED_DO_NOT_SHIP
vesper_nyx_recruit_rook_ironside_004,vesper-nyx:recruit:rook-ironside,mid,Vesper,I could dodge that question. I will not.,natural,DRAFT_SCREENPLAY_FOR_OWNER_REVIEW,audio/tts_preview/vesper_nyx_recruit_rook_ironside_004.wav,OWNER_SCREENPLAY_PENDING,UNVERIFIED_DO_NOT_SHIP
vesper_nyx_recruit_rook_ironside_005,vesper-nyx:recruit:rook-ironside,post,Rook,Then take the open side. I will keep it open.,natural,DRAFT_SCREENPLAY_FOR_OWNER_REVIEW,audio/tts_preview/vesper_nyx_recruit_rook_ironside_005.wav,OWNER_SCREENPLAY_PENDING,UNVERIFIED_DO_NOT_SHIP
vesper_nyx_recruit_rook_ironside_006,vesper-nyx:recruit:rook-ironside,post,Vesper,You can trust me to be unpredictable.,natural,DRAFT_SCREENPLAY_FOR_OWNER_REVIEW,audio/tts_preview/vesper_nyx_recruit_rook_ironside_006.wav,OWNER_SCREENPLAY_PENDING,UNVERIFIED_DO_NOT_SHIP
vesper_nyx_recruit_kaia_windrow_001,vesper-nyx:recruit:kaia-windrow,pre,Kaia,"Before we argue, tell me what you are afraid of losing.",natural,DRAFT_SCREENPLAY_FOR_OWNER_REVIEW,audio/tts_preview/vesper_nyx_recruit_kaia_windrow_001.wav,OWNER_SCREENPLAY_PENDING,UNVERIFIED_DO_NOT_SHIP
vesper_nyx_recruit_kaia_windrow_002,vesper-nyx:recruit:kaia-windrow,pre,Vesper,Listening might cost more time than we have. Is it worth it?,natural,DRAFT_SCREENPLAY_FOR_OWNER_REVIEW,audio/tts_preview/vesper_nyx_recruit_kaia_windrow_002.wav,OWNER_SCREENPLAY_PENDING,UNVERIFIED_DO_NOT_SHIP
vesper_nyx_recruit_kaia_windrow_003,vesper-nyx:recruit:kaia-windrow,mid,Kaia,Would you still be here if everyone could see you clearly?,natural,DRAFT_SCREENPLAY_FOR_OWNER_REVIEW,audio/tts_preview/vesper_nyx_recruit_kaia_windrow_003.wav,OWNER_SCREENPLAY_PENDING,UNVERIFIED_DO_NOT_SHIP
vesper_nyx_recruit_kaia_windrow_004,vesper-nyx:recruit:kaia-windrow,mid,Vesper,I could dodge that question. I will not.,natural,DRAFT_SCREENPLAY_FOR_OWNER_REVIEW,audio/tts_preview/vesper_nyx_recruit_kaia_windrow_004.wav,OWNER_SCREENPLAY_PENDING,UNVERIFIED_DO_NOT_SHIP
vesper_nyx_recruit_kaia_windrow_005,vesper-nyx:recruit:kaia-windrow,post,Kaia,We can start by disagreeing honestly.,natural,DRAFT_SCREENPLAY_FOR_OWNER_REVIEW,audio/tts_preview/vesper_nyx_recruit_kaia_windrow_005.wav,OWNER_SCREENPLAY_PENDING,UNVERIFIED_DO_NOT_SHIP
vesper_nyx_recruit_kaia_windrow_006,vesper-nyx:recruit:kaia-windrow,post,Vesper,"No, that is not trust. I know.",natural,DRAFT_SCREENPLAY_FOR_OWNER_REVIEW,audio/tts_preview/vesper_nyx_recruit_kaia_windrow_006.wav,OWNER_SCREENPLAY_PENDING,UNVERIFIED_DO_NOT_SHIP
vesper_nyx_recruit_juno_spark_001,vesper-nyx:recruit:juno-spark,pre,Juno,I spotted three routes. Want the good one or the fast one?,natural,DRAFT_SCREENPLAY_FOR_OWNER_REVIEW,audio/tts_preview/vesper_nyx_recruit_juno_spark_001.wav,OWNER_SCREENPLAY_PENDING,UNVERIFIED_DO_NOT_SHIP
vesper_nyx_recruit_juno_spark_002,vesper-nyx:recruit:juno-spark,pre,Vesper,And if the fast route leaves somebody else stranded?,natural,DRAFT_SCREENPLAY_FOR_OWNER_REVIEW,audio/tts_preview/vesper_nyx_recruit_juno_spark_002.wav,OWNER_SCREENPLAY_PENDING,UNVERIFIED_DO_NOT_SHIP
vesper_nyx_recruit_juno_spark_003,vesper-nyx:recruit:juno-spark,mid,Juno,Would you still be here if everyone could see you clearly?,natural,DRAFT_SCREENPLAY_FOR_OWNER_REVIEW,audio/tts_preview/vesper_nyx_recruit_juno_spark_003.wav,OWNER_SCREENPLAY_PENDING,UNVERIFIED_DO_NOT_SHIP
vesper_nyx_recruit_juno_spark_004,vesper-nyx:recruit:juno-spark,mid,Vesper,I could dodge that question. I will not.,natural,DRAFT_SCREENPLAY_FOR_OWNER_REVIEW,audio/tts_preview/vesper_nyx_recruit_juno_spark_004.wav,OWNER_SCREENPLAY_PENDING,UNVERIFIED_DO_NOT_SHIP
vesper_nyx_recruit_juno_spark_005,vesper-nyx:recruit:juno-spark,post,Juno,Okay. The good route first. I can still make it fast.,natural,DRAFT_SCREENPLAY_FOR_OWNER_REVIEW,audio/tts_preview/vesper_nyx_recruit_juno_spark_005.wav,OWNER_SCREENPLAY_PENDING,UNVERIFIED_DO_NOT_SHIP
vesper_nyx_recruit_juno_spark_006,vesper-nyx:recruit:juno-spark,post,Vesper,Ask me one question. I will answer it straight.,natural,DRAFT_SCREENPLAY_FOR_OWNER_REVIEW,audio/tts_preview/vesper_nyx_recruit_juno_spark_006.wav,OWNER_SCREENPLAY_PENDING,UNVERIFIED_DO_NOT_SHIP
vesper_nyx_accord_001,vesper-nyx:accord,pre,Vesper,You all keep finding the truth under my jokes.,natural,DRAFT_SCREENPLAY_FOR_OWNER_REVIEW,audio/tts_preview/vesper_nyx_accord_001.wav,OWNER_SCREENPLAY_PENDING,UNVERIFIED_DO_NOT_SHIP
vesper_nyx_accord_002,vesper-nyx:accord,pre,Ember,"Are we actually doing this, or arguing until dawn?",natural,DRAFT_SCREENPLAY_FOR_OWNER_REVIEW,audio/tts_preview/vesper_nyx_accord_002.wav,OWNER_SCREENPLAY_PENDING,UNVERIFIED_DO_NOT_SHIP
vesper_nyx_accord_003,vesper-nyx:accord,pre,Nix,Those are not mutually exclusive activities.,natural,DRAFT_SCREENPLAY_FOR_OWNER_REVIEW,audio/tts_preview/vesper_nyx_accord_003.wav,OWNER_SCREENPLAY_PENDING,UNVERIFIED_DO_NOT_SHIP
vesper_nyx_accord_004,vesper-nyx:accord,pre,Juno,"I vote for arguing while walking. Efficient, entertaining.",natural,DRAFT_SCREENPLAY_FOR_OWNER_REVIEW,audio/tts_preview/vesper_nyx_accord_004.wav,OWNER_SCREENPLAY_PENDING,UNVERIFIED_DO_NOT_SHIP
vesper_nyx_accord_005,vesper-nyx:accord,pre,Rook,Stay where I can see you. Not where I can command you.,natural,DRAFT_SCREENPLAY_FOR_OWNER_REVIEW,audio/tts_preview/vesper_nyx_accord_005.wav,OWNER_SCREENPLAY_PENDING,UNVERIFIED_DO_NOT_SHIP
vesper_nyx_accord_006,vesper-nyx:accord,pre,Vesper,That sounded almost like trust.,natural,DRAFT_SCREENPLAY_FOR_OWNER_REVIEW,audio/tts_preview/vesper_nyx_accord_006.wav,OWNER_SCREENPLAY_PENDING,UNVERIFIED_DO_NOT_SHIP
vesper_nyx_accord_007,vesper-nyx:accord,pre,Orion,It is an unfamiliar but testable arrangement.,natural,DRAFT_SCREENPLAY_FOR_OWNER_REVIEW,audio/tts_preview/vesper_nyx_accord_007.wav,OWNER_SCREENPLAY_PENDING,UNVERIFIED_DO_NOT_SHIP
vesper_nyx_accord_008,vesper-nyx:accord,post,Kaia,We have seven answers. We do not need one voice.,natural,DRAFT_SCREENPLAY_FOR_OWNER_REVIEW,audio/tts_preview/vesper_nyx_accord_008.wav,OWNER_SCREENPLAY_PENDING,UNVERIFIED_DO_NOT_SHIP
vesper_nyx_accord_009,vesper-nyx:accord,post,Vesper,Do not look so pleased about it.,natural,DRAFT_SCREENPLAY_FOR_OWNER_REVIEW,audio/tts_preview/vesper_nyx_accord_009.wav,OWNER_SCREENPLAY_PENDING,UNVERIFIED_DO_NOT_SHIP
vesper_nyx_catastrophe_001,vesper-nyx:catastrophe,pre,Yin,A silence could protect every secret you have buried.,soft,DRAFT_SCREENPLAY_FOR_OWNER_REVIEW,audio/tts_preview/vesper_nyx_catastrophe_001.wav,OWNER_SCREENPLAY_PENDING,UNVERIFIED_DO_NOT_SHIP
vesper_nyx_catastrophe_002,vesper-nyx:catastrophe,pre,Yang,Your hidden truth could be exposed without uncertainty.,formal,DRAFT_SCREENPLAY_FOR_OWNER_REVIEW,audio/tts_preview/vesper_nyx_catastrophe_002.wav,OWNER_SCREENPLAY_PENDING,UNVERIFIED_DO_NOT_SHIP
vesper_nyx_catastrophe_003,vesper-nyx:catastrophe,pre,Ember,Nobody gave you the right to rearrange us.,natural,DRAFT_SCREENPLAY_FOR_OWNER_REVIEW,audio/tts_preview/vesper_nyx_catastrophe_003.wav,OWNER_SCREENPLAY_PENDING,UNVERIFIED_DO_NOT_SHIP
vesper_nyx_catastrophe_004,vesper-nyx:catastrophe,pre,Nix,Your proposed structure contains no consent pathway.,natural,DRAFT_SCREENPLAY_FOR_OWNER_REVIEW,audio/tts_preview/vesper_nyx_catastrophe_004.wav,OWNER_SCREENPLAY_PENDING,UNVERIFIED_DO_NOT_SHIP
vesper_nyx_catastrophe_005,vesper-nyx:catastrophe,pre,Yin,Consent requires a self willing to suffer. I offer release.,natural,DRAFT_SCREENPLAY_FOR_OWNER_REVIEW,audio/tts_preview/vesper_nyx_catastrophe_005.wav,OWNER_SCREENPLAY_PENDING,UNVERIFIED_DO_NOT_SHIP
vesper_nyx_catastrophe_006,vesper-nyx:catastrophe,pre,Yang,Consent is unnecessary when no misunderstanding remains.,natural,DRAFT_SCREENPLAY_FOR_OWNER_REVIEW,audio/tts_preview/vesper_nyx_catastrophe_006.wav,OWNER_SCREENPLAY_PENDING,UNVERIFIED_DO_NOT_SHIP
vesper_nyx_catastrophe_007,vesper-nyx:catastrophe,mid,Vesper,A concealed truth is safer than a shared one.,natural,DRAFT_SCREENPLAY_FOR_OWNER_REVIEW,audio/tts_preview/vesper_nyx_catastrophe_007.wav,OWNER_SCREENPLAY_PENDING,UNVERIFIED_DO_NOT_SHIP
vesper_nyx_catastrophe_008,vesper-nyx:catastrophe,mid,Kaia,We are not yours to solve.,natural,DRAFT_SCREENPLAY_FOR_OWNER_REVIEW,audio/tts_preview/vesper_nyx_catastrophe_008.wav,OWNER_SCREENPLAY_PENDING,UNVERIFIED_DO_NOT_SHIP
vesper_nyx_catastrophe_009,vesper-nyx:catastrophe,post,Rook,Then we hold together.,natural,DRAFT_SCREENPLAY_FOR_OWNER_REVIEW,audio/tts_preview/vesper_nyx_catastrophe_009.wav,OWNER_SCREENPLAY_PENDING,UNVERIFIED_DO_NOT_SHIP
vesper_nyx_catastrophe_010,vesper-nyx:catastrophe,post,Vesper,"For once, I have nothing clever to add.",natural,DRAFT_SCREENPLAY_FOR_OWNER_REVIEW,audio/tts_preview/vesper_nyx_catastrophe_010.wav,OWNER_SCREENPLAY_PENDING,UNVERIFIED_DO_NOT_SHIP
vesper_nyx_impossible_battle_1_001,vesper-nyx:impossible_battle_1,pre,Yang,You mistake the size of the disagreement for the depth of it.,natural,DRAFT_SCREENPLAY_FOR_OWNER_REVIEW,audio/tts_preview/vesper_nyx_impossible_battle_1_001.wav,OWNER_SCREENPLAY_PENDING,UNVERIFIED_DO_NOT_SHIP
vesper_nyx_impossible_battle_1_002,vesper-nyx:impossible_battle_1,pre,Vesper,Then we are going to test your certainty.,natural,DRAFT_SCREENPLAY_FOR_OWNER_REVIEW,audio/tts_preview/vesper_nyx_impossible_battle_1_002.wav,OWNER_SCREENPLAY_PENDING,UNVERIFIED_DO_NOT_SHIP
vesper_nyx_impossible_battle_1_003,vesper-nyx:impossible_battle_1,mid,Yin,Every strike ends. Every heartbeat asks for rest.,natural,DRAFT_SCREENPLAY_FOR_OWNER_REVIEW,audio/tts_preview/vesper_nyx_impossible_battle_1_003.wav,OWNER_SCREENPLAY_PENDING,UNVERIFIED_DO_NOT_SHIP
vesper_nyx_impossible_battle_1_004,vesper-nyx:impossible_battle_1,mid,Orion,"Our attacks are changing nothing. The field responds to allegiance, not impact.",natural,DRAFT_SCREENPLAY_FOR_OWNER_REVIEW,audio/tts_preview/vesper_nyx_impossible_battle_1_004.wav,OWNER_SCREENPLAY_PENDING,UNVERIFIED_DO_NOT_SHIP
vesper_nyx_impossible_battle_1_005,vesper-nyx:impossible_battle_1,post,Vesper,The fight was never about who hit harder.,natural,DRAFT_SCREENPLAY_FOR_OWNER_REVIEW,audio/tts_preview/vesper_nyx_impossible_battle_1_005.wav,OWNER_SCREENPLAY_PENDING,UNVERIFIED_DO_NOT_SHIP
vesper_nyx_impossible_battle_1_006,vesper-nyx:impossible_battle_1,post,Yang,"At last, you have begun to observe.",natural,DRAFT_SCREENPLAY_FOR_OWNER_REVIEW,audio/tts_preview/vesper_nyx_impossible_battle_1_006.wav,OWNER_SCREENPLAY_PENDING,UNVERIFIED_DO_NOT_SHIP
vesper_nyx_first_loss_001,vesper-nyx:first_loss,pre,Ember,Which of those signals is yours?,natural,DRAFT_SCREENPLAY_FOR_OWNER_REVIEW,audio/tts_preview/vesper_nyx_first_loss_001.wav,OWNER_SCREENPLAY_PENDING,UNVERIFIED_DO_NOT_SHIP
vesper_nyx_first_loss_002,vesper-nyx:first_loss,pre,Vesper,They all look convincing from here.,natural,DRAFT_SCREENPLAY_FOR_OWNER_REVIEW,audio/tts_preview/vesper_nyx_first_loss_002.wav,OWNER_SCREENPLAY_PENDING,UNVERIFIED_DO_NOT_SHIP
vesper_nyx_first_loss_003,vesper-nyx:first_loss,pre,Ember,This is not the moment for tricks.,natural,DRAFT_SCREENPLAY_FOR_OWNER_REVIEW,audio/tts_preview/vesper_nyx_first_loss_003.wav,OWNER_SCREENPLAY_PENDING,UNVERIFIED_DO_NOT_SHIP
vesper_nyx_first_loss_004,vesper-nyx:first_loss,pre,Vesper,I was afraid you would follow me and get hurt.,natural,DRAFT_SCREENPLAY_FOR_OWNER_REVIEW,audio/tts_preview/vesper_nyx_first_loss_004.wav,OWNER_SCREENPLAY_PENDING,UNVERIFIED_DO_NOT_SHIP
vesper_nyx_first_loss_005,vesper-nyx:first_loss,mid,Ember,I can decide that if you tell me the truth.,strained,DRAFT_SCREENPLAY_FOR_OWNER_REVIEW,audio/tts_preview/vesper_nyx_first_loss_005.wav,OWNER_SCREENPLAY_PENDING,UNVERIFIED_DO_NOT_SHIP
vesper_nyx_first_loss_006,vesper-nyx:first_loss,mid,Vesper,The real passage is behind the left echo.,strained,DRAFT_SCREENPLAY_FOR_OWNER_REVIEW,audio/tts_preview/vesper_nyx_first_loss_006.wav,OWNER_SCREENPLAY_PENDING,UNVERIFIED_DO_NOT_SHIP
vesper_nyx_first_loss_007,vesper-nyx:first_loss,mid,Ember,Then why mark the others?,strained,DRAFT_SCREENPLAY_FOR_OWNER_REVIEW,audio/tts_preview/vesper_nyx_first_loss_007.wav,OWNER_SCREENPLAY_PENDING,UNVERIFIED_DO_NOT_SHIP
vesper_nyx_first_loss_008,vesper-nyx:first_loss,mid,Vesper,So nobody would find me when I failed.,strained,DRAFT_SCREENPLAY_FOR_OWNER_REVIEW,audio/tts_preview/vesper_nyx_first_loss_008.wav,OWNER_SCREENPLAY_PENDING,UNVERIFIED_DO_NOT_SHIP
vesper_nyx_first_loss_009,vesper-nyx:first_loss,post,Ember,"Vesper, I need you to be real with me.",strained,DRAFT_SCREENPLAY_FOR_OWNER_REVIEW,audio/tts_preview/vesper_nyx_first_loss_009.wav,OWNER_SCREENPLAY_PENDING,UNVERIFIED_DO_NOT_SHIP
vesper_nyx_first_loss_010,vesper-nyx:first_loss,post,Vesper,I am here. I am afraid.,strained,DRAFT_SCREENPLAY_FOR_OWNER_REVIEW,audio/tts_preview/vesper_nyx_first_loss_010.wav,OWNER_SCREENPLAY_PENDING,UNVERIFIED_DO_NOT_SHIP
vesper_nyx_first_loss_011,vesper-nyx:first_loss,post,Ember,Then leave the light on. I am coming.,strained,DRAFT_SCREENPLAY_FOR_OWNER_REVIEW,audio/tts_preview/vesper_nyx_first_loss_011.wav,OWNER_SCREENPLAY_PENDING,UNVERIFIED_DO_NOT_SHIP
vesper_nyx_first_loss_012,vesper-nyx:first_loss,post,Vesper,I kept the truth until it cost us the path.,strained,DRAFT_SCREENPLAY_FOR_OWNER_REVIEW,audio/tts_preview/vesper_nyx_first_loss_012.wav,OWNER_SCREENPLAY_PENDING,UNVERIFIED_DO_NOT_SHIP
vesper_nyx_first_loss_013,vesper-nyx:first_loss,post,Vesper,I will never call a lie protection again.,strained,DRAFT_SCREENPLAY_FOR_OWNER_REVIEW,audio/tts_preview/vesper_nyx_first_loss_013.wav,OWNER_SCREENPLAY_PENDING,UNVERIFIED_DO_NOT_SHIP
vesper_nyx_first_loss_014,vesper-nyx:first_loss,post,Yin,The burden has found an ending.,soft,DRAFT_SCREENPLAY_FOR_OWNER_REVIEW,audio/tts_preview/vesper_nyx_first_loss_014.wav,OWNER_SCREENPLAY_PENDING,UNVERIFIED_DO_NOT_SHIP
vesper_nyx_first_loss_015,vesper-nyx:first_loss,post,Yang,An incomplete loss can be integrated into a clearer whole.,clear,DRAFT_SCREENPLAY_FOR_OWNER_REVIEW,audio/tts_preview/vesper_nyx_first_loss_015.wav,OWNER_SCREENPLAY_PENDING,UNVERIFIED_DO_NOT_SHIP
vesper_nyx_first_loss_016,vesper-nyx:first_loss,post,Vesper,"For once, I wish I had been easier to see.",grief,DRAFT_SCREENPLAY_FOR_OWNER_REVIEW,audio/tts_preview/vesper_nyx_first_loss_016.wav,OWNER_SCREENPLAY_PENDING,UNVERIFIED_DO_NOT_SHIP
vesper_nyx_puppet_imbalance_001,vesper-nyx:puppet_imbalance,pre,Yin,A simple world is a quiet world.,natural,DRAFT_SCREENPLAY_FOR_OWNER_REVIEW,audio/tts_preview/vesper_nyx_puppet_imbalance_001.wav,OWNER_SCREENPLAY_PENDING,UNVERIFIED_DO_NOT_SHIP
vesper_nyx_puppet_imbalance_002,vesper-nyx:puppet_imbalance,pre,Yang,An ordered world is a world without mistakes.,natural,DRAFT_SCREENPLAY_FOR_OWNER_REVIEW,audio/tts_preview/vesper_nyx_puppet_imbalance_002.wav,OWNER_SCREENPLAY_PENDING,UNVERIFIED_DO_NOT_SHIP
vesper_nyx_puppet_imbalance_003,vesper-nyx:puppet_imbalance,pre,Vesper,Three disappear into silence. Two vanish into perfect statements.,natural,DRAFT_SCREENPLAY_FOR_OWNER_REVIEW,audio/tts_preview/vesper_nyx_puppet_imbalance_003.wav,OWNER_SCREENPLAY_PENDING,UNVERIFIED_DO_NOT_SHIP
vesper_nyx_puppet_imbalance_004,vesper-nyx:puppet_imbalance,mid,Vesper,One side holds three of my friends. I can change that without taking their place.,natural,DRAFT_SCREENPLAY_FOR_OWNER_REVIEW,audio/tts_preview/vesper_nyx_puppet_imbalance_004.wav,OWNER_SCREENPLAY_PENDING,UNVERIFIED_DO_NOT_SHIP
vesper_nyx_puppet_imbalance_005,vesper-nyx:puppet_imbalance,post,Vesper,I will be where I said I would be.,natural,DRAFT_SCREENPLAY_FOR_OWNER_REVIEW,audio/tts_preview/vesper_nyx_puppet_imbalance_005.wav,OWNER_SCREENPLAY_PENDING,UNVERIFIED_DO_NOT_SHIP
vesper_nyx_puppet_imbalance_006,vesper-nyx:puppet_imbalance,post,Vesper,I know those tricks. I am done hiding behind them.,natural,DRAFT_SCREENPLAY_FOR_OWNER_REVIEW,audio/tts_preview/vesper_nyx_puppet_imbalance_006.wav,OWNER_SCREENPLAY_PENDING,UNVERIFIED_DO_NOT_SHIP
vesper_nyx_first_release_001,vesper-nyx:first_release,pre,Vesper,The wrong face is making all the right moves.,natural,DRAFT_SCREENPLAY_FOR_OWNER_REVIEW,audio/tts_preview/vesper_nyx_first_release_001.wav,OWNER_SCREENPLAY_PENDING,UNVERIFIED_DO_NOT_SHIP
vesper_nyx_first_release_002,vesper-nyx:first_release,pre,Yin,The mask removes the need to decide. How merciful.,natural,DRAFT_SCREENPLAY_FOR_OWNER_REVIEW,audio/tts_preview/vesper_nyx_first_release_002.wav,OWNER_SCREENPLAY_PENDING,UNVERIFIED_DO_NOT_SHIP
vesper_nyx_first_release_003,vesper-nyx:first_release,mid,Vesper,The face beneath that mask gets to tell the truth.,natural,DRAFT_SCREENPLAY_FOR_OWNER_REVIEW,audio/tts_preview/vesper_nyx_first_release_003.wav,OWNER_SCREENPLAY_PENDING,UNVERIFIED_DO_NOT_SHIP
vesper_nyx_first_release_004,vesper-nyx:first_release,mid,Yang,Restored variation is an uncorrected flaw.,natural,DRAFT_SCREENPLAY_FOR_OWNER_REVIEW,audio/tts_preview/vesper_nyx_first_release_004.wav,OWNER_SCREENPLAY_PENDING,UNVERIFIED_DO_NOT_SHIP
vesper_nyx_first_release_005,vesper-nyx:first_release,post,Vesper,Your first real movement is yours. Keep it.,natural,DRAFT_SCREENPLAY_FOR_OWNER_REVIEW,audio/tts_preview/vesper_nyx_first_release_005.wav,OWNER_SCREENPLAY_PENDING,UNVERIFIED_DO_NOT_SHIP
vesper_nyx_first_release_006,vesper-nyx:first_release,post,Vesper,Come back without rehearsing an answer for us.,natural,DRAFT_SCREENPLAY_FOR_OWNER_REVIEW,audio/tts_preview/vesper_nyx_first_release_006.wav,OWNER_SCREENPLAY_PENDING,UNVERIFIED_DO_NOT_SHIP
vesper_nyx_equilibrium_001,vesper-nyx:equilibrium,pre,Vesper,A perfect 2v2. The cosmic powers must be thrilled.,natural,DRAFT_SCREENPLAY_FOR_OWNER_REVIEW,audio/tts_preview/vesper_nyx_equilibrium_001.wav,OWNER_SCREENPLAY_PENDING,UNVERIFIED_DO_NOT_SHIP
vesper_nyx_equilibrium_002,vesper-nyx:equilibrium,pre,Orion,The competing claims are momentarily equal.,natural,DRAFT_SCREENPLAY_FOR_OWNER_REVIEW,audio/tts_preview/vesper_nyx_equilibrium_002.wav,OWNER_SCREENPLAY_PENDING,UNVERIFIED_DO_NOT_SHIP
vesper_nyx_equilibrium_003,vesper-nyx:equilibrium,mid,Vesper,I cannot trick an ending into being kind.,natural,DRAFT_SCREENPLAY_FOR_OWNER_REVIEW,audio/tts_preview/vesper_nyx_equilibrium_003.wav,OWNER_SCREENPLAY_PENDING,UNVERIFIED_DO_NOT_SHIP
vesper_nyx_equilibrium_004,vesper-nyx:equilibrium,mid,Yin,A pause is not defeat. Sometimes it is care.,natural,DRAFT_SCREENPLAY_FOR_OWNER_REVIEW,audio/tts_preview/vesper_nyx_equilibrium_004.wav,OWNER_SCREENPLAY_PENDING,UNVERIFIED_DO_NOT_SHIP
vesper_nyx_equilibrium_005,vesper-nyx:equilibrium,post,Yang,Symmetry is only the beginning of completion.,natural,DRAFT_SCREENPLAY_FOR_OWNER_REVIEW,audio/tts_preview/vesper_nyx_equilibrium_005.wav,OWNER_SCREENPLAY_PENDING,UNVERIFIED_DO_NOT_SHIP
vesper_nyx_equilibrium_006,vesper-nyx:equilibrium,post,Vesper,I can still tell which faces are missing.,natural,DRAFT_SCREENPLAY_FOR_OWNER_REVIEW,audio/tts_preview/vesper_nyx_equilibrium_006.wav,OWNER_SCREENPLAY_PENDING,UNVERIFIED_DO_NOT_SHIP
vesper_nyx_dual_release_1_001,vesper-nyx:dual_release_1,pre,Vesper,"One shadow, one glare. Neither is the whole person.",natural,DRAFT_SCREENPLAY_FOR_OWNER_REVIEW,audio/tts_preview/vesper_nyx_dual_release_1_001.wav,OWNER_SCREENPLAY_PENDING,UNVERIFIED_DO_NOT_SHIP
vesper_nyx_dual_release_1_002,vesper-nyx:dual_release_1,pre,Yang,Partial definition is wasted effort.,natural,DRAFT_SCREENPLAY_FOR_OWNER_REVIEW,audio/tts_preview/vesper_nyx_dual_release_1_002.wav,OWNER_SCREENPLAY_PENDING,UNVERIFIED_DO_NOT_SHIP
vesper_nyx_dual_release_1_003,vesper-nyx:dual_release_1,mid,Vesper,You are not pieces on my board.,natural,DRAFT_SCREENPLAY_FOR_OWNER_REVIEW,audio/tts_preview/vesper_nyx_dual_release_1_003.wav,OWNER_SCREENPLAY_PENDING,UNVERIFIED_DO_NOT_SHIP
vesper_nyx_dual_release_1_004,vesper-nyx:dual_release_1,mid,Yin,Then allow them the peace of no decision.,natural,DRAFT_SCREENPLAY_FOR_OWNER_REVIEW,audio/tts_preview/vesper_nyx_dual_release_1_004.wav,OWNER_SCREENPLAY_PENDING,UNVERIFIED_DO_NOT_SHIP
vesper_nyx_dual_release_1_005,vesper-nyx:dual_release_1,post,Vesper,No decoys today. I want both of them back.,natural,DRAFT_SCREENPLAY_FOR_OWNER_REVIEW,audio/tts_preview/vesper_nyx_dual_release_1_005.wav,OWNER_SCREENPLAY_PENDING,UNVERIFIED_DO_NOT_SHIP
vesper_nyx_dual_release_2_001,vesper-nyx:dual_release_2,pre,Vesper,Ember would tell me to speak plainly. Fine. I need them.,natural,DRAFT_SCREENPLAY_FOR_OWNER_REVIEW,audio/tts_preview/vesper_nyx_dual_release_2_001.wav,OWNER_SCREENPLAY_PENDING,UNVERIFIED_DO_NOT_SHIP
vesper_nyx_dual_release_2_002,vesper-nyx:dual_release_2,pre,Yin,To release them is to return their pain.,natural,DRAFT_SCREENPLAY_FOR_OWNER_REVIEW,audio/tts_preview/vesper_nyx_dual_release_2_002.wav,OWNER_SCREENPLAY_PENDING,UNVERIFIED_DO_NOT_SHIP
vesper_nyx_dual_release_2_003,vesper-nyx:dual_release_2,mid,Vesper,And their laughter. Their anger. Their choices.,natural,DRAFT_SCREENPLAY_FOR_OWNER_REVIEW,audio/tts_preview/vesper_nyx_dual_release_2_003.wav,OWNER_SCREENPLAY_PENDING,UNVERIFIED_DO_NOT_SHIP
vesper_nyx_dual_release_2_004,vesper-nyx:dual_release_2,mid,Yang,You cannot guarantee they will agree afterward.,natural,DRAFT_SCREENPLAY_FOR_OWNER_REVIEW,audio/tts_preview/vesper_nyx_dual_release_2_004.wav,OWNER_SCREENPLAY_PENDING,UNVERIFIED_DO_NOT_SHIP
vesper_nyx_dual_release_2_005,vesper-nyx:dual_release_2,post,Vesper,I am counting on them not to.,natural,DRAFT_SCREENPLAY_FOR_OWNER_REVIEW,audio/tts_preview/vesper_nyx_dual_release_2_005.wav,OWNER_SCREENPLAY_PENDING,UNVERIFIED_DO_NOT_SHIP
vesper_nyx_dual_release_2_006,vesper-nyx:dual_release_2,post,Vesper,I have six truths and only one name to carry them.,natural,DRAFT_SCREENPLAY_FOR_OWNER_REVIEW,audio/tts_preview/vesper_nyx_dual_release_2_006.wav,OWNER_SCREENPLAY_PENDING,UNVERIFIED_DO_NOT_SHIP
vesper_nyx_prismatic_gray_001,vesper-nyx:prismatic_gray,pre,Yin,Every borrowed memory is another weight.,natural,DRAFT_SCREENPLAY_FOR_OWNER_REVIEW,audio/tts_preview/vesper_nyx_prismatic_gray_001.wav,OWNER_SCREENPLAY_PENDING,UNVERIFIED_DO_NOT_SHIP
vesper_nyx_prismatic_gray_002,vesper-nyx:prismatic_gray,pre,Yang,"If you combine them perfectly, there will be no conflict left.",natural,DRAFT_SCREENPLAY_FOR_OWNER_REVIEW,audio/tts_preview/vesper_nyx_prismatic_gray_002.wav,OWNER_SCREENPLAY_PENDING,UNVERIFIED_DO_NOT_SHIP
vesper_nyx_prismatic_gray_003,vesper-nyx:prismatic_gray,pre,Vesper,I have more than one side.,natural,DRAFT_SCREENPLAY_FOR_OWNER_REVIEW,audio/tts_preview/vesper_nyx_prismatic_gray_003.wav,OWNER_SCREENPLAY_PENDING,UNVERIFIED_DO_NOT_SHIP
vesper_nyx_prismatic_gray_004,vesper-nyx:prismatic_gray,mid,Vesper,Six people. Six choices I could not make for them.,natural,DRAFT_SCREENPLAY_FOR_OWNER_REVIEW,audio/tts_preview/vesper_nyx_prismatic_gray_004.wav,OWNER_SCREENPLAY_PENDING,UNVERIFIED_DO_NOT_SHIP
vesper_nyx_prismatic_gray_005,vesper-nyx:prismatic_gray,mid,Vesper,None of them needs to be a lie.,natural,DRAFT_SCREENPLAY_FOR_OWNER_REVIEW,audio/tts_preview/vesper_nyx_prismatic_gray_005.wav,OWNER_SCREENPLAY_PENDING,UNVERIFIED_DO_NOT_SHIP
vesper_nyx_prismatic_gray_006,vesper-nyx:prismatic_gray,post,Kaia,You are still yourself. That is the point.,natural,DRAFT_SCREENPLAY_FOR_OWNER_REVIEW,audio/tts_preview/vesper_nyx_prismatic_gray_006.wav,OWNER_SCREENPLAY_PENDING,UNVERIFIED_DO_NOT_SHIP
vesper_nyx_prismatic_gray_007,vesper-nyx:prismatic_gray,post,Vesper,And this choice is mine.,natural,DRAFT_SCREENPLAY_FOR_OWNER_REVIEW,audio/tts_preview/vesper_nyx_prismatic_gray_007.wav,OWNER_SCREENPLAY_PENDING,UNVERIFIED_DO_NOT_SHIP
vesper_nyx_impossible_battle_2_001,vesper-nyx:impossible_battle_2,pre,Yin,I can be hidden without being gone.,soft,DRAFT_SCREENPLAY_FOR_OWNER_REVIEW,audio/tts_preview/vesper_nyx_impossible_battle_2_001.wav,OWNER_SCREENPLAY_PENDING,UNVERIFIED_DO_NOT_SHIP
vesper_nyx_impossible_battle_2_002,vesper-nyx:impossible_battle_2,pre,Yang,I can speak truth without becoming your definition.,formal,DRAFT_SCREENPLAY_FOR_OWNER_REVIEW,audio/tts_preview/vesper_nyx_impossible_battle_2_002.wav,OWNER_SCREENPLAY_PENDING,UNVERIFIED_DO_NOT_SHIP
vesper_nyx_impossible_battle_2_003,vesper-nyx:impossible_battle_2,pre,Vesper,"Yin, I want privacy, not disappearance.",natural,DRAFT_SCREENPLAY_FOR_OWNER_REVIEW,audio/tts_preview/vesper_nyx_impossible_battle_2_003.wav,OWNER_SCREENPLAY_PENDING,UNVERIFIED_DO_NOT_SHIP
vesper_nyx_impossible_battle_2_004,vesper-nyx:impossible_battle_2,mid,Vesper,"Yang, I want truth, not compulsory confession.",natural,DRAFT_SCREENPLAY_FOR_OWNER_REVIEW,audio/tts_preview/vesper_nyx_impossible_battle_2_004.wav,OWNER_SCREENPLAY_PENDING,UNVERIFIED_DO_NOT_SHIP
vesper_nyx_impossible_battle_2_005,vesper-nyx:impossible_battle_2,mid,Yin,Then you accept that someone may be hurt again.,natural,DRAFT_SCREENPLAY_FOR_OWNER_REVIEW,audio/tts_preview/vesper_nyx_impossible_battle_2_005.wav,OWNER_SCREENPLAY_PENDING,UNVERIFIED_DO_NOT_SHIP
vesper_nyx_impossible_battle_2_006,vesper-nyx:impossible_battle_2,mid,Vesper,I accept that they remain someone who can choose.,natural,DRAFT_SCREENPLAY_FOR_OWNER_REVIEW,audio/tts_preview/vesper_nyx_impossible_battle_2_006.wav,OWNER_SCREENPLAY_PENDING,UNVERIFIED_DO_NOT_SHIP
vesper_nyx_impossible_battle_2_007,vesper-nyx:impossible_battle_2,mid,Yang,You offer an unfinished design.,natural,DRAFT_SCREENPLAY_FOR_OWNER_REVIEW,audio/tts_preview/vesper_nyx_impossible_battle_2_007.wav,OWNER_SCREENPLAY_PENDING,UNVERIFIED_DO_NOT_SHIP
vesper_nyx_impossible_battle_2_008,vesper-nyx:impossible_battle_2,post,Vesper,"Yang, I want truth, not compulsory confession.",natural,DRAFT_SCREENPLAY_FOR_OWNER_REVIEW,audio/tts_preview/vesper_nyx_impossible_battle_2_008.wav,OWNER_SCREENPLAY_PENDING,UNVERIFIED_DO_NOT_SHIP
vesper_nyx_impossible_battle_2_009,vesper-nyx:impossible_battle_2,post,Yin,A boundary with an opening. Unfamiliar.,natural,DRAFT_SCREENPLAY_FOR_OWNER_REVIEW,audio/tts_preview/vesper_nyx_impossible_battle_2_009.wav,OWNER_SCREENPLAY_PENDING,UNVERIFIED_DO_NOT_SHIP
vesper_nyx_impossible_battle_2_010,vesper-nyx:impossible_battle_2,post,Yang,A pattern that may change itself. Unaccounted for.,natural,DRAFT_SCREENPLAY_FOR_OWNER_REVIEW,audio/tts_preview/vesper_nyx_impossible_battle_2_010.wav,OWNER_SCREENPLAY_PENDING,UNVERIFIED_DO_NOT_SHIP
vesper_nyx_epilogue_001,vesper-nyx:epilogue,pre,Vesper,I am afraid.,natural,DRAFT_SCREENPLAY_FOR_OWNER_REVIEW,audio/tts_preview/vesper_nyx_epilogue_001.wav,OWNER_SCREENPLAY_PENDING,UNVERIFIED_DO_NOT_SHIP
vesper_nyx_epilogue_002,vesper-nyx:epilogue,pre,Juno,Do we have to call this a victory? I would prefer food.,natural,DRAFT_SCREENPLAY_FOR_OWNER_REVIEW,audio/tts_preview/vesper_nyx_epilogue_002.wav,OWNER_SCREENPLAY_PENDING,UNVERIFIED_DO_NOT_SHIP
vesper_nyx_epilogue_003,vesper-nyx:epilogue,pre,Nix,Food can be scheduled. Argument cannot.,natural,DRAFT_SCREENPLAY_FOR_OWNER_REVIEW,audio/tts_preview/vesper_nyx_epilogue_003.wav,OWNER_SCREENPLAY_PENDING,UNVERIFIED_DO_NOT_SHIP
vesper_nyx_epilogue_004,vesper-nyx:epilogue,pre,Vesper,Who says the argument has to end?,natural,DRAFT_SCREENPLAY_FOR_OWNER_REVIEW,audio/tts_preview/vesper_nyx_epilogue_004.wav,OWNER_SCREENPLAY_PENDING,UNVERIFIED_DO_NOT_SHIP
vesper_nyx_epilogue_005,vesper-nyx:epilogue,mid,Rook,It does not. Just make a space for it.,natural,DRAFT_SCREENPLAY_FOR_OWNER_REVIEW,audio/tts_preview/vesper_nyx_epilogue_005.wav,OWNER_SCREENPLAY_PENDING,UNVERIFIED_DO_NOT_SHIP
vesper_nyx_epilogue_006,vesper-nyx:epilogue,post,Vesper,There. Still here.,natural,DRAFT_SCREENPLAY_FOR_OWNER_REVIEW,audio/tts_preview/vesper_nyx_epilogue_006.wav,OWNER_SCREENPLAY_PENDING,UNVERIFIED_DO_NOT_SHIP
vesper_nyx_epilogue_007,vesper-nyx:epilogue,post,Kaia,That will do. Until tomorrow.,natural,DRAFT_SCREENPLAY_FOR_OWNER_REVIEW,audio/tts_preview/vesper_nyx_epilogue_007.wav,OWNER_SCREENPLAY_PENDING,UNVERIFIED_DO_NOT_SHIP
vesper_nyx_unlock_001,vesper-nyx:unlock,pre,Vesper,"I will remember the choices, not just the outcome.",natural,DRAFT_SCREENPLAY_FOR_OWNER_REVIEW,audio/tts_preview/vesper_nyx_unlock_001.wav,OWNER_SCREENPLAY_PENDING,UNVERIFIED_DO_NOT_SHIP
vesper_nyx_unlock_002,vesper-nyx:unlock,mid,Kaia,Another color has found its own way to Gray.,natural,DRAFT_SCREENPLAY_FOR_OWNER_REVIEW,audio/tts_preview/vesper_nyx_unlock_002.wav,OWNER_SCREENPLAY_PENDING,UNVERIFIED_DO_NOT_SHIP
vesper_nyx_unlock_003,vesper-nyx:unlock,post,Vesper,Let the next story be told in its own voice.,natural,DRAFT_SCREENPLAY_FOR_OWNER_REVIEW,audio/tts_preview/vesper_nyx_unlock_003.wav,OWNER_SCREENPLAY_PENDING,UNVERIFIED_DO_NOT_SHIP
vesper_nyx_unlock_004,vesper-nyx:unlock,post,Orion,The result is reproducible. The journey was not inevitable.,natural,DRAFT_SCREENPLAY_FOR_OWNER_REVIEW,audio/tts_preview/vesper_nyx_unlock_004.wav,OWNER_SCREENPLAY_PENDING,UNVERIFIED_DO_NOT_SHIP
sevenfold_reunion_001,sevenfold:reunion,pre,Kaia,I once thought all the winds had to meet at my center.,natural,DRAFT_SCREENPLAY_FOR_OWNER_REVIEW,audio/tts_preview/sevenfold_reunion_001.wav,OWNER_SCREENPLAY_PENDING,UNVERIFIED_DO_NOT_SHIP
sevenfold_reunion_002,sevenfold:reunion,pre,Ember,"You were wrong. Nicely wrong, but wrong.",natural,DRAFT_SCREENPLAY_FOR_OWNER_REVIEW,audio/tts_preview/sevenfold_reunion_002.wav,OWNER_SCREENPLAY_PENDING,UNVERIFIED_DO_NOT_SHIP
sevenfold_reunion_003,sevenfold:reunion,pre,Rook,I am not standing in front.,natural,DRAFT_SCREENPLAY_FOR_OWNER_REVIEW,audio/tts_preview/sevenfold_reunion_003.wav,OWNER_SCREENPLAY_PENDING,UNVERIFIED_DO_NOT_SHIP
sevenfold_reunion_004,sevenfold:reunion,pre,Juno,Look at me staying put. A whole miracle.,natural,DRAFT_SCREENPLAY_FOR_OWNER_REVIEW,audio/tts_preview/sevenfold_reunion_004.wav,OWNER_SCREENPLAY_PENDING,UNVERIFIED_DO_NOT_SHIP
sevenfold_reunion_005,sevenfold:reunion,pre,Nix,Seven structures. Seven independent exits.,natural,DRAFT_SCREENPLAY_FOR_OWNER_REVIEW,audio/tts_preview/sevenfold_reunion_005.wav,OWNER_SCREENPLAY_PENDING,UNVERIFIED_DO_NOT_SHIP
sevenfold_reunion_006,sevenfold:reunion,pre,Orion,Each of us understands the other six without predicting their consent.,natural,DRAFT_SCREENPLAY_FOR_OWNER_REVIEW,audio/tts_preview/sevenfold_reunion_006.wav,OWNER_SCREENPLAY_PENDING,UNVERIFIED_DO_NOT_SHIP
sevenfold_reunion_007,sevenfold:reunion,pre,Vesper,I could lie and say I knew this would happen. I did not.,natural,DRAFT_SCREENPLAY_FOR_OWNER_REVIEW,audio/tts_preview/sevenfold_reunion_007.wav,OWNER_SCREENPLAY_PENDING,UNVERIFIED_DO_NOT_SHIP
sevenfold_reunion_008,sevenfold:reunion,mid,Yin,You have each carried pain and still choose distinction.,natural,DRAFT_SCREENPLAY_FOR_OWNER_REVIEW,audio/tts_preview/sevenfold_reunion_008.wav,OWNER_SCREENPLAY_PENDING,UNVERIFIED_DO_NOT_SHIP
sevenfold_reunion_009,sevenfold:reunion,post,Yang,Seven divergent solutions. No governing definition.,natural,DRAFT_SCREENPLAY_FOR_OWNER_REVIEW,audio/tts_preview/sevenfold_reunion_009.wav,OWNER_SCREENPLAY_PENDING,UNVERIFIED_DO_NOT_SHIP
sevenfold_reunion_010,sevenfold:reunion,post,Kaia,And everyone can tell you why they are here.,natural,DRAFT_SCREENPLAY_FOR_OWNER_REVIEW,audio/tts_preview/sevenfold_reunion_010.wav,OWNER_SCREENPLAY_PENDING,UNVERIFIED_DO_NOT_SHIP
sevenfold_trial_001,sevenfold:trial,pre,Yang,"If no single person leads, your formation must fail.",natural,DRAFT_SCREENPLAY_FOR_OWNER_REVIEW,audio/tts_preview/sevenfold_trial_001.wav,OWNER_SCREENPLAY_PENDING,UNVERIFIED_DO_NOT_SHIP
sevenfold_trial_002,sevenfold:trial,pre,Ember,"I will start. Rook, take the center when I signal.",natural,DRAFT_SCREENPLAY_FOR_OWNER_REVIEW,audio/tts_preview/sevenfold_trial_002.wav,OWNER_SCREENPLAY_PENDING,UNVERIFIED_DO_NOT_SHIP
sevenfold_trial_003,sevenfold:trial,mid,Rook,"Juno, the lane is open. Your choice.",natural,DRAFT_SCREENPLAY_FOR_OWNER_REVIEW,audio/tts_preview/sevenfold_trial_003.wav,OWNER_SCREENPLAY_PENDING,UNVERIFIED_DO_NOT_SHIP
sevenfold_trial_004,sevenfold:trial,mid,Juno,I am taking it for Nix. Not for the scoreboard.,natural,DRAFT_SCREENPLAY_FOR_OWNER_REVIEW,audio/tts_preview/sevenfold_trial_004.wav,OWNER_SCREENPLAY_PENDING,UNVERIFIED_DO_NOT_SHIP
sevenfold_trial_005,sevenfold:trial,mid,Nix,"Path amended. Orion, choose your own orbit.",natural,DRAFT_SCREENPLAY_FOR_OWNER_REVIEW,audio/tts_preview/sevenfold_trial_005.wav,OWNER_SCREENPLAY_PENDING,UNVERIFIED_DO_NOT_SHIP
sevenfold_trial_006,sevenfold:trial,mid,Orion,"Vesper, I cannot determine your next step. Would you tell me?",natural,DRAFT_SCREENPLAY_FOR_OWNER_REVIEW,audio/tts_preview/sevenfold_trial_006.wav,OWNER_SCREENPLAY_PENDING,UNVERIFIED_DO_NOT_SHIP
sevenfold_trial_007,sevenfold:trial,mid,Vesper,Straight ahead. I know. Strange choice for me.,natural,DRAFT_SCREENPLAY_FOR_OWNER_REVIEW,audio/tts_preview/sevenfold_trial_007.wav,OWNER_SCREENPLAY_PENDING,UNVERIFIED_DO_NOT_SHIP
sevenfold_trial_008,sevenfold:trial,post,Kaia,"We passed leadership, not identity.",natural,DRAFT_SCREENPLAY_FOR_OWNER_REVIEW,audio/tts_preview/sevenfold_trial_008.wav,OWNER_SCREENPLAY_PENDING,UNVERIFIED_DO_NOT_SHIP
sevenfold_trial_009,sevenfold:trial,post,Yang,Coordination without central correction. Unexpected.,natural,DRAFT_SCREENPLAY_FOR_OWNER_REVIEW,audio/tts_preview/sevenfold_trial_009.wav,OWNER_SCREENPLAY_PENDING,UNVERIFIED_DO_NOT_SHIP
sevenfold_equilibrium_001,sevenfold:equilibrium,pre,Yin,You ask rest to remain beside motion. That may still hurt.,natural,DRAFT_SCREENPLAY_FOR_OWNER_REVIEW,audio/tts_preview/sevenfold_equilibrium_001.wav,OWNER_SCREENPLAY_PENDING,UNVERIFIED_DO_NOT_SHIP
sevenfold_equilibrium_002,sevenfold:equilibrium,pre,Rook,It will. Hurt does not give you ownership.,natural,DRAFT_SCREENPLAY_FOR_OWNER_REVIEW,audio/tts_preview/sevenfold_equilibrium_002.wav,OWNER_SCREENPLAY_PENDING,UNVERIFIED_DO_NOT_SHIP
sevenfold_equilibrium_003,sevenfold:equilibrium,pre,Yang,You ask structure to remain flexible. That may still fail.,natural,DRAFT_SCREENPLAY_FOR_OWNER_REVIEW,audio/tts_preview/sevenfold_equilibrium_003.wav,OWNER_SCREENPLAY_PENDING,UNVERIFIED_DO_NOT_SHIP
sevenfold_equilibrium_004,sevenfold:equilibrium,pre,Nix,It will. Failure does not justify imprisonment.,natural,DRAFT_SCREENPLAY_FOR_OWNER_REVIEW,audio/tts_preview/sevenfold_equilibrium_004.wav,OWNER_SCREENPLAY_PENDING,UNVERIFIED_DO_NOT_SHIP
sevenfold_equilibrium_005,sevenfold:equilibrium,mid,Kaia,One boundary. One opening. Then another. Keep choosing.,natural,DRAFT_SCREENPLAY_FOR_OWNER_REVIEW,audio/tts_preview/sevenfold_equilibrium_005.wav,OWNER_SCREENPLAY_PENDING,UNVERIFIED_DO_NOT_SHIP
sevenfold_equilibrium_006,sevenfold:equilibrium,mid,Juno,Not chasing a win condition. Keeping both passages open.,natural,DRAFT_SCREENPLAY_FOR_OWNER_REVIEW,audio/tts_preview/sevenfold_equilibrium_006.wav,OWNER_SCREENPLAY_PENDING,UNVERIFIED_DO_NOT_SHIP
sevenfold_equilibrium_007,sevenfold:equilibrium,mid,Ember,I can hold a flame without scorching the quiet.,natural,DRAFT_SCREENPLAY_FOR_OWNER_REVIEW,audio/tts_preview/sevenfold_equilibrium_007.wav,OWNER_SCREENPLAY_PENDING,UNVERIFIED_DO_NOT_SHIP
sevenfold_equilibrium_008,sevenfold:equilibrium,mid,Orion,"Equilibrium is negotiated, not solved once.",natural,DRAFT_SCREENPLAY_FOR_OWNER_REVIEW,audio/tts_preview/sevenfold_equilibrium_008.wav,OWNER_SCREENPLAY_PENDING,UNVERIFIED_DO_NOT_SHIP
sevenfold_equilibrium_009,sevenfold:equilibrium,post,Vesper,I did not think the universe could leave a question unanswered.,natural,DRAFT_SCREENPLAY_FOR_OWNER_REVIEW,audio/tts_preview/sevenfold_equilibrium_009.wav,OWNER_SCREENPLAY_PENDING,UNVERIFIED_DO_NOT_SHIP
sevenfold_equilibrium_010,sevenfold:equilibrium,post,Yin,Perhaps silence need not be absolute.,natural,DRAFT_SCREENPLAY_FOR_OWNER_REVIEW,audio/tts_preview/sevenfold_equilibrium_010.wav,OWNER_SCREENPLAY_PENDING,UNVERIFIED_DO_NOT_SHIP
sevenfold_equilibrium_011,sevenfold:equilibrium,post,Yang,Perhaps clarity need not be compulsory.,natural,DRAFT_SCREENPLAY_FOR_OWNER_REVIEW,audio/tts_preview/sevenfold_equilibrium_011.wav,OWNER_SCREENPLAY_PENDING,UNVERIFIED_DO_NOT_SHIP
sevenfold_conversation_001,sevenfold:conversation,pre,Yin,Will you deny rest to those who seek it?,natural,DRAFT_SCREENPLAY_FOR_OWNER_REVIEW,audio/tts_preview/sevenfold_conversation_001.wav,OWNER_SCREENPLAY_PENDING,UNVERIFIED_DO_NOT_SHIP
sevenfold_conversation_002,sevenfold:conversation,pre,Kaia,No. Only the right to choose it for everyone.,natural,DRAFT_SCREENPLAY_FOR_OWNER_REVIEW,audio/tts_preview/sevenfold_conversation_002.wav,OWNER_SCREENPLAY_PENDING,UNVERIFIED_DO_NOT_SHIP
sevenfold_conversation_003,sevenfold:conversation,pre,Yang,Will you deny structure to those who need it?,natural,DRAFT_SCREENPLAY_FOR_OWNER_REVIEW,audio/tts_preview/sevenfold_conversation_003.wav,OWNER_SCREENPLAY_PENDING,UNVERIFIED_DO_NOT_SHIP
sevenfold_conversation_004,sevenfold:conversation,pre,Nix,No. Only the right to close every exit.,natural,DRAFT_SCREENPLAY_FOR_OWNER_REVIEW,audio/tts_preview/sevenfold_conversation_004.wav,OWNER_SCREENPLAY_PENDING,UNVERIFIED_DO_NOT_SHIP
sevenfold_conversation_005,sevenfold:conversation,mid,Rook,Strength can hold a doorway.,natural,DRAFT_SCREENPLAY_FOR_OWNER_REVIEW,audio/tts_preview/sevenfold_conversation_005.wav,OWNER_SCREENPLAY_PENDING,UNVERIFIED_DO_NOT_SHIP
sevenfold_conversation_006,sevenfold:conversation,mid,Juno,Speed can bring someone home.,natural,DRAFT_SCREENPLAY_FOR_OWNER_REVIEW,audio/tts_preview/sevenfold_conversation_006.wav,OWNER_SCREENPLAY_PENDING,UNVERIFIED_DO_NOT_SHIP
sevenfold_conversation_007,sevenfold:conversation,mid,Ember,Fire can keep them warm.,natural,DRAFT_SCREENPLAY_FOR_OWNER_REVIEW,audio/tts_preview/sevenfold_conversation_007.wav,OWNER_SCREENPLAY_PENDING,UNVERIFIED_DO_NOT_SHIP
sevenfold_conversation_008,sevenfold:conversation,mid,Orion,Knowledge can ask a question.,natural,DRAFT_SCREENPLAY_FOR_OWNER_REVIEW,audio/tts_preview/sevenfold_conversation_008.wav,OWNER_SCREENPLAY_PENDING,UNVERIFIED_DO_NOT_SHIP
sevenfold_conversation_009,sevenfold:conversation,mid,Vesper,And a secret can be a boundary without becoming a lie.,natural,DRAFT_SCREENPLAY_FOR_OWNER_REVIEW,audio/tts_preview/sevenfold_conversation_009.wav,OWNER_SCREENPLAY_PENDING,UNVERIFIED_DO_NOT_SHIP
sevenfold_conversation_010,sevenfold:conversation,post,Kaia,We are not the same answer. That is why this works.,natural,DRAFT_SCREENPLAY_FOR_OWNER_REVIEW,audio/tts_preview/sevenfold_conversation_010.wav,OWNER_SCREENPLAY_PENDING,UNVERIFIED_DO_NOT_SHIP
sevenfold_unlock_001,sevenfold:unlock,pre,Yang,"If I enter their arena, my power must be limited.",natural,DRAFT_SCREENPLAY_FOR_OWNER_REVIEW,audio/tts_preview/sevenfold_unlock_001.wav,OWNER_SCREENPLAY_PENDING,UNVERIFIED_DO_NOT_SHIP
sevenfold_unlock_002,sevenfold:unlock,pre,Kaia,Everyone follows the same rules there.,natural,DRAFT_SCREENPLAY_FOR_OWNER_REVIEW,audio/tts_preview/sevenfold_unlock_002.wav,OWNER_SCREENPLAY_PENDING,UNVERIFIED_DO_NOT_SHIP
sevenfold_unlock_003,sevenfold:unlock,pre,Yin,"Then even I may be struck, and still rest afterward.",natural,DRAFT_SCREENPLAY_FOR_OWNER_REVIEW,audio/tts_preview/sevenfold_unlock_003.wav,OWNER_SCREENPLAY_PENDING,UNVERIFIED_DO_NOT_SHIP
sevenfold_unlock_004,sevenfold:unlock,mid,Juno,Finally. A fair fight with actual cosmic principles.,natural,DRAFT_SCREENPLAY_FOR_OWNER_REVIEW,audio/tts_preview/sevenfold_unlock_004.wav,OWNER_SCREENPLAY_PENDING,UNVERIFIED_DO_NOT_SHIP
sevenfold_unlock_005,sevenfold:unlock,mid,Rook,Fair. Not easy.,natural,DRAFT_SCREENPLAY_FOR_OWNER_REVIEW,audio/tts_preview/sevenfold_unlock_005.wav,OWNER_SCREENPLAY_PENDING,UNVERIFIED_DO_NOT_SHIP
sevenfold_unlock_006,sevenfold:unlock,mid,Vesper,I will believe it when I see Yang lose a rematch.,natural,DRAFT_SCREENPLAY_FOR_OWNER_REVIEW,audio/tts_preview/sevenfold_unlock_006.wav,OWNER_SCREENPLAY_PENDING,UNVERIFIED_DO_NOT_SHIP
sevenfold_unlock_007,sevenfold:unlock,post,Yin,I will learn the meaning of a chosen pause.,natural,DRAFT_SCREENPLAY_FOR_OWNER_REVIEW,audio/tts_preview/sevenfold_unlock_007.wav,OWNER_SCREENPLAY_PENDING,UNVERIFIED_DO_NOT_SHIP
sevenfold_unlock_008,sevenfold:unlock,post,Yang,I will learn a pattern that makes room for revision.,natural,DRAFT_SCREENPLAY_FOR_OWNER_REVIEW,audio/tts_preview/sevenfold_unlock_008.wav,OWNER_SCREENPLAY_PENDING,UNVERIFIED_DO_NOT_SHIP
sevenfold_unlock_009,sevenfold:unlock,post,Kaia,Then come play. The sky can stay unfinished.,natural,DRAFT_SCREENPLAY_FOR_OWNER_REVIEW,audio/tts_preview/sevenfold_unlock_009.wav,OWNER_SCREENPLAY_PENDING,UNVERIFIED_DO_NOT_SHIP
