Godot Engine v4.7.1.stable.official.a13da4feb - https://godotengine.org

ERROR: Condition "ret != noErr" is true. Returning: ""
   at: get_system_ca_certificates (platform/macos/os_macos.mm:1035)
[   0% ] [90m[1mfirst_scan_filesystem[22m | Started Project initialization (5 steps)[39m[0m
[   0% ] [90m[1mfirst_scan_filesystem[22m | Scanning file structure...[39m[0m
[  16% ] [90m[1mfirst_scan_filesystem[22m | Loading global class names...[39m[0m
[  33% ] [90m[1mfirst_scan_filesystem[22m | Verifying GDExtensions...[39m[0m
[  50% ] [90m[1mfirst_scan_filesystem[22m | Creating autoload scripts...[39m[0m
[  66% ] [90m[1mfirst_scan_filesystem[22m | Initializing plugins...[39m[0m
[  83% ] [90m[1mfirst_scan_filesystem[22m | Starting file scan...[39m[0m
[92m[ DONE ][39m [1mfirst_scan_filesystem[22m
[0m
[   0% ] [90m[1msavepack[22m | Started Packing (102 steps)[39m[0m
[   1% ] [90m[1msavepack[22m | Storing File: res://artifacts/engineering_wave011/AURA_CHARGE_INTERRUPTION_RESULT.json[39m[0m
[   1% ] [90m[1msavepack[22m | Storing File: res://artifacts/engineering_wave011/AURA_SCALED_MELEE_RESULT.json[39m[0m
[   1% ] [90m[1msavepack[22m | Storing File: res://artifacts/engineering_wave011/BATTLESCENE_E2E_RESULT.json[39m[0m
[   1% ] [90m[1msavepack[22m | Storing File: res://artifacts/engineering_wave011/CANONICAL_RUNTIME_RESULT.json[39m[0m
[   1% ] [90m[1msavepack[22m | Storing File: res://artifacts/engineering_wave011/DEFENSE_RECOVERY_RUNTIME_RESULT.json[39m[0m
[   1% ] [90m[1msavepack[22m | Storing File: res://artifacts/engineering_wave011/DIRECTIONAL_THROW_RUNTIME_RESULT.json[39m[0m
[   1% ] [90m[1msavepack[22m | Storing File: res://artifacts/engineering_wave011/FIGHTER_IDENTITY_RUNTIME_MATRIX.json[39m[0m
[   1% ] [90m[1msavepack[22m | Storing File: res://artifacts/engineering_wave011/FIGHTER_MOVEMENT_RUNTIME_MATRIX.json[39m[0m
[   1% ] [90m[1msavepack[22m | Storing File: res://artifacts/engineering_wave011/FIGHTER_SIGNATURE_RUNTIME_RESULT.json[39m[0m
[   1% ] [90m[1msavepack[22m | Storing File: res://artifacts/engineering_wave011/IMPACT_READABILITY_RUNTIME_RESULT.json[39m[0m
[   1% ] [90m[1msavepack[22m | Storing File: res://artifacts/engineering_wave011/PROJECTILE_RUNTIME_RESULT.json[39m[0m
[   1% ] [90m[1msavepack[22m | Storing File: res://artifacts/engineering_wave011/STOCK_KO_RESPAWN_RESULT.json[39m[0m
[   1% ] [90m[1msavepack[22m | Storing File: res://artifacts/engineering_wave011/TRAINING_RUNTIME_RESULT.json[39m[0m
[   1% ] [90m[1msavepack[22m | Storing File: res://artifacts/engineering_wave012/JUICE_SMOKE_RESULT.json[39m[0m
[   1% ] [90m[1msavepack[22m | Storing File: res://artifacts/engineering_wave013b/MOTION_SMOKE_RESULT.json[39m[0m
[   1% ] [90m[1msavepack[22m | Storing File: res://.godot/imported/black_puppet.wav-25ed487b158c4d66b9763dc449a1bfdf.sample[39m[0m
[   1% ] [90m[1msavepack[22m | Storing File: res://assets/audio/collectible_v1/ember-vale/black_puppet.wav.import[39m[0m
[   1% ] [90m[1msavepack[22m | Storing File: res://.godot/imported/block.wav-dbb31bb518a3feae61f7f8f51199631d.sample[39m[0m
[   1% ] [90m[1msavepack[22m | Storing File: res://assets/audio/collectible_v1/ember-vale/block.wav.import[39m[0m
[   1% ] [90m[1msavepack[22m | Storing File: res://.godot/imported/heavy.wav-f95ccffdf18d4d4ac69b8eed5b8426d1.sample[39m[0m
[   1% ] [90m[1msavepack[22m | Storing File: res://assets/audio/collectible_v1/ember-vale/heavy.wav.import[39m[0m
[   1% ] [90m[1msavepack[22m | Storing File: res://.godot/imported/ko.wav-068b4dbfee0d9a18646b66c3ea986324.sample[39m[0m
[   1% ] [90m[1msavepack[22m | Storing File: res://assets/audio/collectible_v1/ember-vale/ko.wav.import[39m[0m
[   1% ] [90m[1msavepack[22m | Storing File: res://.godot/imported/launch.wav-126eee7ef8d1b31a8019668ed9ef53fc.sample[39m[0m
[   1% ] [90m[1msavepack[22m | Storing File: res://assets/audio/collectible_v1/ember-vale/launch.wav.import[39m[0m
[   1% ] [90m[1msavepack[22m | Storing File: res://.godot/imported/light.wav-577a2806a3a937ee7d9874ef152b2fbd.sample[39m[0m
[   1% ] [90m[1msavepack[22m | Storing File: res://assets/audio/collectible_v1/ember-vale/light.wav.import[39m[0m
[   1% ] [90m[1msavepack[22m | Storing File: res://.godot/imported/prismatic.wav-aec0f0f410ef611c179ca05c0cc19c17.sample[39m[0m
[   1% ] [90m[1msavepack[22m | Storing File: res://assets/audio/collectible_v1/ember-vale/prismatic.wav.import[39m[0m
[   1% ] [90m[1msavepack[22m | Storing File: res://.godot/imported/select.wav-526208951333f5919132c3dd2e488273.sample[39m[0m
[   1% ] [90m[1msavepack[22m | Storing File: res://assets/audio/collectible_v1/ember-vale/select.wav.import[39m[0m
[   1% ] [90m[1msavepack[22m | Storing File: res://.godot/imported/signature.wav-9560e86671a01f726f5b87e769f17b95.sample[39m[0m
[   1% ] [90m[1msavepack[22m | Storing File: res://assets/audio/collectible_v1/ember-vale/signature.wav.import[39m[0m
[   1% ] [90m[1msavepack[22m | Storing File: res://.godot/imported/special.wav-04ff99eb303e06906868fd81e8be7c5a.sample[39m[0m
[   1% ] [90m[1msavepack[22m | Storing File: res://assets/audio/collectible_v1/ember-vale/special.wav.import[39m[0m
[   2% ] [90m[1msavepack[22m | Storing File: res://.godot/imported/super_impact.wav-cfa0f964f0adf4bac3bd5be57315963e.sample[39m[0m
[   2% ] [90m[1msavepack[22m | Storing File: res://assets/audio/collectible_v1/ember-vale/super_impact.wav.import[39m[0m
[   2% ] [90m[1msavepack[22m | Storing File: res://.godot/imported/super_startup.wav-c8e608f2f3f26f754b0f4ad20ed5045f.sample[39m[0m
[   2% ] [90m[1msavepack[22m | Storing File: res://assets/audio/collectible_v1/ember-vale/super_startup.wav.import[39m[0m
[   2% ] [90m[1msavepack[22m | Storing File: res://.godot/imported/transform.wav-b81d88baa1aeeaf4bf497c17294d9894.sample[39m[0m
[   2% ] [90m[1msavepack[22m | Storing File: res://assets/audio/collectible_v1/ember-vale/transform.wav.import[39m[0m
[   2% ] [90m[1msavepack[22m | Storing File: res://.godot/imported/whiff.wav-c265dc492621734adadd416d6acd5de0.sample[39m[0m
[   2% ] [90m[1msavepack[22m | Storing File: res://assets/audio/collectible_v1/ember-vale/whiff.wav.import[39m[0m
[   2% ] [90m[1msavepack[22m | Storing File: res://.godot/imported/white_puppet.wav-5d40a66019e90ac81eddfd238ff94bde.sample[39m[0m
[   2% ] [90m[1msavepack[22m | Storing File: res://assets/audio/collectible_v1/ember-vale/white_puppet.wav.import[39m[0m
[   2% ] [90m[1msavepack[22m | Storing File: res://.godot/imported/black_puppet.wav-a89a1d381dcacda931dcd3910915acdd.sample[39m[0m
[   2% ] [90m[1msavepack[22m | Storing File: res://assets/audio/collectible_v1/juno-spark/black_puppet.wav.import[39m[0m
[   2% ] [90m[1msavepack[22m | Storing File: res://.godot/imported/block.wav-2aad66d22748d5e6a76febf838cb0e4f.sample[39m[0m
[   2% ] [90m[1msavepack[22m | Storing File: res://assets/audio/collectible_v1/juno-spark/block.wav.import[39m[0m
[   2% ] [90m[1msavepack[22m | Storing File: res://.godot/imported/heavy.wav-9529c4f938624fe68ba2646aa833dbae.sample[39m[0m
[   2% ] [90m[1msavepack[22m | Storing File: res://assets/audio/collectible_v1/juno-spark/heavy.wav.import[39m[0m
[   2% ] [90m[1msavepack[22m | Storing File: res://.godot/imported/ko.wav-074fde439556dc2082b85cfb531f0294.sample[39m[0m
[   2% ] [90m[1msavepack[22m | Storing File: res://assets/audio/collectible_v1/juno-spark/ko.wav.import[39m[0m
[   2% ] [90m[1msavepack[22m | Storing File: res://.godot/imported/launch.wav-5853b45cbed846c5d855518789a3ec5a.sample[39m[0m
[   2% ] [90m[1msavepack[22m | Storing File: res://assets/audio/collectible_v1/juno-spark/launch.wav.import[39m[0m
[   2% ] [90m[1msavepack[22m | Storing File: res://.godot/imported/light.wav-929288cd5d38d94b0b5f01e8e53be162.sample[39m[0m
[   2% ] [90m[1msavepack[22m | Storing File: res://assets/audio/collectible_v1/juno-spark/light.wav.import[39m[0m
[   2% ] [90m[1msavepack[22m | Storing File: res://.godot/imported/prismatic.wav-acaca4be7a4e987e155623b0dc41b9e1.sample[39m[0m
[   2% ] [90m[1msavepack[22m | Storing File: res://assets/audio/collectible_v1/juno-spark/prismatic.wav.import[39m[0m
[   2% ] [90m[1msavepack[22m | Storing File: res://.godot/imported/select.wav-98e26d69e07eb2c1efea9b68ea092ee7.sample[39m[0m
[   2% ] [90m[1msavepack[22m | Storing File: res://assets/audio/collectible_v1/juno-spark/select.wav.import[39m[0m
[   2% ] [90m[1msavepack[22m | Storing File: res://.godot/imported/signature.wav-2d2f8bc59f6c476f5964441f8d60b096.sample[39m[0m
[   2% ] [90m[1msavepack[22m | Storing File: res://assets/audio/collectible_v1/juno-spark/signature.wav.import[39m[0m
[   2% ] [90m[1msavepack[22m | Storing File: res://.godot/imported/special.wav-9bb9b6f84eb83c327362af252cad1c71.sample[39m[0m
[   2% ] [90m[1msavepack[22m | Storing File: res://assets/audio/collectible_v1/juno-spark/special.wav.import[39m[0m
[   2% ] [90m[1msavepack[22m | Storing File: res://.godot/imported/super_impact.wav-905eb426dc3a789ea353211a7ab87ca1.sample[39m[0m
[   2% ] [90m[1msavepack[22m | Storing File: res://assets/audio/collectible_v1/juno-spark/super_impact.wav.import[39m[0m
[   2% ] [90m[1msavepack[22m | Storing File: res://.godot/imported/super_startup.wav-34139631e84f10096446f6fa68e81e7b.sample[39m[0m
[   2% ] [90m[1msavepack[22m | Storing File: res://assets/audio/collectible_v1/juno-spark/super_startup.wav.import[39m[0m
[   2% ] [90m[1msavepack[22m | Storing File: res://.godot/imported/transform.wav-e516090cec2ec19e6925c69587cf27d7.sample[39m[0m
[   2% ] [90m[1msavepack[22m | Storing File: res://assets/audio/collectible_v1/juno-spark/transform.wav.import[39m[0m
[   2% ] [90m[1msavepack[22m | Storing File: res://.godot/imported/whiff.wav-a0fcee354f68a63e361cfc92153a93ac.sample[39m[0m
[   2% ] [90m[1msavepack[22m | Storing File: res://assets/audio/collectible_v1/juno-spark/whiff.wav.import[39m[0m
[   2% ] [90m[1msavepack[22m | Storing File: res://.godot/imported/white_puppet.wav-c32d7513e2a7452fe61887c9b6e8b4b6.sample[39m[0m
[   2% ] [90m[1msavepack[22m | Storing File: res://assets/audio/collectible_v1/juno-spark/white_puppet.wav.import[39m[0m
[   2% ] [90m[1msavepack[22m | Storing File: res://.godot/imported/black_puppet.wav-aed6dceca46159f5c1107a54abd166ac.sample[39m[0m
[   2% ] [90m[1msavepack[22m | Storing File: res://assets/audio/collectible_v1/kaia-windrow/black_puppet.wav.import[39m[0m
[   2% ] [90m[1msavepack[22m | Storing File: res://.godot/imported/block.wav-6d7626df36b9ec0982592091e3e930d5.sample[39m[0m
[   2% ] [90m[1msavepack[22m | Storing File: res://assets/audio/collectible_v1/kaia-windrow/block.wav.import[39m[0m
[   2% ] [90m[1msavepack[22m | Storing File: res://.godot/imported/heavy.wav-f60f8fd5542fef614a9c10ca6129f586.sample[39m[0m
[   2% ] [90m[1msavepack[22m | Storing File: res://assets/audio/collectible_v1/kaia-windrow/heavy.wav.import[39m[0m
[   2% ] [90m[1msavepack[22m | Storing File: res://.godot/imported/ko.wav-27ee4d426a6b8ace287ed0a235091386.sample[39m[0m
[   2% ] [90m[1msavepack[22m | Storing File: res://assets/audio/collectible_v1/kaia-windrow/ko.wav.import[39m[0m
[   3% ] [90m[1msavepack[22m | Storing File: res://.godot/imported/launch.wav-c360a37d21ea5734444412077835cbf5.sample[39m[0m
[   3% ] [90m[1msavepack[22m | Storing File: res://assets/audio/collectible_v1/kaia-windrow/launch.wav.import[39m[0m
[   3% ] [90m[1msavepack[22m | Storing File: res://.godot/imported/light.wav-ce383826ac7d6199f576c9e78a79f8ed.sample[39m[0m
[   3% ] [90m[1msavepack[22m | Storing File: res://assets/audio/collectible_v1/kaia-windrow/light.wav.import[39m[0m
[   3% ] [90m[1msavepack[22m | Storing File: res://.godot/imported/prismatic.wav-bf0246e7a88444878957ae71c210dd50.sample[39m[0m
[   3% ] [90m[1msavepack[22m | Storing File: res://assets/audio/collectible_v1/kaia-windrow/prismatic.wav.import[39m[0m
[   3% ] [90m[1msavepack[22m | Storing File: res://.godot/imported/select.wav-7d196bac4c7d99ffa82ff40e6d3bc98c.sample[39m[0m
[   3% ] [90m[1msavepack[22m | Storing File: res://assets/audio/collectible_v1/kaia-windrow/select.wav.import[39m[0m
[   3% ] [90m[1msavepack[22m | Storing File: res://.godot/imported/signature.wav-5f4bebebf39eb8ffc9ee7b285791556d.sample[39m[0m
[   3% ] [90m[1msavepack[22m | Storing File: res://assets/audio/collectible_v1/kaia-windrow/signature.wav.import[39m[0m
[   3% ] [90m[1msavepack[22m | Storing File: res://.godot/imported/special.wav-7961bea9366592f5edde94332ba2d8d0.sample[39m[0m
[   3% ] [90m[1msavepack[22m | Storing File: res://assets/audio/collectible_v1/kaia-windrow/special.wav.import[39m[0m
[   3% ] [90m[1msavepack[22m | Storing File: res://.godot/imported/super_impact.wav-1b5267cbf8b8a61bd8e16799e786abe6.sample[39m[0m
[   3% ] [90m[1msavepack[22m | Storing File: res://assets/audio/collectible_v1/kaia-windrow/super_impact.wav.import[39m[0m
[   3% ] [90m[1msavepack[22m | Storing File: res://.godot/imported/super_startup.wav-c1c14236cfe40b9fa8905ee480da77af.sample[39m[0m
[   3% ] [90m[1msavepack[22m | Storing File: res://assets/audio/collectible_v1/kaia-windrow/super_startup.wav.import[39m[0m
[   3% ] [90m[1msavepack[22m | Storing File: res://.godot/imported/transform.wav-6506b55ae49549d89b378bfd5f1e544d.sample[39m[0m
[   3% ] [90m[1msavepack[22m | Storing File: res://assets/audio/collectible_v1/kaia-windrow/transform.wav.import[39m[0m
[   3% ] [90m[1msavepack[22m | Storing File: res://.godot/imported/whiff.wav-bf229c41abf4ce7e9ead31f76809c4d5.sample[39m[0m
[   3% ] [90m[1msavepack[22m | Storing File: res://assets/audio/collectible_v1/kaia-windrow/whiff.wav.import[39m[0m
[   3% ] [90m[1msavepack[22m | Storing File: res://.godot/imported/white_puppet.wav-4f5130e492c96368086b99ae44e4e31e.sample[39m[0m
[   3% ] [90m[1msavepack[22m | Storing File: res://assets/audio/collectible_v1/kaia-windrow/white_puppet.wav.import[39m[0m
[   3% ] [90m[1msavepack[22m | Storing File: res://.godot/imported/black_puppet.wav-755a2df44ba53fcf45a626a82a950f13.sample[39m[0m
[   3% ] [90m[1msavepack[22m | Storing File: res://assets/audio/collectible_v1/nix-calder/black_puppet.wav.import[39m[0m
[   3% ] [90m[1msavepack[22m | Storing File: res://.godot/imported/block.wav-715da8f04784f6143d3e9a8406fef5f4.sample[39m[0m
[   3% ] [90m[1msavepack[22m | Storing File: res://assets/audio/collectible_v1/nix-calder/block.wav.import[39m[0m
[   3% ] [90m[1msavepack[22m | Storing File: res://.godot/imported/heavy.wav-7abfd5d9eeabd9b7b6982a1c626a84d3.sample[39m[0m
[   3% ] [90m[1msavepack[22m | Storing File: res://assets/audio/collectible_v1/nix-calder/heavy.wav.import[39m[0m
[   3% ] [90m[1msavepack[22m | Storing File: res://.godot/imported/ko.wav-b64b3bb6b2d736c7aa661ca618c82716.sample[39m[0m
[   3% ] [90m[1msavepack[22m | Storing File: res://assets/audio/collectible_v1/nix-calder/ko.wav.import[39m[0m
[   3% ] [90m[1msavepack[22m | Storing File: res://.godot/imported/launch.wav-2dd569cd444f4c0c19605a899f4896e2.sample[39m[0m
[   3% ] [90m[1msavepack[22m | Storing File: res://assets/audio/collectible_v1/nix-calder/launch.wav.import[39m[0m
[   3% ] [90m[1msavepack[22m | Storing File: res://.godot/imported/light.wav-82ef11289ab6f8cd1185bbd3f4733508.sample[39m[0m
[   3% ] [90m[1msavepack[22m | Storing File: res://assets/audio/collectible_v1/nix-calder/light.wav.import[39m[0m
[   3% ] [90m[1msavepack[22m | Storing File: res://.godot/imported/prismatic.wav-15e079887e62ce211fe50427e473754a.sample[39m[0m
[   3% ] [90m[1msavepack[22m | Storing File: res://assets/audio/collectible_v1/nix-calder/prismatic.wav.import[39m[0m
[   3% ] [90m[1msavepack[22m | Storing File: res://.godot/imported/select.wav-5d27908a8ba9cfaa42562f09ed8849b0.sample[39m[0m
[   3% ] [90m[1msavepack[22m | Storing File: res://assets/audio/collectible_v1/nix-calder/select.wav.import[39m[0m
[   3% ] [90m[1msavepack[22m | Storing File: res://.godot/imported/signature.wav-329f72b1262b82965e759a4a4f09674f.sample[39m[0m
[   3% ] [90m[1msavepack[22m | Storing File: res://assets/audio/collectible_v1/nix-calder/signature.wav.import[39m[0m
[   3% ] [90m[1msavepack[22m | Storing File: res://.godot/imported/special.wav-38ff8cf9b8dfbdd4183bb85bf61d09b6.sample[39m[0m
[   3% ] [90m[1msavepack[22m | Storing File: res://assets/audio/collectible_v1/nix-calder/special.wav.import[39m[0m
[   3% ] [90m[1msavepack[22m | Storing File: res://.godot/imported/super_impact.wav-5953997362ba08ef34289224aa69574a.sample[39m[0m
[   3% ] [90m[1msavepack[22m | Storing File: res://assets/audio/collectible_v1/nix-calder/super_impact.wav.import[39m[0m
[   3% ] [90m[1msavepack[22m | Storing File: res://.godot/imported/super_startup.wav-f7b7befea1775c80fbeb468fe9ab097e.sample[39m[0m
[   3% ] [90m[1msavepack[22m | Storing File: res://assets/audio/collectible_v1/nix-calder/super_startup.wav.import[39m[0m
[   3% ] [90m[1msavepack[22m | Storing File: res://.godot/imported/transform.wav-6c5dd1003002099da96708a10afd2905.sample[39m[0m
[   3% ] [90m[1msavepack[22m | Storing File: res://assets/audio/collectible_v1/nix-calder/transform.wav.import[39m[0m
[   4% ] [90m[1msavepack[22m | Storing File: res://.godot/imported/whiff.wav-715f57c7d5345fadcd73208961ee88b7.sample[39m[0m
[   4% ] [90m[1msavepack[22m | Storing File: res://assets/audio/collectible_v1/nix-calder/whiff.wav.import[39m[0m
[   4% ] [90m[1msavepack[22m | Storing File: res://.godot/imported/white_puppet.wav-0f43a71edd736f735e1b1b9f3b154bcf.sample[39m[0m
[   4% ] [90m[1msavepack[22m | Storing File: res://assets/audio/collectible_v1/nix-calder/white_puppet.wav.import[39m[0m
[   4% ] [90m[1msavepack[22m | Storing File: res://.godot/imported/black_puppet.wav-4b5efa236ae7358037d24153bb8c951f.sample[39m[0m
[   4% ] [90m[1msavepack[22m | Storing File: res://assets/audio/collectible_v1/orion-vell/black_puppet.wav.import[39m[0m
[   4% ] [90m[1msavepack[22m | Storing File: res://.godot/imported/block.wav-8cc2bb8ddc8c6ed28be735c0279f14e6.sample[39m[0m
[   4% ] [90m[1msavepack[22m | Storing File: res://assets/audio/collectible_v1/orion-vell/block.wav.import[39m[0m
[   4% ] [90m[1msavepack[22m | Storing File: res://.godot/imported/heavy.wav-698572a7a3437d7b4d301c0acc036d9f.sample[39m[0m
[   4% ] [90m[1msavepack[22m | Storing File: res://assets/audio/collectible_v1/orion-vell/heavy.wav.import[39m[0m
[   4% ] [90m[1msavepack[22m | Storing File: res://.godot/imported/ko.wav-2b336852a2729fa814c225b3983bc5a7.sample[39m[0m
[   4% ] [90m[1msavepack[22m | Storing File: res://assets/audio/collectible_v1/orion-vell/ko.wav.import[39m[0m
[   4% ] [90m[1msavepack[22m | Storing File: res://.godot/imported/launch.wav-9d7f57a49635b8274eceb856360505e4.sample[39m[0m
[   4% ] [90m[1msavepack[22m | Storing File: res://assets/audio/collectible_v1/orion-vell/launch.wav.import[39m[0m
[   4% ] [90m[1msavepack[22m | Storing File: res://.godot/imported/light.wav-449360607c00c0036b9471980fd2edcf.sample[39m[0m
[   4% ] [90m[1msavepack[22m | Storing File: res://assets/audio/collectible_v1/orion-vell/light.wav.import[39m[0m
[   4% ] [90m[1msavepack[22m | Storing File: res://.godot/imported/prismatic.wav-c82d89caa918fee57a7212e4e2c8e5a2.sample[39m[0m
[   4% ] [90m[1msavepack[22m | Storing File: res://assets/audio/collectible_v1/orion-vell/prismatic.wav.import[39m[0m
[   4% ] [90m[1msavepack[22m | Storing File: res://.godot/imported/select.wav-740855612a6701764da641b574294347.sample[39m[0m
[   4% ] [90m[1msavepack[22m | Storing File: res://assets/audio/collectible_v1/orion-vell/select.wav.import[39m[0m
[   4% ] [90m[1msavepack[22m | Storing File: res://.godot/imported/signature.wav-051bbcaea67a7a62eb0d94cbdcbff1e4.sample[39m[0m
[   4% ] [90m[1msavepack[22m | Storing File: res://assets/audio/collectible_v1/orion-vell/signature.wav.import[39m[0m
[   4% ] [90m[1msavepack[22m | Storing File: res://.godot/imported/special.wav-22efebf898be413130db50d0f62c7bb9.sample[39m[0m
[   4% ] [90m[1msavepack[22m | Storing File: res://assets/audio/collectible_v1/orion-vell/special.wav.import[39m[0m
[   4% ] [90m[1msavepack[22m | Storing File: res://.godot/imported/super_impact.wav-519e90bb6c2e8b9ba881494c94d089f8.sample[39m[0m
[   4% ] [90m[1msavepack[22m | Storing File: res://assets/audio/collectible_v1/orion-vell/super_impact.wav.import[39m[0m
[   4% ] [90m[1msavepack[22m | Storing File: res://.godot/imported/super_startup.wav-99514d59291b0ef71aab65a87bc3a9a5.sample[39m[0m
[   4% ] [90m[1msavepack[22m | Storing File: res://assets/audio/collectible_v1/orion-vell/super_startup.wav.import[39m[0m
[   4% ] [90m[1msavepack[22m | Storing File: res://.godot/imported/transform.wav-7125defd208e7103551cdd956d4f69d3.sample[39m[0m
[   4% ] [90m[1msavepack[22m | Storing File: res://assets/audio/collectible_v1/orion-vell/transform.wav.import[39m[0m
[   4% ] [90m[1msavepack[22m | Storing File: res://.godot/imported/whiff.wav-2557b238d713e22fb53782901f893f9e.sample[39m[0m
[   4% ] [90m[1msavepack[22m | Storing File: res://assets/audio/collectible_v1/orion-vell/whiff.wav.import[39m[0m
[   4% ] [90m[1msavepack[22m | Storing File: res://.godot/imported/white_puppet.wav-d54c68069d0a057404165251f3236867.sample[39m[0m
[   4% ] [90m[1msavepack[22m | Storing File: res://assets/audio/collectible_v1/orion-vell/white_puppet.wav.import[39m[0m
[   4% ] [90m[1msavepack[22m | Storing File: res://.godot/imported/black_puppet.wav-25da1c56a090eebee99ad38becb256cf.sample[39m[0m
[   4% ] [90m[1msavepack[22m | Storing File: res://assets/audio/collectible_v1/rook-ironside/black_puppet.wav.import[39m[0m
[   4% ] [90m[1msavepack[22m | Storing File: res://.godot/imported/block.wav-303649dc4ea320ce0a6a113c65c1584e.sample[39m[0m
[   4% ] [90m[1msavepack[22m | Storing File: res://assets/audio/collectible_v1/rook-ironside/block.wav.import[39m[0m
[   4% ] [90m[1msavepack[22m | Storing File: res://.godot/imported/heavy.wav-6a9815d10d25edeb7928aca5f37ab7ce.sample[39m[0m
[   4% ] [90m[1msavepack[22m | Storing File: res://assets/audio/collectible_v1/rook-ironside/heavy.wav.import[39m[0m
[   4% ] [90m[1msavepack[22m | Storing File: res://.godot/imported/ko.wav-7ef29218f39213e3b22182a4eb90ffd6.sample[39m[0m
[   4% ] [90m[1msavepack[22m | Storing File: res://assets/audio/collectible_v1/rook-ironside/ko.wav.import[39m[0m
[   4% ] [90m[1msavepack[22m | Storing File: res://.godot/imported/launch.wav-5e7a4c9778e778abb4e4a5d61b75e570.sample[39m[0m
[   4% ] [90m[1msavepack[22m | Storing File: res://assets/audio/collectible_v1/rook-ironside/launch.wav.import[39m[0m
[   4% ] [90m[1msavepack[22m | Storing File: res://.godot/imported/light.wav-1d832eb951d2c0fb01fab787a82bdfba.sample[39m[0m
[   4% ] [90m[1msavepack[22m | Storing File: res://assets/audio/collectible_v1/rook-ironside/light.wav.import[39m[0m
[   4% ] [90m[1msavepack[22m | Storing File: res://.godot/imported/prismatic.wav-acf7af3f5e22573294282290b8884355.sample[39m[0m
[   4% ] [90m[1msavepack[22m | Storing File: res://assets/audio/collectible_v1/rook-ironside/prismatic.wav.import[39m[0m
[   5% ] [90m[1msavepack[22m | Storing File: res://.godot/imported/select.wav-4a5fe0a5ef477aac0868e9afbf806f2a.sample[39m[0m
[   5% ] [90m[1msavepack[22m | Storing File: res://assets/audio/collectible_v1/rook-ironside/select.wav.import[39m[0m
[   5% ] [90m[1msavepack[22m | Storing File: res://.godot/imported/signature.wav-d0507c90d7661d9f84635fc9171666d3.sample[39m[0m
[   5% ] [90m[1msavepack[22m | Storing File: res://assets/audio/collectible_v1/rook-ironside/signature.wav.import[39m[0m
[   5% ] [90m[1msavepack[22m | Storing File: res://.godot/imported/special.wav-5e8da9ae6f6b4dcf8c4f5e539ca54a73.sample[39m[0m
[   5% ] [90m[1msavepack[22m | Storing File: res://assets/audio/collectible_v1/rook-ironside/special.wav.import[39m[0m
[   5% ] [90m[1msavepack[22m | Storing File: res://.godot/imported/super_impact.wav-6ea0068b6cddd316798edb90bd9c83c5.sample[39m[0m
[   5% ] [90m[1msavepack[22m | Storing File: res://assets/audio/collectible_v1/rook-ironside/super_impact.wav.import[39m[0m
[   5% ] [90m[1msavepack[22m | Storing File: res://.godot/imported/super_startup.wav-8e06ad550bf44f3762edc78e1ed0eeac.sample[39m[0m
[   5% ] [90m[1msavepack[22m | Storing File: res://assets/audio/collectible_v1/rook-ironside/super_startup.wav.import[39m[0m
[   5% ] [90m[1msavepack[22m | Storing File: res://.godot/imported/transform.wav-09cffa37b9b19fbebd219a23ddecc5ee.sample[39m[0m
[   5% ] [90m[1msavepack[22m | Storing File: res://assets/audio/collectible_v1/rook-ironside/transform.wav.import[39m[0m
[   5% ] [90m[1msavepack[22m | Storing File: res://.godot/imported/whiff.wav-bdcad5058c10f9fbb7b4179e5a63a676.sample[39m[0m
[   5% ] [90m[1msavepack[22m | Storing File: res://assets/audio/collectible_v1/rook-ironside/whiff.wav.import[39m[0m
[   5% ] [90m[1msavepack[22m | Storing File: res://.godot/imported/white_puppet.wav-67b10d0481060be4b518beb98f8b7e50.sample[39m[0m
[   5% ] [90m[1msavepack[22m | Storing File: res://assets/audio/collectible_v1/rook-ironside/white_puppet.wav.import[39m[0m
[   5% ] [90m[1msavepack[22m | Storing File: res://.godot/imported/black_puppet.wav-fbdf9f49b6cef6d46d4c5fa4589eb207.sample[39m[0m
[   5% ] [90m[1msavepack[22m | Storing File: res://assets/audio/collectible_v1/vesper-nyx/black_puppet.wav.import[39m[0m
[   5% ] [90m[1msavepack[22m | Storing File: res://.godot/imported/block.wav-546c21c10ac107de743dede3f80fe743.sample[39m[0m
[   5% ] [90m[1msavepack[22m | Storing File: res://assets/audio/collectible_v1/vesper-nyx/block.wav.import[39m[0m
[   5% ] [90m[1msavepack[22m | Storing File: res://.godot/imported/heavy.wav-7a4749ea5a44f798de10fc488b513045.sample[39m[0m
[   5% ] [90m[1msavepack[22m | Storing File: res://assets/audio/collectible_v1/vesper-nyx/heavy.wav.import[39m[0m
[   5% ] [90m[1msavepack[22m | Storing File: res://.godot/imported/ko.wav-89ec8f0c7d7eefe24e180d03f3b2053b.sample[39m[0m
[   5% ] [90m[1msavepack[22m | Storing File: res://assets/audio/collectible_v1/vesper-nyx/ko.wav.import[39m[0m
[   5% ] [90m[1msavepack[22m | Storing File: res://.godot/imported/launch.wav-19465966253e76b6aa1f2e4fcce4fbdb.sample[39m[0m
[   5% ] [90m[1msavepack[22m | Storing File: res://assets/audio/collectible_v1/vesper-nyx/launch.wav.import[39m[0m
[   5% ] [90m[1msavepack[22m | Storing File: res://.godot/imported/light.wav-296934f4698110c5d4cfd8c1bd7c1924.sample[39m[0m
[   5% ] [90m[1msavepack[22m | Storing File: res://assets/audio/collectible_v1/vesper-nyx/light.wav.import[39m[0m
[   5% ] [90m[1msavepack[22m | Storing File: res://.godot/imported/prismatic.wav-27fe969abc61ada81fa8a5b350728eb3.sample[39m[0m
[   5% ] [90m[1msavepack[22m | Storing File: res://assets/audio/collectible_v1/vesper-nyx/prismatic.wav.import[39m[0m
[   5% ] [90m[1msavepack[22m | Storing File: res://.godot/imported/select.wav-214e33ae6ee6deb57c3a5fb1a7f0abd2.sample[39m[0m
[   5% ] [90m[1msavepack[22m | Storing File: res://assets/audio/collectible_v1/vesper-nyx/select.wav.import[39m[0m
[   5% ] [90m[1msavepack[22m | Storing File: res://.godot/imported/signature.wav-d47c12119f94df222afe1a8dec9a6f18.sample[39m[0m
[   5% ] [90m[1msavepack[22m | Storing File: res://assets/audio/collectible_v1/vesper-nyx/signature.wav.import[39m[0m
[   5% ] [90m[1msavepack[22m | Storing File: res://.godot/imported/special.wav-5e7997d20dbdc575c72ea882dca3d470.sample[39m[0m
[   5% ] [90m[1msavepack[22m | Storing File: res://assets/audio/collectible_v1/vesper-nyx/special.wav.import[39m[0m
[   5% ] [90m[1msavepack[22m | Storing File: res://.godot/imported/super_impact.wav-e0face2047486e0976a3dfb6f2dab9cf.sample[39m[0m
[   5% ] [90m[1msavepack[22m | Storing File: res://assets/audio/collectible_v1/vesper-nyx/super_impact.wav.import[39m[0m
[   5% ] [90m[1msavepack[22m | Storing File: res://.godot/imported/super_startup.wav-78ac6a48b3315ffb70a5bab2eeb1a01b.sample[39m[0m
[   5% ] [90m[1msavepack[22m | Storing File: res://assets/audio/collectible_v1/vesper-nyx/super_startup.wav.import[39m[0m
[   5% ] [90m[1msavepack[22m | Storing File: res://.godot/imported/transform.wav-a0b6dc27521f30351ebe67adfe825338.sample[39m[0m
[   5% ] [90m[1msavepack[22m | Storing File: res://assets/audio/collectible_v1/vesper-nyx/transform.wav.import[39m[0m
[   5% ] [90m[1msavepack[22m | Storing File: res://.godot/imported/whiff.wav-454c129bbe2624db2bd4a48454d6f29f.sample[39m[0m
[   5% ] [90m[1msavepack[22m | Storing File: res://assets/audio/collectible_v1/vesper-nyx/whiff.wav.import[39m[0m
[   5% ] [90m[1msavepack[22m | Storing File: res://.godot/imported/white_puppet.wav-9d0b4ee65666c8c149d71be03e61b0ba.sample[39m[0m
[   5% ] [90m[1msavepack[22m | Storing File: res://assets/audio/collectible_v1/vesper-nyx/white_puppet.wav.import[39m[0m
[   5% ] [90m[1msavepack[22m | Storing File: res://.godot/imported/black_puppet.wav-9ed9bf95f0b54ffdfe7bc4ccf3103e1a.sample[39m[0m
[   5% ] [90m[1msavepack[22m | Storing File: res://assets/audio/collectible_v1/yang/black_puppet.wav.import[39m[0m
[   6% ] [90m[1msavepack[22m | Storing File: res://.godot/imported/block.wav-082441f6cdddf975314fbcb2546c4866.sample[39m[0m
[   6% ] [90m[1msavepack[22m | Storing File: res://assets/audio/collectible_v1/yang/block.wav.import[39m[0m
[   6% ] [90m[1msavepack[22m | Storing File: res://.godot/imported/heavy.wav-03aa6738f8605d4cef155376eddd18fc.sample[39m[0m
[   6% ] [90m[1msavepack[22m | Storing File: res://assets/audio/collectible_v1/yang/heavy.wav.import[39m[0m
[   6% ] [90m[1msavepack[22m | Storing File: res://.godot/imported/ko.wav-92e96216160341189d6c35fcbe2497f7.sample[39m[0m
[   6% ] [90m[1msavepack[22m | Storing File: res://assets/audio/collectible_v1/yang/ko.wav.import[39m[0m
[   6% ] [90m[1msavepack[22m | Storing File: res://.godot/imported/launch.wav-ac9e01f2b9bca6c5929298019c426dec.sample[39m[0m
[   6% ] [90m[1msavepack[22m | Storing File: res://assets/audio/collectible_v1/yang/launch.wav.import[39m[0m
[   6% ] [90m[1msavepack[22m | Storing File: res://.godot/imported/light.wav-6d02fbd03362482e499fa5563dcb98f3.sample[39m[0m
[   6% ] [90m[1msavepack[22m | Storing File: res://assets/audio/collectible_v1/yang/light.wav.import[39m[0m
[   6% ] [90m[1msavepack[22m | Storing File: res://.godot/imported/prismatic.wav-8ef214e544059f3f0ea446ff7a3bee11.sample[39m[0m
[   6% ] [90m[1msavepack[22m | Storing File: res://assets/audio/collectible_v1/yang/prismatic.wav.import[39m[0m
[   6% ] [90m[1msavepack[22m | Storing File: res://.godot/imported/select.wav-553fb3c115e0b9253a863dc35e8f4d9e.sample[39m[0m
[   6% ] [90m[1msavepack[22m | Storing File: res://assets/audio/collectible_v1/yang/select.wav.import[39m[0m
[   6% ] [90m[1msavepack[22m | Storing File: res://.godot/imported/signature.wav-faf7fba4b9101083c108e7ec1f943591.sample[39m[0m
[   6% ] [90m[1msavepack[22m | Storing File: res://assets/audio/collectible_v1/yang/signature.wav.import[39m[0m
[   6% ] [90m[1msavepack[22m | Storing File: res://.godot/imported/special.wav-a68995e398c000b75a86cdcf093405fd.sample[39m[0m
[   6% ] [90m[1msavepack[22m | Storing File: res://assets/audio/collectible_v1/yang/special.wav.import[39m[0m
[   6% ] [90m[1msavepack[22m | Storing File: res://.godot/imported/super_impact.wav-6d9c1e7284c03a49aa036562160869b1.sample[39m[0m
[   6% ] [90m[1msavepack[22m | Storing File: res://assets/audio/collectible_v1/yang/super_impact.wav.import[39m[0m
[   6% ] [90m[1msavepack[22m | Storing File: res://.godot/imported/super_startup.wav-65b46d0b83461ec250ad18ecc397f51e.sample[39m[0m
[   6% ] [90m[1msavepack[22m | Storing File: res://assets/audio/collectible_v1/yang/super_startup.wav.import[39m[0m
[   6% ] [90m[1msavepack[22m | Storing File: res://.godot/imported/transform.wav-095b832aa1c2cd3d15eaf890569e037f.sample[39m[0m
[   6% ] [90m[1msavepack[22m | Storing File: res://assets/audio/collectible_v1/yang/transform.wav.import[39m[0m
[   6% ] [90m[1msavepack[22m | Storing File: res://.godot/imported/whiff.wav-97b8f5079a243a952198ce8b0e408d63.sample[39m[0m
[   6% ] [90m[1msavepack[22m | Storing File: res://assets/audio/collectible_v1/yang/whiff.wav.import[39m[0m
[   6% ] [90m[1msavepack[22m | Storing File: res://.godot/imported/white_puppet.wav-b6300a965c9cff71ffe7f264aa9f39f8.sample[39m[0m
[   6% ] [90m[1msavepack[22m | Storing File: res://assets/audio/collectible_v1/yang/white_puppet.wav.import[39m[0m
[   6% ] [90m[1msavepack[22m | Storing File: res://.godot/imported/black_puppet.wav-53090f14d40779c709f1db8292ec7511.sample[39m[0m
[   6% ] [90m[1msavepack[22m | Storing File: res://assets/audio/collectible_v1/yin/black_puppet.wav.import[39m[0m
[   6% ] [90m[1msavepack[22m | Storing File: res://.godot/imported/block.wav-6e96c13b362b6440f23eddd18cc0c746.sample[39m[0m
[   6% ] [90m[1msavepack[22m | Storing File: res://assets/audio/collectible_v1/yin/block.wav.import[39m[0m
[   6% ] [90m[1msavepack[22m | Storing File: res://.godot/imported/heavy.wav-c16741c4593ff859a5629df99ea9ca1e.sample[39m[0m
[   6% ] [90m[1msavepack[22m | Storing File: res://assets/audio/collectible_v1/yin/heavy.wav.import[39m[0m
[   6% ] [90m[1msavepack[22m | Storing File: res://.godot/imported/ko.wav-140dce494bfccc3e31bb7387b3e67fcc.sample[39m[0m
[   6% ] [90m[1msavepack[22m | Storing File: res://assets/audio/collectible_v1/yin/ko.wav.import[39m[0m
[   6% ] [90m[1msavepack[22m | Storing File: res://.godot/imported/launch.wav-8d540a067a2330acc186007aa6249e49.sample[39m[0m
[   6% ] [90m[1msavepack[22m | Storing File: res://assets/audio/collectible_v1/yin/launch.wav.import[39m[0m
[   6% ] [90m[1msavepack[22m | Storing File: res://.godot/imported/light.wav-84a9eb4435d4238b993d2fedf7b82bb5.sample[39m[0m
[   6% ] [90m[1msavepack[22m | Storing File: res://assets/audio/collectible_v1/yin/light.wav.import[39m[0m
[   6% ] [90m[1msavepack[22m | Storing File: res://.godot/imported/prismatic.wav-b5f16a900770220ba36c90f22b17248d.sample[39m[0m
[   6% ] [90m[1msavepack[22m | Storing File: res://assets/audio/collectible_v1/yin/prismatic.wav.import[39m[0m
[   6% ] [90m[1msavepack[22m | Storing File: res://.godot/imported/select.wav-9713865c7cc5ba8972e4a683f0d2f5b7.sample[39m[0m
[   6% ] [90m[1msavepack[22m | Storing File: res://assets/audio/collectible_v1/yin/select.wav.import[39m[0m
[   6% ] [90m[1msavepack[22m | Storing File: res://.godot/imported/signature.wav-f961d87f134939e3db66e111c27fc630.sample[39m[0m
[   6% ] [90m[1msavepack[22m | Storing File: res://assets/audio/collectible_v1/yin/signature.wav.import[39m[0m
[   6% ] [90m[1msavepack[22m | Storing File: res://.godot/imported/special.wav-786b5106d97a143f2f2e49406756bbbd.sample[39m[0m
[   6% ] [90m[1msavepack[22m | Storing File: res://assets/audio/collectible_v1/yin/special.wav.import[39m[0m
[   6% ] [90m[1msavepack[22m | Storing File: res://.godot/imported/super_impact.wav-a3e113c1ae6965d71a6aae8fe9253440.sample[39m[0m
[   6% ] [90m[1msavepack[22m | Storing File: res://assets/audio/collectible_v1/yin/super_impact.wav.import[39m[0m
[   7% ] [90m[1msavepack[22m | Storing File: res://.godot/imported/super_startup.wav-06a365d3abc4f4e3ca4b95d7c6dda057.sample[39m[0m
[   7% ] [90m[1msavepack[22m | Storing File: res://assets/audio/collectible_v1/yin/super_startup.wav.import[39m[0m
[   7% ] [90m[1msavepack[22m | Storing File: res://.godot/imported/transform.wav-66e1ddb2d41f64e917e4dff404ab1b5d.sample[39m[0m
[   7% ] [90m[1msavepack[22m | Storing File: res://assets/audio/collectible_v1/yin/transform.wav.import[39m[0m
[   7% ] [90m[1msavepack[22m | Storing File: res://.godot/imported/whiff.wav-4a17c18f77b1f62f352406cda29f8073.sample[39m[0m
[   7% ] [90m[1msavepack[22m | Storing File: res://assets/audio/collectible_v1/yin/whiff.wav.import[39m[0m
[   7% ] [90m[1msavepack[22m | Storing File: res://.godot/imported/white_puppet.wav-e0d15f51576643ac198b2ebff9a4cd83.sample[39m[0m
[   7% ] [90m[1msavepack[22m | Storing File: res://assets/audio/collectible_v1/yin/white_puppet.wav.import[39m[0m
[   7% ] [90m[1msavepack[22m | Storing File: res://.godot/imported/name_motif_ember-vale.wav-558b42deccf94abb666d66cabb278d65.sample[39m[0m
[   7% ] [90m[1msavepack[22m | Storing File: res://assets/audio/procedural/announcer/name_motif_ember-vale.wav.import[39m[0m
[   7% ] [90m[1msavepack[22m | Storing File: res://.godot/imported/name_motif_juno-spark.wav-084cfb8a38e7d11f9b5b410f39ede509.sample[39m[0m
[   7% ] [90m[1msavepack[22m | Storing File: res://assets/audio/procedural/announcer/name_motif_juno-spark.wav.import[39m[0m
[   7% ] [90m[1msavepack[22m | Storing File: res://.godot/imported/name_motif_kaia-windrow.wav-9bb9b49bc66d37e180e3bd6e2761b20a.sample[39m[0m
[   7% ] [90m[1msavepack[22m | Storing File: res://assets/audio/procedural/announcer/name_motif_kaia-windrow.wav.import[39m[0m
[   7% ] [90m[1msavepack[22m | Storing File: res://.godot/imported/name_motif_nix-calder.wav-d1f2ac6a7fc9a9699ff2f9cdc9a6dfde.sample[39m[0m
[   7% ] [90m[1msavepack[22m | Storing File: res://assets/audio/procedural/announcer/name_motif_nix-calder.wav.import[39m[0m
[   7% ] [90m[1msavepack[22m | Storing File: res://.godot/imported/name_motif_orion-vell.wav-7dc189eb7705789d211294a478bdb8a3.sample[39m[0m
[   7% ] [90m[1msavepack[22m | Storing File: res://assets/audio/procedural/announcer/name_motif_orion-vell.wav.import[39m[0m
[   7% ] [90m[1msavepack[22m | Storing File: res://.godot/imported/name_motif_rook-ironside.wav-79da6edd4aeca13a1168cb2e2bc56b15.sample[39m[0m
[   7% ] [90m[1msavepack[22m | Storing File: res://assets/audio/procedural/announcer/name_motif_rook-ironside.wav.import[39m[0m
[   7% ] [90m[1msavepack[22m | Storing File: res://.godot/imported/name_motif_vesper-nyx.wav-f68dcbb0dc1ff3aadb04e13ca1fa54fd.sample[39m[0m
[   7% ] [90m[1msavepack[22m | Storing File: res://assets/audio/procedural/announcer/name_motif_vesper-nyx.wav.import[39m[0m
[   7% ] [90m[1msavepack[22m | Storing File: res://.godot/imported/launch_critical_ember-vale.wav-12a392d6e5dc234bd249841ca9105c76.sample[39m[0m
[   7% ] [90m[1msavepack[22m | Storing File: res://assets/audio/procedural/combat/launch_critical_ember-vale.wav.import[39m[0m
[   7% ] [90m[1msavepack[22m | Storing File: res://.godot/imported/launch_critical_juno-spark.wav-b1b9ab9a67864a9cb33556545874129e.sample[39m[0m
[   7% ] [90m[1msavepack[22m | Storing File: res://assets/audio/procedural/combat/launch_critical_juno-spark.wav.import[39m[0m
[   7% ] [90m[1msavepack[22m | Storing File: res://.godot/imported/launch_critical_kaia-windrow.wav-1d466625770e24c7cc7f276feec40727.sample[39m[0m
[   7% ] [90m[1msavepack[22m | Storing File: res://assets/audio/procedural/combat/launch_critical_kaia-windrow.wav.import[39m[0m
[   7% ] [90m[1msavepack[22m | Storing File: res://.godot/imported/launch_critical_nix-calder.wav-2dce9491b96cb6c49a72ea61db114ba0.sample[39m[0m
[   7% ] [90m[1msavepack[22m | Storing File: res://assets/audio/procedural/combat/launch_critical_nix-calder.wav.import[39m[0m
[   7% ] [90m[1msavepack[22m | Storing File: res://.godot/imported/launch_critical_orion-vell.wav-d9bda3c71e8cb75496c4ce6e97e1cac0.sample[39m[0m
[   7% ] [90m[1msavepack[22m | Storing File: res://assets/audio/procedural/combat/launch_critical_orion-vell.wav.import[39m[0m
[   7% ] [90m[1msavepack[22m | Storing File: res://.godot/imported/launch_critical_rook-ironside.wav-752f87c78164542271dee65d116a209c.sample[39m[0m
[   7% ] [90m[1msavepack[22m | Storing File: res://assets/audio/procedural/combat/launch_critical_rook-ironside.wav.import[39m[0m
[   7% ] [90m[1msavepack[22m | Storing File: res://.godot/imported/launch_critical_vesper-nyx.wav-6ad8243d01c004d71ce6a9a0b1638fdb.sample[39m[0m
[   7% ] [90m[1msavepack[22m | Storing File: res://assets/audio/procedural/combat/launch_critical_vesper-nyx.wav.import[39m[0m
[   7% ] [90m[1msavepack[22m | Storing File: res://.godot/imported/aura_burst.wav-147f6321f92cee80560c4164557c0d8f.sample[39m[0m
[   7% ] [90m[1msavepack[22m | Storing File: res://assets/audio/procedural/combat_v3/ember-vale/aura_burst.wav.import[39m[0m
[   7% ] [90m[1msavepack[22m | Storing File: res://.godot/imported/aura_charge.wav-3dabfab996127ccfccc759da3c7a8f3d.sample[39m[0m
[   7% ] [90m[1msavepack[22m | Storing File: res://assets/audio/procedural/combat_v3/ember-vale/aura_charge.wav.import[39m[0m
[   7% ] [90m[1msavepack[22m | Storing File: res://.godot/imported/dash_attack.wav-e874b4b1091cf4ac79353b6d58e154f0.sample[39m[0m
[   7% ] [90m[1msavepack[22m | Storing File: res://assets/audio/procedural/combat_v3/ember-vale/dash_attack.wav.import[39m[0m
[   7% ] [90m[1msavepack[22m | Storing File: res://.godot/imported/down_air.wav-c97683ac26eef247214e0b8410b2b6bf.sample[39m[0m
[   7% ] [90m[1msavepack[22m | Storing File: res://assets/audio/procedural/combat_v3/ember-vale/down_air.wav.import[39m[0m
[   7% ] [90m[1msavepack[22m | Storing File: res://.godot/imported/down_special.wav-12d1aa0988a59bbdb63eca1ca6e2c1d5.sample[39m[0m
[   7% ] [90m[1msavepack[22m | Storing File: res://assets/audio/procedural/combat_v3/ember-vale/down_special.wav.import[39m[0m
[   7% ] [90m[1msavepack[22m | Storing File: res://.godot/imported/down_tilt.wav-c45a383660d6a53d598f72f26d8e8390.sample[39m[0m
[   7% ] [90m[1msavepack[22m | Storing File: res://assets/audio/procedural/combat_v3/ember-vale/down_tilt.wav.import[39m[0m
[   8% ] [90m[1msavepack[22m | Storing File: res://.godot/imported/forward_air.wav-d64e3b26de63090cc812c6d1e030d0b9.sample[39m[0m
[   8% ] [90m[1msavepack[22m | Storing File: res://assets/audio/procedural/combat_v3/ember-vale/forward_air.wav.import[39m[0m
[   8% ] [90m[1msavepack[22m | Storing File: res://.godot/imported/forward_tilt.wav-8074b6f5deec0350d8c2caada3aae5de.sample[39m[0m
[   8% ] [90m[1msavepack[22m | Storing File: res://assets/audio/procedural/combat_v3/ember-vale/forward_tilt.wav.import[39m[0m
[   8% ] [90m[1msavepack[22m | Storing File: res://.godot/imported/grab.wav-b7422507823f6d98fbe65e000b54233e.sample[39m[0m
[   8% ] [90m[1msavepack[22m | Storing File: res://assets/audio/procedural/combat_v3/ember-vale/grab.wav.import[39m[0m
[   8% ] [90m[1msavepack[22m | Storing File: res://.godot/imported/heavy_attack.wav-340d56a673d787a6805c3f499284a1ef.sample[39m[0m
[   8% ] [90m[1msavepack[22m | Storing File: res://assets/audio/procedural/combat_v3/ember-vale/heavy_attack.wav.import[39m[0m
[   8% ] [90m[1msavepack[22m | Storing File: res://.godot/imported/jab_1.wav-dd72231191ac166dc08830e335ca1906.sample[39m[0m
[   8% ] [90m[1msavepack[22m | Storing File: res://assets/audio/procedural/combat_v3/ember-vale/jab_1.wav.import[39m[0m
[   8% ] [90m[1msavepack[22m | Storing File: res://.godot/imported/jab_2.wav-4dec747ae2ee6e59495aa2c24c765fc1.sample[39m[0m
[   8% ] [90m[1msavepack[22m | Storing File: res://assets/audio/procedural/combat_v3/ember-vale/jab_2.wav.import[39m[0m
[   8% ] [90m[1msavepack[22m | Storing File: res://.godot/imported/jab_finisher.wav-f292322b49306b2048e296b568c277ec.sample[39m[0m
[   8% ] [90m[1msavepack[22m | Storing File: res://assets/audio/procedural/combat_v3/ember-vale/jab_finisher.wav.import[39m[0m
[   8% ] [90m[1msavepack[22m | Storing File: res://.godot/imported/neutral_air.wav-f0c21e76125e0954292f222f38e973c7.sample[39m[0m
[   8% ] [90m[1msavepack[22m | Storing File: res://assets/audio/procedural/combat_v3/ember-vale/neutral_air.wav.import[39m[0m
[   8% ] [90m[1msavepack[22m | Storing File: res://.godot/imported/neutral_special_projectile.wav-797f02611187bfe3a9e0aa3ada9e1b64.sample[39m[0m
[   8% ] [90m[1msavepack[22m | Storing File: res://assets/audio/procedural/combat_v3/ember-vale/neutral_special_projectile.wav.import[39m[0m
[   8% ] [90m[1msavepack[22m | Storing File: res://.godot/imported/side_special.wav-5ddb1af8099a410591567186155f550b.sample[39m[0m
[   8% ] [90m[1msavepack[22m | Storing File: res://assets/audio/procedural/combat_v3/ember-vale/side_special.wav.import[39m[0m
[   8% ] [90m[1msavepack[22m | Storing File: res://.godot/imported/throw_back.wav-e4591351c00374570b7cdcfa5c247056.sample[39m[0m
[   8% ] [90m[1msavepack[22m | Storing File: res://assets/audio/procedural/combat_v3/ember-vale/throw_back.wav.import[39m[0m
[   8% ] [90m[1msavepack[22m | Storing File: res://.godot/imported/throw_down.wav-81649d229669d1133b1a09c993d5e37e.sample[39m[0m
[   8% ] [90m[1msavepack[22m | Storing File: res://assets/audio/procedural/combat_v3/ember-vale/throw_down.wav.import[39m[0m
[   8% ] [90m[1msavepack[22m | Storing File: res://.godot/imported/throw_forward.wav-53353af2b34a116ae3dbea1470ebb69f.sample[39m[0m
[   8% ] [90m[1msavepack[22m | Storing File: res://assets/audio/procedural/combat_v3/ember-vale/throw_forward.wav.import[39m[0m
[   8% ] [90m[1msavepack[22m | Storing File: res://.godot/imported/throw_up.wav-823dbde340f3765468cb0e4cac024560.sample[39m[0m
[   8% ] [90m[1msavepack[22m | Storing File: res://assets/audio/procedural/combat_v3/ember-vale/throw_up.wav.import[39m[0m
[   8% ] [90m[1msavepack[22m | Storing File: res://.godot/imported/up_air.wav-871e40471c5a9fc42dd4ae169c440a8a.sample[39m[0m
[   8% ] [90m[1msavepack[22m | Storing File: res://assets/audio/procedural/combat_v3/ember-vale/up_air.wav.import[39m[0m
[   8% ] [90m[1msavepack[22m | Storing File: res://.godot/imported/up_special_recovery.wav-63bead7dc29bb4527d141aa441a4632d.sample[39m[0m
[   8% ] [90m[1msavepack[22m | Storing File: res://assets/audio/procedural/combat_v3/ember-vale/up_special_recovery.wav.import[39m[0m
[   8% ] [90m[1msavepack[22m | Storing File: res://.godot/imported/up_tilt.wav-beb2e7754f742ee7eb90cf878a8abf45.sample[39m[0m
[   8% ] [90m[1msavepack[22m | Storing File: res://assets/audio/procedural/combat_v3/ember-vale/up_tilt.wav.import[39m[0m
[   8% ] [90m[1msavepack[22m | Storing File: res://.godot/imported/aura_burst.wav-d2c070e97f874d642b7d19173c3876e9.sample[39m[0m
[   8% ] [90m[1msavepack[22m | Storing File: res://assets/audio/procedural/combat_v3/juno-spark/aura_burst.wav.import[39m[0m
[   8% ] [90m[1msavepack[22m | Storing File: res://.godot/imported/aura_charge.wav-a74d39f8ee4f1249c2ba3bb6e097b699.sample[39m[0m
[   8% ] [90m[1msavepack[22m | Storing File: res://assets/audio/procedural/combat_v3/juno-spark/aura_charge.wav.import[39m[0m
[   8% ] [90m[1msavepack[22m | Storing File: res://.godot/imported/dash_attack.wav-d72d1d01074fde1134f76fb22629e6d9.sample[39m[0m
[   8% ] [90m[1msavepack[22m | Storing File: res://assets/audio/procedural/combat_v3/juno-spark/dash_attack.wav.import[39m[0m
[   8% ] [90m[1msavepack[22m | Storing File: res://.godot/imported/down_air.wav-1f35c7f7a9dd403d60b134796cec3b7f.sample[39m[0m
[   8% ] [90m[1msavepack[22m | Storing File: res://assets/audio/procedural/combat_v3/juno-spark/down_air.wav.import[39m[0m
[   8% ] [90m[1msavepack[22m | Storing File: res://.godot/imported/down_special.wav-d98a5ccc73124c800c5de5689ad7fe05.sample[39m[0m
[   8% ] [90m[1msavepack[22m | Storing File: res://assets/audio/procedural/combat_v3/juno-spark/down_special.wav.import[39m[0m
[   8% ] [90m[1msavepack[22m | Storing File: res://.godot/imported/down_tilt.wav-e4313bbaa844d302a63ef66891f56524.sample[39m[0m
[   8% ] [90m[1msavepack[22m | Storing File: res://assets/audio/procedural/combat_v3/juno-spark/down_tilt.wav.import[39m[0m
[   8% ] [90m[1msavepack[22m | Storing File: res://.godot/imported/forward_air.wav-32b412374fd0ebe8c2e3ddc794af8712.sample[39m[0m
[   8% ] [90m[1msavepack[22m | Storing File: res://assets/audio/procedural/combat_v3/juno-spark/forward_air.wav.import[39m[0m
[   9% ] [90m[1msavepack[22m | Storing File: res://.godot/imported/forward_tilt.wav-61a6a1b887a7016a4e5e3936bf7d2d5f.sample[39m[0m
[   9% ] [90m[1msavepack[22m | Storing File: res://assets/audio/procedural/combat_v3/juno-spark/forward_tilt.wav.import[39m[0m
[   9% ] [90m[1msavepack[22m | Storing File: res://.godot/imported/grab.wav-95f2836e260463c57d91c6ff9ba0f009.sample[39m[0m
[   9% ] [90m[1msavepack[22m | Storing File: res://assets/audio/procedural/combat_v3/juno-spark/grab.wav.import[39m[0m
[   9% ] [90m[1msavepack[22m | Storing File: res://.godot/imported/heavy_attack.wav-3bdf7cc0aa25a2d0d7961f98f91eebfd.sample[39m[0m
[   9% ] [90m[1msavepack[22m | Storing File: res://assets/audio/procedural/combat_v3/juno-spark/heavy_attack.wav.import[39m[0m
[   9% ] [90m[1msavepack[22m | Storing File: res://.godot/imported/jab_1.wav-9cf9763964e895fdf8ab4e498e8e47fa.sample[39m[0m
[   9% ] [90m[1msavepack[22m | Storing File: res://assets/audio/procedural/combat_v3/juno-spark/jab_1.wav.import[39m[0m
[   9% ] [90m[1msavepack[22m | Storing File: res://.godot/imported/jab_2.wav-afdd0ce1798dbb752fe6d33714713c08.sample[39m[0m
[   9% ] [90m[1msavepack[22m | Storing File: res://assets/audio/procedural/combat_v3/juno-spark/jab_2.wav.import[39m[0m
[   9% ] [90m[1msavepack[22m | Storing File: res://.godot/imported/jab_finisher.wav-2a5382a2eb4625853ffb941df77c6242.sample[39m[0m
[   9% ] [90m[1msavepack[22m | Storing File: res://assets/audio/procedural/combat_v3/juno-spark/jab_finisher.wav.import[39m[0m
[   9% ] [90m[1msavepack[22m | Storing File: res://.godot/imported/neutral_air.wav-82590a899d0ec32605e171c28051cdca.sample[39m[0m
[   9% ] [90m[1msavepack[22m | Storing File: res://assets/audio/procedural/combat_v3/juno-spark/neutral_air.wav.import[39m[0m
[   9% ] [90m[1msavepack[22m | Storing File: res://.godot/imported/neutral_special_projectile.wav-d349d514f8e012a94de4fbe8d009bb1a.sample[39m[0m
[   9% ] [90m[1msavepack[22m | Storing File: res://assets/audio/procedural/combat_v3/juno-spark/neutral_special_projectile.wav.import[39m[0m
[   9% ] [90m[1msavepack[22m | Storing File: res://.godot/imported/side_special.wav-016f7cb5dc39b98555344691cc8dd06e.sample[39m[0m
[   9% ] [90m[1msavepack[22m | Storing File: res://assets/audio/procedural/combat_v3/juno-spark/side_special.wav.import[39m[0m
[   9% ] [90m[1msavepack[22m | Storing File: res://.godot/imported/throw_back.wav-3a4ddc8bb0e8ec758b84c88b6822ef5c.sample[39m[0m
[   9% ] [90m[1msavepack[22m | Storing File: res://assets/audio/procedural/combat_v3/juno-spark/throw_back.wav.import[39m[0m
[   9% ] [90m[1msavepack[22m | Storing File: res://.godot/imported/throw_down.wav-e73a2bff1b4d94a9c7f33f6aacf171e9.sample[39m[0m
[   9% ] [90m[1msavepack[22m | Storing File: res://assets/audio/procedural/combat_v3/juno-spark/throw_down.wav.import[39m[0m
[   9% ] [90m[1msavepack[22m | Storing File: res://.godot/imported/throw_forward.wav-3a5989a6dcce986bf3e3659febc87f4e.sample[39m[0m
[   9% ] [90m[1msavepack[22m | Storing File: res://assets/audio/procedural/combat_v3/juno-spark/throw_forward.wav.import[39m[0m
[   9% ] [90m[1msavepack[22m | Storing File: res://.godot/imported/throw_up.wav-044da82dd510277c64c8744d546d4a90.sample[39m[0m
[   9% ] [90m[1msavepack[22m | Storing File: res://assets/audio/procedural/combat_v3/juno-spark/throw_up.wav.import[39m[0m
[   9% ] [90m[1msavepack[22m | Storing File: res://.godot/imported/up_air.wav-9c1c805febb79cdc58d701e66f1ab4d8.sample[39m[0m
[   9% ] [90m[1msavepack[22m | Storing File: res://assets/audio/procedural/combat_v3/juno-spark/up_air.wav.import[39m[0m
[   9% ] [90m[1msavepack[22m | Storing File: res://.godot/imported/up_special_recovery.wav-537135d95edb0e2ba6a1adac1e5efecf.sample[39m[0m
[   9% ] [90m[1msavepack[22m | Storing File: res://assets/audio/procedural/combat_v3/juno-spark/up_special_recovery.wav.import[39m[0m
[   9% ] [90m[1msavepack[22m | Storing File: res://.godot/imported/up_tilt.wav-3b2b2b6469a08e46e01a11b41d4d48f2.sample[39m[0m
[   9% ] [90m[1msavepack[22m | Storing File: res://assets/audio/procedural/combat_v3/juno-spark/up_tilt.wav.import[39m[0m
[   9% ] [90m[1msavepack[22m | Storing File: res://.godot/imported/aura_burst.wav-0dc5f460e64139bd4c23cfd4e90a518c.sample[39m[0m
[   9% ] [90m[1msavepack[22m | Storing File: res://assets/audio/procedural/combat_v3/kaia-windrow/aura_burst.wav.import[39m[0m
[   9% ] [90m[1msavepack[22m | Storing File: res://.godot/imported/aura_charge.wav-8136aad622a3309e407f398f966632af.sample[39m[0m
[   9% ] [90m[1msavepack[22m | Storing File: res://assets/audio/procedural/combat_v3/kaia-windrow/aura_charge.wav.import[39m[0m
[   9% ] [90m[1msavepack[22m | Storing File: res://.godot/imported/dash_attack.wav-1d9e197ac7656d24dc21155e130db219.sample[39m[0m
[   9% ] [90m[1msavepack[22m | Storing File: res://assets/audio/procedural/combat_v3/kaia-windrow/dash_attack.wav.import[39m[0m
[   9% ] [90m[1msavepack[22m | Storing File: res://.godot/imported/down_air.wav-af7f51526e2a0ca05e5419bade94deac.sample[39m[0m
[   9% ] [90m[1msavepack[22m | Storing File: res://assets/audio/procedural/combat_v3/kaia-windrow/down_air.wav.import[39m[0m
[   9% ] [90m[1msavepack[22m | Storing File: res://.godot/imported/down_special.wav-ea6925c28606a667fa3cf8847d66213c.sample[39m[0m
[   9% ] [90m[1msavepack[22m | Storing File: res://assets/audio/procedural/combat_v3/kaia-windrow/down_special.wav.import[39m[0m
[   9% ] [90m[1msavepack[22m | Storing File: res://.godot/imported/down_tilt.wav-2760a62d2fa73bcacf9d22435841a7cb.sample[39m[0m
[   9% ] [90m[1msavepack[22m | Storing File: res://assets/audio/procedural/combat_v3/kaia-windrow/down_tilt.wav.import[39m[0m
[   9% ] [90m[1msavepack[22m | Storing File: res://.godot/imported/forward_air.wav-d4e39218f87e80e67726fcbd85f5a3e5.sample[39m[0m
[   9% ] [90m[1msavepack[22m | Storing File: res://assets/audio/procedural/combat_v3/kaia-windrow/forward_air.wav.import[39m[0m
[   9% ] [90m[1msavepack[22m | Storing File: res://.godot/imported/forward_tilt.wav-a8edba858b5cde21a0e482de1c317b0e.sample[39m[0m
[   9% ] [90m[1msavepack[22m | Storing File: res://assets/audio/procedural/combat_v3/kaia-windrow/forward_tilt.wav.import[39m[0m
[  10% ] [90m[1msavepack[22m | Storing File: res://.godot/imported/grab.wav-aee338201b7b5e9bcf89b696f5d0c97b.sample[39m[0m
[  10% ] [90m[1msavepack[22m | Storing File: res://assets/audio/procedural/combat_v3/kaia-windrow/grab.wav.import[39m[0m
[  10% ] [90m[1msavepack[22m | Storing File: res://.godot/imported/heavy_attack.wav-9b39cadc0e149f04dd84acbbbda0b455.sample[39m[0m
[  10% ] [90m[1msavepack[22m | Storing File: res://assets/audio/procedural/combat_v3/kaia-windrow/heavy_attack.wav.import[39m[0m
[  10% ] [90m[1msavepack[22m | Storing File: res://.godot/imported/jab_1.wav-205ac4a3b72308acff4dcaf196da876b.sample[39m[0m
[  10% ] [90m[1msavepack[22m | Storing File: res://assets/audio/procedural/combat_v3/kaia-windrow/jab_1.wav.import[39m[0m
[  10% ] [90m[1msavepack[22m | Storing File: res://.godot/imported/jab_2.wav-4d71c95f883a0d59333a1ad73d03d675.sample[39m[0m
[  10% ] [90m[1msavepack[22m | Storing File: res://assets/audio/procedural/combat_v3/kaia-windrow/jab_2.wav.import[39m[0m
[  10% ] [90m[1msavepack[22m | Storing File: res://.godot/imported/jab_finisher.wav-5b3052db98adb8c99fe8c48cad097014.sample[39m[0m
[  10% ] [90m[1msavepack[22m | Storing File: res://assets/audio/procedural/combat_v3/kaia-windrow/jab_finisher.wav.import[39m[0m
[  10% ] [90m[1msavepack[22m | Storing File: res://.godot/imported/neutral_air.wav-f317f1d1f6c42b94eb7a813b411e9089.sample[39m[0m
[  10% ] [90m[1msavepack[22m | Storing File: res://assets/audio/procedural/combat_v3/kaia-windrow/neutral_air.wav.import[39m[0m
[  10% ] [90m[1msavepack[22m | Storing File: res://.godot/imported/neutral_special_projectile.wav-eaa43ee9ad9a9156ce24cca1335525fc.sample[39m[0m
[  10% ] [90m[1msavepack[22m | Storing File: res://assets/audio/procedural/combat_v3/kaia-windrow/neutral_special_projectile.wav.import[39m[0m
[  10% ] [90m[1msavepack[22m | Storing File: res://.godot/imported/side_special.wav-3d0d68d8153ae02641ab4dcbf9f103bc.sample[39m[0m
[  10% ] [90m[1msavepack[22m | Storing File: res://assets/audio/procedural/combat_v3/kaia-windrow/side_special.wav.import[39m[0m
[  10% ] [90m[1msavepack[22m | Storing File: res://.godot/imported/throw_back.wav-8cbf2a1c4d74f97a0a1cd18d497d111a.sample[39m[0m
[  10% ] [90m[1msavepack[22m | Storing File: res://assets/audio/procedural/combat_v3/kaia-windrow/throw_back.wav.import[39m[0m
[  10% ] [90m[1msavepack[22m | Storing File: res://.godot/imported/throw_down.wav-2ea8d7c4860cf11d478f5590248616c2.sample[39m[0m
[  10% ] [90m[1msavepack[22m | Storing File: res://assets/audio/procedural/combat_v3/kaia-windrow/throw_down.wav.import[39m[0m
[  10% ] [90m[1msavepack[22m | Storing File: res://.godot/imported/throw_forward.wav-52ec1d8cb7fdebaecfed0d6840f8bc39.sample[39m[0m
[  10% ] [90m[1msavepack[22m | Storing File: res://assets/audio/procedural/combat_v3/kaia-windrow/throw_forward.wav.import[39m[0m
[  10% ] [90m[1msavepack[22m | Storing File: res://.godot/imported/throw_up.wav-5cb1a67bd5a98043c3e368febddc87be.sample[39m[0m
[  10% ] [90m[1msavepack[22m | Storing File: res://assets/audio/procedural/combat_v3/kaia-windrow/throw_up.wav.import[39m[0m
[  10% ] [90m[1msavepack[22m | Storing File: res://.godot/imported/up_air.wav-215bc8ff0a8c939623bebe7662b23571.sample[39m[0m
[  10% ] [90m[1msavepack[22m | Storing File: res://assets/audio/procedural/combat_v3/kaia-windrow/up_air.wav.import[39m[0m
[  10% ] [90m[1msavepack[22m | Storing File: res://.godot/imported/up_special_recovery.wav-ddb5b8f45e64fe4ffa4bda88c2a585ce.sample[39m[0m
[  10% ] [90m[1msavepack[22m | Storing File: res://assets/audio/procedural/combat_v3/kaia-windrow/up_special_recovery.wav.import[39m[0m
[  10% ] [90m[1msavepack[22m | Storing File: res://.godot/imported/up_tilt.wav-57a8fc325af1344e59d91d76c00907a1.sample[39m[0m
[  10% ] [90m[1msavepack[22m | Storing File: res://assets/audio/procedural/combat_v3/kaia-windrow/up_tilt.wav.import[39m[0m
[  10% ] [90m[1msavepack[22m | Storing File: res://.godot/imported/aura_burst.wav-04126a7642d9bdaabab8fd18cdb5951a.sample[39m[0m
[  10% ] [90m[1msavepack[22m | Storing File: res://assets/audio/procedural/combat_v3/nix-calder/aura_burst.wav.import[39m[0m
[  10% ] [90m[1msavepack[22m | Storing File: res://.godot/imported/aura_charge.wav-bbba27742855bf7081f007d562879692.sample[39m[0m
[  10% ] [90m[1msavepack[22m | Storing File: res://assets/audio/procedural/combat_v3/nix-calder/aura_charge.wav.import[39m[0m
[  10% ] [90m[1msavepack[22m | Storing File: res://.godot/imported/dash_attack.wav-f77706bbf4f6155bc18b3b715ffaa04e.sample[39m[0m
[  10% ] [90m[1msavepack[22m | Storing File: res://assets/audio/procedural/combat_v3/nix-calder/dash_attack.wav.import[39m[0m
[  10% ] [90m[1msavepack[22m | Storing File: res://.godot/imported/down_air.wav-1a2848a18670c5cc0b08a8df48ec1e31.sample[39m[0m
[  10% ] [90m[1msavepack[22m | Storing File: res://assets/audio/procedural/combat_v3/nix-calder/down_air.wav.import[39m[0m
[  10% ] [90m[1msavepack[22m | Storing File: res://.godot/imported/down_special.wav-d99a3080773688cb55cca5067ea7191a.sample[39m[0m
[  10% ] [90m[1msavepack[22m | Storing File: res://assets/audio/procedural/combat_v3/nix-calder/down_special.wav.import[39m[0m
[  10% ] [90m[1msavepack[22m | Storing File: res://.godot/imported/down_tilt.wav-058fa61fa998443bb0bfa68cab543806.sample[39m[0m
[  10% ] [90m[1msavepack[22m | Storing File: res://assets/audio/procedural/combat_v3/nix-calder/down_tilt.wav.import[39m[0m
[  10% ] [90m[1msavepack[22m | Storing File: res://.godot/imported/forward_air.wav-4d3837318e3f702806073037650a7fd9.sample[39m[0m
[  10% ] [90m[1msavepack[22m | Storing File: res://assets/audio/procedural/combat_v3/nix-calder/forward_air.wav.import[39m[0m
[  10% ] [90m[1msavepack[22m | Storing File: res://.godot/imported/forward_tilt.wav-d278306f84d04b2bf7b298c0762874de.sample[39m[0m
[  10% ] [90m[1msavepack[22m | Storing File: res://assets/audio/procedural/combat_v3/nix-calder/forward_tilt.wav.import[39m[0m
[  10% ] [90m[1msavepack[22m | Storing File: res://.godot/imported/grab.wav-8f107321b5828e7896ef48ce8ee77fa8.sample[39m[0m
[  10% ] [90m[1msavepack[22m | Storing File: res://assets/audio/procedural/combat_v3/nix-calder/grab.wav.import[39m[0m
[  11% ] [90m[1msavepack[22m | Storing File: res://.godot/imported/heavy_attack.wav-c3369f48c507a7e291a42c48e06b6b3c.sample[39m[0m
[  11% ] [90m[1msavepack[22m | Storing File: res://assets/audio/procedural/combat_v3/nix-calder/heavy_attack.wav.import[39m[0m
[  11% ] [90m[1msavepack[22m | Storing File: res://.godot/imported/jab_1.wav-6f6ba96ed9216ffdab9be184634983fe.sample[39m[0m
[  11% ] [90m[1msavepack[22m | Storing File: res://assets/audio/procedural/combat_v3/nix-calder/jab_1.wav.import[39m[0m
[  11% ] [90m[1msavepack[22m | Storing File: res://.godot/imported/jab_2.wav-798035bf6572bf08869e7bef9dd1a6f7.sample[39m[0m
[  11% ] [90m[1msavepack[22m | Storing File: res://assets/audio/procedural/combat_v3/nix-calder/jab_2.wav.import[39m[0m
[  11% ] [90m[1msavepack[22m | Storing File: res://.godot/imported/jab_finisher.wav-f095eedf6484b01bc9966fbba08803e8.sample[39m[0m
[  11% ] [90m[1msavepack[22m | Storing File: res://assets/audio/procedural/combat_v3/nix-calder/jab_finisher.wav.import[39m[0m
[  11% ] [90m[1msavepack[22m | Storing File: res://.godot/imported/neutral_air.wav-ae61f28e3dbabf31afb18468d42f286a.sample[39m[0m
[  11% ] [90m[1msavepack[22m | Storing File: res://assets/audio/procedural/combat_v3/nix-calder/neutral_air.wav.import[39m[0m
[  11% ] [90m[1msavepack[22m | Storing File: res://.godot/imported/neutral_special_projectile.wav-f007ef2ad4eaf06317c7e31b07382278.sample[39m[0m
[  11% ] [90m[1msavepack[22m | Storing File: res://assets/audio/procedural/combat_v3/nix-calder/neutral_special_projectile.wav.import[39m[0m
[  11% ] [90m[1msavepack[22m | Storing File: res://.godot/imported/side_special.wav-be700596827a0a32f70ffe40b74f1fda.sample[39m[0m
[  11% ] [90m[1msavepack[22m | Storing File: res://assets/audio/procedural/combat_v3/nix-calder/side_special.wav.import[39m[0m
[  11% ] [90m[1msavepack[22m | Storing File: res://.godot/imported/throw_back.wav-38e0f24eadf857796a604b7513596d9b.sample[39m[0m
[  11% ] [90m[1msavepack[22m | Storing File: res://assets/audio/procedural/combat_v3/nix-calder/throw_back.wav.import[39m[0m
[  11% ] [90m[1msavepack[22m | Storing File: res://.godot/imported/throw_down.wav-11fb56813104dd6ad845e3b0a9789cde.sample[39m[0m
[  11% ] [90m[1msavepack[22m | Storing File: res://assets/audio/procedural/combat_v3/nix-calder/throw_down.wav.import[39m[0m
[  11% ] [90m[1msavepack[22m | Storing File: res://.godot/imported/throw_forward.wav-d1e06454b735e09b0888ea1687624d79.sample[39m[0m
[  11% ] [90m[1msavepack[22m | Storing File: res://assets/audio/procedural/combat_v3/nix-calder/throw_forward.wav.import[39m[0m
[  11% ] [90m[1msavepack[22m | Storing File: res://.godot/imported/throw_up.wav-4e233bf52534a609e9ae86fa33a89333.sample[39m[0m
[  11% ] [90m[1msavepack[22m | Storing File: res://assets/audio/procedural/combat_v3/nix-calder/throw_up.wav.import[39m[0m
[  11% ] [90m[1msavepack[22m | Storing File: res://.godot/imported/up_air.wav-56da47939ebae2e9f297f82230df01e3.sample[39m[0m
[  11% ] [90m[1msavepack[22m | Storing File: res://assets/audio/procedural/combat_v3/nix-calder/up_air.wav.import[39m[0m
[  11% ] [90m[1msavepack[22m | Storing File: res://.godot/imported/up_special_recovery.wav-944c816787dfcad3788783a9483b03b6.sample[39m[0m
[  11% ] [90m[1msavepack[22m | Storing File: res://assets/audio/procedural/combat_v3/nix-calder/up_special_recovery.wav.import[39m[0m
[  11% ] [90m[1msavepack[22m | Storing File: res://.godot/imported/up_tilt.wav-0e07c0d188c9920236f2bb24fdc207cb.sample[39m[0m
[  11% ] [90m[1msavepack[22m | Storing File: res://assets/audio/procedural/combat_v3/nix-calder/up_tilt.wav.import[39m[0m
[  11% ] [90m[1msavepack[22m | Storing File: res://.godot/imported/aura_burst.wav-d44db8c7b01de25066c93b5dde8cf309.sample[39m[0m
[  11% ] [90m[1msavepack[22m | Storing File: res://assets/audio/procedural/combat_v3/orion-vell/aura_burst.wav.import[39m[0m
[  11% ] [90m[1msavepack[22m | Storing File: res://.godot/imported/aura_charge.wav-ec9a875d1f6c426d6cc52044eccb3c13.sample[39m[0m
[  11% ] [90m[1msavepack[22m | Storing File: res://assets/audio/procedural/combat_v3/orion-vell/aura_charge.wav.import[39m[0m
[  11% ] [90m[1msavepack[22m | Storing File: res://.godot/imported/dash_attack.wav-4eb3e34712988e4548e505733a0bfadc.sample[39m[0m
[  11% ] [90m[1msavepack[22m | Storing File: res://assets/audio/procedural/combat_v3/orion-vell/dash_attack.wav.import[39m[0m
[  11% ] [90m[1msavepack[22m | Storing File: res://.godot/imported/down_air.wav-35ba52d3972253b81f119bfc20f49b7b.sample[39m[0m
[  11% ] [90m[1msavepack[22m | Storing File: res://assets/audio/procedural/combat_v3/orion-vell/down_air.wav.import[39m[0m
[  11% ] [90m[1msavepack[22m | Storing File: res://.godot/imported/down_special.wav-ebaa016d9395267fc97d231185774ce7.sample[39m[0m
[  11% ] [90m[1msavepack[22m | Storing File: res://assets/audio/procedural/combat_v3/orion-vell/down_special.wav.import[39m[0m
[  11% ] [90m[1msavepack[22m | Storing File: res://.godot/imported/down_tilt.wav-382792a39ceffe41046dee8e21e375b4.sample[39m[0m
[  11% ] [90m[1msavepack[22m | Storing File: res://assets/audio/procedural/combat_v3/orion-vell/down_tilt.wav.import[39m[0m
[  11% ] [90m[1msavepack[22m | Storing File: res://.godot/imported/forward_air.wav-2aa40c85822e3124cad897846c8da97a.sample[39m[0m
[  11% ] [90m[1msavepack[22m | Storing File: res://assets/audio/procedural/combat_v3/orion-vell/forward_air.wav.import[39m[0m
[  11% ] [90m[1msavepack[22m | Storing File: res://.godot/imported/forward_tilt.wav-3e2926bb7b9f3b58e9c253aa5d5953c5.sample[39m[0m
[  11% ] [90m[1msavepack[22m | Storing File: res://assets/audio/procedural/combat_v3/orion-vell/forward_tilt.wav.import[39m[0m
[  11% ] [90m[1msavepack[22m | Storing File: res://.godot/imported/grab.wav-1308f53dc7151fb9c72ff090651a4ff9.sample[39m[0m
[  11% ] [90m[1msavepack[22m | Storing File: res://assets/audio/procedural/combat_v3/orion-vell/grab.wav.import[39m[0m
[  11% ] [90m[1msavepack[22m | Storing File: res://.godot/imported/heavy_attack.wav-b6ad830e778ae87825a7a6213d66b09f.sample[39m[0m
[  11% ] [90m[1msavepack[22m | Storing File: res://assets/audio/procedural/combat_v3/orion-vell/heavy_attack.wav.import[39m[0m
[  12% ] [90m[1msavepack[22m | Storing File: res://.godot/imported/jab_1.wav-20d96cdc0fbdf05be7a0f8ac37503688.sample[39m[0m
[  12% ] [90m[1msavepack[22m | Storing File: res://assets/audio/procedural/combat_v3/orion-vell/jab_1.wav.import[39m[0m
[  12% ] [90m[1msavepack[22m | Storing File: res://.godot/imported/jab_2.wav-6a7a81b6f5c10e1c69bfa39c4e0240d0.sample[39m[0m
[  12% ] [90m[1msavepack[22m | Storing File: res://assets/audio/procedural/combat_v3/orion-vell/jab_2.wav.import[39m[0m
[  12% ] [90m[1msavepack[22m | Storing File: res://.godot/imported/jab_finisher.wav-c8f921e3518933d1a87b884e729078d7.sample[39m[0m
[  12% ] [90m[1msavepack[22m | Storing File: res://assets/audio/procedural/combat_v3/orion-vell/jab_finisher.wav.import[39m[0m
[  12% ] [90m[1msavepack[22m | Storing File: res://.godot/imported/neutral_air.wav-f25343c0629dd69385d2a9736e3025bc.sample[39m[0m
[  12% ] [90m[1msavepack[22m | Storing File: res://assets/audio/procedural/combat_v3/orion-vell/neutral_air.wav.import[39m[0m
[  12% ] [90m[1msavepack[22m | Storing File: res://.godot/imported/neutral_special_projectile.wav-420ab47553b9666b1a9e492a7209969b.sample[39m[0m
[  12% ] [90m[1msavepack[22m | Storing File: res://assets/audio/procedural/combat_v3/orion-vell/neutral_special_projectile.wav.import[39m[0m
[  12% ] [90m[1msavepack[22m | Storing File: res://.godot/imported/side_special.wav-a6e4db654825440464a7fc805e7c912d.sample[39m[0m
[  12% ] [90m[1msavepack[22m | Storing File: res://assets/audio/procedural/combat_v3/orion-vell/side_special.wav.import[39m[0m
[  12% ] [90m[1msavepack[22m | Storing File: res://.godot/imported/throw_back.wav-7331628fc9829105e7ffbc48fdc9a038.sample[39m[0m
[  12% ] [90m[1msavepack[22m | Storing File: res://assets/audio/procedural/combat_v3/orion-vell/throw_back.wav.import[39m[0m
[  12% ] [90m[1msavepack[22m | Storing File: res://.godot/imported/throw_down.wav-96542da98142814c1bd7f03191bfa754.sample[39m[0m
[  12% ] [90m[1msavepack[22m | Storing File: res://assets/audio/procedural/combat_v3/orion-vell/throw_down.wav.import[39m[0m
[  12% ] [90m[1msavepack[22m | Storing File: res://.godot/imported/throw_forward.wav-5330f011466343b7a0a311f27f687884.sample[39m[0m
[  12% ] [90m[1msavepack[22m | Storing File: res://assets/audio/procedural/combat_v3/orion-vell/throw_forward.wav.import[39m[0m
[  12% ] [90m[1msavepack[22m | Storing File: res://.godot/imported/throw_up.wav-ed4935a83ba119fb605d3db842034c11.sample[39m[0m
[  12% ] [90m[1msavepack[22m | Storing File: res://assets/audio/procedural/combat_v3/orion-vell/throw_up.wav.import[39m[0m
[  12% ] [90m[1msavepack[22m | Storing File: res://.godot/imported/up_air.wav-0295bd3f73e06b65ed169f5b8ef9ec20.sample[39m[0m
[  12% ] [90m[1msavepack[22m | Storing File: res://assets/audio/procedural/combat_v3/orion-vell/up_air.wav.import[39m[0m
[  12% ] [90m[1msavepack[22m | Storing File: res://.godot/imported/up_special_recovery.wav-7d55b25aff865a9014253ed1445d238b.sample[39m[0m
[  12% ] [90m[1msavepack[22m | Storing File: res://assets/audio/procedural/combat_v3/orion-vell/up_special_recovery.wav.import[39m[0m
[  12% ] [90m[1msavepack[22m | Storing File: res://.godot/imported/up_tilt.wav-9a1af8ee6f8a95db6e7ecf5353e22f40.sample[39m[0m
[  12% ] [90m[1msavepack[22m | Storing File: res://assets/audio/procedural/combat_v3/orion-vell/up_tilt.wav.import[39m[0m
[  12% ] [90m[1msavepack[22m | Storing File: res://.godot/imported/aura_burst.wav-13da0bc6b1d62d4fb3862028167f3724.sample[39m[0m
[  12% ] [90m[1msavepack[22m | Storing File: res://assets/audio/procedural/combat_v3/rook-ironside/aura_burst.wav.import[39m[0m
[  12% ] [90m[1msavepack[22m | Storing File: res://.godot/imported/aura_charge.wav-e5977fd585a80f273926baf3c904355c.sample[39m[0m
[  12% ] [90m[1msavepack[22m | Storing File: res://assets/audio/procedural/combat_v3/rook-ironside/aura_charge.wav.import[39m[0m
[  12% ] [90m[1msavepack[22m | Storing File: res://.godot/imported/dash_attack.wav-8754200b763bdef013ef89903879ba61.sample[39m[0m
[  12% ] [90m[1msavepack[22m | Storing File: res://assets/audio/procedural/combat_v3/rook-ironside/dash_attack.wav.import[39m[0m
[  12% ] [90m[1msavepack[22m | Storing File: res://.godot/imported/down_air.wav-d3d39b922e44110e9fc0a409347fe6b3.sample[39m[0m
[  12% ] [90m[1msavepack[22m | Storing File: res://assets/audio/procedural/combat_v3/rook-ironside/down_air.wav.import[39m[0m
[  12% ] [90m[1msavepack[22m | Storing File: res://.godot/imported/down_special.wav-e5f61e2ecd8510053de3f8d8282844bd.sample[39m[0m
[  12% ] [90m[1msavepack[22m | Storing File: res://assets/audio/procedural/combat_v3/rook-ironside/down_special.wav.import[39m[0m
[  12% ] [90m[1msavepack[22m | Storing File: res://.godot/imported/down_tilt.wav-16170ef8cb93e37702ab45aa0490f529.sample[39m[0m
[  12% ] [90m[1msavepack[22m | Storing File: res://assets/audio/procedural/combat_v3/rook-ironside/down_tilt.wav.import[39m[0m
[  12% ] [90m[1msavepack[22m | Storing File: res://.godot/imported/forward_air.wav-77bf25ed940be3ee5179bf75966e1ea3.sample[39m[0m
[  12% ] [90m[1msavepack[22m | Storing File: res://assets/audio/procedural/combat_v3/rook-ironside/forward_air.wav.import[39m[0m
[  12% ] [90m[1msavepack[22m | Storing File: res://.godot/imported/forward_tilt.wav-298e375975f65d84a9e243ec3719defb.sample[39m[0m
[  12% ] [90m[1msavepack[22m | Storing File: res://assets/audio/procedural/combat_v3/rook-ironside/forward_tilt.wav.import[39m[0m
[  12% ] [90m[1msavepack[22m | Storing File: res://.godot/imported/grab.wav-93a6a515217fa539ae02a75f7532afba.sample[39m[0m
[  12% ] [90m[1msavepack[22m | Storing File: res://assets/audio/procedural/combat_v3/rook-ironside/grab.wav.import[39m[0m
[  12% ] [90m[1msavepack[22m | Storing File: res://.godot/imported/heavy_attack.wav-f7b5855694254512647f984b77aaa3dd.sample[39m[0m
[  12% ] [90m[1msavepack[22m | Storing File: res://assets/audio/procedural/combat_v3/rook-ironside/heavy_attack.wav.import[39m[0m
[  12% ] [90m[1msavepack[22m | Storing File: res://.godot/imported/jab_1.wav-aed0865923f7d57a7a867a9291082220.sample[39m[0m
[  12% ] [90m[1msavepack[22m | Storing File: res://assets/audio/procedural/combat_v3/rook-ironside/jab_1.wav.import[39m[0m
[  12% ] [90m[1msavepack[22m | Storing File: res://.godot/imported/jab_2.wav-fb3123a538872919d5a4b11057674c8a.sample[39m[0m
[  12% ] [90m[1msavepack[22m | Storing File: res://assets/audio/procedural/combat_v3/rook-ironside/jab_2.wav.import[39m[0m
[  13% ] [90m[1msavepack[22m | Storing File: res://.godot/imported/jab_finisher.wav-51ca7cc0a68857706f3ff55f9dcc603d.sample[39m[0m
[  13% ] [90m[1msavepack[22m | Storing File: res://assets/audio/procedural/combat_v3/rook-ironside/jab_finisher.wav.import[39m[0m
[  13% ] [90m[1msavepack[22m | Storing File: res://.godot/imported/neutral_air.wav-7230061a2bfef2994529d0ad448e0d14.sample[39m[0m
[  13% ] [90m[1msavepack[22m | Storing File: res://assets/audio/procedural/combat_v3/rook-ironside/neutral_air.wav.import[39m[0m
[  13% ] [90m[1msavepack[22m | Storing File: res://.godot/imported/neutral_special_projectile.wav-f2e19678e4004ce000f085386257531d.sample[39m[0m
[  13% ] [90m[1msavepack[22m | Storing File: res://assets/audio/procedural/combat_v3/rook-ironside/neutral_special_projectile.wav.import[39m[0m
[  13% ] [90m[1msavepack[22m | Storing File: res://.godot/imported/side_special.wav-213d666cbbb0692c862eefca526ea2dc.sample[39m[0m
[  13% ] [90m[1msavepack[22m | Storing File: res://assets/audio/procedural/combat_v3/rook-ironside/side_special.wav.import[39m[0m
[  13% ] [90m[1msavepack[22m | Storing File: res://.godot/imported/throw_back.wav-858869b1bcaa5e97fae0b2019214ee1a.sample[39m[0m
[  13% ] [90m[1msavepack[22m | Storing File: res://assets/audio/procedural/combat_v3/rook-ironside/throw_back.wav.import[39m[0m
[  13% ] [90m[1msavepack[22m | Storing File: res://.godot/imported/throw_down.wav-3145dd291f227b3012256d8412d50f8c.sample[39m[0m
[  13% ] [90m[1msavepack[22m | Storing File: res://assets/audio/procedural/combat_v3/rook-ironside/throw_down.wav.import[39m[0m
[  13% ] [90m[1msavepack[22m | Storing File: res://.godot/imported/throw_forward.wav-35bd2e4a7a41ff9640f701fc3a6a8ee9.sample[39m[0m
[  13% ] [90m[1msavepack[22m | Storing File: res://assets/audio/procedural/combat_v3/rook-ironside/throw_forward.wav.import[39m[0m
[  13% ] [90m[1msavepack[22m | Storing File: res://.godot/imported/throw_up.wav-52dfb61f8ebc5d646cd8ba23e83350d9.sample[39m[0m
[  13% ] [90m[1msavepack[22m | Storing File: res://assets/audio/procedural/combat_v3/rook-ironside/throw_up.wav.import[39m[0m
[  13% ] [90m[1msavepack[22m | Storing File: res://.godot/imported/up_air.wav-d501335dd63d5cb2dd586abbb1a3baa6.sample[39m[0m
[  13% ] [90m[1msavepack[22m | Storing File: res://assets/audio/procedural/combat_v3/rook-ironside/up_air.wav.import[39m[0m
[  13% ] [90m[1msavepack[22m | Storing File: res://.godot/imported/up_special_recovery.wav-60b4c7b468d5d69a44105822cda037cf.sample[39m[0m
[  13% ] [90m[1msavepack[22m | Storing File: res://assets/audio/procedural/combat_v3/rook-ironside/up_special_recovery.wav.import[39m[0m
[  13% ] [90m[1msavepack[22m | Storing File: res://.godot/imported/up_tilt.wav-5005f5ae7d5be799af3f9274938a9d29.sample[39m[0m
[  13% ] [90m[1msavepack[22m | Storing File: res://assets/audio/procedural/combat_v3/rook-ironside/up_tilt.wav.import[39m[0m
[  13% ] [90m[1msavepack[22m | Storing File: res://.godot/imported/aura_burst.wav-b74c0fa1a6ba572462aa454ce1e5b0e2.sample[39m[0m
[  13% ] [90m[1msavepack[22m | Storing File: res://assets/audio/procedural/combat_v3/vesper-nyx/aura_burst.wav.import[39m[0m
[  13% ] [90m[1msavepack[22m | Storing File: res://.godot/imported/aura_charge.wav-6974ec8f6c4fce221002e9c04e0c8881.sample[39m[0m
[  13% ] [90m[1msavepack[22m | Storing File: res://assets/audio/procedural/combat_v3/vesper-nyx/aura_charge.wav.import[39m[0m
[  13% ] [90m[1msavepack[22m | Storing File: res://.godot/imported/dash_attack.wav-851d032312fc8f0546f32d4a8c776a6d.sample[39m[0m
[  13% ] [90m[1msavepack[22m | Storing File: res://assets/audio/procedural/combat_v3/vesper-nyx/dash_attack.wav.import[39m[0m
[  13% ] [90m[1msavepack[22m | Storing File: res://.godot/imported/down_air.wav-ccf58abec182153945740ad56d256e8b.sample[39m[0m
[  13% ] [90m[1msavepack[22m | Storing File: res://assets/audio/procedural/combat_v3/vesper-nyx/down_air.wav.import[39m[0m
[  13% ] [90m[1msavepack[22m | Storing File: res://.godot/imported/down_special.wav-a99c036da8455a77001e6694391f4ea2.sample[39m[0m
[  13% ] [90m[1msavepack[22m | Storing File: res://assets/audio/procedural/combat_v3/vesper-nyx/down_special.wav.import[39m[0m
[  13% ] [90m[1msavepack[22m | Storing File: res://.godot/imported/down_tilt.wav-ce562d2c43d3ec1563ebc71262f60d24.sample[39m[0m
[  13% ] [90m[1msavepack[22m | Storing File: res://assets/audio/procedural/combat_v3/vesper-nyx/down_tilt.wav.import[39m[0m
[  13% ] [90m[1msavepack[22m | Storing File: res://.godot/imported/forward_air.wav-df6cb0ef56282e28a899b7edc290e8fc.sample[39m[0m
[  13% ] [90m[1msavepack[22m | Storing File: res://assets/audio/procedural/combat_v3/vesper-nyx/forward_air.wav.import[39m[0m
[  13% ] [90m[1msavepack[22m | Storing File: res://.godot/imported/forward_tilt.wav-b2c78f57d5dcb8714a8de328f16e78bb.sample[39m[0m
[  13% ] [90m[1msavepack[22m | Storing File: res://assets/audio/procedural/combat_v3/vesper-nyx/forward_tilt.wav.import[39m[0m
[  13% ] [90m[1msavepack[22m | Storing File: res://.godot/imported/grab.wav-64cf4d85ffe2e4ba7cae356bca9d6d34.sample[39m[0m
[  13% ] [90m[1msavepack[22m | Storing File: res://assets/audio/procedural/combat_v3/vesper-nyx/grab.wav.import[39m[0m
[  13% ] [90m[1msavepack[22m | Storing File: res://.godot/imported/heavy_attack.wav-6036a4c1497527e22e8ee74e3c0bae16.sample[39m[0m
[  13% ] [90m[1msavepack[22m | Storing File: res://assets/audio/procedural/combat_v3/vesper-nyx/heavy_attack.wav.import[39m[0m
[  13% ] [90m[1msavepack[22m | Storing File: res://.godot/imported/jab_1.wav-e6b08c3b0f42bb7df51b7d1259bac576.sample[39m[0m
[  13% ] [90m[1msavepack[22m | Storing File: res://assets/audio/procedural/combat_v3/vesper-nyx/jab_1.wav.import[39m[0m
[  13% ] [90m[1msavepack[22m | Storing File: res://.godot/imported/jab_2.wav-78382e3ed2ba69a3c03c97a52f80108c.sample[39m[0m
[  13% ] [90m[1msavepack[22m | Storing File: res://assets/audio/procedural/combat_v3/vesper-nyx/jab_2.wav.import[39m[0m
[  13% ] [90m[1msavepack[22m | Storing File: res://.godot/imported/jab_finisher.wav-302b9f20b2265af05c1364307859a22c.sample[39m[0m
[  13% ] [90m[1msavepack[22m | Storing File: res://assets/audio/procedural/combat_v3/vesper-nyx/jab_finisher.wav.import[39m[0m
[  14% ] [90m[1msavepack[22m | Storing File: res://.godot/imported/neutral_air.wav-3b1c108e40b21e294250e880c9d61169.sample[39m[0m
[  14% ] [90m[1msavepack[22m | Storing File: res://assets/audio/procedural/combat_v3/vesper-nyx/neutral_air.wav.import[39m[0m
[  14% ] [90m[1msavepack[22m | Storing File: res://.godot/imported/neutral_special_projectile.wav-679d0c90f3cca4612847785b9b9e12ed.sample[39m[0m
[  14% ] [90m[1msavepack[22m | Storing File: res://assets/audio/procedural/combat_v3/vesper-nyx/neutral_special_projectile.wav.import[39m[0m
[  14% ] [90m[1msavepack[22m | Storing File: res://.godot/imported/side_special.wav-05a9ea23d5552a472e8852c70e42c75a.sample[39m[0m
[  14% ] [90m[1msavepack[22m | Storing File: res://assets/audio/procedural/combat_v3/vesper-nyx/side_special.wav.import[39m[0m
[  14% ] [90m[1msavepack[22m | Storing File: res://.godot/imported/throw_back.wav-af7ac1e6b8c4b2787ad9baaeeb991b9c.sample[39m[0m
[  14% ] [90m[1msavepack[22m | Storing File: res://assets/audio/procedural/combat_v3/vesper-nyx/throw_back.wav.import[39m[0m
[  14% ] [90m[1msavepack[22m | Storing File: res://.godot/imported/throw_down.wav-0652d20f65d15a2092622ee01aaeb433.sample[39m[0m
[  14% ] [90m[1msavepack[22m | Storing File: res://assets/audio/procedural/combat_v3/vesper-nyx/throw_down.wav.import[39m[0m
[  14% ] [90m[1msavepack[22m | Storing File: res://.godot/imported/throw_forward.wav-8d63dcf10d4906ce595f2cc06454a9e9.sample[39m[0m
[  14% ] [90m[1msavepack[22m | Storing File: res://assets/audio/procedural/combat_v3/vesper-nyx/throw_forward.wav.import[39m[0m
[  14% ] [90m[1msavepack[22m | Storing File: res://.godot/imported/throw_up.wav-70fa38389e0bc5f4433db36efef50df0.sample[39m[0m
[  14% ] [90m[1msavepack[22m | Storing File: res://assets/audio/procedural/combat_v3/vesper-nyx/throw_up.wav.import[39m[0m
[  14% ] [90m[1msavepack[22m | Storing File: res://.godot/imported/up_air.wav-93b9c3f9d835c27c4182874eb04d444f.sample[39m[0m
[  14% ] [90m[1msavepack[22m | Storing File: res://assets/audio/procedural/combat_v3/vesper-nyx/up_air.wav.import[39m[0m
[  14% ] [90m[1msavepack[22m | Storing File: res://.godot/imported/up_special_recovery.wav-243988e0d6e1cd32e7fb169186829755.sample[39m[0m
[  14% ] [90m[1msavepack[22m | Storing File: res://assets/audio/procedural/combat_v3/vesper-nyx/up_special_recovery.wav.import[39m[0m
[  14% ] [90m[1msavepack[22m | Storing File: res://.godot/imported/up_tilt.wav-a99a057eb61119a75e333e9f464f9bce.sample[39m[0m
[  14% ] [90m[1msavepack[22m | Storing File: res://assets/audio/procedural/combat_v3/vesper-nyx/up_tilt.wav.import[39m[0m
[  14% ] [90m[1msavepack[22m | Storing File: res://.godot/imported/charge.wav-8a4facc5e8cc6767966f0295a0089dff.sample[39m[0m
[  14% ] [90m[1msavepack[22m | Storing File: res://assets/audio/procedural/fighters/ember-vale/charge.wav.import[39m[0m
[  14% ] [90m[1msavepack[22m | Storing File: res://.godot/imported/defense.wav-894794a74733f1d2fb18761b5e8c79b1.sample[39m[0m
[  14% ] [90m[1msavepack[22m | Storing File: res://assets/audio/procedural/fighters/ember-vale/defense.wav.import[39m[0m
[  14% ] [90m[1msavepack[22m | Storing File: res://.godot/imported/hit.wav-851b29610f1090515288ddd252b1bc87.sample[39m[0m
[  14% ] [90m[1msavepack[22m | Storing File: res://assets/audio/procedural/fighters/ember-vale/hit.wav.import[39m[0m
[  14% ] [90m[1msavepack[22m | Storing File: res://.godot/imported/ko.wav-15034d9eca5eb483e57de8f37dd7d0fc.sample[39m[0m
[  14% ] [90m[1msavepack[22m | Storing File: res://assets/audio/procedural/fighters/ember-vale/ko.wav.import[39m[0m
[  14% ] [90m[1msavepack[22m | Storing File: res://.godot/imported/move.wav-6d6cff83559dd17548d528464e471c55.sample[39m[0m
[  14% ] [90m[1msavepack[22m | Storing File: res://assets/audio/procedural/fighters/ember-vale/move.wav.import[39m[0m
[  14% ] [90m[1msavepack[22m | Storing File: res://.godot/imported/projectile.wav-7d822ddb8b8c2659e5558cc12c1f4c93.sample[39m[0m
[  14% ] [90m[1msavepack[22m | Storing File: res://assets/audio/procedural/fighters/ember-vale/projectile.wav.import[39m[0m
[  14% ] [90m[1msavepack[22m | Storing File: res://.godot/imported/signature.wav-715ccf9085eb1fbf116d84576d276a29.sample[39m[0m
[  14% ] [90m[1msavepack[22m | Storing File: res://assets/audio/procedural/fighters/ember-vale/signature.wav.import[39m[0m
[  14% ] [90m[1msavepack[22m | Storing File: res://.godot/imported/vo_short.wav-8e9b33397b1989742d352c1ee6cb1299.sample[39m[0m
[  14% ] [90m[1msavepack[22m | Storing File: res://assets/audio/procedural/fighters/ember-vale/vo_short.wav.import[39m[0m
[  14% ] [90m[1msavepack[22m | Storing File: res://.godot/imported/charge.wav-36e02928cfc72a42dc4505cde2ca2213.sample[39m[0m
[  14% ] [90m[1msavepack[22m | Storing File: res://assets/audio/procedural/fighters/juno-spark/charge.wav.import[39m[0m
[  14% ] [90m[1msavepack[22m | Storing File: res://.godot/imported/defense.wav-c1f1e8016833c609278775768eb12ca4.sample[39m[0m
[  14% ] [90m[1msavepack[22m | Storing File: res://assets/audio/procedural/fighters/juno-spark/defense.wav.import[39m[0m
[  14% ] [90m[1msavepack[22m | Storing File: res://.godot/imported/hit.wav-6874af86f824cc584a40d9a8c1971d92.sample[39m[0m
[  14% ] [90m[1msavepack[22m | Storing File: res://assets/audio/procedural/fighters/juno-spark/hit.wav.import[39m[0m
[  14% ] [90m[1msavepack[22m | Storing File: res://.godot/imported/ko.wav-49b48b6f7e702bff2d3b3941a0d37fad.sample[39m[0m
[  14% ] [90m[1msavepack[22m | Storing File: res://assets/audio/procedural/fighters/juno-spark/ko.wav.import[39m[0m
[  14% ] [90m[1msavepack[22m | Storing File: res://.godot/imported/move.wav-af70351902fc5dc4e6f91b87c575dfa2.sample[39m[0m
[  14% ] [90m[1msavepack[22m | Storing File: res://assets/audio/procedural/fighters/juno-spark/move.wav.import[39m[0m
[  14% ] [90m[1msavepack[22m | Storing File: res://.godot/imported/projectile.wav-e7574a294503656143a105d578323c5d.sample[39m[0m
[  14% ] [90m[1msavepack[22m | Storing File: res://assets/audio/procedural/fighters/juno-spark/projectile.wav.import[39m[0m
[  15% ] [90m[1msavepack[22m | Storing File: res://.godot/imported/signature.wav-cf3a1d0327b3746ad8c949227af509c4.sample[39m[0m
[  15% ] [90m[1msavepack[22m | Storing File: res://assets/audio/procedural/fighters/juno-spark/signature.wav.import[39m[0m
[  15% ] [90m[1msavepack[22m | Storing File: res://.godot/imported/vo_short.wav-42114d5992bbeefb0830a4e99f2688ad.sample[39m[0m
[  15% ] [90m[1msavepack[22m | Storing File: res://assets/audio/procedural/fighters/juno-spark/vo_short.wav.import[39m[0m
[  15% ] [90m[1msavepack[22m | Storing File: res://.godot/imported/charge.wav-76bdecfb53b05e5c343ece916f3dd06f.sample[39m[0m
[  15% ] [90m[1msavepack[22m | Storing File: res://assets/audio/procedural/fighters/kaia-windrow/charge.wav.import[39m[0m
[  15% ] [90m[1msavepack[22m | Storing File: res://.godot/imported/defense.wav-0ba89c2b5bb4901fc55ea9e9565fbd0f.sample[39m[0m
[  15% ] [90m[1msavepack[22m | Storing File: res://assets/audio/procedural/fighters/kaia-windrow/defense.wav.import[39m[0m
[  15% ] [90m[1msavepack[22m | Storing File: res://.godot/imported/hit.wav-1fbc6112bd9bc2f247e23723a609328b.sample[39m[0m
[  15% ] [90m[1msavepack[22m | Storing File: res://assets/audio/procedural/fighters/kaia-windrow/hit.wav.import[39m[0m
[  15% ] [90m[1msavepack[22m | Storing File: res://.godot/imported/ko.wav-4513d1018a4a187cb65447b2903b82b6.sample[39m[0m
[  15% ] [90m[1msavepack[22m | Storing File: res://assets/audio/procedural/fighters/kaia-windrow/ko.wav.import[39m[0m
[  15% ] [90m[1msavepack[22m | Storing File: res://.godot/imported/move.wav-701681847d6eb4b296b892b2c7f62b0c.sample[39m[0m
[  15% ] [90m[1msavepack[22m | Storing File: res://assets/audio/procedural/fighters/kaia-windrow/move.wav.import[39m[0m
[  15% ] [90m[1msavepack[22m | Storing File: res://.godot/imported/projectile.wav-1bb4bcfe274d114d8806324f70f1e97e.sample[39m[0m
[  15% ] [90m[1msavepack[22m | Storing File: res://assets/audio/procedural/fighters/kaia-windrow/projectile.wav.import[39m[0m
[  15% ] [90m[1msavepack[22m | Storing File: res://.godot/imported/signature.wav-5d4635ace7238a38e1430aa4022c921f.sample[39m[0m
[  15% ] [90m[1msavepack[22m | Storing File: res://assets/audio/procedural/fighters/kaia-windrow/signature.wav.import[39m[0m
[  15% ] [90m[1msavepack[22m | Storing File: res://.godot/imported/vo_short.wav-1141d559cbaa2e595acffec69e36dcd7.sample[39m[0m
[  15% ] [90m[1msavepack[22m | Storing File: res://assets/audio/procedural/fighters/kaia-windrow/vo_short.wav.import[39m[0m
[  15% ] [90m[1msavepack[22m | Storing File: res://.godot/imported/charge.wav-f1f90c7c6a4a90cb176cbae354304907.sample[39m[0m
[  15% ] [90m[1msavepack[22m | Storing File: res://assets/audio/procedural/fighters/nix-calder/charge.wav.import[39m[0m
[  15% ] [90m[1msavepack[22m | Storing File: res://.godot/imported/defense.wav-de9de99abc516119a8802bb679dfb539.sample[39m[0m
[  15% ] [90m[1msavepack[22m | Storing File: res://assets/audio/procedural/fighters/nix-calder/defense.wav.import[39m[0m
[  15% ] [90m[1msavepack[22m | Storing File: res://.godot/imported/hit.wav-a67cbd217a8f9b2e3b23628f05ff4d4e.sample[39m[0m
[  15% ] [90m[1msavepack[22m | Storing File: res://assets/audio/procedural/fighters/nix-calder/hit.wav.import[39m[0m
[  15% ] [90m[1msavepack[22m | Storing File: res://.godot/imported/ko.wav-ee93122690ae23dfd61a4c6de5822d3f.sample[39m[0m
[  15% ] [90m[1msavepack[22m | Storing File: res://assets/audio/procedural/fighters/nix-calder/ko.wav.import[39m[0m
[  15% ] [90m[1msavepack[22m | Storing File: res://.godot/imported/move.wav-4b4bef5ef771516b005bda90fc1a803a.sample[39m[0m
[  15% ] [90m[1msavepack[22m | Storing File: res://assets/audio/procedural/fighters/nix-calder/move.wav.import[39m[0m
[  15% ] [90m[1msavepack[22m | Storing File: res://.godot/imported/projectile.wav-b571d98d27477edbdce8eb79fc2bc789.sample[39m[0m
[  15% ] [90m[1msavepack[22m | Storing File: res://assets/audio/procedural/fighters/nix-calder/projectile.wav.import[39m[0m
[  15% ] [90m[1msavepack[22m | Storing File: res://.godot/imported/signature.wav-df6b467045fea522f2696273a126a33b.sample[39m[0m
[  15% ] [90m[1msavepack[22m | Storing File: res://assets/audio/procedural/fighters/nix-calder/signature.wav.import[39m[0m
[  15% ] [90m[1msavepack[22m | Storing File: res://.godot/imported/vo_short.wav-f0516795ebbd6022c895716b3f09c309.sample[39m[0m
[  15% ] [90m[1msavepack[22m | Storing File: res://assets/audio/procedural/fighters/nix-calder/vo_short.wav.import[39m[0m
[  15% ] [90m[1msavepack[22m | Storing File: res://.godot/imported/charge.wav-1ca8b886029f06fc91b5fd33eda30172.sample[39m[0m
[  15% ] [90m[1msavepack[22m | Storing File: res://assets/audio/procedural/fighters/orion-vell/charge.wav.import[39m[0m
[  15% ] [90m[1msavepack[22m | Storing File: res://.godot/imported/defense.wav-2d1a2c157f0b015ec02e7d42a50227aa.sample[39m[0m
[  15% ] [90m[1msavepack[22m | Storing File: res://assets/audio/procedural/fighters/orion-vell/defense.wav.import[39m[0m
[  15% ] [90m[1msavepack[22m | Storing File: res://.godot/imported/hit.wav-d4e1209187230688aa0960b715761b00.sample[39m[0m
[  15% ] [90m[1msavepack[22m | Storing File: res://assets/audio/procedural/fighters/orion-vell/hit.wav.import[39m[0m
[  15% ] [90m[1msavepack[22m | Storing File: res://.godot/imported/ko.wav-3555aa8bc3d26503b45d1124537a62b0.sample[39m[0m
[  15% ] [90m[1msavepack[22m | Storing File: res://assets/audio/procedural/fighters/orion-vell/ko.wav.import[39m[0m
[  15% ] [90m[1msavepack[22m | Storing File: res://.godot/imported/move.wav-bf694591e9edf78df66c182da24ee055.sample[39m[0m
[  15% ] [90m[1msavepack[22m | Storing File: res://assets/audio/procedural/fighters/orion-vell/move.wav.import[39m[0m
[  15% ] [90m[1msavepack[22m | Storing File: res://.godot/imported/projectile.wav-7a68f9c7f9088e1ac2183358cd13adf7.sample[39m[0m
[  15% ] [90m[1msavepack[22m | Storing File: res://assets/audio/procedural/fighters/orion-vell/projectile.wav.import[39m[0m
[  16% ] [90m[1msavepack[22m | Storing File: res://.godot/imported/signature.wav-e54f6c7b8e31d2211c402902536858cf.sample[39m[0m
[  16% ] [90m[1msavepack[22m | Storing File: res://assets/audio/procedural/fighters/orion-vell/signature.wav.import[39m[0m
[  16% ] [90m[1msavepack[22m | Storing File: res://.godot/imported/vo_short.wav-6b5c048556bc7e0d20cf97d4687c80aa.sample[39m[0m
[  16% ] [90m[1msavepack[22m | Storing File: res://assets/audio/procedural/fighters/orion-vell/vo_short.wav.import[39m[0m
[  16% ] [90m[1msavepack[22m | Storing File: res://.godot/imported/charge.wav-5bbea7d2ce3d9c50b742d0aa0471d794.sample[39m[0m
[  16% ] [90m[1msavepack[22m | Storing File: res://assets/audio/procedural/fighters/rook-ironside/charge.wav.import[39m[0m
[  16% ] [90m[1msavepack[22m | Storing File: res://.godot/imported/defense.wav-cc33e453ce9790ed6292f93b330a7c2b.sample[39m[0m
[  16% ] [90m[1msavepack[22m | Storing File: res://assets/audio/procedural/fighters/rook-ironside/defense.wav.import[39m[0m
[  16% ] [90m[1msavepack[22m | Storing File: res://.godot/imported/hit.wav-350c233c47c7e114400af095c4de2f9c.sample[39m[0m
[  16% ] [90m[1msavepack[22m | Storing File: res://assets/audio/procedural/fighters/rook-ironside/hit.wav.import[39m[0m
[  16% ] [90m[1msavepack[22m | Storing File: res://.godot/imported/ko.wav-b7313592e81a0d4561e144ec8227817f.sample[39m[0m
[  16% ] [90m[1msavepack[22m | Storing File: res://assets/audio/procedural/fighters/rook-ironside/ko.wav.import[39m[0m
[  16% ] [90m[1msavepack[22m | Storing File: res://.godot/imported/move.wav-bc4cac0c2066ec91dcde1c6a5ff0e150.sample[39m[0m
[  16% ] [90m[1msavepack[22m | Storing File: res://assets/audio/procedural/fighters/rook-ironside/move.wav.import[39m[0m
[  16% ] [90m[1msavepack[22m | Storing File: res://.godot/imported/projectile.wav-516b9df936fb3ce166b302945071e9c4.sample[39m[0m
[  16% ] [90m[1msavepack[22m | Storing File: res://assets/audio/procedural/fighters/rook-ironside/projectile.wav.import[39m[0m
[  16% ] [90m[1msavepack[22m | Storing File: res://.godot/imported/signature.wav-0c3f6ce1c15b8564b2b47587870fd12f.sample[39m[0m
[  16% ] [90m[1msavepack[22m | Storing File: res://assets/audio/procedural/fighters/rook-ironside/signature.wav.import[39m[0m
[  16% ] [90m[1msavepack[22m | Storing File: res://.godot/imported/vo_short.wav-5b66404cce8fbd2194b1cfe7f8d11e7e.sample[39m[0m
[  16% ] [90m[1msavepack[22m | Storing File: res://assets/audio/procedural/fighters/rook-ironside/vo_short.wav.import[39m[0m
[  16% ] [90m[1msavepack[22m | Storing File: res://.godot/imported/charge.wav-e95dc4c2b96ac74713af3e4eb33cecd1.sample[39m[0m
[  16% ] [90m[1msavepack[22m | Storing File: res://assets/audio/procedural/fighters/vesper-nyx/charge.wav.import[39m[0m
[  16% ] [90m[1msavepack[22m | Storing File: res://.godot/imported/defense.wav-5e1f295688b89647d2f5f32d8b7a0dc2.sample[39m[0m
[  16% ] [90m[1msavepack[22m | Storing File: res://assets/audio/procedural/fighters/vesper-nyx/defense.wav.import[39m[0m
[  16% ] [90m[1msavepack[22m | Storing File: res://.godot/imported/hit.wav-82d105f4dec11dd08b389b2952734527.sample[39m[0m
[  16% ] [90m[1msavepack[22m | Storing File: res://assets/audio/procedural/fighters/vesper-nyx/hit.wav.import[39m[0m
[  16% ] [90m[1msavepack[22m | Storing File: res://.godot/imported/ko.wav-df441b861a23069eca7185716622c9c9.sample[39m[0m
[  16% ] [90m[1msavepack[22m | Storing File: res://assets/audio/procedural/fighters/vesper-nyx/ko.wav.import[39m[0m
[  16% ] [90m[1msavepack[22m | Storing File: res://.godot/imported/move.wav-9d594b409f118a35ba08b418c4f0ab9f.sample[39m[0m
[  16% ] [90m[1msavepack[22m | Storing File: res://assets/audio/procedural/fighters/vesper-nyx/move.wav.import[39m[0m
[  16% ] [90m[1msavepack[22m | Storing File: res://.godot/imported/projectile.wav-fb951b69d92e685368b5b532195055b0.sample[39m[0m
[  16% ] [90m[1msavepack[22m | Storing File: res://assets/audio/procedural/fighters/vesper-nyx/projectile.wav.import[39m[0m
[  16% ] [90m[1msavepack[22m | Storing File: res://.godot/imported/signature.wav-7a741f76ae9018dddfb6236861cc23ca.sample[39m[0m
[  16% ] [90m[1msavepack[22m | Storing File: res://assets/audio/procedural/fighters/vesper-nyx/signature.wav.import[39m[0m
[  16% ] [90m[1msavepack[22m | Storing File: res://.godot/imported/vo_short.wav-7fe5c28efc426b378711df0e758c956f.sample[39m[0m
[  16% ] [90m[1msavepack[22m | Storing File: res://assets/audio/procedural/fighters/vesper-nyx/vo_short.wav.import[39m[0m
[  16% ] [90m[1msavepack[22m | Storing File: res://.godot/imported/charge.wav-0231b9bb5c7fbf66b6a3d169eeb61759.sample[39m[0m
[  16% ] [90m[1msavepack[22m | Storing File: res://assets/audio/procedural/shared/charge.wav.import[39m[0m
[  16% ] [90m[1msavepack[22m | Storing File: res://.godot/imported/defense.wav-5ea306f4a483e5364dba72a2f2387942.sample[39m[0m
[  16% ] [90m[1msavepack[22m | Storing File: res://assets/audio/procedural/shared/defense.wav.import[39m[0m
[  16% ] [90m[1msavepack[22m | Storing File: res://.godot/imported/hit.wav-ec8938afd3031b843fa8c983480e1b01.sample[39m[0m
[  16% ] [90m[1msavepack[22m | Storing File: res://assets/audio/procedural/shared/hit.wav.import[39m[0m
[  16% ] [90m[1msavepack[22m | Storing File: res://.godot/imported/ko.wav-7282702f66e9b3c8a175be60d2ffc1be.sample[39m[0m
[  16% ] [90m[1msavepack[22m | Storing File: res://assets/audio/procedural/shared/ko.wav.import[39m[0m
[  16% ] [90m[1msavepack[22m | Storing File: res://.godot/imported/launch_critical.wav-af7c1c23816f5e4aceabb8aeb3354ead.sample[39m[0m
[  16% ] [90m[1msavepack[22m | Storing File: res://assets/audio/procedural/shared/launch_critical.wav.import[39m[0m
[  16% ] [90m[1msavepack[22m | Storing File: res://.godot/imported/launch_high.wav-dee32d5238b309b072d7df86ad40213c.sample[39m[0m
[  16% ] [90m[1msavepack[22m | Storing File: res://assets/audio/procedural/shared/launch_high.wav.import[39m[0m
[  17% ] [90m[1msavepack[22m | Storing File: res://.godot/imported/lockin_stinger.wav-e9814c234601c8f958cb2e5e1506c74c.sample[39m[0m
[  17% ] [90m[1msavepack[22m | Storing File: res://assets/audio/procedural/shared/lockin_stinger.wav.import[39m[0m
[  17% ] [90m[1msavepack[22m | Storing File: res://.godot/imported/move.wav-2be31e73fdb565d6ac059f7453a51f48.sample[39m[0m
[  17% ] [90m[1msavepack[22m | Storing File: res://assets/audio/procedural/shared/move.wav.import[39m[0m
[  17% ] [90m[1msavepack[22m | Storing File: res://.godot/imported/projectile.wav-f6ab1157ff920108db12aede81775e6d.sample[39m[0m
[  17% ] [90m[1msavepack[22m | Storing File: res://assets/audio/procedural/shared/projectile.wav.import[39m[0m
[  17% ] [90m[1msavepack[22m | Storing File: res://.godot/imported/ui_back.wav-29646832ed70e00817ac1dd4219b0b2c.sample[39m[0m
[  17% ] [90m[1msavepack[22m | Storing File: res://assets/audio/procedural/shared/ui_back.wav.import[39m[0m
[  17% ] [90m[1msavepack[22m | Storing File: res://.godot/imported/ui_confirm.wav-886fec4fa3fee26bff8668c0df753b55.sample[39m[0m
[  17% ] [90m[1msavepack[22m | Storing File: res://assets/audio/procedural/shared/ui_confirm.wav.import[39m[0m
[  17% ] [90m[1msavepack[22m | Storing File: res://.godot/imported/ui_select.wav-ec6936f1df893339e424c347a379cf0a.sample[39m[0m
[  17% ] [90m[1msavepack[22m | Storing File: res://assets/audio/procedural/shared/ui_select.wav.import[39m[0m
[  17% ] [90m[1msavepack[22m | Storing File: res://.godot/imported/bed.wav-c3da1763a1839a782e44d190c317f143.sample[39m[0m
[  17% ] [90m[1msavepack[22m | Storing File: res://assets/audio/procedural/stages/cascade-foundry/bed.wav.import[39m[0m
[  17% ] [90m[1msavepack[22m | Storing File: res://.godot/imported/bed.wav-1eb80f988f339445cad0dcc6c3b563a9.sample[39m[0m
[  17% ] [90m[1msavepack[22m | Storing File: res://assets/audio/procedural/stages/ember-courtyard/bed.wav.import[39m[0m
[  17% ] [90m[1msavepack[22m | Storing File: res://.godot/imported/bed.wav-31e784432b3dcc4588f5618853abdbeb.sample[39m[0m
[  17% ] [90m[1msavepack[22m | Storing File: res://assets/audio/procedural/stages/neon-rooftops/bed.wav.import[39m[0m
[  17% ] [90m[1msavepack[22m | Storing File: res://.godot/imported/bed.wav-7f70791e3625c3ae9ef6cdf7e3a3b2c2.sample[39m[0m
[  17% ] [90m[1msavepack[22m | Storing File: res://assets/audio/procedural/stages/skyline-arena/bed.wav.import[39m[0m
[  17% ] [90m[1msavepack[22m | Storing File: res://.godot/imported/bed.wav-bf1688624e3476b73f173107ab092983.sample[39m[0m
[  17% ] [90m[1msavepack[22m | Storing File: res://assets/audio/procedural/stages/training-grid/bed.wav.import[39m[0m
[  17% ] [90m[1msavepack[22m | Storing File: res://.godot/imported/bed.wav-0fb61994b96cd39a68e935d5f259564c.sample[39m[0m
[  17% ] [90m[1msavepack[22m | Storing File: res://assets/audio/procedural/stages/void-pier/bed.wav.import[39m[0m
[  17% ] [90m[1msavepack[22m | Storing File: res://assets/audio/procedural/manifest.json[39m[0m
[  17% ] [90m[1msavepack[22m | Storing File: res://.godot/imported/glyph_back.png-1a77f1fb246e32897f0a21ff818d4543.ctex[39m[0m
[  17% ] [90m[1msavepack[22m | Storing File: res://assets/branding/vxp2/glyphs/glyph_back.png.import[39m[0m
[  17% ] [90m[1msavepack[22m | Storing File: res://.godot/imported/glyph_back.svg-2c7eff6f15e4bf7482cca95a46c79d05.ctex[39m[0m
[  17% ] [90m[1msavepack[22m | Storing File: res://assets/branding/vxp2/glyphs/glyph_back.svg.import[39m[0m
[  17% ] [90m[1msavepack[22m | Storing File: res://.godot/imported/glyph_confirm.png-6e4886d4a700b090b6e0be179afb1203.ctex[39m[0m
[  17% ] [90m[1msavepack[22m | Storing File: res://assets/branding/vxp2/glyphs/glyph_confirm.png.import[39m[0m
[  17% ] [90m[1msavepack[22m | Storing File: res://.godot/imported/glyph_confirm.svg-b0aa80b9fa62433d8b9741e3dccb4d93.ctex[39m[0m
[  17% ] [90m[1msavepack[22m | Storing File: res://assets/branding/vxp2/glyphs/glyph_confirm.svg.import[39m[0m
[  17% ] [90m[1msavepack[22m | Storing File: res://.godot/imported/glyph_fight.png-973c954941f01ab9e6e23b43ebf01a2c.ctex[39m[0m
[  17% ] [90m[1msavepack[22m | Storing File: res://assets/branding/vxp2/glyphs/glyph_fight.png.import[39m[0m
[  17% ] [90m[1msavepack[22m | Storing File: res://.godot/imported/glyph_fight.svg-0776003e258117a15def58f734cbf754.ctex[39m[0m
[  17% ] [90m[1msavepack[22m | Storing File: res://assets/branding/vxp2/glyphs/glyph_fight.svg.import[39m[0m
[  17% ] [90m[1msavepack[22m | Storing File: res://.godot/imported/glyph_menu.png-2b8cbce20f6bf54196ab08c3e7a09774.ctex[39m[0m
[  17% ] [90m[1msavepack[22m | Storing File: res://assets/branding/vxp2/glyphs/glyph_menu.png.import[39m[0m
[  17% ] [90m[1msavepack[22m | Storing File: res://.godot/imported/glyph_menu.svg-22cdc63124f121f9b1f9c51f41cc3612.ctex[39m[0m
[  17% ] [90m[1msavepack[22m | Storing File: res://assets/branding/vxp2/glyphs/glyph_menu.svg.import[39m[0m
[  17% ] [90m[1msavepack[22m | Storing File: res://.godot/imported/glyph_touch.png-7ff51b62ebec3642b966b2bcaf355984.ctex[39m[0m
[  17% ] [90m[1msavepack[22m | Storing File: res://assets/branding/vxp2/glyphs/glyph_touch.png.import[39m[0m
[  17% ] [90m[1msavepack[22m | Storing File: res://.godot/imported/glyph_touch.svg-54ec5dbc86e0e3e76f2e8d692ada270e.ctex[39m[0m
[  17% ] [90m[1msavepack[22m | Storing File: res://assets/branding/vxp2/glyphs/glyph_touch.svg.import[39m[0m
[  17% ] [90m[1msavepack[22m | Storing File: res://.godot/imported/aa_hero_backdrop.png-cc434d4effe27a572ba0d95c85a1770c.ctex[39m[0m
[  17% ] [90m[1msavepack[22m | Storing File: res://assets/branding/vxp2/aa_hero_backdrop.png.import[39m[0m
[  18% ] [90m[1msavepack[22m | Storing File: res://.godot/imported/aa_hero_backdrop.svg-a3cf53df8d967f34012f550e53d325b3.ctex[39m[0m
[  18% ] [90m[1msavepack[22m | Storing File: res://assets/branding/vxp2/aa_hero_backdrop.svg.import[39m[0m
[  18% ] [90m[1msavepack[22m | Storing File: res://.godot/imported/aa_seal.png-394d1dff75892b99d64231f506ee7718.ctex[39m[0m
[  18% ] [90m[1msavepack[22m | Storing File: res://assets/branding/vxp2/aa_seal.png.import[39m[0m
[  18% ] [90m[1msavepack[22m | Storing File: res://.godot/imported/aa_seal.svg-41c8aed614fbdb301e4689f5635bc58a.ctex[39m[0m
[  18% ] [90m[1msavepack[22m | Storing File: res://assets/branding/vxp2/aa_seal.svg.import[39m[0m
[  18% ] [90m[1msavepack[22m | Storing File: res://.godot/imported/aa_seal_128.png-32d8bd158aeba539f855bdc9a21f7108.ctex[39m[0m
[  18% ] [90m[1msavepack[22m | Storing File: res://assets/branding/vxp2/aa_seal_128.png.import[39m[0m
[  18% ] [90m[1msavepack[22m | Storing File: res://.godot/imported/aa_seal_256.png-1fd22feae83f11a32b83443d152a2914.ctex[39m[0m
[  18% ] [90m[1msavepack[22m | Storing File: res://assets/branding/vxp2/aa_seal_256.png.import[39m[0m
[  18% ] [90m[1msavepack[22m | Storing File: res://.godot/imported/aa_wordmark.png-6d103eae947a84492ab442ebd0d4b142.ctex[39m[0m
[  18% ] [90m[1msavepack[22m | Storing File: res://assets/branding/vxp2/aa_wordmark.png.import[39m[0m
[  18% ] [90m[1msavepack[22m | Storing File: res://.godot/imported/aa_wordmark.svg-99083a57829018968294bdf0484d45d6.ctex[39m[0m
[  18% ] [90m[1msavepack[22m | Storing File: res://assets/branding/vxp2/aa_wordmark.svg.import[39m[0m
[  18% ] [90m[1msavepack[22m | Storing File: res://.godot/imported/aa_wordmark_960.png-09649a359cfd02e4953710e2499da660.ctex[39m[0m
[  18% ] [90m[1msavepack[22m | Storing File: res://assets/branding/vxp2/aa_wordmark_960.png.import[39m[0m
[  18% ] [90m[1msavepack[22m | Storing File: res://assets/branding/vxp2/BRAND_PROVENANCE.json[39m[0m
[  18% ] [90m[1msavepack[22m | Storing File: res://.godot/imported/launcher-icon.png-f479c69914bc7dee336c92dc6f55cad7.ctex[39m[0m
[  18% ] [90m[1msavepack[22m | Storing File: res://assets/branding/launcher-icon.png.import[39m[0m
[  18% ] [90m[1msavepack[22m | Storing File: res://.godot/imported/splash-icon.png-c298e371fe0480cba34e1be71a74f999.ctex[39m[0m
[  18% ] [90m[1msavepack[22m | Storing File: res://assets/branding/splash-icon.png.import[39m[0m
[  18% ] [90m[1msavepack[22m | Storing File: res://.godot/imported/pipeline_proof.glb-2b5f0f5802c7ff710cd40dff8462bf7d.scn[39m[0m
[  18% ] [90m[1msavepack[22m | Storing File: res://assets/characters/authored/ember-vale/pipeline_proof.glb.import[39m[0m
[  18% ] [90m[1msavepack[22m | Storing File: res://assets/characters/authored/ember-vale/pipeline_proof.json[39m[0m
[  18% ] [90m[1msavepack[22m | Storing File: res://.godot/imported/pipeline_proof.glb-c5cbda8e432e535c4418cf25849975d4.scn[39m[0m
[  18% ] [90m[1msavepack[22m | Storing File: res://assets/characters/authored/juno-spark/pipeline_proof.glb.import[39m[0m
[  18% ] [90m[1msavepack[22m | Storing File: res://assets/characters/authored/juno-spark/pipeline_proof.json[39m[0m
[  18% ] [90m[1msavepack[22m | Storing File: res://.godot/imported/pipeline_proof.glb-a6bbb2a534c7f33aeeead38ec3c6a827.scn[39m[0m
[  18% ] [90m[1msavepack[22m | Storing File: res://assets/characters/authored/kaia-windrow/pipeline_proof.glb.import[39m[0m
[  18% ] [90m[1msavepack[22m | Storing File: res://assets/characters/authored/kaia-windrow/pipeline_proof.json[39m[0m
[  18% ] [90m[1msavepack[22m | Storing File: res://.godot/imported/pipeline_proof.glb-e41d97f9446c68bda8ee8d5aa33b2079.scn[39m[0m
[  18% ] [90m[1msavepack[22m | Storing File: res://assets/characters/authored/nix-calder/pipeline_proof.glb.import[39m[0m
[  18% ] [90m[1msavepack[22m | Storing File: res://assets/characters/authored/nix-calder/pipeline_proof.json[39m[0m
[  18% ] [90m[1msavepack[22m | Storing File: res://.godot/imported/pipeline_proof.glb-19b1dde58eb635205115b968c3563440.scn[39m[0m
[  18% ] [90m[1msavepack[22m | Storing File: res://assets/characters/authored/orion-vell/pipeline_proof.glb.import[39m[0m
[  18% ] [90m[1msavepack[22m | Storing File: res://assets/characters/authored/orion-vell/pipeline_proof.json[39m[0m
[  18% ] [90m[1msavepack[22m | Storing File: res://assets/characters/authored/rook-ironside/heavy.provenance.json[39m[0m
[  18% ] [90m[1msavepack[22m | Storing File: res://.godot/imported/pipeline_proof.glb-ce0dca1a6c1a2cdc182dc72eb5f24b17.scn[39m[0m
[  18% ] [90m[1msavepack[22m | Storing File: res://assets/characters/authored/rook-ironside/pipeline_proof.glb.import[39m[0m
[  18% ] [90m[1msavepack[22m | Storing File: res://assets/characters/authored/rook-ironside/pipeline_proof.json[39m[0m
[  18% ] [90m[1msavepack[22m | Storing File: res://.godot/imported/pipeline_proof.glb-393a8416a2be3d3554f7d98cde2f37a7.scn[39m[0m
[  18% ] [90m[1msavepack[22m | Storing File: res://assets/characters/authored/vesper-nyx/pipeline_proof.glb.import[39m[0m
[  19% ] [90m[1msavepack[22m | Storing File: res://assets/characters/authored/vesper-nyx/pipeline_proof.json[39m[0m
[  19% ] [90m[1msavepack[22m | Storing File: res://.godot/imported/BASE.glb-f6b14e364f1fbcb3391bd151ccd65684.scn[39m[0m
[  19% ] [90m[1msavepack[22m | Storing File: res://assets/characters/collectible_v1/ember-vale/female/BASE.glb.import[39m[0m
[  19% ] [90m[1msavepack[22m | Storing File: res://.godot/imported/BLACK_PUPPET.glb-1ad91f728e3c320c709791dd0bcc0180.scn[39m[0m
[  19% ] [90m[1msavepack[22m | Storing File: res://assets/characters/collectible_v1/ember-vale/female/BLACK_PUPPET.glb.import[39m[0m
[  19% ] [90m[1msavepack[22m | Storing File: res://.godot/imported/PRISMATIC_GRAY.glb-5d6259428419f1c499cb26c29fe0fef5.scn[39m[0m
[  19% ] [90m[1msavepack[22m | Storing File: res://assets/characters/collectible_v1/ember-vale/female/PRISMATIC_GRAY.glb.import[39m[0m
[  19% ] [90m[1msavepack[22m | Storing File: res://.godot/imported/WHITE_PUPPET.glb-34d5562d93ac881d356b4631b88f95dc.scn[39m[0m
[  19% ] [90m[1msavepack[22m | Storing File: res://assets/characters/collectible_v1/ember-vale/female/WHITE_PUPPET.glb.import[39m[0m
[  19% ] [90m[1msavepack[22m | Storing File: res://.godot/imported/BASE.glb-eb4182f52c7e1dd9ea3510a7e7e5daab.scn[39m[0m
[  19% ] [90m[1msavepack[22m | Storing File: res://assets/characters/collectible_v1/ember-vale/male/BASE.glb.import[39m[0m
[  19% ] [90m[1msavepack[22m | Storing File: res://.godot/imported/BLACK_PUPPET.glb-18627e17d089d29364853518de037e50.scn[39m[0m
[  19% ] [90m[1msavepack[22m | Storing File: res://assets/characters/collectible_v1/ember-vale/male/BLACK_PUPPET.glb.import[39m[0m
[  19% ] [90m[1msavepack[22m | Storing File: res://.godot/imported/PRISMATIC_GRAY.glb-e6056e48741c19c37585129ac372820f.scn[39m[0m
[  19% ] [90m[1msavepack[22m | Storing File: res://assets/characters/collectible_v1/ember-vale/male/PRISMATIC_GRAY.glb.import[39m[0m
[  19% ] [90m[1msavepack[22m | Storing File: res://.godot/imported/WHITE_PUPPET.glb-00f58728d98654e3760a4801b8876a6c.scn[39m[0m
[  19% ] [90m[1msavepack[22m | Storing File: res://assets/characters/collectible_v1/ember-vale/male/WHITE_PUPPET.glb.import[39m[0m
[  19% ] [90m[1msavepack[22m | Storing File: res://.godot/imported/BASE.glb-1be1bbdef142f674fb890c61bb92f724.scn[39m[0m
[  19% ] [90m[1msavepack[22m | Storing File: res://assets/characters/collectible_v1/juno-spark/female/BASE.glb.import[39m[0m
[  19% ] [90m[1msavepack[22m | Storing File: res://.godot/imported/BLACK_PUPPET.glb-fda93f7085bbbe14beadfedc8d53a27f.scn[39m[0m
[  19% ] [90m[1msavepack[22m | Storing File: res://assets/characters/collectible_v1/juno-spark/female/BLACK_PUPPET.glb.import[39m[0m
[  19% ] [90m[1msavepack[22m | Storing File: res://.godot/imported/PRISMATIC_GRAY.glb-ace555e893f6fa962b67e134e1bbf070.scn[39m[0m
[  19% ] [90m[1msavepack[22m | Storing File: res://assets/characters/collectible_v1/juno-spark/female/PRISMATIC_GRAY.glb.import[39m[0m
[  19% ] [90m[1msavepack[22m | Storing File: res://.godot/imported/WHITE_PUPPET.glb-d32c711cb39f7aabeac2ed6e84abbaa0.scn[39m[0m
[  19% ] [90m[1msavepack[22m | Storing File: res://assets/characters/collectible_v1/juno-spark/female/WHITE_PUPPET.glb.import[39m[0m
[  19% ] [90m[1msavepack[22m | Storing File: res://.godot/imported/BASE.glb-c54fc4995e5d7fcb3ce39da4d22307e0.scn[39m[0m
[  19% ] [90m[1msavepack[22m | Storing File: res://assets/characters/collectible_v1/juno-spark/male/BASE.glb.import[39m[0m
[  19% ] [90m[1msavepack[22m | Storing File: res://.godot/imported/BLACK_PUPPET.glb-73ccb0678af74326d76bfbcc090752c0.scn[39m[0m
[  19% ] [90m[1msavepack[22m | Storing File: res://assets/characters/collectible_v1/juno-spark/male/BLACK_PUPPET.glb.import[39m[0m
[  19% ] [90m[1msavepack[22m | Storing File: res://.godot/imported/PRISMATIC_GRAY.glb-308dd112a6afacce67fcb925325329a5.scn[39m[0m
[  19% ] [90m[1msavepack[22m | Storing File: res://assets/characters/collectible_v1/juno-spark/male/PRISMATIC_GRAY.glb.import[39m[0m
[  19% ] [90m[1msavepack[22m | Storing File: res://.godot/imported/WHITE_PUPPET.glb-a8981e394215fd8c5d6d5c8425670de3.scn[39m[0m
[  19% ] [90m[1msavepack[22m | Storing File: res://assets/characters/collectible_v1/juno-spark/male/WHITE_PUPPET.glb.import[39m[0m
[  19% ] [90m[1msavepack[22m | Storing File: res://.godot/imported/BASE.glb-c8ee4dac4c7ceb7fcf91fed353893c5c.scn[39m[0m
[  19% ] [90m[1msavepack[22m | Storing File: res://assets/characters/collectible_v1/kaia-windrow/female/BASE.glb.import[39m[0m
[  19% ] [90m[1msavepack[22m | Storing File: res://.godot/imported/BLACK_PUPPET.glb-8d928f46b08b3d08c0d859fa30fa1dc9.scn[39m[0m
[  19% ] [90m[1msavepack[22m | Storing File: res://assets/characters/collectible_v1/kaia-windrow/female/BLACK_PUPPET.glb.import[39m[0m
[  19% ] [90m[1msavepack[22m | Storing File: res://.godot/imported/PRISMATIC_GRAY.glb-1ae6fcbed7fc4e463cf294918f243fe6.scn[39m[0m
[  19% ] [90m[1msavepack[22m | Storing File: res://assets/characters/collectible_v1/kaia-windrow/female/PRISMATIC_GRAY.glb.import[39m[0m
[  19% ] [90m[1msavepack[22m | Storing File: res://.godot/imported/WHITE_PUPPET.glb-b2b1ddfcff8b323c35d57e0c4b65c6a1.scn[39m[0m
[  19% ] [90m[1msavepack[22m | Storing File: res://assets/characters/collectible_v1/kaia-windrow/female/WHITE_PUPPET.glb.import[39m[0m
[  19% ] [90m[1msavepack[22m | Storing File: res://.godot/imported/BASE.glb-fd18198fbbe37f5195c6402b36893d7d.scn[39m[0m
[  19% ] [90m[1msavepack[22m | Storing File: res://assets/characters/collectible_v1/kaia-windrow/male/BASE.glb.import[39m[0m
[  19% ] [90m[1msavepack[22m | Storing File: res://.godot/imported/BLACK_PUPPET.glb-73ffcf48c6e898794cbabe7b63f21420.scn[39m[0m
[  19% ] [90m[1msavepack[22m | Storing File: res://assets/characters/collectible_v1/kaia-windrow/male/BLACK_PUPPET.glb.import[39m[0m
[  19% ] [90m[1msavepack[22m | Storing File: res://.godot/imported/PRISMATIC_GRAY.glb-c883c8fdd7da1da0cc78ee96d23ddfd3.scn[39m[0m
[  19% ] [90m[1msavepack[22m | Storing File: res://assets/characters/collectible_v1/kaia-windrow/male/PRISMATIC_GRAY.glb.import[39m[0m
[  20% ] [90m[1msavepack[22m | Storing File: res://.godot/imported/WHITE_PUPPET.glb-7edb05f5c7e6073f0abdc9e753de89ef.scn[39m[0m
[  20% ] [90m[1msavepack[22m | Storing File: res://assets/characters/collectible_v1/kaia-windrow/male/WHITE_PUPPET.glb.import[39m[0m
[  20% ] [90m[1msavepack[22m | Storing File: res://.godot/imported/BASE.glb-5d679aff2b35270aafec251be9d3e538.scn[39m[0m
[  20% ] [90m[1msavepack[22m | Storing File: res://assets/characters/collectible_v1/nix-calder/female/BASE.glb.import[39m[0m
[  20% ] [90m[1msavepack[22m | Storing File: res://.godot/imported/BLACK_PUPPET.glb-2be744db56c962d0ebcc8e54fd6044ed.scn[39m[0m
[  20% ] [90m[1msavepack[22m | Storing File: res://assets/characters/collectible_v1/nix-calder/female/BLACK_PUPPET.glb.import[39m[0m
[  20% ] [90m[1msavepack[22m | Storing File: res://.godot/imported/PRISMATIC_GRAY.glb-819ef6135d7f0765b6c1c3588071f57f.scn[39m[0m
[  20% ] [90m[1msavepack[22m | Storing File: res://assets/characters/collectible_v1/nix-calder/female/PRISMATIC_GRAY.glb.import[39m[0m
[  20% ] [90m[1msavepack[22m | Storing File: res://.godot/imported/WHITE_PUPPET.glb-3de5698bf94b0acb8ef50a195e447a10.scn[39m[0m
[  20% ] [90m[1msavepack[22m | Storing File: res://assets/characters/collectible_v1/nix-calder/female/WHITE_PUPPET.glb.import[39m[0m
[  20% ] [90m[1msavepack[22m | Storing File: res://.godot/imported/BASE.glb-ef9c3347ddaaccc8d8de1046fc84186f.scn[39m[0m
[  20% ] [90m[1msavepack[22m | Storing File: res://assets/characters/collectible_v1/nix-calder/male/BASE.glb.import[39m[0m
[  20% ] [90m[1msavepack[22m | Storing File: res://.godot/imported/BLACK_PUPPET.glb-f4c8834377501b522aab6b87c510882e.scn[39m[0m
[  20% ] [90m[1msavepack[22m | Storing File: res://assets/characters/collectible_v1/nix-calder/male/BLACK_PUPPET.glb.import[39m[0m
[  20% ] [90m[1msavepack[22m | Storing File: res://.godot/imported/PRISMATIC_GRAY.glb-ed33f501bd8785dacac63b49f50e2d5a.scn[39m[0m
[  20% ] [90m[1msavepack[22m | Storing File: res://assets/characters/collectible_v1/nix-calder/male/PRISMATIC_GRAY.glb.import[39m[0m
[  20% ] [90m[1msavepack[22m | Storing File: res://.godot/imported/WHITE_PUPPET.glb-59fee56332b8624b0895f2434473d3d7.scn[39m[0m
[  20% ] [90m[1msavepack[22m | Storing File: res://assets/characters/collectible_v1/nix-calder/male/WHITE_PUPPET.glb.import[39m[0m
[  20% ] [90m[1msavepack[22m | Storing File: res://.godot/imported/BASE.glb-7aa7ca6c2aaf07f816b0b09eb4ddc92c.scn[39m[0m
[  20% ] [90m[1msavepack[22m | Storing File: res://assets/characters/collectible_v1/orion-vell/female/BASE.glb.import[39m[0m
[  20% ] [90m[1msavepack[22m | Storing File: res://.godot/imported/BLACK_PUPPET.glb-74a7e26235fc60bd3bf2636a04bc7bc6.scn[39m[0m
[  20% ] [90m[1msavepack[22m | Storing File: res://assets/characters/collectible_v1/orion-vell/female/BLACK_PUPPET.glb.import[39m[0m
[  20% ] [90m[1msavepack[22m | Storing File: res://.godot/imported/PRISMATIC_GRAY.glb-4ad777dafe896f0836efa8203e62e55d.scn[39m[0m
[  20% ] [90m[1msavepack[22m | Storing File: res://assets/characters/collectible_v1/orion-vell/female/PRISMATIC_GRAY.glb.import[39m[0m
[  20% ] [90m[1msavepack[22m | Storing File: res://.godot/imported/WHITE_PUPPET.glb-a209410bc24cc46a58b4f861697049c6.scn[39m[0m
[  20% ] [90m[1msavepack[22m | Storing File: res://assets/characters/collectible_v1/orion-vell/female/WHITE_PUPPET.glb.import[39m[0m
[  20% ] [90m[1msavepack[22m | Storing File: res://.godot/imported/BASE.glb-f4f405b7bf451e0b29b9b026adebaef7.scn[39m[0m
[  20% ] [90m[1msavepack[22m | Storing File: res://assets/characters/collectible_v1/orion-vell/male/BASE.glb.import[39m[0m
[  20% ] [90m[1msavepack[22m | Storing File: res://.godot/imported/BLACK_PUPPET.glb-d4b240d3bb17568b29d5300bfae8f23f.scn[39m[0m
[  20% ] [90m[1msavepack[22m | Storing File: res://assets/characters/collectible_v1/orion-vell/male/BLACK_PUPPET.glb.import[39m[0m
[  20% ] [90m[1msavepack[22m | Storing File: res://.godot/imported/PRISMATIC_GRAY.glb-b7dd6f8e20f0ead711d43e21b6050161.scn[39m[0m
[  20% ] [90m[1msavepack[22m | Storing File: res://assets/characters/collectible_v1/orion-vell/male/PRISMATIC_GRAY.glb.import[39m[0m
[  20% ] [90m[1msavepack[22m | Storing File: res://.godot/imported/WHITE_PUPPET.glb-0443f801b8fe15c8e8623d6b380f5289.scn[39m[0m
[  20% ] [90m[1msavepack[22m | Storing File: res://assets/characters/collectible_v1/orion-vell/male/WHITE_PUPPET.glb.import[39m[0m
[  20% ] [90m[1msavepack[22m | Storing File: res://.godot/imported/BASE.glb-b8692ffe7ec7cb18116160fbb82555dd.scn[39m[0m
[  20% ] [90m[1msavepack[22m | Storing File: res://assets/characters/collectible_v1/rook-ironside/female/BASE.glb.import[39m[0m
[  20% ] [90m[1msavepack[22m | Storing File: res://.godot/imported/BLACK_PUPPET.glb-6eca5e2d059f00aa095c243762fc47f0.scn[39m[0m
[  20% ] [90m[1msavepack[22m | Storing File: res://assets/characters/collectible_v1/rook-ironside/female/BLACK_PUPPET.glb.import[39m[0m
[  20% ] [90m[1msavepack[22m | Storing File: res://.godot/imported/PRISMATIC_GRAY.glb-b28234d8031514e9ec529bc8749cf344.scn[39m[0m
[  20% ] [90m[1msavepack[22m | Storing File: res://assets/characters/collectible_v1/rook-ironside/female/PRISMATIC_GRAY.glb.import[39m[0m
[  20% ] [90m[1msavepack[22m | Storing File: res://.godot/imported/WHITE_PUPPET.glb-491be2e48a56ea6c60595a20c40693cb.scn[39m[0m
[  20% ] [90m[1msavepack[22m | Storing File: res://assets/characters/collectible_v1/rook-ironside/female/WHITE_PUPPET.glb.import[39m[0m
[  20% ] [90m[1msavepack[22m | Storing File: res://.godot/imported/BASE.glb-4f170bc59421399275e309c389d52cb1.scn[39m[0m
[  20% ] [90m[1msavepack[22m | Storing File: res://assets/characters/collectible_v1/rook-ironside/male/BASE.glb.import[39m[0m
[  20% ] [90m[1msavepack[22m | Storing File: res://.godot/imported/BLACK_PUPPET.glb-6aeee9a9cf7e10b6d5f754560dbff9e2.scn[39m[0m
[  20% ] [90m[1msavepack[22m | Storing File: res://assets/characters/collectible_v1/rook-ironside/male/BLACK_PUPPET.glb.import[39m[0m
[  20% ] [90m[1msavepack[22m | Storing File: res://.godot/imported/PRISMATIC_GRAY.glb-8d9611feddcabcdb05f1ffe4405f409d.scn[39m[0m
[  20% ] [90m[1msavepack[22m | Storing File: res://assets/characters/collectible_v1/rook-ironside/male/PRISMATIC_GRAY.glb.import[39m[0m
[  21% ] [90m[1msavepack[22m | Storing File: res://.godot/imported/WHITE_PUPPET.glb-84616e78401d7b384f282fc97e4d83cf.scn[39m[0m
[  21% ] [90m[1msavepack[22m | Storing File: res://assets/characters/collectible_v1/rook-ironside/male/WHITE_PUPPET.glb.import[39m[0m
[  21% ] [90m[1msavepack[22m | Storing File: res://.godot/imported/BASE.glb-dd53cc1a43ef299da70267311caa3f0d.scn[39m[0m
[  21% ] [90m[1msavepack[22m | Storing File: res://assets/characters/collectible_v1/vesper-nyx/female/BASE.glb.import[39m[0m
[  21% ] [90m[1msavepack[22m | Storing File: res://.godot/imported/BLACK_PUPPET.glb-8939925108bf7b47511e86416875e671.scn[39m[0m
[  21% ] [90m[1msavepack[22m | Storing File: res://assets/characters/collectible_v1/vesper-nyx/female/BLACK_PUPPET.glb.import[39m[0m
[  21% ] [90m[1msavepack[22m | Storing File: res://.godot/imported/PRISMATIC_GRAY.glb-ce1937c7856a9b404ecef6e5b0d31b8e.scn[39m[0m
[  21% ] [90m[1msavepack[22m | Storing File: res://assets/characters/collectible_v1/vesper-nyx/female/PRISMATIC_GRAY.glb.import[39m[0m
[  21% ] [90m[1msavepack[22m | Storing File: res://.godot/imported/WHITE_PUPPET.glb-a7e713318cceab6e85bcf62a6c2c144b.scn[39m[0m
[  21% ] [90m[1msavepack[22m | Storing File: res://assets/characters/collectible_v1/vesper-nyx/female/WHITE_PUPPET.glb.import[39m[0m
[  21% ] [90m[1msavepack[22m | Storing File: res://.godot/imported/BASE.glb-e738bbfc5cfcb2f728c506e6a65b8afa.scn[39m[0m
[  21% ] [90m[1msavepack[22m | Storing File: res://assets/characters/collectible_v1/vesper-nyx/male/BASE.glb.import[39m[0m
[  21% ] [90m[1msavepack[22m | Storing File: res://.godot/imported/BLACK_PUPPET.glb-5095e7c3267984c5d8a20a207a9a3b5f.scn[39m[0m
[  21% ] [90m[1msavepack[22m | Storing File: res://assets/characters/collectible_v1/vesper-nyx/male/BLACK_PUPPET.glb.import[39m[0m
[  21% ] [90m[1msavepack[22m | Storing File: res://.godot/imported/PRISMATIC_GRAY.glb-05915d1f4a8b11384e59a546b0e24945.scn[39m[0m
[  21% ] [90m[1msavepack[22m | Storing File: res://assets/characters/collectible_v1/vesper-nyx/male/PRISMATIC_GRAY.glb.import[39m[0m
[  21% ] [90m[1msavepack[22m | Storing File: res://.godot/imported/WHITE_PUPPET.glb-8a73d2a2bc76fcbf12fa0960c05e5d89.scn[39m[0m
[  21% ] [90m[1msavepack[22m | Storing File: res://assets/characters/collectible_v1/vesper-nyx/male/WHITE_PUPPET.glb.import[39m[0m
[  21% ] [90m[1msavepack[22m | Storing File: res://.godot/imported/BASE.glb-9e763b1441e6daa3d5aabbcf545853d5.scn[39m[0m
[  21% ] [90m[1msavepack[22m | Storing File: res://assets/characters/collectible_v1/yang/female/BASE.glb.import[39m[0m
[  21% ] [90m[1msavepack[22m | Storing File: res://.godot/imported/COSMIC_BOSS.glb-b6af002dbc48474faa13cf9d29b70b9d.scn[39m[0m
[  21% ] [90m[1msavepack[22m | Storing File: res://assets/characters/collectible_v1/yang/female/COSMIC_BOSS.glb.import[39m[0m
[  21% ] [90m[1msavepack[22m | Storing File: res://.godot/imported/BASE.glb-7c4e764c9cf0fa413db05acee182f793.scn[39m[0m
[  21% ] [90m[1msavepack[22m | Storing File: res://assets/characters/collectible_v1/yang/male/BASE.glb.import[39m[0m
[  21% ] [90m[1msavepack[22m | Storing File: res://.godot/imported/COSMIC_BOSS.glb-60a6912049567ecc6b252b7c7cb149f7.scn[39m[0m
[  21% ] [90m[1msavepack[22m | Storing File: res://assets/characters/collectible_v1/yang/male/COSMIC_BOSS.glb.import[39m[0m
[  21% ] [90m[1msavepack[22m | Storing File: res://.godot/imported/BASE.glb-ea4f6349b09039a811e2f82dc0c54fcf.scn[39m[0m
[  21% ] [90m[1msavepack[22m | Storing File: res://assets/characters/collectible_v1/yin/female/BASE.glb.import[39m[0m
[  21% ] [90m[1msavepack[22m | Storing File: res://.godot/imported/COSMIC_BOSS.glb-5f492cc6e36eefb353b4671e813b7149.scn[39m[0m
[  21% ] [90m[1msavepack[22m | Storing File: res://assets/characters/collectible_v1/yin/female/COSMIC_BOSS.glb.import[39m[0m
[  21% ] [90m[1msavepack[22m | Storing File: res://.godot/imported/BASE.glb-74f6ab72e03358447328a730bff3c8aa.scn[39m[0m
[  21% ] [90m[1msavepack[22m | Storing File: res://assets/characters/collectible_v1/yin/male/BASE.glb.import[39m[0m
[  21% ] [90m[1msavepack[22m | Storing File: res://.godot/imported/COSMIC_BOSS.glb-f6e48e4267fbb40bcc8a17a8622f60a9.scn[39m[0m
[  21% ] [90m[1msavepack[22m | Storing File: res://assets/characters/collectible_v1/yin/male/COSMIC_BOSS.glb.import[39m[0m
[  21% ] [90m[1msavepack[22m | Storing File: res://.godot/imported/female.glb-cfe6a74fd6fd5869e93ac8d12bf21146.scn[39m[0m
[  21% ] [90m[1msavepack[22m | Storing File: res://assets/characters/golden_slice/kaia-windrow/female.glb.import[39m[0m
[  21% ] [90m[1msavepack[22m | Storing File: res://.godot/imported/male.glb-910a0103b3f9c5b345ccf054c6314943.scn[39m[0m
[  21% ] [90m[1msavepack[22m | Storing File: res://assets/characters/golden_slice/kaia-windrow/male.glb.import[39m[0m
[  21% ] [90m[1msavepack[22m | Storing File: res://.godot/imported/ember-vale.glb-27dc38683d7de08c798338de6cc647e2.scn[39m[0m
[  21% ] [90m[1msavepack[22m | Storing File: res://assets/characters/procedural_final/ember-vale.glb.import[39m[0m
[  21% ] [90m[1msavepack[22m | Storing File: res://.godot/imported/juno-spark.glb-aa5b77be7a6838ad2a6d7cbd67a9d143.scn[39m[0m
[  21% ] [90m[1msavepack[22m | Storing File: res://assets/characters/procedural_final/juno-spark.glb.import[39m[0m
[  21% ] [90m[1msavepack[22m | Storing File: res://.godot/imported/kaia-windrow.glb-99a1663dc80b81a84181d7bfa67afc1c.scn[39m[0m
[  21% ] [90m[1msavepack[22m | Storing File: res://assets/characters/procedural_final/kaia-windrow.glb.import[39m[0m
[  21% ] [90m[1msavepack[22m | Storing File: res://assets/characters/procedural_final/manifest.json[39m[0m
[  21% ] [90m[1msavepack[22m | Storing File: res://.godot/imported/nix-calder.glb-7b2fa3f6e54c66c1ddf3254adb0566bb.scn[39m[0m
[  21% ] [90m[1msavepack[22m | Storing File: res://assets/characters/procedural_final/nix-calder.glb.import[39m[0m
[  22% ] [90m[1msavepack[22m | Storing File: res://.godot/imported/orion-vell.glb-386c6d8ab36ba5e80955261d008c37cd.scn[39m[0m
[  22% ] [90m[1msavepack[22m | Storing File: res://assets/characters/procedural_final/orion-vell.glb.import[39m[0m
[  22% ] [90m[1msavepack[22m | Storing File: res://.godot/imported/rook-ironside.glb-c8fc2e02d02b85c91fcd1e331065c973.scn[39m[0m
[  22% ] [90m[1msavepack[22m | Storing File: res://assets/characters/procedural_final/rook-ironside.glb.import[39m[0m
[  22% ] [90m[1msavepack[22m | Storing File: res://.godot/imported/vesper-nyx.glb-80f1c21cd1586c2d35177683730796c7.scn[39m[0m
[  22% ] [90m[1msavepack[22m | Storing File: res://assets/characters/procedural_final/vesper-nyx.glb.import[39m[0m
[  22% ] [90m[1msavepack[22m | Storing File: res://.godot/imported/ember-vale.glb-520ec9eb90312090dfea4a935aa4ab49.scn[39m[0m
[  22% ] [90m[1msavepack[22m | Storing File: res://assets/characters/proxy/ember-vale.glb.import[39m[0m
[  22% ] [90m[1msavepack[22m | Storing File: res://.godot/imported/juno-spark.glb-6f79ba20bf2811dee9e23e278ed7ffa4.scn[39m[0m
[  22% ] [90m[1msavepack[22m | Storing File: res://assets/characters/proxy/juno-spark.glb.import[39m[0m
[  22% ] [90m[1msavepack[22m | Storing File: res://.godot/imported/kaia-windrow.glb-8e8574eabe3228352546a265ced2705c.scn[39m[0m
[  22% ] [90m[1msavepack[22m | Storing File: res://assets/characters/proxy/kaia-windrow.glb.import[39m[0m
[  22% ] [90m[1msavepack[22m | Storing File: res://assets/characters/proxy/manifest.json[39m[0m
[  22% ] [90m[1msavepack[22m | Storing File: res://.godot/imported/nix-calder.glb-c2d52a2f59781adafb7f55d51e61a33a.scn[39m[0m
[  22% ] [90m[1msavepack[22m | Storing File: res://assets/characters/proxy/nix-calder.glb.import[39m[0m
[  22% ] [90m[1msavepack[22m | Storing File: res://.godot/imported/orion-vell.glb-11f8c4e380ef1a4f314d14de4d27f2a3.scn[39m[0m
[  22% ] [90m[1msavepack[22m | Storing File: res://assets/characters/proxy/orion-vell.glb.import[39m[0m
[  22% ] [90m[1msavepack[22m | Storing File: res://.godot/imported/rook-ironside.glb-8a377355259ba5923a9a9ce4b0f6ac8e.scn[39m[0m
[  22% ] [90m[1msavepack[22m | Storing File: res://assets/characters/proxy/rook-ironside.glb.import[39m[0m
[  22% ] [90m[1msavepack[22m | Storing File: res://.godot/imported/vesper-nyx.glb-4701628a400c3b8ff8c6bf670faa5213.scn[39m[0m
[  22% ] [90m[1msavepack[22m | Storing File: res://assets/characters/proxy/vesper-nyx.glb.import[39m[0m
[  22% ] [90m[1msavepack[22m | Storing File: res://.godot/exported/133200997/export-f8a8863692c45444cc1d392081f0eb3a-aa_theme.res[39m[0m
[  22% ] [90m[1msavepack[22m | Storing File: res://.godot/imported/stage_cascade-foundry.svg-769321f94c0056f993a818168a20d40b.ctex[39m[0m
[  22% ] [90m[1msavepack[22m | Storing File: res://assets/placeholder/stage_cascade-foundry.svg.import[39m[0m
[  22% ] [90m[1msavepack[22m | Storing File: res://.godot/imported/stage_ember-courtyard.svg-621cbd51d4777789e8907bd59fbedabd.ctex[39m[0m
[  22% ] [90m[1msavepack[22m | Storing File: res://assets/placeholder/stage_ember-courtyard.svg.import[39m[0m
[  22% ] [90m[1msavepack[22m | Storing File: res://.godot/imported/stage_void-pier.svg-d4c30a104d541247dfa2438dc150f4d8.ctex[39m[0m
[  22% ] [90m[1msavepack[22m | Storing File: res://assets/placeholder/stage_void-pier.svg.import[39m[0m
[  22% ] [90m[1msavepack[22m | Storing File: res://.godot/imported/cascade-foundry.svg-5b06edc7c2e881f30da41ae8536868cf.ctex[39m[0m
[  22% ] [90m[1msavepack[22m | Storing File: res://assets/stages/procedural/cascade-foundry.svg.import[39m[0m
[  22% ] [90m[1msavepack[22m | Storing File: res://.godot/imported/ember-courtyard.svg-29a14322900997a1dda9bea8e88a41bb.ctex[39m[0m
[  22% ] [90m[1msavepack[22m | Storing File: res://assets/stages/procedural/ember-courtyard.svg.import[39m[0m
[  22% ] [90m[1msavepack[22m | Storing File: res://assets/stages/procedural/manifest.json[39m[0m
[  22% ] [90m[1msavepack[22m | Storing File: res://.godot/imported/neon-rooftops.svg-f15a535224d722ccccd48685ff8d036f.ctex[39m[0m
[  22% ] [90m[1msavepack[22m | Storing File: res://assets/stages/procedural/neon-rooftops.svg.import[39m[0m
[  22% ] [90m[1msavepack[22m | Storing File: res://.godot/imported/skyline-arena.svg-a207a54ede135c95d48c46a13b78f5cf.ctex[39m[0m
[  22% ] [90m[1msavepack[22m | Storing File: res://assets/stages/procedural/skyline-arena.svg.import[39m[0m
[  22% ] [90m[1msavepack[22m | Storing File: res://.godot/imported/training-grid.svg-b6de7a334f4e96b2d4fdb0b323889777.ctex[39m[0m
[  22% ] [90m[1msavepack[22m | Storing File: res://assets/stages/procedural/training-grid.svg.import[39m[0m
[  22% ] [90m[1msavepack[22m | Storing File: res://.godot/imported/void-pier.svg-32bc022fa4d4944b129454ba8bced685.ctex[39m[0m
[  22% ] [90m[1msavepack[22m | Storing File: res://assets/stages/procedural/void-pier.svg.import[39m[0m
[  22% ] [90m[1msavepack[22m | Storing File: res://.godot/exported/133200997/export-cde0a1fb86a6fbc3cb18ea278d2e7439-aa_vxp2_theme.res[39m[0m
[  22% ] [90m[1msavepack[22m | Storing File: res://content/fighters/ember-vale/animations/procedural/aerial_back.anim.json[39m[0m
[  23% ] [90m[1msavepack[22m | Storing File: res://content/fighters/ember-vale/animations/procedural/aerial_down.anim.json[39m[0m
[  23% ] [90m[1msavepack[22m | Storing File: res://content/fighters/ember-vale/animations/procedural/aerial_forward.anim.json[39m[0m
[  23% ] [90m[1msavepack[22m | Storing File: res://content/fighters/ember-vale/animations/procedural/aerial_neutral.anim.json[39m[0m
[  23% ] [90m[1msavepack[22m | Storing File: res://content/fighters/ember-vale/animations/procedural/aerial_up.anim.json[39m[0m
[  23% ] [90m[1msavepack[22m | Storing File: res://content/fighters/ember-vale/animations/procedural/air_dodge.anim.json[39m[0m
[  23% ] [90m[1msavepack[22m | Storing File: res://content/fighters/ember-vale/animations/procedural/air_dodge_back.anim.json[39m[0m
[  23% ] [90m[1msavepack[22m | Storing File: res://content/fighters/ember-vale/animations/procedural/air_dodge_down.anim.json[39m[0m
[  23% ] [90m[1msavepack[22m | Storing File: res://content/fighters/ember-vale/animations/procedural/air_dodge_forward.anim.json[39m[0m
[  23% ] [90m[1msavepack[22m | Storing File: res://content/fighters/ember-vale/animations/procedural/air_dodge_neutral.anim.json[39m[0m
[  23% ] [90m[1msavepack[22m | Storing File: res://content/fighters/ember-vale/animations/procedural/air_dodge_up.anim.json[39m[0m
[  23% ] [90m[1msavepack[22m | Storing File: res://content/fighters/ember-vale/animations/procedural/air_drift.anim.json[39m[0m
[  23% ] [90m[1msavepack[22m | Storing File: res://content/fighters/ember-vale/animations/procedural/aura_burst.anim.json[39m[0m
[  23% ] [90m[1msavepack[22m | Storing File: res://content/fighters/ember-vale/animations/procedural/aura_burst_active.anim.json[39m[0m
[  23% ] [90m[1msavepack[22m | Storing File: res://content/fighters/ember-vale/animations/procedural/aura_burst_move.anim.json[39m[0m
[  23% ] [90m[1msavepack[22m | Storing File: res://content/fighters/ember-vale/animations/procedural/aura_burst_recovery.anim.json[39m[0m
[  23% ] [90m[1msavepack[22m | Storing File: res://content/fighters/ember-vale/animations/procedural/aura_burst_startup.anim.json[39m[0m
[  23% ] [90m[1msavepack[22m | Storing File: res://content/fighters/ember-vale/animations/procedural/aura_charge.anim.json[39m[0m
[  23% ] [90m[1msavepack[22m | Storing File: res://content/fighters/ember-vale/animations/procedural/aura_charge_move.anim.json[39m[0m
[  23% ] [90m[1msavepack[22m | Storing File: res://content/fighters/ember-vale/animations/procedural/aura_level_1.anim.json[39m[0m
[  23% ] [90m[1msavepack[22m | Storing File: res://content/fighters/ember-vale/animations/procedural/aura_level_2.anim.json[39m[0m
[  23% ] [90m[1msavepack[22m | Storing File: res://content/fighters/ember-vale/animations/procedural/aura_level_3.anim.json[39m[0m
[  23% ] [90m[1msavepack[22m | Storing File: res://content/fighters/ember-vale/animations/procedural/aura_ready.anim.json[39m[0m
[  23% ] [90m[1msavepack[22m | Storing File: res://content/fighters/ember-vale/animations/procedural/aura_release.anim.json[39m[0m
[  23% ] [90m[1msavepack[22m | Storing File: res://content/fighters/ember-vale/animations/procedural/aura_super_transform.anim.json[39m[0m
[  24% ] [90m[1msavepack[22m | Storing File: res://content/fighters/ember-vale/animations/procedural/back_air.anim.json[39m[0m
[  24% ] [90m[1msavepack[22m | Storing File: res://content/fighters/ember-vale/animations/procedural/character_select_confirm.anim.json[39m[0m
[  24% ] [90m[1msavepack[22m | Storing File: res://content/fighters/ember-vale/animations/procedural/character_select_idle.anim.json[39m[0m
[  24% ] [90m[1msavepack[22m | Storing File: res://content/fighters/ember-vale/animations/procedural/critical_launch.anim.json[39m[0m
[  24% ] [90m[1msavepack[22m | Storing File: res://content/fighters/ember-vale/animations/procedural/crouch.anim.json[39m[0m
[  24% ] [90m[1msavepack[22m | Storing File: res://content/fighters/ember-vale/animations/procedural/crouch_end.anim.json[39m[0m
[  24% ] [90m[1msavepack[22m | Storing File: res://content/fighters/ember-vale/animations/procedural/crouch_hold.anim.json[39m[0m
[  24% ] [90m[1msavepack[22m | Storing File: res://content/fighters/ember-vale/animations/procedural/crouch_start.anim.json[39m[0m
[  24% ] [90m[1msavepack[22m | Storing File: res://content/fighters/ember-vale/animations/procedural/dash.anim.json[39m[0m
[  24% ] [90m[1msavepack[22m | Storing File: res://content/fighters/ember-vale/animations/procedural/dash_attack.anim.json[39m[0m
[  24% ] [90m[1msavepack[22m | Storing File: res://content/fighters/ember-vale/animations/procedural/dash_loop.anim.json[39m[0m
[  24% ] [90m[1msavepack[22m | Storing File: res://content/fighters/ember-vale/animations/procedural/dash_start.anim.json[39m[0m
[  24% ] [90m[1msavepack[22m | Storing File: res://content/fighters/ember-vale/animations/procedural/dash_stop.anim.json[39m[0m
[  24% ] [90m[1msavepack[22m | Storing File: res://content/fighters/ember-vale/animations/procedural/defeat.anim.json[39m[0m
[  24% ] [90m[1msavepack[22m | Storing File: res://content/fighters/ember-vale/animations/procedural/dodge.anim.json[39m[0m
[  24% ] [90m[1msavepack[22m | Storing File: res://content/fighters/ember-vale/animations/procedural/dodge_back.anim.json[39m[0m
[  24% ] [90m[1msavepack[22m | Storing File: res://content/fighters/ember-vale/animations/procedural/dodge_forward.anim.json[39m[0m
[  24% ] [90m[1msavepack[22m | Storing File: res://content/fighters/ember-vale/animations/procedural/double_jump.anim.json[39m[0m
[  24% ] [90m[1msavepack[22m | Storing File: res://content/fighters/ember-vale/animations/procedural/down_air.anim.json[39m[0m
[  24% ] [90m[1msavepack[22m | Storing File: res://content/fighters/ember-vale/animations/procedural/down_special.anim.json[39m[0m
[  24% ] [90m[1msavepack[22m | Storing File: res://content/fighters/ember-vale/animations/procedural/down_tilt.anim.json[39m[0m
[  24% ] [90m[1msavepack[22m | Storing File: res://content/fighters/ember-vale/animations/procedural/edge_warning.anim.json[39m[0m
[  24% ] [90m[1msavepack[22m | Storing File: res://content/fighters/ember-vale/animations/procedural/fall.anim.json[39m[0m
[  24% ] [90m[1msavepack[22m | Storing File: res://content/fighters/ember-vale/animations/procedural/fast_fall.anim.json[39m[0m
[  24% ] [90m[1msavepack[22m | Storing File: res://content/fighters/ember-vale/animations/procedural/forward_air.anim.json[39m[0m
[  25% ] [90m[1msavepack[22m | Storing File: res://content/fighters/ember-vale/animations/procedural/forward_tilt.anim.json[39m[0m
[  25% ] [90m[1msavepack[22m | Storing File: res://content/fighters/ember-vale/animations/procedural/grab.anim.json[39m[0m
[  25% ] [90m[1msavepack[22m | Storing File: res://content/fighters/ember-vale/animations/procedural/grab_active.anim.json[39m[0m
[  25% ] [90m[1msavepack[22m | Storing File: res://content/fighters/ember-vale/animations/procedural/grab_break.anim.json[39m[0m
[  25% ] [90m[1msavepack[22m | Storing File: res://content/fighters/ember-vale/animations/procedural/grab_hold.anim.json[39m[0m
[  25% ] [90m[1msavepack[22m | Storing File: res://content/fighters/ember-vale/animations/procedural/grab_startup.anim.json[39m[0m
[  25% ] [90m[1msavepack[22m | Storing File: res://content/fighters/ember-vale/animations/procedural/grab_whiff.anim.json[39m[0m
[  25% ] [90m[1msavepack[22m | Storing File: res://content/fighters/ember-vale/animations/procedural/ground_bounce.anim.json[39m[0m
[  25% ] [90m[1msavepack[22m | Storing File: res://content/fighters/ember-vale/animations/procedural/heavy.anim.json[39m[0m
[  25% ] [90m[1msavepack[22m | Storing File: res://content/fighters/ember-vale/animations/procedural/heavy_attack.anim.json[39m[0m
[  25% ] [90m[1msavepack[22m | Storing File: res://content/fighters/ember-vale/animations/procedural/hitstop_pose.anim.json[39m[0m
[  25% ] [90m[1msavepack[22m | Storing File: res://content/fighters/ember-vale/animations/procedural/hitstun_ground.anim.json[39m[0m
[  25% ] [90m[1msavepack[22m | Storing File: res://content/fighters/ember-vale/animations/procedural/hurt.anim.json[39m[0m
[  25% ] [90m[1msavepack[22m | Storing File: res://content/fighters/ember-vale/animations/procedural/hurt_heavy.anim.json[39m[0m
[  25% ] [90m[1msavepack[22m | Storing File: res://content/fighters/ember-vale/animations/procedural/hurt_light.anim.json[39m[0m
[  25% ] [90m[1msavepack[22m | Storing File: res://content/fighters/ember-vale/animations/procedural/hurt_light_back.anim.json[39m[0m
[  25% ] [90m[1msavepack[22m | Storing File: res://content/fighters/ember-vale/animations/procedural/hurt_light_front.anim.json[39m[0m
[  25% ] [90m[1msavepack[22m | Storing File: res://content/fighters/ember-vale/animations/procedural/hurt_medium.anim.json[39m[0m
[  25% ] [90m[1msavepack[22m | Storing File: res://content/fighters/ember-vale/animations/procedural/idle.anim.json[39m[0m
[  25% ] [90m[1msavepack[22m | Storing File: res://content/fighters/ember-vale/animations/procedural/idle_long.anim.json[39m[0m
[  25% ] [90m[1msavepack[22m | Storing File: res://content/fighters/ember-vale/animations/procedural/idle_primary.anim.json[39m[0m
[  25% ] [90m[1msavepack[22m | Storing File: res://content/fighters/ember-vale/animations/procedural/idle_secondary.anim.json[39m[0m
[  25% ] [90m[1msavepack[22m | Storing File: res://content/fighters/ember-vale/animations/procedural/idle_variant.anim.json[39m[0m
[  25% ] [90m[1msavepack[22m | Storing File: res://content/fighters/ember-vale/animations/procedural/jab.anim.json[39m[0m
[  26% ] [90m[1msavepack[22m | Storing File: res://content/fighters/ember-vale/animations/procedural/jab_1.anim.json[39m[0m
[  26% ] [90m[1msavepack[22m | Storing File: res://content/fighters/ember-vale/animations/procedural/jab_2.anim.json[39m[0m
[  26% ] [90m[1msavepack[22m | Storing File: res://content/fighters/ember-vale/animations/procedural/jab_chain_2.anim.json[39m[0m
[  26% ] [90m[1msavepack[22m | Storing File: res://content/fighters/ember-vale/animations/procedural/jab_chain_3.anim.json[39m[0m
[  26% ] [90m[1msavepack[22m | Storing File: res://content/fighters/ember-vale/animations/procedural/jab_finisher.anim.json[39m[0m
[  26% ] [90m[1msavepack[22m | Storing File: res://content/fighters/ember-vale/animations/procedural/jump.anim.json[39m[0m
[  26% ] [90m[1msavepack[22m | Storing File: res://content/fighters/ember-vale/animations/procedural/jump_apex.anim.json[39m[0m
[  26% ] [90m[1msavepack[22m | Storing File: res://content/fighters/ember-vale/animations/procedural/jump_rise.anim.json[39m[0m
[  26% ] [90m[1msavepack[22m | Storing File: res://content/fighters/ember-vale/animations/procedural/jump_squat.anim.json[39m[0m
[  26% ] [90m[1msavepack[22m | Storing File: res://content/fighters/ember-vale/animations/procedural/jump_start.anim.json[39m[0m
[  26% ] [90m[1msavepack[22m | Storing File: res://content/fighters/ember-vale/animations/procedural/knockdown.anim.json[39m[0m
[  26% ] [90m[1msavepack[22m | Storing File: res://content/fighters/ember-vale/animations/procedural/ko.anim.json[39m[0m
[  26% ] [90m[1msavepack[22m | Storing File: res://content/fighters/ember-vale/animations/procedural/land.anim.json[39m[0m
[  26% ] [90m[1msavepack[22m | Storing File: res://content/fighters/ember-vale/animations/procedural/landing.anim.json[39m[0m
[  26% ] [90m[1msavepack[22m | Storing File: res://content/fighters/ember-vale/animations/procedural/land_hard.anim.json[39m[0m
[  26% ] [90m[1msavepack[22m | Storing File: res://content/fighters/ember-vale/animations/procedural/land_soft.anim.json[39m[0m
[  26% ] [90m[1msavepack[22m | Storing File: res://content/fighters/ember-vale/animations/procedural/launch.anim.json[39m[0m
[  26% ] [90m[1msavepack[22m | Storing File: res://content/fighters/ember-vale/animations/procedural/launched.anim.json[39m[0m
[  26% ] [90m[1msavepack[22m | Storing File: res://content/fighters/ember-vale/animations/procedural/launch_horizontal.anim.json[39m[0m
[  26% ] [90m[1msavepack[22m | Storing File: res://content/fighters/ember-vale/animations/procedural/launch_vertical.anim.json[39m[0m
[  26% ] [90m[1msavepack[22m | Storing File: res://content/fighters/ember-vale/animations/procedural/ledge_attack.anim.json[39m[0m
[  26% ] [90m[1msavepack[22m | Storing File: res://content/fighters/ember-vale/animations/procedural/ledge_drop.anim.json[39m[0m
[  26% ] [90m[1msavepack[22m | Storing File: res://content/fighters/ember-vale/animations/procedural/ledge_getup.anim.json[39m[0m
[  26% ] [90m[1msavepack[22m | Storing File: res://content/fighters/ember-vale/animations/procedural/ledge_grab.anim.json[39m[0m
[  27% ] [90m[1msavepack[22m | Storing File: res://content/fighters/ember-vale/animations/procedural/ledge_hang.anim.json[39m[0m
[  27% ] [90m[1msavepack[22m | Storing File: res://content/fighters/ember-vale/animations/procedural/ledge_jump.anim.json[39m[0m
[  27% ] [90m[1msavepack[22m | Storing File: res://content/fighters/ember-vale/animations/procedural/ledge_roll.anim.json[39m[0m
[  27% ] [90m[1msavepack[22m | Storing File: res://content/fighters/ember-vale/animations/procedural/ledge_teeter.anim.json[39m[0m
[  27% ] [90m[1msavepack[22m | Storing File: res://content/fighters/ember-vale/animations/procedural/manifest.json[39m[0m
[  27% ] [90m[1msavepack[22m | Storing File: res://content/fighters/ember-vale/animations/procedural/match_intro.anim.json[39m[0m
[  27% ] [90m[1msavepack[22m | Storing File: res://content/fighters/ember-vale/animations/procedural/neutral_air.anim.json[39m[0m
[  27% ] [90m[1msavepack[22m | Storing File: res://content/fighters/ember-vale/animations/procedural/neutral_special_projectile.anim.json[39m[0m
[  27% ] [90m[1msavepack[22m | Storing File: res://content/fighters/ember-vale/animations/procedural/platform_drop.anim.json[39m[0m
[  27% ] [90m[1msavepack[22m | Storing File: res://content/fighters/ember-vale/animations/procedural/pratfall.anim.json[39m[0m
[  27% ] [90m[1msavepack[22m | Storing File: res://content/fighters/ember-vale/animations/procedural/projectile_full.anim.json[39m[0m
[  27% ] [90m[1msavepack[22m | Storing File: res://content/fighters/ember-vale/animations/procedural/projectile_medium.anim.json[39m[0m
[  27% ] [90m[1msavepack[22m | Storing File: res://content/fighters/ember-vale/animations/procedural/projectile_tap.anim.json[39m[0m
[  27% ] [90m[1msavepack[22m | Storing File: res://content/fighters/ember-vale/animations/procedural/pummel.anim.json[39m[0m
[  27% ] [90m[1msavepack[22m | Storing File: res://content/fighters/ember-vale/animations/procedural/recovery.anim.json[39m[0m
[  27% ] [90m[1msavepack[22m | Storing File: res://content/fighters/ember-vale/animations/procedural/respawn.anim.json[39m[0m
[  27% ] [90m[1msavepack[22m | Storing File: res://content/fighters/ember-vale/animations/procedural/results_idle.anim.json[39m[0m
[  27% ] [90m[1msavepack[22m | Storing File: res://content/fighters/ember-vale/animations/procedural/roll_backward.anim.json[39m[0m
[  27% ] [90m[1msavepack[22m | Storing File: res://content/fighters/ember-vale/animations/procedural/roll_forward.anim.json[39m[0m
[  27% ] [90m[1msavepack[22m | Storing File: res://content/fighters/ember-vale/animations/procedural/run.anim.json[39m[0m
[  27% ] [90m[1msavepack[22m | Storing File: res://content/fighters/ember-vale/animations/procedural/run_loop.anim.json[39m[0m
[  27% ] [90m[1msavepack[22m | Storing File: res://content/fighters/ember-vale/animations/procedural/run_start.anim.json[39m[0m
[  27% ] [90m[1msavepack[22m | Storing File: res://content/fighters/ember-vale/animations/procedural/run_stop.anim.json[39m[0m
[  27% ] [90m[1msavepack[22m | Storing File: res://content/fighters/ember-vale/animations/procedural/shield.anim.json[39m[0m
[  28% ] [90m[1msavepack[22m | Storing File: res://content/fighters/ember-vale/animations/procedural/shield_break.anim.json[39m[0m
[  28% ] [90m[1msavepack[22m | Storing File: res://content/fighters/ember-vale/animations/procedural/shield_hit.anim.json[39m[0m
[  28% ] [90m[1msavepack[22m | Storing File: res://content/fighters/ember-vale/animations/procedural/shield_hold.anim.json[39m[0m
[  28% ] [90m[1msavepack[22m | Storing File: res://content/fighters/ember-vale/animations/procedural/shield_release.anim.json[39m[0m
[  28% ] [90m[1msavepack[22m | Storing File: res://content/fighters/ember-vale/animations/procedural/shield_start.anim.json[39m[0m
[  28% ] [90m[1msavepack[22m | Storing File: res://content/fighters/ember-vale/animations/procedural/shield_stun.anim.json[39m[0m
[  28% ] [90m[1msavepack[22m | Storing File: res://content/fighters/ember-vale/animations/procedural/short_hop_visual.anim.json[39m[0m
[  28% ] [90m[1msavepack[22m | Storing File: res://content/fighters/ember-vale/animations/procedural/side_special.anim.json[39m[0m
[  28% ] [90m[1msavepack[22m | Storing File: res://content/fighters/ember-vale/animations/procedural/signature_lane_burst.anim.json[39m[0m
[  28% ] [90m[1msavepack[22m | Storing File: res://content/fighters/ember-vale/animations/procedural/signature_lane_confirm.anim.json[39m[0m
[  28% ] [90m[1msavepack[22m | Storing File: res://content/fighters/ember-vale/animations/procedural/signature_lane_control.anim.json[39m[0m
[  28% ] [90m[1msavepack[22m | Storing File: res://content/fighters/ember-vale/animations/procedural/signature_lane_counter.anim.json[39m[0m
[  28% ] [90m[1msavepack[22m | Storing File: res://content/fighters/ember-vale/animations/procedural/signature_lane_feint.anim.json[39m[0m
[  28% ] [90m[1msavepack[22m | Storing File: res://content/fighters/ember-vale/animations/procedural/signature_lane_finisher.anim.json[39m[0m
[  28% ] [90m[1msavepack[22m | Storing File: res://content/fighters/ember-vale/animations/procedural/signature_lane_launch.anim.json[39m[0m
[  28% ] [90m[1msavepack[22m | Storing File: res://content/fighters/ember-vale/animations/procedural/signature_lane_trap.anim.json[39m[0m
[  28% ] [90m[1msavepack[22m | Storing File: res://content/fighters/ember-vale/animations/procedural/skid.anim.json[39m[0m
[  28% ] [90m[1msavepack[22m | Storing File: res://content/fighters/ember-vale/animations/procedural/smash_down.anim.json[39m[0m
[  28% ] [90m[1msavepack[22m | Storing File: res://content/fighters/ember-vale/animations/procedural/smash_forward.anim.json[39m[0m
[  28% ] [90m[1msavepack[22m | Storing File: res://content/fighters/ember-vale/animations/procedural/smash_up.anim.json[39m[0m
[  28% ] [90m[1msavepack[22m | Storing File: res://content/fighters/ember-vale/animations/procedural/spot_dodge.anim.json[39m[0m
[  28% ] [90m[1msavepack[22m | Storing File: res://content/fighters/ember-vale/animations/procedural/story_dialogue_intense.anim.json[39m[0m
[  28% ] [90m[1msavepack[22m | Storing File: res://content/fighters/ember-vale/animations/procedural/story_dialogue_neutral.anim.json[39m[0m
[  28% ] [90m[1msavepack[22m | Storing File: res://content/fighters/ember-vale/animations/procedural/taunt_1.anim.json[39m[0m
[  29% ] [90m[1msavepack[22m | Storing File: res://content/fighters/ember-vale/animations/procedural/taunt_2.anim.json[39m[0m
[  29% ] [90m[1msavepack[22m | Storing File: res://content/fighters/ember-vale/animations/procedural/tech_back.anim.json[39m[0m
[  29% ] [90m[1msavepack[22m | Storing File: res://content/fighters/ember-vale/animations/procedural/tech_forward.anim.json[39m[0m
[  29% ] [90m[1msavepack[22m | Storing File: res://content/fighters/ember-vale/animations/procedural/tech_in_place.anim.json[39m[0m
[  29% ] [90m[1msavepack[22m | Storing File: res://content/fighters/ember-vale/animations/procedural/throw_back.anim.json[39m[0m
[  29% ] [90m[1msavepack[22m | Storing File: res://content/fighters/ember-vale/animations/procedural/throw_down.anim.json[39m[0m
[  29% ] [90m[1msavepack[22m | Storing File: res://content/fighters/ember-vale/animations/procedural/throw_forward.anim.json[39m[0m
[  29% ] [90m[1msavepack[22m | Storing File: res://content/fighters/ember-vale/animations/procedural/throw_release.anim.json[39m[0m
[  29% ] [90m[1msavepack[22m | Storing File: res://content/fighters/ember-vale/animations/procedural/throw_startup.anim.json[39m[0m
[  29% ] [90m[1msavepack[22m | Storing File: res://content/fighters/ember-vale/animations/procedural/throw_up.anim.json[39m[0m
[  29% ] [90m[1msavepack[22m | Storing File: res://content/fighters/ember-vale/animations/procedural/tilt_down.anim.json[39m[0m
[  29% ] [90m[1msavepack[22m | Storing File: res://content/fighters/ember-vale/animations/procedural/tilt_forward.anim.json[39m[0m
[  29% ] [90m[1msavepack[22m | Storing File: res://content/fighters/ember-vale/animations/procedural/tilt_up.anim.json[39m[0m
[  29% ] [90m[1msavepack[22m | Storing File: res://content/fighters/ember-vale/animations/procedural/tumble.anim.json[39m[0m
[  29% ] [90m[1msavepack[22m | Storing File: res://content/fighters/ember-vale/animations/procedural/turn.anim.json[39m[0m
[  29% ] [90m[1msavepack[22m | Storing File: res://content/fighters/ember-vale/animations/procedural/turnaround.anim.json[39m[0m
[  29% ] [90m[1msavepack[22m | Storing File: res://content/fighters/ember-vale/animations/procedural/up_air.anim.json[39m[0m
[  29% ] [90m[1msavepack[22m | Storing File: res://content/fighters/ember-vale/animations/procedural/up_special_recovery.anim.json[39m[0m
[  29% ] [90m[1msavepack[22m | Storing File: res://content/fighters/ember-vale/animations/procedural/up_tilt.anim.json[39m[0m
[  29% ] [90m[1msavepack[22m | Storing File: res://content/fighters/ember-vale/animations/procedural/victory.anim.json[39m[0m
[  29% ] [90m[1msavepack[22m | Storing File: res://content/fighters/ember-vale/animations/procedural/walk.anim.json[39m[0m
[  29% ] [90m[1msavepack[22m | Storing File: res://content/fighters/ember-vale/animations/procedural/walk_loop.anim.json[39m[0m
[  29% ] [90m[1msavepack[22m | Storing File: res://content/fighters/ember-vale/animations/procedural/walk_start.anim.json[39m[0m
[  29% ] [90m[1msavepack[22m | Storing File: res://content/fighters/ember-vale/animations/procedural/walk_stop.anim.json[39m[0m
[  30% ] [90m[1msavepack[22m | Storing File: res://content/fighters/ember-vale/animations/procedural/wall_bounce.anim.json[39m[0m
[  30% ] [90m[1msavepack[22m | Storing File: res://.godot/imported/ember-vale_procedural_proxy.glb-790c03dd47fb378585ed41869d795428.scn[39m[0m
[  30% ] [90m[1msavepack[22m | Storing File: res://content/fighters/ember-vale/model/ember-vale_procedural_proxy.glb.import[39m[0m
[  30% ] [90m[1msavepack[22m | Storing File: res://content/fighters/juno-spark/animations/procedural/aerial_back.anim.json[39m[0m
[  30% ] [90m[1msavepack[22m | Storing File: res://content/fighters/juno-spark/animations/procedural/aerial_down.anim.json[39m[0m
[  30% ] [90m[1msavepack[22m | Storing File: res://content/fighters/juno-spark/animations/procedural/aerial_forward.anim.json[39m[0m
[  30% ] [90m[1msavepack[22m | Storing File: res://content/fighters/juno-spark/animations/procedural/aerial_neutral.anim.json[39m[0m
[  30% ] [90m[1msavepack[22m | Storing File: res://content/fighters/juno-spark/animations/procedural/aerial_up.anim.json[39m[0m
[  30% ] [90m[1msavepack[22m | Storing File: res://content/fighters/juno-spark/animations/procedural/air_dodge.anim.json[39m[0m
[  30% ] [90m[1msavepack[22m | Storing File: res://content/fighters/juno-spark/animations/procedural/air_dodge_back.anim.json[39m[0m
[  30% ] [90m[1msavepack[22m | Storing File: res://content/fighters/juno-spark/animations/procedural/air_dodge_down.anim.json[39m[0m
[  30% ] [90m[1msavepack[22m | Storing File: res://content/fighters/juno-spark/animations/procedural/air_dodge_forward.anim.json[39m[0m
[  30% ] [90m[1msavepack[22m | Storing File: res://content/fighters/juno-spark/animations/procedural/air_dodge_neutral.anim.json[39m[0m
[  30% ] [90m[1msavepack[22m | Storing File: res://content/fighters/juno-spark/animations/procedural/air_dodge_up.anim.json[39m[0m
[  30% ] [90m[1msavepack[22m | Storing File: res://content/fighters/juno-spark/animations/procedural/air_drift.anim.json[39m[0m
[  30% ] [90m[1msavepack[22m | Storing File: res://content/fighters/juno-spark/animations/procedural/aura_burst.anim.json[39m[0m
[  30% ] [90m[1msavepack[22m | Storing File: res://content/fighters/juno-spark/animations/procedural/aura_burst_active.anim.json[39m[0m
[  30% ] [90m[1msavepack[22m | Storing File: res://content/fighters/juno-spark/animations/procedural/aura_burst_move.anim.json[39m[0m
[  30% ] [90m[1msavepack[22m | Storing File: res://content/fighters/juno-spark/animations/procedural/aura_burst_recovery.anim.json[39m[0m
[  30% ] [90m[1msavepack[22m | Storing File: res://content/fighters/juno-spark/animations/procedural/aura_burst_startup.anim.json[39m[0m
[  30% ] [90m[1msavepack[22m | Storing File: res://content/fighters/juno-spark/animations/procedural/aura_charge.anim.json[39m[0m
[  30% ] [90m[1msavepack[22m | Storing File: res://content/fighters/juno-spark/animations/procedural/aura_charge_move.anim.json[39m[0m
[  30% ] [90m[1msavepack[22m | Storing File: res://content/fighters/juno-spark/animations/procedural/aura_level_1.anim.json[39m[0m
[  30% ] [90m[1msavepack[22m | Storing File: res://content/fighters/juno-spark/animations/procedural/aura_level_2.anim.json[39m[0m
[  30% ] [90m[1msavepack[22m | Storing File: res://content/fighters/juno-spark/animations/procedural/aura_level_3.anim.json[39m[0m
[  30% ] [90m[1msavepack[22m | Storing File: res://content/fighters/juno-spark/animations/procedural/aura_ready.anim.json[39m[0m
[  31% ] [90m[1msavepack[22m | Storing File: res://content/fighters/juno-spark/animations/procedural/aura_release.anim.json[39m[0m
[  31% ] [90m[1msavepack[22m | Storing File: res://content/fighters/juno-spark/animations/procedural/aura_super_transform.anim.json[39m[0m
[  31% ] [90m[1msavepack[22m | Storing File: res://content/fighters/juno-spark/animations/procedural/back_air.anim.json[39m[0m
[  31% ] [90m[1msavepack[22m | Storing File: res://content/fighters/juno-spark/animations/procedural/character_select_confirm.anim.json[39m[0m
[  31% ] [90m[1msavepack[22m | Storing File: res://content/fighters/juno-spark/animations/procedural/character_select_idle.anim.json[39m[0m
[  31% ] [90m[1msavepack[22m | Storing File: res://content/fighters/juno-spark/animations/procedural/critical_launch.anim.json[39m[0m
[  31% ] [90m[1msavepack[22m | Storing File: res://content/fighters/juno-spark/animations/procedural/crouch.anim.json[39m[0m
[  31% ] [90m[1msavepack[22m | Storing File: res://content/fighters/juno-spark/animations/procedural/crouch_end.anim.json[39m[0m
[  31% ] [90m[1msavepack[22m | Storing File: res://content/fighters/juno-spark/animations/procedural/crouch_hold.anim.json[39m[0m
[  31% ] [90m[1msavepack[22m | Storing File: res://content/fighters/juno-spark/animations/procedural/crouch_start.anim.json[39m[0m
[  31% ] [90m[1msavepack[22m | Storing File: res://content/fighters/juno-spark/animations/procedural/dash.anim.json[39m[0m
[  31% ] [90m[1msavepack[22m | Storing File: res://content/fighters/juno-spark/animations/procedural/dash_attack.anim.json[39m[0m
[  31% ] [90m[1msavepack[22m | Storing File: res://content/fighters/juno-spark/animations/procedural/dash_loop.anim.json[39m[0m
[  31% ] [90m[1msavepack[22m | Storing File: res://content/fighters/juno-spark/animations/procedural/dash_start.anim.json[39m[0m
[  31% ] [90m[1msavepack[22m | Storing File: res://content/fighters/juno-spark/animations/procedural/dash_stop.anim.json[39m[0m
[  31% ] [90m[1msavepack[22m | Storing File: res://content/fighters/juno-spark/animations/procedural/defeat.anim.json[39m[0m
[  31% ] [90m[1msavepack[22m | Storing File: res://content/fighters/juno-spark/animations/procedural/dodge.anim.json[39m[0m
[  31% ] [90m[1msavepack[22m | Storing File: res://content/fighters/juno-spark/animations/procedural/dodge_back.anim.json[39m[0m
[  31% ] [90m[1msavepack[22m | Storing File: res://content/fighters/juno-spark/animations/procedural/dodge_forward.anim.json[39m[0m
[  31% ] [90m[1msavepack[22m | Storing File: res://content/fighters/juno-spark/animations/procedural/double_jump.anim.json[39m[0m
[  31% ] [90m[1msavepack[22m | Storing File: res://content/fighters/juno-spark/animations/procedural/down_air.anim.json[39m[0m
[  31% ] [90m[1msavepack[22m | Storing File: res://content/fighters/juno-spark/animations/procedural/down_special.anim.json[39m[0m
[  31% ] [90m[1msavepack[22m | Storing File: res://content/fighters/juno-spark/animations/procedural/down_tilt.anim.json[39m[0m
[  31% ] [90m[1msavepack[22m | Storing File: res://content/fighters/juno-spark/animations/procedural/edge_warning.anim.json[39m[0m
[  32% ] [90m[1msavepack[22m | Storing File: res://content/fighters/juno-spark/animations/procedural/fall.anim.json[39m[0m
[  32% ] [90m[1msavepack[22m | Storing File: res://content/fighters/juno-spark/animations/procedural/fast_fall.anim.json[39m[0m
[  32% ] [90m[1msavepack[22m | Storing File: res://content/fighters/juno-spark/animations/procedural/forward_air.anim.json[39m[0m
[  32% ] [90m[1msavepack[22m | Storing File: res://content/fighters/juno-spark/animations/procedural/forward_tilt.anim.json[39m[0m
[  32% ] [90m[1msavepack[22m | Storing File: res://content/fighters/juno-spark/animations/procedural/grab.anim.json[39m[0m
[  32% ] [90m[1msavepack[22m | Storing File: res://content/fighters/juno-spark/animations/procedural/grab_active.anim.json[39m[0m
[  32% ] [90m[1msavepack[22m | Storing File: res://content/fighters/juno-spark/animations/procedural/grab_break.anim.json[39m[0m
[  32% ] [90m[1msavepack[22m | Storing File: res://content/fighters/juno-spark/animations/procedural/grab_hold.anim.json[39m[0m
[  32% ] [90m[1msavepack[22m | Storing File: res://content/fighters/juno-spark/animations/procedural/grab_startup.anim.json[39m[0m
[  32% ] [90m[1msavepack[22m | Storing File: res://content/fighters/juno-spark/animations/procedural/grab_whiff.anim.json[39m[0m
[  32% ] [90m[1msavepack[22m | Storing File: res://content/fighters/juno-spark/animations/procedural/ground_bounce.anim.json[39m[0m
[  32% ] [90m[1msavepack[22m | Storing File: res://content/fighters/juno-spark/animations/procedural/heavy.anim.json[39m[0m
[  32% ] [90m[1msavepack[22m | Storing File: res://content/fighters/juno-spark/animations/procedural/heavy_attack.anim.json[39m[0m
[  32% ] [90m[1msavepack[22m | Storing File: res://content/fighters/juno-spark/animations/procedural/hitstop_pose.anim.json[39m[0m
[  32% ] [90m[1msavepack[22m | Storing File: res://content/fighters/juno-spark/animations/procedural/hitstun_ground.anim.json[39m[0m
[  32% ] [90m[1msavepack[22m | Storing File: res://content/fighters/juno-spark/animations/procedural/hurt.anim.json[39m[0m
[  32% ] [90m[1msavepack[22m | Storing File: res://content/fighters/juno-spark/animations/procedural/hurt_heavy.anim.json[39m[0m
[  32% ] [90m[1msavepack[22m | Storing File: res://content/fighters/juno-spark/animations/procedural/hurt_light.anim.json[39m[0m
[  32% ] [90m[1msavepack[22m | Storing File: res://content/fighters/juno-spark/animations/procedural/hurt_light_back.anim.json[39m[0m
[  32% ] [90m[1msavepack[22m | Storing File: res://content/fighters/juno-spark/animations/procedural/hurt_light_front.anim.json[39m[0m
[  32% ] [90m[1msavepack[22m | Storing File: res://content/fighters/juno-spark/animations/procedural/hurt_medium.anim.json[39m[0m
[  32% ] [90m[1msavepack[22m | Storing File: res://content/fighters/juno-spark/animations/procedural/idle.anim.json[39m[0m
[  32% ] [90m[1msavepack[22m | Storing File: res://content/fighters/juno-spark/animations/procedural/idle_long.anim.json[39m[0m
[  32% ] [90m[1msavepack[22m | Storing File: res://content/fighters/juno-spark/animations/procedural/idle_primary.anim.json[39m[0m
[  33% ] [90m[1msavepack[22m | Storing File: res://content/fighters/juno-spark/animations/procedural/idle_secondary.anim.json[39m[0m
[  33% ] [90m[1msavepack[22m | Storing File: res://content/fighters/juno-spark/animations/procedural/idle_variant.anim.json[39m[0m
[  33% ] [90m[1msavepack[22m | Storing File: res://content/fighters/juno-spark/animations/procedural/jab.anim.json[39m[0m
[  33% ] [90m[1msavepack[22m | Storing File: res://content/fighters/juno-spark/animations/procedural/jab_1.anim.json[39m[0m
[  33% ] [90m[1msavepack[22m | Storing File: res://content/fighters/juno-spark/animations/procedural/jab_2.anim.json[39m[0m
[  33% ] [90m[1msavepack[22m | Storing File: res://content/fighters/juno-spark/animations/procedural/jab_chain_2.anim.json[39m[0m
[  33% ] [90m[1msavepack[22m | Storing File: res://content/fighters/juno-spark/animations/procedural/jab_chain_3.anim.json[39m[0m
[  33% ] [90m[1msavepack[22m | Storing File: res://content/fighters/juno-spark/animations/procedural/jab_finisher.anim.json[39m[0m
[  33% ] [90m[1msavepack[22m | Storing File: res://content/fighters/juno-spark/animations/procedural/jump.anim.json[39m[0m
[  33% ] [90m[1msavepack[22m | Storing File: res://content/fighters/juno-spark/animations/procedural/jump_apex.anim.json[39m[0m
[  33% ] [90m[1msavepack[22m | Storing File: res://content/fighters/juno-spark/animations/procedural/jump_rise.anim.json[39m[0m
[  33% ] [90m[1msavepack[22m | Storing File: res://content/fighters/juno-spark/animations/procedural/jump_squat.anim.json[39m[0m
[  33% ] [90m[1msavepack[22m | Storing File: res://content/fighters/juno-spark/animations/procedural/jump_start.anim.json[39m[0m
[  33% ] [90m[1msavepack[22m | Storing File: res://content/fighters/juno-spark/animations/procedural/knockdown.anim.json[39m[0m
[  33% ] [90m[1msavepack[22m | Storing File: res://content/fighters/juno-spark/animations/procedural/ko.anim.json[39m[0m
[  33% ] [90m[1msavepack[22m | Storing File: res://content/fighters/juno-spark/animations/procedural/land.anim.json[39m[0m
[  33% ] [90m[1msavepack[22m | Storing File: res://content/fighters/juno-spark/animations/procedural/landing.anim.json[39m[0m
[  33% ] [90m[1msavepack[22m | Storing File: res://content/fighters/juno-spark/animations/procedural/land_hard.anim.json[39m[0m
[  33% ] [90m[1msavepack[22m | Storing File: res://content/fighters/juno-spark/animations/procedural/land_soft.anim.json[39m[0m
[  33% ] [90m[1msavepack[22m | Storing File: res://content/fighters/juno-spark/animations/procedural/launch.anim.json[39m[0m
[  33% ] [90m[1msavepack[22m | Storing File: res://content/fighters/juno-spark/animations/procedural/launched.anim.json[39m[0m
[  33% ] [90m[1msavepack[22m | Storing File: res://content/fighters/juno-spark/animations/procedural/launch_horizontal.anim.json[39m[0m
[  33% ] [90m[1msavepack[22m | Storing File: res://content/fighters/juno-spark/animations/procedural/launch_vertical.anim.json[39m[0m
[  33% ] [90m[1msavepack[22m | Storing File: res://content/fighters/juno-spark/animations/procedural/ledge_attack.anim.json[39m[0m
[  33% ] [90m[1msavepack[22m | Storing File: res://content/fighters/juno-spark/animations/procedural/ledge_drop.anim.json[39m[0m
[  33% ] [90m[1msavepack[22m | Storing File: res://content/fighters/juno-spark/animations/procedural/ledge_getup.anim.json[39m[0m
[  33% ] [90m[1msavepack[22m | Storing File: res://content/fighters/juno-spark/animations/procedural/ledge_grab.anim.json[39m[0m
[  33% ] [90m[1msavepack[22m | Storing File: res://content/fighters/juno-spark/animations/procedural/ledge_hang.anim.json[39m[0m
[  33% ] [90m[1msavepack[22m | Storing File: res://content/fighters/juno-spark/animations/procedural/ledge_jump.anim.json[39m[0m
[  33% ] [90m[1msavepack[22m | Storing File: res://content/fighters/juno-spark/animations/procedural/ledge_roll.anim.json[39m[0m
[  33% ] [90m[1msavepack[22m | Storing File: res://content/fighters/juno-spark/animations/procedural/ledge_teeter.anim.json[39m[0m
[  33% ] [90m[1msavepack[22m | Storing File: res://content/fighters/juno-spark/animations/procedural/manifest.json[39m[0m
[  33% ] [90m[1msavepack[22m | Storing File: res://content/fighters/juno-spark/animations/procedural/match_intro.anim.json[39m[0m
[  33% ] [90m[1msavepack[22m | Storing File: res://content/fighters/juno-spark/animations/procedural/neutral_air.anim.json[39m[0m
[  33% ] [90m[1msavepack[22m | Storing File: res://content/fighters/juno-spark/animations/procedural/neutral_special_projectile.anim.json[39m[0m
[  33% ] [90m[1msavepack[22m | Storing File: res://content/fighters/juno-spark/animations/procedural/platform_drop.anim.json[39m[0m
[  33% ] [90m[1msavepack[22m | Storing File: res://content/fighters/juno-spark/animations/procedural/pratfall.anim.json[39m[0m
[  33% ] [90m[1msavepack[22m | Storing File: res://content/fighters/juno-spark/animations/procedural/projectile_full.anim.json[39m[0m
[  33% ] [90m[1msavepack[22m | Storing File: res://content/fighters/juno-spark/animations/procedural/projectile_medium.anim.json[39m[0m
[  33% ] [90m[1msavepack[22m | Storing File: res://content/fighters/juno-spark/animations/procedural/projectile_tap.anim.json[39m[0m
[  33% ] [90m[1msavepack[22m | Storing File: res://content/fighters/juno-spark/animations/procedural/pummel.anim.json[39m[0m
[  33% ] [90m[1msavepack[22m | Storing File: res://content/fighters/juno-spark/animations/procedural/recovery.anim.json[39m[0m
[  33% ] [90m[1msavepack[22m | Storing File: res://content/fighters/juno-spark/animations/procedural/respawn.anim.json[39m[0m
[  33% ] [90m[1msavepack[22m | Storing File: res://content/fighters/juno-spark/animations/procedural/results_idle.anim.json[39m[0m
[  33% ] [90m[1msavepack[22m | Storing File: res://content/fighters/juno-spark/animations/procedural/roll_backward.anim.json[39m[0m
[  33% ] [90m[1msavepack[22m | Storing File: res://content/fighters/juno-spark/animations/procedural/roll_forward.anim.json[39m[0m
[  33% ] [90m[1msavepack[22m | Storing File: res://content/fighters/juno-spark/animations/procedural/run.anim.json[39m[0m
[  33% ] [90m[1msavepack[22m | Storing File: res://content/fighters/juno-spark/animations/procedural/run_loop.anim.json[39m[0m
[  34% ] [90m[1msavepack[22m | Storing File: res://content/fighters/juno-spark/animations/procedural/run_start.anim.json[39m[0m
[  34% ] [90m[1msavepack[22m | Storing File: res://content/fighters/juno-spark/animations/procedural/run_stop.anim.json[39m[0m
[  34% ] [90m[1msavepack[22m | Storing File: res://content/fighters/juno-spark/animations/procedural/shield.anim.json[39m[0m
[  34% ] [90m[1msavepack[22m | Storing File: res://content/fighters/juno-spark/animations/procedural/shield_break.anim.json[39m[0m
[  34% ] [90m[1msavepack[22m | Storing File: res://content/fighters/juno-spark/animations/procedural/shield_hit.anim.json[39m[0m
[  34% ] [90m[1msavepack[22m | Storing File: res://content/fighters/juno-spark/animations/procedural/shield_hold.anim.json[39m[0m
[  34% ] [90m[1msavepack[22m | Storing File: res://content/fighters/juno-spark/animations/procedural/shield_release.anim.json[39m[0m
[  34% ] [90m[1msavepack[22m | Storing File: res://content/fighters/juno-spark/animations/procedural/shield_start.anim.json[39m[0m
[  34% ] [90m[1msavepack[22m | Storing File: res://content/fighters/juno-spark/animations/procedural/shield_stun.anim.json[39m[0m
[  34% ] [90m[1msavepack[22m | Storing File: res://content/fighters/juno-spark/animations/procedural/short_hop_visual.anim.json[39m[0m
[  34% ] [90m[1msavepack[22m | Storing File: res://content/fighters/juno-spark/animations/procedural/side_special.anim.json[39m[0m
[  34% ] [90m[1msavepack[22m | Storing File: res://content/fighters/juno-spark/animations/procedural/signature_lane_burst.anim.json[39m[0m
[  34% ] [90m[1msavepack[22m | Storing File: res://content/fighters/juno-spark/animations/procedural/signature_lane_confirm.anim.json[39m[0m
[  34% ] [90m[1msavepack[22m | Storing File: res://content/fighters/juno-spark/animations/procedural/signature_lane_control.anim.json[39m[0m
[  34% ] [90m[1msavepack[22m | Storing File: res://content/fighters/juno-spark/animations/procedural/signature_lane_counter.anim.json[39m[0m
[  34% ] [90m[1msavepack[22m | Storing File: res://content/fighters/juno-spark/animations/procedural/signature_lane_feint.anim.json[39m[0m
[  34% ] [90m[1msavepack[22m | Storing File: res://content/fighters/juno-spark/animations/procedural/signature_lane_finisher.anim.json[39m[0m
[  34% ] [90m[1msavepack[22m | Storing File: res://content/fighters/juno-spark/animations/procedural/signature_lane_launch.anim.json[39m[0m
[  34% ] [90m[1msavepack[22m | Storing File: res://content/fighters/juno-spark/animations/procedural/signature_lane_trap.anim.json[39m[0m
[  34% ] [90m[1msavepack[22m | Storing File: res://content/fighters/juno-spark/animations/procedural/skid.anim.json[39m[0m
[  34% ] [90m[1msavepack[22m | Storing File: res://content/fighters/juno-spark/animations/procedural/smash_down.anim.json[39m[0m
[  34% ] [90m[1msavepack[22m | Storing File: res://content/fighters/juno-spark/animations/procedural/smash_forward.anim.json[39m[0m
[  34% ] [90m[1msavepack[22m | Storing File: res://content/fighters/juno-spark/animations/procedural/smash_up.anim.json[39m[0m
[  34% ] [90m[1msavepack[22m | Storing File: res://content/fighters/juno-spark/animations/procedural/spot_dodge.anim.json[39m[0m
[  35% ] [90m[1msavepack[22m | Storing File: res://content/fighters/juno-spark/animations/procedural/story_dialogue_intense.anim.json[39m[0m
[  35% ] [90m[1msavepack[22m | Storing File: res://content/fighters/juno-spark/animations/procedural/story_dialogue_neutral.anim.json[39m[0m
[  35% ] [90m[1msavepack[22m | Storing File: res://content/fighters/juno-spark/animations/procedural/taunt_1.anim.json[39m[0m
[  35% ] [90m[1msavepack[22m | Storing File: res://content/fighters/juno-spark/animations/procedural/taunt_2.anim.json[39m[0m
[  35% ] [90m[1msavepack[22m | Storing File: res://content/fighters/juno-spark/animations/procedural/tech_back.anim.json[39m[0m
[  35% ] [90m[1msavepack[22m | Storing File: res://content/fighters/juno-spark/animations/procedural/tech_forward.anim.json[39m[0m
[  35% ] [90m[1msavepack[22m | Storing File: res://content/fighters/juno-spark/animations/procedural/tech_in_place.anim.json[39m[0m
[  35% ] [90m[1msavepack[22m | Storing File: res://content/fighters/juno-spark/animations/procedural/throw_back.anim.json[39m[0m
[  35% ] [90m[1msavepack[22m | Storing File: res://content/fighters/juno-spark/animations/procedural/throw_down.anim.json[39m[0m
[  35% ] [90m[1msavepack[22m | Storing File: res://content/fighters/juno-spark/animations/procedural/throw_forward.anim.json[39m[0m
[  35% ] [90m[1msavepack[22m | Storing File: res://content/fighters/juno-spark/animations/procedural/throw_release.anim.json[39m[0m
[  35% ] [90m[1msavepack[22m | Storing File: res://content/fighters/juno-spark/animations/procedural/throw_startup.anim.json[39m[0m
[  35% ] [90m[1msavepack[22m | Storing File: res://content/fighters/juno-spark/animations/procedural/throw_up.anim.json[39m[0m
[  35% ] [90m[1msavepack[22m | Storing File: res://content/fighters/juno-spark/animations/procedural/tilt_down.anim.json[39m[0m
[  35% ] [90m[1msavepack[22m | Storing File: res://content/fighters/juno-spark/animations/procedural/tilt_forward.anim.json[39m[0m
[  35% ] [90m[1msavepack[22m | Storing File: res://content/fighters/juno-spark/animations/procedural/tilt_up.anim.json[39m[0m
[  35% ] [90m[1msavepack[22m | Storing File: res://content/fighters/juno-spark/animations/procedural/tumble.anim.json[39m[0m
[  35% ] [90m[1msavepack[22m | Storing File: res://content/fighters/juno-spark/animations/procedural/turn.anim.json[39m[0m
[  35% ] [90m[1msavepack[22m | Storing File: res://content/fighters/juno-spark/animations/procedural/turnaround.anim.json[39m[0m
[  35% ] [90m[1msavepack[22m | Storing File: res://content/fighters/juno-spark/animations/procedural/up_air.anim.json[39m[0m
[  35% ] [90m[1msavepack[22m | Storing File: res://content/fighters/juno-spark/animations/procedural/up_special_recovery.anim.json[39m[0m
[  35% ] [90m[1msavepack[22m | Storing File: res://content/fighters/juno-spark/animations/procedural/up_tilt.anim.json[39m[0m
[  35% ] [90m[1msavepack[22m | Storing File: res://content/fighters/juno-spark/animations/procedural/victory.anim.json[39m[0m
[  35% ] [90m[1msavepack[22m | Storing File: res://content/fighters/juno-spark/animations/procedural/walk.anim.json[39m[0m
[  35% ] [90m[1msavepack[22m | Storing File: res://content/fighters/juno-spark/animations/procedural/walk_loop.anim.json[39m[0m
[  36% ] [90m[1msavepack[22m | Storing File: res://content/fighters/juno-spark/animations/procedural/walk_start.anim.json[39m[0m
[  36% ] [90m[1msavepack[22m | Storing File: res://content/fighters/juno-spark/animations/procedural/walk_stop.anim.json[39m[0m
[  36% ] [90m[1msavepack[22m | Storing File: res://content/fighters/juno-spark/animations/procedural/wall_bounce.anim.json[39m[0m
[  36% ] [90m[1msavepack[22m | Storing File: res://.godot/imported/juno-spark_procedural_proxy.glb-25f2244e5defa2d87469f22d6a7392f1.scn[39m[0m
[  36% ] [90m[1msavepack[22m | Storing File: res://content/fighters/juno-spark/model/juno-spark_procedural_proxy.glb.import[39m[0m
[  36% ] [90m[1msavepack[22m | Storing File: res://content/fighters/kaia-windrow/animations/procedural/aerial_back.anim.json[39m[0m
[  36% ] [90m[1msavepack[22m | Storing File: res://content/fighters/kaia-windrow/animations/procedural/aerial_down.anim.json[39m[0m
[  36% ] [90m[1msavepack[22m | Storing File: res://content/fighters/kaia-windrow/animations/procedural/aerial_forward.anim.json[39m[0m
[  36% ] [90m[1msavepack[22m | Storing File: res://content/fighters/kaia-windrow/animations/procedural/aerial_neutral.anim.json[39m[0m
[  36% ] [90m[1msavepack[22m | Storing File: res://content/fighters/kaia-windrow/animations/procedural/aerial_up.anim.json[39m[0m
[  36% ] [90m[1msavepack[22m | Storing File: res://content/fighters/kaia-windrow/animations/procedural/air_dodge.anim.json[39m[0m
[  36% ] [90m[1msavepack[22m | Storing File: res://content/fighters/kaia-windrow/animations/procedural/air_dodge_back.anim.json[39m[0m
[  36% ] [90m[1msavepack[22m | Storing File: res://content/fighters/kaia-windrow/animations/procedural/air_dodge_down.anim.json[39m[0m
[  36% ] [90m[1msavepack[22m | Storing File: res://content/fighters/kaia-windrow/animations/procedural/air_dodge_forward.anim.json[39m[0m
[  36% ] [90m[1msavepack[22m | Storing File: res://content/fighters/kaia-windrow/animations/procedural/air_dodge_neutral.anim.json[39m[0m
[  36% ] [90m[1msavepack[22m | Storing File: res://content/fighters/kaia-windrow/animations/procedural/air_dodge_up.anim.json[39m[0m
[  36% ] [90m[1msavepack[22m | Storing File: res://content/fighters/kaia-windrow/animations/procedural/air_drift.anim.json[39m[0m
[  36% ] [90m[1msavepack[22m | Storing File: res://content/fighters/kaia-windrow/animations/procedural/aura_burst.anim.json[39m[0m
[  36% ] [90m[1msavepack[22m | Storing File: res://content/fighters/kaia-windrow/animations/procedural/aura_burst_active.anim.json[39m[0m
[  36% ] [90m[1msavepack[22m | Storing File: res://content/fighters/kaia-windrow/animations/procedural/aura_burst_move.anim.json[39m[0m
[  36% ] [90m[1msavepack[22m | Storing File: res://content/fighters/kaia-windrow/animations/procedural/aura_burst_recovery.anim.json[39m[0m
[  36% ] [90m[1msavepack[22m | Storing File: res://content/fighters/kaia-windrow/animations/procedural/aura_burst_startup.anim.json[39m[0m
[  36% ] [90m[1msavepack[22m | Storing File: res://content/fighters/kaia-windrow/animations/procedural/aura_charge.anim.json[39m[0m
[  36% ] [90m[1msavepack[22m | Storing File: res://content/fighters/kaia-windrow/animations/procedural/aura_charge_move.anim.json[39m[0m
[  36% ] [90m[1msavepack[22m | Storing File: res://content/fighters/kaia-windrow/animations/procedural/aura_level_1.anim.json[39m[0m
[  37% ] [90m[1msavepack[22m | Storing File: res://content/fighters/kaia-windrow/animations/procedural/aura_level_2.anim.json[39m[0m
[  37% ] [90m[1msavepack[22m | Storing File: res://content/fighters/kaia-windrow/animations/procedural/aura_level_3.anim.json[39m[0m
[  37% ] [90m[1msavepack[22m | Storing File: res://content/fighters/kaia-windrow/animations/procedural/aura_ready.anim.json[39m[0m
[  37% ] [90m[1msavepack[22m | Storing File: res://content/fighters/kaia-windrow/animations/procedural/aura_release.anim.json[39m[0m
[  37% ] [90m[1msavepack[22m | Storing File: res://content/fighters/kaia-windrow/animations/procedural/aura_super_transform.anim.json[39m[0m
[  37% ] [90m[1msavepack[22m | Storing File: res://content/fighters/kaia-windrow/animations/procedural/back_air.anim.json[39m[0m
[  37% ] [90m[1msavepack[22m | Storing File: res://content/fighters/kaia-windrow/animations/procedural/character_select_confirm.anim.json[39m[0m
[  37% ] [90m[1msavepack[22m | Storing File: res://content/fighters/kaia-windrow/animations/procedural/character_select_idle.anim.json[39m[0m
[  37% ] [90m[1msavepack[22m | Storing File: res://content/fighters/kaia-windrow/animations/procedural/critical_launch.anim.json[39m[0m
[  37% ] [90m[1msavepack[22m | Storing File: res://content/fighters/kaia-windrow/animations/procedural/crouch.anim.json[39m[0m
[  37% ] [90m[1msavepack[22m | Storing File: res://content/fighters/kaia-windrow/animations/procedural/crouch_end.anim.json[39m[0m
[  37% ] [90m[1msavepack[22m | Storing File: res://content/fighters/kaia-windrow/animations/procedural/crouch_hold.anim.json[39m[0m
[  37% ] [90m[1msavepack[22m | Storing File: res://content/fighters/kaia-windrow/animations/procedural/crouch_start.anim.json[39m[0m
[  37% ] [90m[1msavepack[22m | Storing File: res://content/fighters/kaia-windrow/animations/procedural/dash.anim.json[39m[0m
[  37% ] [90m[1msavepack[22m | Storing File: res://content/fighters/kaia-windrow/animations/procedural/dash_attack.anim.json[39m[0m
[  37% ] [90m[1msavepack[22m | Storing File: res://content/fighters/kaia-windrow/animations/procedural/dash_loop.anim.json[39m[0m
[  37% ] [90m[1msavepack[22m | Storing File: res://content/fighters/kaia-windrow/animations/procedural/dash_start.anim.json[39m[0m
[  37% ] [90m[1msavepack[22m | Storing File: res://content/fighters/kaia-windrow/animations/procedural/dash_stop.anim.json[39m[0m
[  37% ] [90m[1msavepack[22m | Storing File: res://content/fighters/kaia-windrow/animations/procedural/defeat.anim.json[39m[0m
[  37% ] [90m[1msavepack[22m | Storing File: res://content/fighters/kaia-windrow/animations/procedural/dodge.anim.json[39m[0m
[  37% ] [90m[1msavepack[22m | Storing File: res://content/fighters/kaia-windrow/animations/procedural/dodge_back.anim.json[39m[0m
[  37% ] [90m[1msavepack[22m | Storing File: res://content/fighters/kaia-windrow/animations/procedural/dodge_forward.anim.json[39m[0m
[  37% ] [90m[1msavepack[22m | Storing File: res://content/fighters/kaia-windrow/animations/procedural/double_jump.anim.json[39m[0m
[  37% ] [90m[1msavepack[22m | Storing File: res://content/fighters/kaia-windrow/animations/procedural/down_air.anim.json[39m[0m
[  38% ] [90m[1msavepack[22m | Storing File: res://content/fighters/kaia-windrow/animations/procedural/down_special.anim.json[39m[0m
[  38% ] [90m[1msavepack[22m | Storing File: res://content/fighters/kaia-windrow/animations/procedural/down_tilt.anim.json[39m[0m
[  38% ] [90m[1msavepack[22m | Storing File: res://content/fighters/kaia-windrow/animations/procedural/edge_warning.anim.json[39m[0m
[  38% ] [90m[1msavepack[22m | Storing File: res://content/fighters/kaia-windrow/animations/procedural/fall.anim.json[39m[0m
[  38% ] [90m[1msavepack[22m | Storing File: res://content/fighters/kaia-windrow/animations/procedural/fast_fall.anim.json[39m[0m
[  38% ] [90m[1msavepack[22m | Storing File: res://content/fighters/kaia-windrow/animations/procedural/forward_air.anim.json[39m[0m
[  38% ] [90m[1msavepack[22m | Storing File: res://content/fighters/kaia-windrow/animations/procedural/forward_tilt.anim.json[39m[0m
[  38% ] [90m[1msavepack[22m | Storing File: res://content/fighters/kaia-windrow/animations/procedural/grab.anim.json[39m[0m
[  38% ] [90m[1msavepack[22m | Storing File: res://content/fighters/kaia-windrow/animations/procedural/grab_active.anim.json[39m[0m
[  38% ] [90m[1msavepack[22m | Storing File: res://content/fighters/kaia-windrow/animations/procedural/grab_break.anim.json[39m[0m
[  38% ] [90m[1msavepack[22m | Storing File: res://content/fighters/kaia-windrow/animations/procedural/grab_hold.anim.json[39m[0m
[  38% ] [90m[1msavepack[22m | Storing File: res://content/fighters/kaia-windrow/animations/procedural/grab_startup.anim.json[39m[0m
[  38% ] [90m[1msavepack[22m | Storing File: res://content/fighters/kaia-windrow/animations/procedural/grab_whiff.anim.json[39m[0m
[  38% ] [90m[1msavepack[22m | Storing File: res://content/fighters/kaia-windrow/animations/procedural/ground_bounce.anim.json[39m[0m
[  38% ] [90m[1msavepack[22m | Storing File: res://content/fighters/kaia-windrow/animations/procedural/heavy.anim.json[39m[0m
[  38% ] [90m[1msavepack[22m | Storing File: res://content/fighters/kaia-windrow/animations/procedural/heavy_attack.anim.json[39m[0m
[  38% ] [90m[1msavepack[22m | Storing File: res://content/fighters/kaia-windrow/animations/procedural/hitstop_pose.anim.json[39m[0m
[  38% ] [90m[1msavepack[22m | Storing File: res://content/fighters/kaia-windrow/animations/procedural/hitstun_ground.anim.json[39m[0m
[  38% ] [90m[1msavepack[22m | Storing File: res://content/fighters/kaia-windrow/animations/procedural/hurt.anim.json[39m[0m
[  38% ] [90m[1msavepack[22m | Storing File: res://content/fighters/kaia-windrow/animations/procedural/hurt_heavy.anim.json[39m[0m
[  38% ] [90m[1msavepack[22m | Storing File: res://content/fighters/kaia-windrow/animations/procedural/hurt_light.anim.json[39m[0m
[  38% ] [90m[1msavepack[22m | Storing File: res://content/fighters/kaia-windrow/animations/procedural/hurt_light_back.anim.json[39m[0m
[  38% ] [90m[1msavepack[22m | Storing File: res://content/fighters/kaia-windrow/animations/procedural/hurt_light_front.anim.json[39m[0m
[  38% ] [90m[1msavepack[22m | Storing File: res://content/fighters/kaia-windrow/animations/procedural/hurt_medium.anim.json[39m[0m
[  39% ] [90m[1msavepack[22m | Storing File: res://content/fighters/kaia-windrow/animations/procedural/idle.anim.json[39m[0m
[  39% ] [90m[1msavepack[22m | Storing File: res://content/fighters/kaia-windrow/animations/procedural/idle_long.anim.json[39m[0m
[  39% ] [90m[1msavepack[22m | Storing File: res://content/fighters/kaia-windrow/animations/procedural/idle_primary.anim.json[39m[0m
[  39% ] [90m[1msavepack[22m | Storing File: res://content/fighters/kaia-windrow/animations/procedural/idle_secondary.anim.json[39m[0m
[  39% ] [90m[1msavepack[22m | Storing File: res://content/fighters/kaia-windrow/animations/procedural/idle_variant.anim.json[39m[0m
[  39% ] [90m[1msavepack[22m | Storing File: res://content/fighters/kaia-windrow/animations/procedural/jab.anim.json[39m[0m
[  39% ] [90m[1msavepack[22m | Storing File: res://content/fighters/kaia-windrow/animations/procedural/jab_1.anim.json[39m[0m
[  39% ] [90m[1msavepack[22m | Storing File: res://content/fighters/kaia-windrow/animations/procedural/jab_2.anim.json[39m[0m
[  39% ] [90m[1msavepack[22m | Storing File: res://content/fighters/kaia-windrow/animations/procedural/jab_chain_2.anim.json[39m[0m
[  39% ] [90m[1msavepack[22m | Storing File: res://content/fighters/kaia-windrow/animations/procedural/jab_chain_3.anim.json[39m[0m
[  39% ] [90m[1msavepack[22m | Storing File: res://content/fighters/kaia-windrow/animations/procedural/jab_finisher.anim.json[39m[0m
[  39% ] [90m[1msavepack[22m | Storing File: res://content/fighters/kaia-windrow/animations/procedural/jump.anim.json[39m[0m
[  39% ] [90m[1msavepack[22m | Storing File: res://content/fighters/kaia-windrow/animations/procedural/jump_apex.anim.json[39m[0m
[  39% ] [90m[1msavepack[22m | Storing File: res://content/fighters/kaia-windrow/animations/procedural/jump_rise.anim.json[39m[0m
[  39% ] [90m[1msavepack[22m | Storing File: res://content/fighters/kaia-windrow/animations/procedural/jump_squat.anim.json[39m[0m
[  39% ] [90m[1msavepack[22m | Storing File: res://content/fighters/kaia-windrow/animations/procedural/jump_start.anim.json[39m[0m
[  39% ] [90m[1msavepack[22m | Storing File: res://content/fighters/kaia-windrow/animations/procedural/knockdown.anim.json[39m[0m
[  39% ] [90m[1msavepack[22m | Storing File: res://content/fighters/kaia-windrow/animations/procedural/ko.anim.json[39m[0m
[  39% ] [90m[1msavepack[22m | Storing File: res://content/fighters/kaia-windrow/animations/procedural/land.anim.json[39m[0m
[  39% ] [90m[1msavepack[22m | Storing File: res://content/fighters/kaia-windrow/animations/procedural/landing.anim.json[39m[0m
[  39% ] [90m[1msavepack[22m | Storing File: res://content/fighters/kaia-windrow/animations/procedural/land_hard.anim.json[39m[0m
[  39% ] [90m[1msavepack[22m | Storing File: res://content/fighters/kaia-windrow/animations/procedural/land_soft.anim.json[39m[0m
[  39% ] [90m[1msavepack[22m | Storing File: res://content/fighters/kaia-windrow/animations/procedural/launch.anim.json[39m[0m
[  39% ] [90m[1msavepack[22m | Storing File: res://content/fighters/kaia-windrow/animations/procedural/launched.anim.json[39m[0m
[  40% ] [90m[1msavepack[22m | Storing File: res://content/fighters/kaia-windrow/animations/procedural/launch_horizontal.anim.json[39m[0m
[  40% ] [90m[1msavepack[22m | Storing File: res://content/fighters/kaia-windrow/animations/procedural/launch_vertical.anim.json[39m[0m
[  40% ] [90m[1msavepack[22m | Storing File: res://content/fighters/kaia-windrow/animations/procedural/ledge_attack.anim.json[39m[0m
[  40% ] [90m[1msavepack[22m | Storing File: res://content/fighters/kaia-windrow/animations/procedural/ledge_drop.anim.json[39m[0m
[  40% ] [90m[1msavepack[22m | Storing File: res://content/fighters/kaia-windrow/animations/procedural/ledge_getup.anim.json[39m[0m
[  40% ] [90m[1msavepack[22m | Storing File: res://content/fighters/kaia-windrow/animations/procedural/ledge_grab.anim.json[39m[0m
[  40% ] [90m[1msavepack[22m | Storing File: res://content/fighters/kaia-windrow/animations/procedural/ledge_hang.anim.json[39m[0m
[  40% ] [90m[1msavepack[22m | Storing File: res://content/fighters/kaia-windrow/animations/procedural/ledge_jump.anim.json[39m[0m
[  40% ] [90m[1msavepack[22m | Storing File: res://content/fighters/kaia-windrow/animations/procedural/ledge_roll.anim.json[39m[0m
[  40% ] [90m[1msavepack[22m | Storing File: res://content/fighters/kaia-windrow/animations/procedural/ledge_teeter.anim.json[39m[0m
[  40% ] [90m[1msavepack[22m | Storing File: res://content/fighters/kaia-windrow/animations/procedural/manifest.json[39m[0m
[  40% ] [90m[1msavepack[22m | Storing File: res://content/fighters/kaia-windrow/animations/procedural/match_intro.anim.json[39m[0m
[  40% ] [90m[1msavepack[22m | Storing File: res://content/fighters/kaia-windrow/animations/procedural/neutral_air.anim.json[39m[0m
[  40% ] [90m[1msavepack[22m | Storing File: res://content/fighters/kaia-windrow/animations/procedural/neutral_special_projectile.anim.json[39m[0m
[  40% ] [90m[1msavepack[22m | Storing File: res://content/fighters/kaia-windrow/animations/procedural/platform_drop.anim.json[39m[0m
[  40% ] [90m[1msavepack[22m | Storing File: res://content/fighters/kaia-windrow/animations/procedural/pratfall.anim.json[39m[0m
[  40% ] [90m[1msavepack[22m | Storing File: res://content/fighters/kaia-windrow/animations/procedural/projectile_full.anim.json[39m[0m
[  40% ] [90m[1msavepack[22m | Storing File: res://content/fighters/kaia-windrow/animations/procedural/projectile_medium.anim.json[39m[0m
[  40% ] [90m[1msavepack[22m | Storing File: res://content/fighters/kaia-windrow/animations/procedural/projectile_tap.anim.json[39m[0m
[  40% ] [90m[1msavepack[22m | Storing File: res://content/fighters/kaia-windrow/animations/procedural/pummel.anim.json[39m[0m
[  40% ] [90m[1msavepack[22m | Storing File: res://content/fighters/kaia-windrow/animations/procedural/recovery.anim.json[39m[0m
[  40% ] [90m[1msavepack[22m | Storing File: res://content/fighters/kaia-windrow/animations/procedural/respawn.anim.json[39m[0m
[  40% ] [90m[1msavepack[22m | Storing File: res://content/fighters/kaia-windrow/animations/procedural/results_idle.anim.json[39m[0m
[  40% ] [90m[1msavepack[22m | Storing File: res://content/fighters/kaia-windrow/animations/procedural/roll_backward.anim.json[39m[0m
[  41% ] [90m[1msavepack[22m | Storing File: res://content/fighters/kaia-windrow/animations/procedural/roll_forward.anim.json[39m[0m
[  41% ] [90m[1msavepack[22m | Storing File: res://content/fighters/kaia-windrow/animations/procedural/run.anim.json[39m[0m
[  41% ] [90m[1msavepack[22m | Storing File: res://content/fighters/kaia-windrow/animations/procedural/run_loop.anim.json[39m[0m
[  41% ] [90m[1msavepack[22m | Storing File: res://content/fighters/kaia-windrow/animations/procedural/run_start.anim.json[39m[0m
[  41% ] [90m[1msavepack[22m | Storing File: res://content/fighters/kaia-windrow/animations/procedural/run_stop.anim.json[39m[0m
[  41% ] [90m[1msavepack[22m | Storing File: res://content/fighters/kaia-windrow/animations/procedural/shield.anim.json[39m[0m
[  41% ] [90m[1msavepack[22m | Storing File: res://content/fighters/kaia-windrow/animations/procedural/shield_break.anim.json[39m[0m
[  41% ] [90m[1msavepack[22m | Storing File: res://content/fighters/kaia-windrow/animations/procedural/shield_hit.anim.json[39m[0m
[  41% ] [90m[1msavepack[22m | Storing File: res://content/fighters/kaia-windrow/animations/procedural/shield_hold.anim.json[39m[0m
[  41% ] [90m[1msavepack[22m | Storing File: res://content/fighters/kaia-windrow/animations/procedural/shield_release.anim.json[39m[0m
[  41% ] [90m[1msavepack[22m | Storing File: res://content/fighters/kaia-windrow/animations/procedural/shield_start.anim.json[39m[0m
[  41% ] [90m[1msavepack[22m | Storing File: res://content/fighters/kaia-windrow/animations/procedural/shield_stun.anim.json[39m[0m
[  41% ] [90m[1msavepack[22m | Storing File: res://content/fighters/kaia-windrow/animations/procedural/short_hop_visual.anim.json[39m[0m
[  41% ] [90m[1msavepack[22m | Storing File: res://content/fighters/kaia-windrow/animations/procedural/side_special.anim.json[39m[0m
[  41% ] [90m[1msavepack[22m | Storing File: res://content/fighters/kaia-windrow/animations/procedural/signature_lane_burst.anim.json[39m[0m
[  41% ] [90m[1msavepack[22m | Storing File: res://content/fighters/kaia-windrow/animations/procedural/signature_lane_confirm.anim.json[39m[0m
[  41% ] [90m[1msavepack[22m | Storing File: res://content/fighters/kaia-windrow/animations/procedural/signature_lane_control.anim.json[39m[0m
[  41% ] [90m[1msavepack[22m | Storing File: res://content/fighters/kaia-windrow/animations/procedural/signature_lane_counter.anim.json[39m[0m
[  41% ] [90m[1msavepack[22m | Storing File: res://content/fighters/kaia-windrow/animations/procedural/signature_lane_feint.anim.json[39m[0m
[  41% ] [90m[1msavepack[22m | Storing File: res://content/fighters/kaia-windrow/animations/procedural/signature_lane_finisher.anim.json[39m[0m
[  41% ] [90m[1msavepack[22m | Storing File: res://content/fighters/kaia-windrow/animations/procedural/signature_lane_launch.anim.json[39m[0m
[  41% ] [90m[1msavepack[22m | Storing File: res://content/fighters/kaia-windrow/animations/procedural/signature_lane_trap.anim.json[39m[0m
[  41% ] [90m[1msavepack[22m | Storing File: res://content/fighters/kaia-windrow/animations/procedural/skid.anim.json[39m[0m
[  41% ] [90m[1msavepack[22m | Storing File: res://content/fighters/kaia-windrow/animations/procedural/smash_down.anim.json[39m[0m
[  41% ] [90m[1msavepack[22m | Storing File: res://content/fighters/kaia-windrow/animations/procedural/smash_forward.anim.json[39m[0m
[  42% ] [90m[1msavepack[22m | Storing File: res://content/fighters/kaia-windrow/animations/procedural/smash_up.anim.json[39m[0m
[  42% ] [90m[1msavepack[22m | Storing File: res://content/fighters/kaia-windrow/animations/procedural/spot_dodge.anim.json[39m[0m
[  42% ] [90m[1msavepack[22m | Storing File: res://content/fighters/kaia-windrow/animations/procedural/story_dialogue_intense.anim.json[39m[0m
[  42% ] [90m[1msavepack[22m | Storing File: res://content/fighters/kaia-windrow/animations/procedural/story_dialogue_neutral.anim.json[39m[0m
[  42% ] [90m[1msavepack[22m | Storing File: res://content/fighters/kaia-windrow/animations/procedural/taunt_1.anim.json[39m[0m
[  42% ] [90m[1msavepack[22m | Storing File: res://content/fighters/kaia-windrow/animations/procedural/taunt_2.anim.json[39m[0m
[  42% ] [90m[1msavepack[22m | Storing File: res://content/fighters/kaia-windrow/animations/procedural/tech_back.anim.json[39m[0m
[  42% ] [90m[1msavepack[22m | Storing File: res://content/fighters/kaia-windrow/animations/procedural/tech_forward.anim.json[39m[0m
[  42% ] [90m[1msavepack[22m | Storing File: res://content/fighters/kaia-windrow/animations/procedural/tech_in_place.anim.json[39m[0m
[  42% ] [90m[1msavepack[22m | Storing File: res://content/fighters/kaia-windrow/animations/procedural/throw_back.anim.json[39m[0m
[  42% ] [90m[1msavepack[22m | Storing File: res://content/fighters/kaia-windrow/animations/procedural/throw_down.anim.json[39m[0m
[  42% ] [90m[1msavepack[22m | Storing File: res://content/fighters/kaia-windrow/animations/procedural/throw_forward.anim.json[39m[0m
[  42% ] [90m[1msavepack[22m | Storing File: res://content/fighters/kaia-windrow/animations/procedural/throw_release.anim.json[39m[0m
[  42% ] [90m[1msavepack[22m | Storing File: res://content/fighters/kaia-windrow/animations/procedural/throw_startup.anim.json[39m[0m
[  42% ] [90m[1msavepack[22m | Storing File: res://content/fighters/kaia-windrow/animations/procedural/throw_up.anim.json[39m[0m
[  42% ] [90m[1msavepack[22m | Storing File: res://content/fighters/kaia-windrow/animations/procedural/tilt_down.anim.json[39m[0m
[  42% ] [90m[1msavepack[22m | Storing File: res://content/fighters/kaia-windrow/animations/procedural/tilt_forward.anim.json[39m[0m
[  42% ] [90m[1msavepack[22m | Storing File: res://content/fighters/kaia-windrow/animations/procedural/tilt_up.anim.json[39m[0m
[  42% ] [90m[1msavepack[22m | Storing File: res://content/fighters/kaia-windrow/animations/procedural/tumble.anim.json[39m[0m
[  42% ] [90m[1msavepack[22m | Storing File: res://content/fighters/kaia-windrow/animations/procedural/turn.anim.json[39m[0m
[  42% ] [90m[1msavepack[22m | Storing File: res://content/fighters/kaia-windrow/animations/procedural/turnaround.anim.json[39m[0m
[  42% ] [90m[1msavepack[22m | Storing File: res://content/fighters/kaia-windrow/animations/procedural/up_air.anim.json[39m[0m
[  42% ] [90m[1msavepack[22m | Storing File: res://content/fighters/kaia-windrow/animations/procedural/up_special_recovery.anim.json[39m[0m
[  42% ] [90m[1msavepack[22m | Storing File: res://content/fighters/kaia-windrow/animations/procedural/up_tilt.anim.json[39m[0m
[  43% ] [90m[1msavepack[22m | Storing File: res://content/fighters/kaia-windrow/animations/procedural/victory.anim.json[39m[0m
[  43% ] [90m[1msavepack[22m | Storing File: res://content/fighters/kaia-windrow/animations/procedural/walk.anim.json[39m[0m
[  43% ] [90m[1msavepack[22m | Storing File: res://content/fighters/kaia-windrow/animations/procedural/walk_loop.anim.json[39m[0m
[  43% ] [90m[1msavepack[22m | Storing File: res://content/fighters/kaia-windrow/animations/procedural/walk_start.anim.json[39m[0m
[  43% ] [90m[1msavepack[22m | Storing File: res://content/fighters/kaia-windrow/animations/procedural/walk_stop.anim.json[39m[0m
[  43% ] [90m[1msavepack[22m | Storing File: res://content/fighters/kaia-windrow/animations/procedural/wall_bounce.anim.json[39m[0m
[  43% ] [90m[1msavepack[22m | Storing File: res://.godot/imported/kaia-windrow_procedural_proxy.glb-7d32a906ebc2a81790872825a152b073.scn[39m[0m
[  43% ] [90m[1msavepack[22m | Storing File: res://content/fighters/kaia-windrow/model/kaia-windrow_procedural_proxy.glb.import[39m[0m
[  43% ] [90m[1msavepack[22m | Storing File: res://content/fighters/nix-calder/animations/procedural/aerial_back.anim.json[39m[0m
[  43% ] [90m[1msavepack[22m | Storing File: res://content/fighters/nix-calder/animations/procedural/aerial_down.anim.json[39m[0m
[  43% ] [90m[1msavepack[22m | Storing File: res://content/fighters/nix-calder/animations/procedural/aerial_forward.anim.json[39m[0m
[  43% ] [90m[1msavepack[22m | Storing File: res://content/fighters/nix-calder/animations/procedural/aerial_neutral.anim.json[39m[0m
[  43% ] [90m[1msavepack[22m | Storing File: res://content/fighters/nix-calder/animations/procedural/aerial_up.anim.json[39m[0m
[  43% ] [90m[1msavepack[22m | Storing File: res://content/fighters/nix-calder/animations/procedural/air_dodge.anim.json[39m[0m
[  43% ] [90m[1msavepack[22m | Storing File: res://content/fighters/nix-calder/animations/procedural/air_dodge_back.anim.json[39m[0m
[  43% ] [90m[1msavepack[22m | Storing File: res://content/fighters/nix-calder/animations/procedural/air_dodge_down.anim.json[39m[0m
[  43% ] [90m[1msavepack[22m | Storing File: res://content/fighters/nix-calder/animations/procedural/air_dodge_forward.anim.json[39m[0m
[  43% ] [90m[1msavepack[22m | Storing File: res://content/fighters/nix-calder/animations/procedural/air_dodge_neutral.anim.json[39m[0m
[  43% ] [90m[1msavepack[22m | Storing File: res://content/fighters/nix-calder/animations/procedural/air_dodge_up.anim.json[39m[0m
[  43% ] [90m[1msavepack[22m | Storing File: res://content/fighters/nix-calder/animations/procedural/air_drift.anim.json[39m[0m
[  43% ] [90m[1msavepack[22m | Storing File: res://content/fighters/nix-calder/animations/procedural/aura_burst.anim.json[39m[0m
[  43% ] [90m[1msavepack[22m | Storing File: res://content/fighters/nix-calder/animations/procedural/aura_burst_active.anim.json[39m[0m
[  43% ] [90m[1msavepack[22m | Storing File: res://content/fighters/nix-calder/animations/procedural/aura_burst_move.anim.json[39m[0m
[  43% ] [90m[1msavepack[22m | Storing File: res://content/fighters/nix-calder/animations/procedural/aura_burst_recovery.anim.json[39m[0m
[  43% ] [90m[1msavepack[22m | Storing File: res://content/fighters/nix-calder/animations/procedural/aura_burst_startup.anim.json[39m[0m
[  44% ] [90m[1msavepack[22m | Storing File: res://content/fighters/nix-calder/animations/procedural/aura_charge.anim.json[39m[0m
[  44% ] [90m[1msavepack[22m | Storing File: res://content/fighters/nix-calder/animations/procedural/aura_charge_move.anim.json[39m[0m
[  44% ] [90m[1msavepack[22m | Storing File: res://content/fighters/nix-calder/animations/procedural/aura_level_1.anim.json[39m[0m
[  44% ] [90m[1msavepack[22m | Storing File: res://content/fighters/nix-calder/animations/procedural/aura_level_2.anim.json[39m[0m
[  44% ] [90m[1msavepack[22m | Storing File: res://content/fighters/nix-calder/animations/procedural/aura_level_3.anim.json[39m[0m
[  44% ] [90m[1msavepack[22m | Storing File: res://content/fighters/nix-calder/animations/procedural/aura_ready.anim.json[39m[0m
[  44% ] [90m[1msavepack[22m | Storing File: res://content/fighters/nix-calder/animations/procedural/aura_release.anim.json[39m[0m
[  44% ] [90m[1msavepack[22m | Storing File: res://content/fighters/nix-calder/animations/procedural/aura_super_transform.anim.json[39m[0m
[  44% ] [90m[1msavepack[22m | Storing File: res://content/fighters/nix-calder/animations/procedural/back_air.anim.json[39m[0m
[  44% ] [90m[1msavepack[22m | Storing File: res://content/fighters/nix-calder/animations/procedural/character_select_confirm.anim.json[39m[0m
[  44% ] [90m[1msavepack[22m | Storing File: res://content/fighters/nix-calder/animations/procedural/character_select_idle.anim.json[39m[0m
[  44% ] [90m[1msavepack[22m | Storing File: res://content/fighters/nix-calder/animations/procedural/critical_launch.anim.json[39m[0m
[  44% ] [90m[1msavepack[22m | Storing File: res://content/fighters/nix-calder/animations/procedural/crouch.anim.json[39m[0m
[  44% ] [90m[1msavepack[22m | Storing File: res://content/fighters/nix-calder/animations/procedural/crouch_end.anim.json[39m[0m
[  44% ] [90m[1msavepack[22m | Storing File: res://content/fighters/nix-calder/animations/procedural/crouch_hold.anim.json[39m[0m
[  44% ] [90m[1msavepack[22m | Storing File: res://content/fighters/nix-calder/animations/procedural/crouch_start.anim.json[39m[0m
[  44% ] [90m[1msavepack[22m | Storing File: res://content/fighters/nix-calder/animations/procedural/dash.anim.json[39m[0m
[  44% ] [90m[1msavepack[22m | Storing File: res://content/fighters/nix-calder/animations/procedural/dash_attack.anim.json[39m[0m
[  44% ] [90m[1msavepack[22m | Storing File: res://content/fighters/nix-calder/animations/procedural/dash_loop.anim.json[39m[0m
[  44% ] [90m[1msavepack[22m | Storing File: res://content/fighters/nix-calder/animations/procedural/dash_start.anim.json[39m[0m
[  44% ] [90m[1msavepack[22m | Storing File: res://content/fighters/nix-calder/animations/procedural/dash_stop.anim.json[39m[0m
[  44% ] [90m[1msavepack[22m | Storing File: res://content/fighters/nix-calder/animations/procedural/defeat.anim.json[39m[0m
[  44% ] [90m[1msavepack[22m | Storing File: res://content/fighters/nix-calder/animations/procedural/dodge.anim.json[39m[0m
[  44% ] [90m[1msavepack[22m | Storing File: res://content/fighters/nix-calder/animations/procedural/dodge_back.anim.json[39m[0m
[  45% ] [90m[1msavepack[22m | Storing File: res://content/fighters/nix-calder/animations/procedural/dodge_forward.anim.json[39m[0m
[  45% ] [90m[1msavepack[22m | Storing File: res://content/fighters/nix-calder/animations/procedural/double_jump.anim.json[39m[0m
[  45% ] [90m[1msavepack[22m | Storing File: res://content/fighters/nix-calder/animations/procedural/down_air.anim.json[39m[0m
[  45% ] [90m[1msavepack[22m | Storing File: res://content/fighters/nix-calder/animations/procedural/down_special.anim.json[39m[0m
[  45% ] [90m[1msavepack[22m | Storing File: res://content/fighters/nix-calder/animations/procedural/down_tilt.anim.json[39m[0m
[  45% ] [90m[1msavepack[22m | Storing File: res://content/fighters/nix-calder/animations/procedural/edge_warning.anim.json[39m[0m
[  45% ] [90m[1msavepack[22m | Storing File: res://content/fighters/nix-calder/animations/procedural/fall.anim.json[39m[0m
[  45% ] [90m[1msavepack[22m | Storing File: res://content/fighters/nix-calder/animations/procedural/fast_fall.anim.json[39m[0m
[  45% ] [90m[1msavepack[22m | Storing File: res://content/fighters/nix-calder/animations/procedural/forward_air.anim.json[39m[0m
[  45% ] [90m[1msavepack[22m | Storing File: res://content/fighters/nix-calder/animations/procedural/forward_tilt.anim.json[39m[0m
[  45% ] [90m[1msavepack[22m | Storing File: res://content/fighters/nix-calder/animations/procedural/grab.anim.json[39m[0m
[  45% ] [90m[1msavepack[22m | Storing File: res://content/fighters/nix-calder/animations/procedural/grab_active.anim.json[39m[0m
[  45% ] [90m[1msavepack[22m | Storing File: res://content/fighters/nix-calder/animations/procedural/grab_break.anim.json[39m[0m
[  45% ] [90m[1msavepack[22m | Storing File: res://content/fighters/nix-calder/animations/procedural/grab_hold.anim.json[39m[0m
[  45% ] [90m[1msavepack[22m | Storing File: res://content/fighters/nix-calder/animations/procedural/grab_startup.anim.json[39m[0m
[  45% ] [90m[1msavepack[22m | Storing File: res://content/fighters/nix-calder/animations/procedural/grab_whiff.anim.json[39m[0m
[  45% ] [90m[1msavepack[22m | Storing File: res://content/fighters/nix-calder/animations/procedural/ground_bounce.anim.json[39m[0m
[  45% ] [90m[1msavepack[22m | Storing File: res://content/fighters/nix-calder/animations/procedural/heavy.anim.json[39m[0m
[  45% ] [90m[1msavepack[22m | Storing File: res://content/fighters/nix-calder/animations/procedural/heavy_attack.anim.json[39m[0m
[  45% ] [90m[1msavepack[22m | Storing File: res://content/fighters/nix-calder/animations/procedural/hitstop_pose.anim.json[39m[0m
[  45% ] [90m[1msavepack[22m | Storing File: res://content/fighters/nix-calder/animations/procedural/hitstun_ground.anim.json[39m[0m
[  45% ] [90m[1msavepack[22m | Storing File: res://content/fighters/nix-calder/animations/procedural/hurt.anim.json[39m[0m
[  45% ] [90m[1msavepack[22m | Storing File: res://content/fighters/nix-calder/animations/procedural/hurt_heavy.anim.json[39m[0m
[  45% ] [90m[1msavepack[22m | Storing File: res://content/fighters/nix-calder/animations/procedural/hurt_light.anim.json[39m[0m
[  46% ] [90m[1msavepack[22m | Storing File: res://content/fighters/nix-calder/animations/procedural/hurt_light_back.anim.json[39m[0m
[  46% ] [90m[1msavepack[22m | Storing File: res://content/fighters/nix-calder/animations/procedural/hurt_light_front.anim.json[39m[0m
[  46% ] [90m[1msavepack[22m | Storing File: res://content/fighters/nix-calder/animations/procedural/hurt_medium.anim.json[39m[0m
[  46% ] [90m[1msavepack[22m | Storing File: res://content/fighters/nix-calder/animations/procedural/idle.anim.json[39m[0m
[  46% ] [90m[1msavepack[22m | Storing File: res://content/fighters/nix-calder/animations/procedural/idle_long.anim.json[39m[0m
[  46% ] [90m[1msavepack[22m | Storing File: res://content/fighters/nix-calder/animations/procedural/idle_primary.anim.json[39m[0m
[  46% ] [90m[1msavepack[22m | Storing File: res://content/fighters/nix-calder/animations/procedural/idle_secondary.anim.json[39m[0m
[  46% ] [90m[1msavepack[22m | Storing File: res://content/fighters/nix-calder/animations/procedural/idle_variant.anim.json[39m[0m
[  46% ] [90m[1msavepack[22m | Storing File: res://content/fighters/nix-calder/animations/procedural/jab.anim.json[39m[0m
[  46% ] [90m[1msavepack[22m | Storing File: res://content/fighters/nix-calder/animations/procedural/jab_1.anim.json[39m[0m
[  46% ] [90m[1msavepack[22m | Storing File: res://content/fighters/nix-calder/animations/procedural/jab_2.anim.json[39m[0m
[  46% ] [90m[1msavepack[22m | Storing File: res://content/fighters/nix-calder/animations/procedural/jab_chain_2.anim.json[39m[0m
[  46% ] [90m[1msavepack[22m | Storing File: res://content/fighters/nix-calder/animations/procedural/jab_chain_3.anim.json[39m[0m
[  46% ] [90m[1msavepack[22m | Storing File: res://content/fighters/nix-calder/animations/procedural/jab_finisher.anim.json[39m[0m
[  46% ] [90m[1msavepack[22m | Storing File: res://content/fighters/nix-calder/animations/procedural/jump.anim.json[39m[0m
[  46% ] [90m[1msavepack[22m | Storing File: res://content/fighters/nix-calder/animations/procedural/jump_apex.anim.json[39m[0m
[  46% ] [90m[1msavepack[22m | Storing File: res://content/fighters/nix-calder/animations/procedural/jump_rise.anim.json[39m[0m
[  46% ] [90m[1msavepack[22m | Storing File: res://content/fighters/nix-calder/animations/procedural/jump_squat.anim.json[39m[0m
[  46% ] [90m[1msavepack[22m | Storing File: res://content/fighters/nix-calder/animations/procedural/jump_start.anim.json[39m[0m
[  46% ] [90m[1msavepack[22m | Storing File: res://content/fighters/nix-calder/animations/procedural/knockdown.anim.json[39m[0m
[  46% ] [90m[1msavepack[22m | Storing File: res://content/fighters/nix-calder/animations/procedural/ko.anim.json[39m[0m
[  46% ] [90m[1msavepack[22m | Storing File: res://content/fighters/nix-calder/animations/procedural/land.anim.json[39m[0m
[  46% ] [90m[1msavepack[22m | Storing File: res://content/fighters/nix-calder/animations/procedural/landing.anim.json[39m[0m
[  46% ] [90m[1msavepack[22m | Storing File: res://content/fighters/nix-calder/animations/procedural/land_hard.anim.json[39m[0m
[  47% ] [90m[1msavepack[22m | Storing File: res://content/fighters/nix-calder/animations/procedural/land_soft.anim.json[39m[0m
[  47% ] [90m[1msavepack[22m | Storing File: res://content/fighters/nix-calder/animations/procedural/launch.anim.json[39m[0m
[  47% ] [90m[1msavepack[22m | Storing File: res://content/fighters/nix-calder/animations/procedural/launched.anim.json[39m[0m
[  47% ] [90m[1msavepack[22m | Storing File: res://content/fighters/nix-calder/animations/procedural/launch_horizontal.anim.json[39m[0m
[  47% ] [90m[1msavepack[22m | Storing File: res://content/fighters/nix-calder/animations/procedural/launch_vertical.anim.json[39m[0m
[  47% ] [90m[1msavepack[22m | Storing File: res://content/fighters/nix-calder/animations/procedural/ledge_attack.anim.json[39m[0m
[  47% ] [90m[1msavepack[22m | Storing File: res://content/fighters/nix-calder/animations/procedural/ledge_drop.anim.json[39m[0m
[  47% ] [90m[1msavepack[22m | Storing File: res://content/fighters/nix-calder/animations/procedural/ledge_getup.anim.json[39m[0m
[  47% ] [90m[1msavepack[22m | Storing File: res://content/fighters/nix-calder/animations/procedural/ledge_grab.anim.json[39m[0m
[  47% ] [90m[1msavepack[22m | Storing File: res://content/fighters/nix-calder/animations/procedural/ledge_hang.anim.json[39m[0m
[  47% ] [90m[1msavepack[22m | Storing File: res://content/fighters/nix-calder/animations/procedural/ledge_jump.anim.json[39m[0m
[  47% ] [90m[1msavepack[22m | Storing File: res://content/fighters/nix-calder/animations/procedural/ledge_roll.anim.json[39m[0m
[  47% ] [90m[1msavepack[22m | Storing File: res://content/fighters/nix-calder/animations/procedural/ledge_teeter.anim.json[39m[0m
[  47% ] [90m[1msavepack[22m | Storing File: res://content/fighters/nix-calder/animations/procedural/manifest.json[39m[0m
[  47% ] [90m[1msavepack[22m | Storing File: res://content/fighters/nix-calder/animations/procedural/match_intro.anim.json[39m[0m
[  47% ] [90m[1msavepack[22m | Storing File: res://content/fighters/nix-calder/animations/procedural/neutral_air.anim.json[39m[0m
[  47% ] [90m[1msavepack[22m | Storing File: res://content/fighters/nix-calder/animations/procedural/neutral_special_projectile.anim.json[39m[0m
[  47% ] [90m[1msavepack[22m | Storing File: res://content/fighters/nix-calder/animations/procedural/platform_drop.anim.json[39m[0m
[  47% ] [90m[1msavepack[22m | Storing File: res://content/fighters/nix-calder/animations/procedural/pratfall.anim.json[39m[0m
[  47% ] [90m[1msavepack[22m | Storing File: res://content/fighters/nix-calder/animations/procedural/projectile_full.anim.json[39m[0m
[  47% ] [90m[1msavepack[22m | Storing File: res://content/fighters/nix-calder/animations/procedural/projectile_medium.anim.json[39m[0m
[  47% ] [90m[1msavepack[22m | Storing File: res://content/fighters/nix-calder/animations/procedural/projectile_tap.anim.json[39m[0m
[  47% ] [90m[1msavepack[22m | Storing File: res://content/fighters/nix-calder/animations/procedural/pummel.anim.json[39m[0m
[  47% ] [90m[1msavepack[22m | Storing File: res://content/fighters/nix-calder/animations/procedural/recovery.anim.json[39m[0m
[  47% ] [90m[1msavepack[22m | Storing File: res://content/fighters/nix-calder/animations/procedural/respawn.anim.json[39m[0m
[  48% ] [90m[1msavepack[22m | Storing File: res://content/fighters/nix-calder/animations/procedural/results_idle.anim.json[39m[0m
[  48% ] [90m[1msavepack[22m | Storing File: res://content/fighters/nix-calder/animations/procedural/roll_backward.anim.json[39m[0m
[  48% ] [90m[1msavepack[22m | Storing File: res://content/fighters/nix-calder/animations/procedural/roll_forward.anim.json[39m[0m
[  48% ] [90m[1msavepack[22m | Storing File: res://content/fighters/nix-calder/animations/procedural/run.anim.json[39m[0m
[  48% ] [90m[1msavepack[22m | Storing File: res://content/fighters/nix-calder/animations/procedural/run_loop.anim.json[39m[0m
[  48% ] [90m[1msavepack[22m | Storing File: res://content/fighters/nix-calder/animations/procedural/run_start.anim.json[39m[0m
[  48% ] [90m[1msavepack[22m | Storing File: res://content/fighters/nix-calder/animations/procedural/run_stop.anim.json[39m[0m
[  48% ] [90m[1msavepack[22m | Storing File: res://content/fighters/nix-calder/animations/procedural/shield.anim.json[39m[0m
[  48% ] [90m[1msavepack[22m | Storing File: res://content/fighters/nix-calder/animations/procedural/shield_break.anim.json[39m[0m
[  48% ] [90m[1msavepack[22m | Storing File: res://content/fighters/nix-calder/animations/procedural/shield_hit.anim.json[39m[0m
[  48% ] [90m[1msavepack[22m | Storing File: res://content/fighters/nix-calder/animations/procedural/shield_hold.anim.json[39m[0m
[  48% ] [90m[1msavepack[22m | Storing File: res://content/fighters/nix-calder/animations/procedural/shield_release.anim.json[39m[0m
[  48% ] [90m[1msavepack[22m | Storing File: res://content/fighters/nix-calder/animations/procedural/shield_start.anim.json[39m[0m
[  48% ] [90m[1msavepack[22m | Storing File: res://content/fighters/nix-calder/animations/procedural/shield_stun.anim.json[39m[0m
[  48% ] [90m[1msavepack[22m | Storing File: res://content/fighters/nix-calder/animations/procedural/short_hop_visual.anim.json[39m[0m
[  48% ] [90m[1msavepack[22m | Storing File: res://content/fighters/nix-calder/animations/procedural/side_special.anim.json[39m[0m
[  48% ] [90m[1msavepack[22m | Storing File: res://content/fighters/nix-calder/animations/procedural/signature_lane_burst.anim.json[39m[0m
[  48% ] [90m[1msavepack[22m | Storing File: res://content/fighters/nix-calder/animations/procedural/signature_lane_confirm.anim.json[39m[0m
[  48% ] [90m[1msavepack[22m | Storing File: res://content/fighters/nix-calder/animations/procedural/signature_lane_control.anim.json[39m[0m
[  48% ] [90m[1msavepack[22m | Storing File: res://content/fighters/nix-calder/animations/procedural/signature_lane_counter.anim.json[39m[0m
[  48% ] [90m[1msavepack[22m | Storing File: res://content/fighters/nix-calder/animations/procedural/signature_lane_feint.anim.json[39m[0m
[  48% ] [90m[1msavepack[22m | Storing File: res://content/fighters/nix-calder/animations/procedural/signature_lane_finisher.anim.json[39m[0m
[  48% ] [90m[1msavepack[22m | Storing File: res://content/fighters/nix-calder/animations/procedural/signature_lane_launch.anim.json[39m[0m
[  48% ] [90m[1msavepack[22m | Storing File: res://content/fighters/nix-calder/animations/procedural/signature_lane_trap.anim.json[39m[0m
[  49% ] [90m[1msavepack[22m | Storing File: res://content/fighters/nix-calder/animations/procedural/skid.anim.json[39m[0m
[  49% ] [90m[1msavepack[22m | Storing File: res://content/fighters/nix-calder/animations/procedural/smash_down.anim.json[39m[0m
[  49% ] [90m[1msavepack[22m | Storing File: res://content/fighters/nix-calder/animations/procedural/smash_forward.anim.json[39m[0m
[  49% ] [90m[1msavepack[22m | Storing File: res://content/fighters/nix-calder/animations/procedural/smash_up.anim.json[39m[0m
[  49% ] [90m[1msavepack[22m | Storing File: res://content/fighters/nix-calder/animations/procedural/spot_dodge.anim.json[39m[0m
[  49% ] [90m[1msavepack[22m | Storing File: res://content/fighters/nix-calder/animations/procedural/story_dialogue_intense.anim.json[39m[0m
[  49% ] [90m[1msavepack[22m | Storing File: res://content/fighters/nix-calder/animations/procedural/story_dialogue_neutral.anim.json[39m[0m
[  49% ] [90m[1msavepack[22m | Storing File: res://content/fighters/nix-calder/animations/procedural/taunt_1.anim.json[39m[0m
[  49% ] [90m[1msavepack[22m | Storing File: res://content/fighters/nix-calder/animations/procedural/taunt_2.anim.json[39m[0m
[  49% ] [90m[1msavepack[22m | Storing File: res://content/fighters/nix-calder/animations/procedural/tech_back.anim.json[39m[0m
[  49% ] [90m[1msavepack[22m | Storing File: res://content/fighters/nix-calder/animations/procedural/tech_forward.anim.json[39m[0m
[  49% ] [90m[1msavepack[22m | Storing File: res://content/fighters/nix-calder/animations/procedural/tech_in_place.anim.json[39m[0m
[  49% ] [90m[1msavepack[22m | Storing File: res://content/fighters/nix-calder/animations/procedural/throw_back.anim.json[39m[0m
[  49% ] [90m[1msavepack[22m | Storing File: res://content/fighters/nix-calder/animations/procedural/throw_down.anim.json[39m[0m
[  49% ] [90m[1msavepack[22m | Storing File: res://content/fighters/nix-calder/animations/procedural/throw_forward.anim.json[39m[0m
[  49% ] [90m[1msavepack[22m | Storing File: res://content/fighters/nix-calder/animations/procedural/throw_release.anim.json[39m[0m
[  49% ] [90m[1msavepack[22m | Storing File: res://content/fighters/nix-calder/animations/procedural/throw_startup.anim.json[39m[0m
[  49% ] [90m[1msavepack[22m | Storing File: res://content/fighters/nix-calder/animations/procedural/throw_up.anim.json[39m[0m
[  49% ] [90m[1msavepack[22m | Storing File: res://content/fighters/nix-calder/animations/procedural/tilt_down.anim.json[39m[0m
[  49% ] [90m[1msavepack[22m | Storing File: res://content/fighters/nix-calder/animations/procedural/tilt_forward.anim.json[39m[0m
[  49% ] [90m[1msavepack[22m | Storing File: res://content/fighters/nix-calder/animations/procedural/tilt_up.anim.json[39m[0m
[  49% ] [90m[1msavepack[22m | Storing File: res://content/fighters/nix-calder/animations/procedural/tumble.anim.json[39m[0m
[  49% ] [90m[1msavepack[22m | Storing File: res://content/fighters/nix-calder/animations/procedural/turn.anim.json[39m[0m
[  49% ] [90m[1msavepack[22m | Storing File: res://content/fighters/nix-calder/animations/procedural/turnaround.anim.json[39m[0m
[  50% ] [90m[1msavepack[22m | Storing File: res://content/fighters/nix-calder/animations/procedural/up_air.anim.json[39m[0m
[  50% ] [90m[1msavepack[22m | Storing File: res://content/fighters/nix-calder/animations/procedural/up_special_recovery.anim.json[39m[0m
[  50% ] [90m[1msavepack[22m | Storing File: res://content/fighters/nix-calder/animations/procedural/up_tilt.anim.json[39m[0m
[  50% ] [90m[1msavepack[22m | Storing File: res://content/fighters/nix-calder/animations/procedural/victory.anim.json[39m[0m
[  50% ] [90m[1msavepack[22m | Storing File: res://content/fighters/nix-calder/animations/procedural/walk.anim.json[39m[0m
[  50% ] [90m[1msavepack[22m | Storing File: res://content/fighters/nix-calder/animations/procedural/walk_loop.anim.json[39m[0m
[  50% ] [90m[1msavepack[22m | Storing File: res://content/fighters/nix-calder/animations/procedural/walk_start.anim.json[39m[0m
[  50% ] [90m[1msavepack[22m | Storing File: res://content/fighters/nix-calder/animations/procedural/walk_stop.anim.json[39m[0m
[  50% ] [90m[1msavepack[22m | Storing File: res://content/fighters/nix-calder/animations/procedural/wall_bounce.anim.json[39m[0m
[  50% ] [90m[1msavepack[22m | Storing File: res://.godot/imported/nix-calder_procedural_proxy.glb-4dda8a942d12bba706940cd3ff4de81d.scn[39m[0m
[  50% ] [90m[1msavepack[22m | Storing File: res://content/fighters/nix-calder/model/nix-calder_procedural_proxy.glb.import[39m[0m
[  50% ] [90m[1msavepack[22m | Storing File: res://content/fighters/orion-vell/animations/procedural/aerial_back.anim.json[39m[0m
[  50% ] [90m[1msavepack[22m | Storing File: res://content/fighters/orion-vell/animations/procedural/aerial_down.anim.json[39m[0m
[  50% ] [90m[1msavepack[22m | Storing File: res://content/fighters/orion-vell/animations/procedural/aerial_forward.anim.json[39m[0m
[  50% ] [90m[1msavepack[22m | Storing File: res://content/fighters/orion-vell/animations/procedural/aerial_neutral.anim.json[39m[0m
[  50% ] [90m[1msavepack[22m | Storing File: res://content/fighters/orion-vell/animations/procedural/aerial_up.anim.json[39m[0m
[  50% ] [90m[1msavepack[22m | Storing File: res://content/fighters/orion-vell/animations/procedural/air_dodge.anim.json[39m[0m
[  50% ] [90m[1msavepack[22m | Storing File: res://content/fighters/orion-vell/animations/procedural/air_dodge_back.anim.json[39m[0m
[  50% ] [90m[1msavepack[22m | Storing File: res://content/fighters/orion-vell/animations/procedural/air_dodge_down.anim.json[39m[0m
[  50% ] [90m[1msavepack[22m | Storing File: res://content/fighters/orion-vell/animations/procedural/air_dodge_forward.anim.json[39m[0m
[  50% ] [90m[1msavepack[22m | Storing File: res://content/fighters/orion-vell/animations/procedural/air_dodge_neutral.anim.json[39m[0m
[  50% ] [90m[1msavepack[22m | Storing File: res://content/fighters/orion-vell/animations/procedural/air_dodge_up.anim.json[39m[0m
[  50% ] [90m[1msavepack[22m | Storing File: res://content/fighters/orion-vell/animations/procedural/air_drift.anim.json[39m[0m
[  50% ] [90m[1msavepack[22m | Storing File: res://content/fighters/orion-vell/animations/procedural/aura_burst.anim.json[39m[0m
[  50% ] [90m[1msavepack[22m | Storing File: res://content/fighters/orion-vell/animations/procedural/aura_burst_active.anim.json[39m[0m
[  51% ] [90m[1msavepack[22m | Storing File: res://content/fighters/orion-vell/animations/procedural/aura_burst_move.anim.json[39m[0m
[  51% ] [90m[1msavepack[22m | Storing File: res://content/fighters/orion-vell/animations/procedural/aura_burst_recovery.anim.json[39m[0m
[  51% ] [90m[1msavepack[22m | Storing File: res://content/fighters/orion-vell/animations/procedural/aura_burst_startup.anim.json[39m[0m
[  51% ] [90m[1msavepack[22m | Storing File: res://content/fighters/orion-vell/animations/procedural/aura_charge.anim.json[39m[0m
[  51% ] [90m[1msavepack[22m | Storing File: res://content/fighters/orion-vell/animations/procedural/aura_charge_move.anim.json[39m[0m
[  51% ] [90m[1msavepack[22m | Storing File: res://content/fighters/orion-vell/animations/procedural/aura_level_1.anim.json[39m[0m
[  51% ] [90m[1msavepack[22m | Storing File: res://content/fighters/orion-vell/animations/procedural/aura_level_2.anim.json[39m[0m
[  51% ] [90m[1msavepack[22m | Storing File: res://content/fighters/orion-vell/animations/procedural/aura_level_3.anim.json[39m[0m
[  51% ] [90m[1msavepack[22m | Storing File: res://content/fighters/orion-vell/animations/procedural/aura_ready.anim.json[39m[0m
[  51% ] [90m[1msavepack[22m | Storing File: res://content/fighters/orion-vell/animations/procedural/aura_release.anim.json[39m[0m
[  51% ] [90m[1msavepack[22m | Storing File: res://content/fighters/orion-vell/animations/procedural/aura_super_transform.anim.json[39m[0m
[  51% ] [90m[1msavepack[22m | Storing File: res://content/fighters/orion-vell/animations/procedural/back_air.anim.json[39m[0m
[  51% ] [90m[1msavepack[22m | Storing File: res://content/fighters/orion-vell/animations/procedural/character_select_confirm.anim.json[39m[0m
[  51% ] [90m[1msavepack[22m | Storing File: res://content/fighters/orion-vell/animations/procedural/character_select_idle.anim.json[39m[0m
[  51% ] [90m[1msavepack[22m | Storing File: res://content/fighters/orion-vell/animations/procedural/critical_launch.anim.json[39m[0m
[  51% ] [90m[1msavepack[22m | Storing File: res://content/fighters/orion-vell/animations/procedural/crouch.anim.json[39m[0m
[  51% ] [90m[1msavepack[22m | Storing File: res://content/fighters/orion-vell/animations/procedural/crouch_end.anim.json[39m[0m
[  51% ] [90m[1msavepack[22m | Storing File: res://content/fighters/orion-vell/animations/procedural/crouch_hold.anim.json[39m[0m
[  51% ] [90m[1msavepack[22m | Storing File: res://content/fighters/orion-vell/animations/procedural/crouch_start.anim.json[39m[0m
[  51% ] [90m[1msavepack[22m | Storing File: res://content/fighters/orion-vell/animations/procedural/dash.anim.json[39m[0m
[  51% ] [90m[1msavepack[22m | Storing File: res://content/fighters/orion-vell/animations/procedural/dash_attack.anim.json[39m[0m
[  51% ] [90m[1msavepack[22m | Storing File: res://content/fighters/orion-vell/animations/procedural/dash_loop.anim.json[39m[0m
[  51% ] [90m[1msavepack[22m | Storing File: res://content/fighters/orion-vell/animations/procedural/dash_start.anim.json[39m[0m
[  51% ] [90m[1msavepack[22m | Storing File: res://content/fighters/orion-vell/animations/procedural/dash_stop.anim.json[39m[0m
[  52% ] [90m[1msavepack[22m | Storing File: res://content/fighters/orion-vell/animations/procedural/defeat.anim.json[39m[0m
[  52% ] [90m[1msavepack[22m | Storing File: res://content/fighters/orion-vell/animations/procedural/dodge.anim.json[39m[0m
[  52% ] [90m[1msavepack[22m | Storing File: res://content/fighters/orion-vell/animations/procedural/dodge_back.anim.json[39m[0m
[  52% ] [90m[1msavepack[22m | Storing File: res://content/fighters/orion-vell/animations/procedural/dodge_forward.anim.json[39m[0m
[  52% ] [90m[1msavepack[22m | Storing File: res://content/fighters/orion-vell/animations/procedural/double_jump.anim.json[39m[0m
[  52% ] [90m[1msavepack[22m | Storing File: res://content/fighters/orion-vell/animations/procedural/down_air.anim.json[39m[0m
[  52% ] [90m[1msavepack[22m | Storing File: res://content/fighters/orion-vell/animations/procedural/down_special.anim.json[39m[0m
[  52% ] [90m[1msavepack[22m | Storing File: res://content/fighters/orion-vell/animations/procedural/down_tilt.anim.json[39m[0m
[  52% ] [90m[1msavepack[22m | Storing File: res://content/fighters/orion-vell/animations/procedural/edge_warning.anim.json[39m[0m
[  52% ] [90m[1msavepack[22m | Storing File: res://content/fighters/orion-vell/animations/procedural/fall.anim.json[39m[0m
[  52% ] [90m[1msavepack[22m | Storing File: res://content/fighters/orion-vell/animations/procedural/fast_fall.anim.json[39m[0m
[  52% ] [90m[1msavepack[22m | Storing File: res://content/fighters/orion-vell/animations/procedural/forward_air.anim.json[39m[0m
[  52% ] [90m[1msavepack[22m | Storing File: res://content/fighters/orion-vell/animations/procedural/forward_tilt.anim.json[39m[0m
[  52% ] [90m[1msavepack[22m | Storing File: res://content/fighters/orion-vell/animations/procedural/grab.anim.json[39m[0m
[  52% ] [90m[1msavepack[22m | Storing File: res://content/fighters/orion-vell/animations/procedural/grab_active.anim.json[39m[0m
[  52% ] [90m[1msavepack[22m | Storing File: res://content/fighters/orion-vell/animations/procedural/grab_break.anim.json[39m[0m
[  52% ] [90m[1msavepack[22m | Storing File: res://content/fighters/orion-vell/animations/procedural/grab_hold.anim.json[39m[0m
[  52% ] [90m[1msavepack[22m | Storing File: res://content/fighters/orion-vell/animations/procedural/grab_startup.anim.json[39m[0m
[  52% ] [90m[1msavepack[22m | Storing File: res://content/fighters/orion-vell/animations/procedural/grab_whiff.anim.json[39m[0m
[  52% ] [90m[1msavepack[22m | Storing File: res://content/fighters/orion-vell/animations/procedural/ground_bounce.anim.json[39m[0m
[  52% ] [90m[1msavepack[22m | Storing File: res://content/fighters/orion-vell/animations/procedural/heavy.anim.json[39m[0m
[  52% ] [90m[1msavepack[22m | Storing File: res://content/fighters/orion-vell/animations/procedural/heavy_attack.anim.json[39m[0m
[  52% ] [90m[1msavepack[22m | Storing File: res://content/fighters/orion-vell/animations/procedural/hitstop_pose.anim.json[39m[0m
[  52% ] [90m[1msavepack[22m | Storing File: res://content/fighters/orion-vell/animations/procedural/hitstun_ground.anim.json[39m[0m
[  52% ] [90m[1msavepack[22m | Storing File: res://content/fighters/orion-vell/animations/procedural/hurt.anim.json[39m[0m
[  53% ] [90m[1msavepack[22m | Storing File: res://content/fighters/orion-vell/animations/procedural/hurt_heavy.anim.json[39m[0m
[  53% ] [90m[1msavepack[22m | Storing File: res://content/fighters/orion-vell/animations/procedural/hurt_light.anim.json[39m[0m
[  53% ] [90m[1msavepack[22m | Storing File: res://content/fighters/orion-vell/animations/procedural/hurt_light_back.anim.json[39m[0m
[  53% ] [90m[1msavepack[22m | Storing File: res://content/fighters/orion-vell/animations/procedural/hurt_light_front.anim.json[39m[0m
[  53% ] [90m[1msavepack[22m | Storing File: res://content/fighters/orion-vell/animations/procedural/hurt_medium.anim.json[39m[0m
[  53% ] [90m[1msavepack[22m | Storing File: res://content/fighters/orion-vell/animations/procedural/idle.anim.json[39m[0m
[  53% ] [90m[1msavepack[22m | Storing File: res://content/fighters/orion-vell/animations/procedural/idle_long.anim.json[39m[0m
[  53% ] [90m[1msavepack[22m | Storing File: res://content/fighters/orion-vell/animations/procedural/idle_primary.anim.json[39m[0m
[  53% ] [90m[1msavepack[22m | Storing File: res://content/fighters/orion-vell/animations/procedural/idle_secondary.anim.json[39m[0m
[  53% ] [90m[1msavepack[22m | Storing File: res://content/fighters/orion-vell/animations/procedural/idle_variant.anim.json[39m[0m
[  53% ] [90m[1msavepack[22m | Storing File: res://content/fighters/orion-vell/animations/procedural/jab.anim.json[39m[0m
[  53% ] [90m[1msavepack[22m | Storing File: res://content/fighters/orion-vell/animations/procedural/jab_1.anim.json[39m[0m
[  53% ] [90m[1msavepack[22m | Storing File: res://content/fighters/orion-vell/animations/procedural/jab_2.anim.json[39m[0m
[  53% ] [90m[1msavepack[22m | Storing File: res://content/fighters/orion-vell/animations/procedural/jab_chain_2.anim.json[39m[0m
[  53% ] [90m[1msavepack[22m | Storing File: res://content/fighters/orion-vell/animations/procedural/jab_chain_3.anim.json[39m[0m
[  53% ] [90m[1msavepack[22m | Storing File: res://content/fighters/orion-vell/animations/procedural/jab_finisher.anim.json[39m[0m
[  53% ] [90m[1msavepack[22m | Storing File: res://content/fighters/orion-vell/animations/procedural/jump.anim.json[39m[0m
[  53% ] [90m[1msavepack[22m | Storing File: res://content/fighters/orion-vell/animations/procedural/jump_apex.anim.json[39m[0m
[  53% ] [90m[1msavepack[22m | Storing File: res://content/fighters/orion-vell/animations/procedural/jump_rise.anim.json[39m[0m
[  53% ] [90m[1msavepack[22m | Storing File: res://content/fighters/orion-vell/animations/procedural/jump_squat.anim.json[39m[0m
[  53% ] [90m[1msavepack[22m | Storing File: res://content/fighters/orion-vell/animations/procedural/jump_start.anim.json[39m[0m
[  53% ] [90m[1msavepack[22m | Storing File: res://content/fighters/orion-vell/animations/procedural/knockdown.anim.json[39m[0m
[  53% ] [90m[1msavepack[22m | Storing File: res://content/fighters/orion-vell/animations/procedural/ko.anim.json[39m[0m
[  53% ] [90m[1msavepack[22m | Storing File: res://content/fighters/orion-vell/animations/procedural/land.anim.json[39m[0m
[  54% ] [90m[1msavepack[22m | Storing File: res://content/fighters/orion-vell/animations/procedural/landing.anim.json[39m[0m
[  54% ] [90m[1msavepack[22m | Storing File: res://content/fighters/orion-vell/animations/procedural/land_hard.anim.json[39m[0m
[  54% ] [90m[1msavepack[22m | Storing File: res://content/fighters/orion-vell/animations/procedural/land_soft.anim.json[39m[0m
[  54% ] [90m[1msavepack[22m | Storing File: res://content/fighters/orion-vell/animations/procedural/launch.anim.json[39m[0m
[  54% ] [90m[1msavepack[22m | Storing File: res://content/fighters/orion-vell/animations/procedural/launched.anim.json[39m[0m
[  54% ] [90m[1msavepack[22m | Storing File: res://content/fighters/orion-vell/animations/procedural/launch_horizontal.anim.json[39m[0m
[  54% ] [90m[1msavepack[22m | Storing File: res://content/fighters/orion-vell/animations/procedural/launch_vertical.anim.json[39m[0m
[  54% ] [90m[1msavepack[22m | Storing File: res://content/fighters/orion-vell/animations/procedural/ledge_attack.anim.json[39m[0m
[  54% ] [90m[1msavepack[22m | Storing File: res://content/fighters/orion-vell/animations/procedural/ledge_drop.anim.json[39m[0m
[  54% ] [90m[1msavepack[22m | Storing File: res://content/fighters/orion-vell/animations/procedural/ledge_getup.anim.json[39m[0m
[  54% ] [90m[1msavepack[22m | Storing File: res://content/fighters/orion-vell/animations/procedural/ledge_grab.anim.json[39m[0m
[  54% ] [90m[1msavepack[22m | Storing File: res://content/fighters/orion-vell/animations/procedural/ledge_hang.anim.json[39m[0m
[  54% ] [90m[1msavepack[22m | Storing File: res://content/fighters/orion-vell/animations/procedural/ledge_jump.anim.json[39m[0m
[  54% ] [90m[1msavepack[22m | Storing File: res://content/fighters/orion-vell/animations/procedural/ledge_roll.anim.json[39m[0m
[  54% ] [90m[1msavepack[22m | Storing File: res://content/fighters/orion-vell/animations/procedural/ledge_teeter.anim.json[39m[0m
[  54% ] [90m[1msavepack[22m | Storing File: res://content/fighters/orion-vell/animations/procedural/manifest.json[39m[0m
[  54% ] [90m[1msavepack[22m | Storing File: res://content/fighters/orion-vell/animations/procedural/match_intro.anim.json[39m[0m
[  54% ] [90m[1msavepack[22m | Storing File: res://content/fighters/orion-vell/animations/procedural/neutral_air.anim.json[39m[0m
[  54% ] [90m[1msavepack[22m | Storing File: res://content/fighters/orion-vell/animations/procedural/neutral_special_projectile.anim.json[39m[0m
[  54% ] [90m[1msavepack[22m | Storing File: res://content/fighters/orion-vell/animations/procedural/platform_drop.anim.json[39m[0m
[  54% ] [90m[1msavepack[22m | Storing File: res://content/fighters/orion-vell/animations/procedural/pratfall.anim.json[39m[0m
[  54% ] [90m[1msavepack[22m | Storing File: res://content/fighters/orion-vell/animations/procedural/projectile_full.anim.json[39m[0m
[  54% ] [90m[1msavepack[22m | Storing File: res://content/fighters/orion-vell/animations/procedural/projectile_medium.anim.json[39m[0m
[  54% ] [90m[1msavepack[22m | Storing File: res://content/fighters/orion-vell/animations/procedural/projectile_tap.anim.json[39m[0m
[  55% ] [90m[1msavepack[22m | Storing File: res://content/fighters/orion-vell/animations/procedural/pummel.anim.json[39m[0m
[  55% ] [90m[1msavepack[22m | Storing File: res://content/fighters/orion-vell/animations/procedural/recovery.anim.json[39m[0m
[  55% ] [90m[1msavepack[22m | Storing File: res://content/fighters/orion-vell/animations/procedural/respawn.anim.json[39m[0m
[  55% ] [90m[1msavepack[22m | Storing File: res://content/fighters/orion-vell/animations/procedural/results_idle.anim.json[39m[0m
[  55% ] [90m[1msavepack[22m | Storing File: res://content/fighters/orion-vell/animations/procedural/roll_backward.anim.json[39m[0m
[  55% ] [90m[1msavepack[22m | Storing File: res://content/fighters/orion-vell/animations/procedural/roll_forward.anim.json[39m[0m
[  55% ] [90m[1msavepack[22m | Storing File: res://content/fighters/orion-vell/animations/procedural/run.anim.json[39m[0m
[  55% ] [90m[1msavepack[22m | Storing File: res://content/fighters/orion-vell/animations/procedural/run_loop.anim.json[39m[0m
[  55% ] [90m[1msavepack[22m | Storing File: res://content/fighters/orion-vell/animations/procedural/run_start.anim.json[39m[0m
[  55% ] [90m[1msavepack[22m | Storing File: res://content/fighters/orion-vell/animations/procedural/run_stop.anim.json[39m[0m
[  55% ] [90m[1msavepack[22m | Storing File: res://content/fighters/orion-vell/animations/procedural/shield.anim.json[39m[0m
[  55% ] [90m[1msavepack[22m | Storing File: res://content/fighters/orion-vell/animations/procedural/shield_break.anim.json[39m[0m
[  55% ] [90m[1msavepack[22m | Storing File: res://content/fighters/orion-vell/animations/procedural/shield_hit.anim.json[39m[0m
[  55% ] [90m[1msavepack[22m | Storing File: res://content/fighters/orion-vell/animations/procedural/shield_hold.anim.json[39m[0m
[  55% ] [90m[1msavepack[22m | Storing File: res://content/fighters/orion-vell/animations/procedural/shield_release.anim.json[39m[0m
[  55% ] [90m[1msavepack[22m | Storing File: res://content/fighters/orion-vell/animations/procedural/shield_start.anim.json[39m[0m
[  55% ] [90m[1msavepack[22m | Storing File: res://content/fighters/orion-vell/animations/procedural/shield_stun.anim.json[39m[0m
[  55% ] [90m[1msavepack[22m | Storing File: res://content/fighters/orion-vell/animations/procedural/short_hop_visual.anim.json[39m[0m
[  55% ] [90m[1msavepack[22m | Storing File: res://content/fighters/orion-vell/animations/procedural/side_special.anim.json[39m[0m
[  55% ] [90m[1msavepack[22m | Storing File: res://content/fighters/orion-vell/animations/procedural/signature_lane_burst.anim.json[39m[0m
[  55% ] [90m[1msavepack[22m | Storing File: res://content/fighters/orion-vell/animations/procedural/signature_lane_confirm.anim.json[39m[0m
[  55% ] [90m[1msavepack[22m | Storing File: res://content/fighters/orion-vell/animations/procedural/signature_lane_control.anim.json[39m[0m
[  55% ] [90m[1msavepack[22m | Storing File: res://content/fighters/orion-vell/animations/procedural/signature_lane_counter.anim.json[39m[0m
[  55% ] [90m[1msavepack[22m | Storing File: res://content/fighters/orion-vell/animations/procedural/signature_lane_feint.anim.json[39m[0m
[  56% ] [90m[1msavepack[22m | Storing File: res://content/fighters/orion-vell/animations/procedural/signature_lane_finisher.anim.json[39m[0m
[  56% ] [90m[1msavepack[22m | Storing File: res://content/fighters/orion-vell/animations/procedural/signature_lane_launch.anim.json[39m[0m
[  56% ] [90m[1msavepack[22m | Storing File: res://content/fighters/orion-vell/animations/procedural/signature_lane_trap.anim.json[39m[0m
[  56% ] [90m[1msavepack[22m | Storing File: res://content/fighters/orion-vell/animations/procedural/skid.anim.json[39m[0m
[  56% ] [90m[1msavepack[22m | Storing File: res://content/fighters/orion-vell/animations/procedural/smash_down.anim.json[39m[0m
[  56% ] [90m[1msavepack[22m | Storing File: res://content/fighters/orion-vell/animations/procedural/smash_forward.anim.json[39m[0m
[  56% ] [90m[1msavepack[22m | Storing File: res://content/fighters/orion-vell/animations/procedural/smash_up.anim.json[39m[0m
[  56% ] [90m[1msavepack[22m | Storing File: res://content/fighters/orion-vell/animations/procedural/spot_dodge.anim.json[39m[0m
[  56% ] [90m[1msavepack[22m | Storing File: res://content/fighters/orion-vell/animations/procedural/story_dialogue_intense.anim.json[39m[0m
[  56% ] [90m[1msavepack[22m | Storing File: res://content/fighters/orion-vell/animations/procedural/story_dialogue_neutral.anim.json[39m[0m
[  56% ] [90m[1msavepack[22m | Storing File: res://content/fighters/orion-vell/animations/procedural/taunt_1.anim.json[39m[0m
[  56% ] [90m[1msavepack[22m | Storing File: res://content/fighters/orion-vell/animations/procedural/taunt_2.anim.json[39m[0m
[  56% ] [90m[1msavepack[22m | Storing File: res://content/fighters/orion-vell/animations/procedural/tech_back.anim.json[39m[0m
[  56% ] [90m[1msavepack[22m | Storing File: res://content/fighters/orion-vell/animations/procedural/tech_forward.anim.json[39m[0m
[  56% ] [90m[1msavepack[22m | Storing File: res://content/fighters/orion-vell/animations/procedural/tech_in_place.anim.json[39m[0m
[  56% ] [90m[1msavepack[22m | Storing File: res://content/fighters/orion-vell/animations/procedural/throw_back.anim.json[39m[0m
[  56% ] [90m[1msavepack[22m | Storing File: res://content/fighters/orion-vell/animations/procedural/throw_down.anim.json[39m[0m
[  56% ] [90m[1msavepack[22m | Storing File: res://content/fighters/orion-vell/animations/procedural/throw_forward.anim.json[39m[0m
[  56% ] [90m[1msavepack[22m | Storing File: res://content/fighters/orion-vell/animations/procedural/throw_release.anim.json[39m[0m
[  56% ] [90m[1msavepack[22m | Storing File: res://content/fighters/orion-vell/animations/procedural/throw_startup.anim.json[39m[0m
[  56% ] [90m[1msavepack[22m | Storing File: res://content/fighters/orion-vell/animations/procedural/throw_up.anim.json[39m[0m
[  56% ] [90m[1msavepack[22m | Storing File: res://content/fighters/orion-vell/animations/procedural/tilt_down.anim.json[39m[0m
[  56% ] [90m[1msavepack[22m | Storing File: res://content/fighters/orion-vell/animations/procedural/tilt_forward.anim.json[39m[0m
[  56% ] [90m[1msavepack[22m | Storing File: res://content/fighters/orion-vell/animations/procedural/tilt_up.anim.json[39m[0m
[  57% ] [90m[1msavepack[22m | Storing File: res://content/fighters/orion-vell/animations/procedural/tumble.anim.json[39m[0m
[  57% ] [90m[1msavepack[22m | Storing File: res://content/fighters/orion-vell/animations/procedural/turn.anim.json[39m[0m
[  57% ] [90m[1msavepack[22m | Storing File: res://content/fighters/orion-vell/animations/procedural/turnaround.anim.json[39m[0m
[  57% ] [90m[1msavepack[22m | Storing File: res://content/fighters/orion-vell/animations/procedural/up_air.anim.json[39m[0m
[  57% ] [90m[1msavepack[22m | Storing File: res://content/fighters/orion-vell/animations/procedural/up_special_recovery.anim.json[39m[0m
[  57% ] [90m[1msavepack[22m | Storing File: res://content/fighters/orion-vell/animations/procedural/up_tilt.anim.json[39m[0m
[  57% ] [90m[1msavepack[22m | Storing File: res://content/fighters/orion-vell/animations/procedural/victory.anim.json[39m[0m
[  57% ] [90m[1msavepack[22m | Storing File: res://content/fighters/orion-vell/animations/procedural/walk.anim.json[39m[0m
[  57% ] [90m[1msavepack[22m | Storing File: res://content/fighters/orion-vell/animations/procedural/walk_loop.anim.json[39m[0m
[  57% ] [90m[1msavepack[22m | Storing File: res://content/fighters/orion-vell/animations/procedural/walk_start.anim.json[39m[0m
[  57% ] [90m[1msavepack[22m | Storing File: res://content/fighters/orion-vell/animations/procedural/walk_stop.anim.json[39m[0m
[  57% ] [90m[1msavepack[22m | Storing File: res://content/fighters/orion-vell/animations/procedural/wall_bounce.anim.json[39m[0m
[  57% ] [90m[1msavepack[22m | Storing File: res://.godot/imported/orion-vell_procedural_proxy.glb-953835db1133952b5c8dd221f3164b32.scn[39m[0m
[  57% ] [90m[1msavepack[22m | Storing File: res://content/fighters/orion-vell/model/orion-vell_procedural_proxy.glb.import[39m[0m
[  57% ] [90m[1msavepack[22m | Storing File: res://content/fighters/rook-ironside/animations/procedural/aerial_back.anim.json[39m[0m
[  57% ] [90m[1msavepack[22m | Storing File: res://content/fighters/rook-ironside/animations/procedural/aerial_down.anim.json[39m[0m
[  57% ] [90m[1msavepack[22m | Storing File: res://content/fighters/rook-ironside/animations/procedural/aerial_forward.anim.json[39m[0m
[  57% ] [90m[1msavepack[22m | Storing File: res://content/fighters/rook-ironside/animations/procedural/aerial_neutral.anim.json[39m[0m
[  57% ] [90m[1msavepack[22m | Storing File: res://content/fighters/rook-ironside/animations/procedural/aerial_up.anim.json[39m[0m
[  57% ] [90m[1msavepack[22m | Storing File: res://content/fighters/rook-ironside/animations/procedural/air_dodge.anim.json[39m[0m
[  57% ] [90m[1msavepack[22m | Storing File: res://content/fighters/rook-ironside/animations/procedural/air_dodge_back.anim.json[39m[0m
[  57% ] [90m[1msavepack[22m | Storing File: res://content/fighters/rook-ironside/animations/procedural/air_dodge_down.anim.json[39m[0m
[  57% ] [90m[1msavepack[22m | Storing File: res://content/fighters/rook-ironside/animations/procedural/air_dodge_forward.anim.json[39m[0m
[  57% ] [90m[1msavepack[22m | Storing File: res://content/fighters/rook-ironside/animations/procedural/air_dodge_neutral.anim.json[39m[0m
[  57% ] [90m[1msavepack[22m | Storing File: res://content/fighters/rook-ironside/animations/procedural/air_dodge_up.anim.json[39m[0m
[  58% ] [90m[1msavepack[22m | Storing File: res://content/fighters/rook-ironside/animations/procedural/air_drift.anim.json[39m[0m
[  58% ] [90m[1msavepack[22m | Storing File: res://content/fighters/rook-ironside/animations/procedural/aura_burst.anim.json[39m[0m
[  58% ] [90m[1msavepack[22m | Storing File: res://content/fighters/rook-ironside/animations/procedural/aura_burst_active.anim.json[39m[0m
[  58% ] [90m[1msavepack[22m | Storing File: res://content/fighters/rook-ironside/animations/procedural/aura_burst_move.anim.json[39m[0m
[  58% ] [90m[1msavepack[22m | Storing File: res://content/fighters/rook-ironside/animations/procedural/aura_burst_recovery.anim.json[39m[0m
[  58% ] [90m[1msavepack[22m | Storing File: res://content/fighters/rook-ironside/animations/procedural/aura_burst_startup.anim.json[39m[0m
[  58% ] [90m[1msavepack[22m | Storing File: res://content/fighters/rook-ironside/animations/procedural/aura_charge.anim.json[39m[0m
[  58% ] [90m[1msavepack[22m | Storing File: res://content/fighters/rook-ironside/animations/procedural/aura_charge_move.anim.json[39m[0m
[  58% ] [90m[1msavepack[22m | Storing File: res://content/fighters/rook-ironside/animations/procedural/aura_level_1.anim.json[39m[0m
[  58% ] [90m[1msavepack[22m | Storing File: res://content/fighters/rook-ironside/animations/procedural/aura_level_2.anim.json[39m[0m
[  58% ] [90m[1msavepack[22m | Storing File: res://content/fighters/rook-ironside/animations/procedural/aura_level_3.anim.json[39m[0m
[  58% ] [90m[1msavepack[22m | Storing File: res://content/fighters/rook-ironside/animations/procedural/aura_ready.anim.json[39m[0m
[  58% ] [90m[1msavepack[22m | Storing File: res://content/fighters/rook-ironside/animations/procedural/aura_release.anim.json[39m[0m
[  58% ] [90m[1msavepack[22m | Storing File: res://content/fighters/rook-ironside/animations/procedural/aura_super_transform.anim.json[39m[0m
[  58% ] [90m[1msavepack[22m | Storing File: res://content/fighters/rook-ironside/animations/procedural/back_air.anim.json[39m[0m
[  58% ] [90m[1msavepack[22m | Storing File: res://content/fighters/rook-ironside/animations/procedural/character_select_confirm.anim.json[39m[0m
[  58% ] [90m[1msavepack[22m | Storing File: res://content/fighters/rook-ironside/animations/procedural/character_select_idle.anim.json[39m[0m
[  58% ] [90m[1msavepack[22m | Storing File: res://content/fighters/rook-ironside/animations/procedural/critical_launch.anim.json[39m[0m
[  58% ] [90m[1msavepack[22m | Storing File: res://content/fighters/rook-ironside/animations/procedural/crouch.anim.json[39m[0m
[  58% ] [90m[1msavepack[22m | Storing File: res://content/fighters/rook-ironside/animations/procedural/crouch_end.anim.json[39m[0m
[  58% ] [90m[1msavepack[22m | Storing File: res://content/fighters/rook-ironside/animations/procedural/crouch_hold.anim.json[39m[0m
[  58% ] [90m[1msavepack[22m | Storing File: res://content/fighters/rook-ironside/animations/procedural/crouch_start.anim.json[39m[0m
[  58% ] [90m[1msavepack[22m | Storing File: res://content/fighters/rook-ironside/animations/procedural/dash.anim.json[39m[0m
[  58% ] [90m[1msavepack[22m | Storing File: res://content/fighters/rook-ironside/animations/procedural/dash_attack.anim.json[39m[0m
[  58% ] [90m[1msavepack[22m | Storing File: res://content/fighters/rook-ironside/animations/procedural/dash_loop.anim.json[39m[0m
[  59% ] [90m[1msavepack[22m | Storing File: res://content/fighters/rook-ironside/animations/procedural/dash_start.anim.json[39m[0m
[  59% ] [90m[1msavepack[22m | Storing File: res://content/fighters/rook-ironside/animations/procedural/dash_stop.anim.json[39m[0m
[  59% ] [90m[1msavepack[22m | Storing File: res://content/fighters/rook-ironside/animations/procedural/defeat.anim.json[39m[0m
[  59% ] [90m[1msavepack[22m | Storing File: res://content/fighters/rook-ironside/animations/procedural/dodge.anim.json[39m[0m
[  59% ] [90m[1msavepack[22m | Storing File: res://content/fighters/rook-ironside/animations/procedural/dodge_back.anim.json[39m[0m
[  59% ] [90m[1msavepack[22m | Storing File: res://content/fighters/rook-ironside/animations/procedural/dodge_forward.anim.json[39m[0m
[  59% ] [90m[1msavepack[22m | Storing File: res://content/fighters/rook-ironside/animations/procedural/double_jump.anim.json[39m[0m
[  59% ] [90m[1msavepack[22m | Storing File: res://content/fighters/rook-ironside/animations/procedural/down_air.anim.json[39m[0m
[  59% ] [90m[1msavepack[22m | Storing File: res://content/fighters/rook-ironside/animations/procedural/down_special.anim.json[39m[0m
[  59% ] [90m[1msavepack[22m | Storing File: res://content/fighters/rook-ironside/animations/procedural/down_tilt.anim.json[39m[0m
[  59% ] [90m[1msavepack[22m | Storing File: res://content/fighters/rook-ironside/animations/procedural/edge_warning.anim.json[39m[0m
[  59% ] [90m[1msavepack[22m | Storing File: res://content/fighters/rook-ironside/animations/procedural/fall.anim.json[39m[0m
[  59% ] [90m[1msavepack[22m | Storing File: res://content/fighters/rook-ironside/animations/procedural/fast_fall.anim.json[39m[0m
[  59% ] [90m[1msavepack[22m | Storing File: res://content/fighters/rook-ironside/animations/procedural/forward_air.anim.json[39m[0m
[  59% ] [90m[1msavepack[22m | Storing File: res://content/fighters/rook-ironside/animations/procedural/forward_tilt.anim.json[39m[0m
[  59% ] [90m[1msavepack[22m | Storing File: res://content/fighters/rook-ironside/animations/procedural/grab.anim.json[39m[0m
[  59% ] [90m[1msavepack[22m | Storing File: res://content/fighters/rook-ironside/animations/procedural/grab_active.anim.json[39m[0m
[  59% ] [90m[1msavepack[22m | Storing File: res://content/fighters/rook-ironside/animations/procedural/grab_break.anim.json[39m[0m
[  59% ] [90m[1msavepack[22m | Storing File: res://content/fighters/rook-ironside/animations/procedural/grab_hold.anim.json[39m[0m
[  59% ] [90m[1msavepack[22m | Storing File: res://content/fighters/rook-ironside/animations/procedural/grab_startup.anim.json[39m[0m
[  59% ] [90m[1msavepack[22m | Storing File: res://content/fighters/rook-ironside/animations/procedural/grab_whiff.anim.json[39m[0m
[  59% ] [90m[1msavepack[22m | Storing File: res://content/fighters/rook-ironside/animations/procedural/ground_bounce.anim.json[39m[0m
[  59% ] [90m[1msavepack[22m | Storing File: res://content/fighters/rook-ironside/animations/procedural/heavy.anim.json[39m[0m
[  59% ] [90m[1msavepack[22m | Storing File: res://content/fighters/rook-ironside/animations/procedural/heavy_attack.anim.json[39m[0m
[  60% ] [90m[1msavepack[22m | Storing File: res://content/fighters/rook-ironside/animations/procedural/hitstop_pose.anim.json[39m[0m
[  60% ] [90m[1msavepack[22m | Storing File: res://content/fighters/rook-ironside/animations/procedural/hitstun_ground.anim.json[39m[0m
[  60% ] [90m[1msavepack[22m | Storing File: res://content/fighters/rook-ironside/animations/procedural/hurt.anim.json[39m[0m
[  60% ] [90m[1msavepack[22m | Storing File: res://content/fighters/rook-ironside/animations/procedural/hurt_heavy.anim.json[39m[0m
[  60% ] [90m[1msavepack[22m | Storing File: res://content/fighters/rook-ironside/animations/procedural/hurt_light.anim.json[39m[0m
[  60% ] [90m[1msavepack[22m | Storing File: res://content/fighters/rook-ironside/animations/procedural/hurt_light_back.anim.json[39m[0m
[  60% ] [90m[1msavepack[22m | Storing File: res://content/fighters/rook-ironside/animations/procedural/hurt_light_front.anim.json[39m[0m
[  60% ] [90m[1msavepack[22m | Storing File: res://content/fighters/rook-ironside/animations/procedural/hurt_medium.anim.json[39m[0m
[  60% ] [90m[1msavepack[22m | Storing File: res://content/fighters/rook-ironside/animations/procedural/idle.anim.json[39m[0m
[  60% ] [90m[1msavepack[22m | Storing File: res://content/fighters/rook-ironside/animations/procedural/idle_long.anim.json[39m[0m
[  60% ] [90m[1msavepack[22m | Storing File: res://content/fighters/rook-ironside/animations/procedural/idle_primary.anim.json[39m[0m
[  60% ] [90m[1msavepack[22m | Storing File: res://content/fighters/rook-ironside/animations/procedural/idle_secondary.anim.json[39m[0m
[  60% ] [90m[1msavepack[22m | Storing File: res://content/fighters/rook-ironside/animations/procedural/idle_variant.anim.json[39m[0m
[  60% ] [90m[1msavepack[22m | Storing File: res://content/fighters/rook-ironside/animations/procedural/jab.anim.json[39m[0m
[  60% ] [90m[1msavepack[22m | Storing File: res://content/fighters/rook-ironside/animations/procedural/jab_1.anim.json[39m[0m
[  60% ] [90m[1msavepack[22m | Storing File: res://content/fighters/rook-ironside/animations/procedural/jab_2.anim.json[39m[0m
[  60% ] [90m[1msavepack[22m | Storing File: res://content/fighters/rook-ironside/animations/procedural/jab_chain_2.anim.json[39m[0m
[  60% ] [90m[1msavepack[22m | Storing File: res://content/fighters/rook-ironside/animations/procedural/jab_chain_3.anim.json[39m[0m
[  60% ] [90m[1msavepack[22m | Storing File: res://content/fighters/rook-ironside/animations/procedural/jab_finisher.anim.json[39m[0m
[  60% ] [90m[1msavepack[22m | Storing File: res://content/fighters/rook-ironside/animations/procedural/jump.anim.json[39m[0m
[  60% ] [90m[1msavepack[22m | Storing File: res://content/fighters/rook-ironside/animations/procedural/jump_apex.anim.json[39m[0m
[  60% ] [90m[1msavepack[22m | Storing File: res://content/fighters/rook-ironside/animations/procedural/jump_rise.anim.json[39m[0m
[  60% ] [90m[1msavepack[22m | Storing File: res://content/fighters/rook-ironside/animations/procedural/jump_squat.anim.json[39m[0m
[  60% ] [90m[1msavepack[22m | Storing File: res://content/fighters/rook-ironside/animations/procedural/jump_start.anim.json[39m[0m
[  61% ] [90m[1msavepack[22m | Storing File: res://content/fighters/rook-ironside/animations/procedural/knockdown.anim.json[39m[0m
[  61% ] [90m[1msavepack[22m | Storing File: res://content/fighters/rook-ironside/animations/procedural/ko.anim.json[39m[0m
[  61% ] [90m[1msavepack[22m | Storing File: res://content/fighters/rook-ironside/animations/procedural/land.anim.json[39m[0m
[  61% ] [90m[1msavepack[22m | Storing File: res://content/fighters/rook-ironside/animations/procedural/landing.anim.json[39m[0m
[  61% ] [90m[1msavepack[22m | Storing File: res://content/fighters/rook-ironside/animations/procedural/land_hard.anim.json[39m[0m
[  61% ] [90m[1msavepack[22m | Storing File: res://content/fighters/rook-ironside/animations/procedural/land_soft.anim.json[39m[0m
[  61% ] [90m[1msavepack[22m | Storing File: res://content/fighters/rook-ironside/animations/procedural/launch.anim.json[39m[0m
[  61% ] [90m[1msavepack[22m | Storing File: res://content/fighters/rook-ironside/animations/procedural/launched.anim.json[39m[0m
[  61% ] [90m[1msavepack[22m | Storing File: res://content/fighters/rook-ironside/animations/procedural/launch_horizontal.anim.json[39m[0m
[  61% ] [90m[1msavepack[22m | Storing File: res://content/fighters/rook-ironside/animations/procedural/launch_vertical.anim.json[39m[0m
[  61% ] [90m[1msavepack[22m | Storing File: res://content/fighters/rook-ironside/animations/procedural/ledge_attack.anim.json[39m[0m
[  61% ] [90m[1msavepack[22m | Storing File: res://content/fighters/rook-ironside/animations/procedural/ledge_drop.anim.json[39m[0m
[  61% ] [90m[1msavepack[22m | Storing File: res://content/fighters/rook-ironside/animations/procedural/ledge_getup.anim.json[39m[0m
[  61% ] [90m[1msavepack[22m | Storing File: res://content/fighters/rook-ironside/animations/procedural/ledge_grab.anim.json[39m[0m
[  61% ] [90m[1msavepack[22m | Storing File: res://content/fighters/rook-ironside/animations/procedural/ledge_hang.anim.json[39m[0m
[  61% ] [90m[1msavepack[22m | Storing File: res://content/fighters/rook-ironside/animations/procedural/ledge_jump.anim.json[39m[0m
[  61% ] [90m[1msavepack[22m | Storing File: res://content/fighters/rook-ironside/animations/procedural/ledge_roll.anim.json[39m[0m
[  61% ] [90m[1msavepack[22m | Storing File: res://content/fighters/rook-ironside/animations/procedural/ledge_teeter.anim.json[39m[0m
[  61% ] [90m[1msavepack[22m | Storing File: res://content/fighters/rook-ironside/animations/procedural/manifest.json[39m[0m
[  61% ] [90m[1msavepack[22m | Storing File: res://content/fighters/rook-ironside/animations/procedural/match_intro.anim.json[39m[0m
[  61% ] [90m[1msavepack[22m | Storing File: res://content/fighters/rook-ironside/animations/procedural/neutral_air.anim.json[39m[0m
[  61% ] [90m[1msavepack[22m | Storing File: res://content/fighters/rook-ironside/animations/procedural/neutral_special_projectile.anim.json[39m[0m
[  61% ] [90m[1msavepack[22m | Storing File: res://content/fighters/rook-ironside/animations/procedural/platform_drop.anim.json[39m[0m
[  61% ] [90m[1msavepack[22m | Storing File: res://content/fighters/rook-ironside/animations/procedural/pratfall.anim.json[39m[0m
[  62% ] [90m[1msavepack[22m | Storing File: res://content/fighters/rook-ironside/animations/procedural/projectile_full.anim.json[39m[0m
[  62% ] [90m[1msavepack[22m | Storing File: res://content/fighters/rook-ironside/animations/procedural/projectile_medium.anim.json[39m[0m
[  62% ] [90m[1msavepack[22m | Storing File: res://content/fighters/rook-ironside/animations/procedural/projectile_tap.anim.json[39m[0m
[  62% ] [90m[1msavepack[22m | Storing File: res://content/fighters/rook-ironside/animations/procedural/pummel.anim.json[39m[0m
[  62% ] [90m[1msavepack[22m | Storing File: res://content/fighters/rook-ironside/animations/procedural/recovery.anim.json[39m[0m
[  62% ] [90m[1msavepack[22m | Storing File: res://content/fighters/rook-ironside/animations/procedural/respawn.anim.json[39m[0m
[  62% ] [90m[1msavepack[22m | Storing File: res://content/fighters/rook-ironside/animations/procedural/results_idle.anim.json[39m[0m
[  62% ] [90m[1msavepack[22m | Storing File: res://content/fighters/rook-ironside/animations/procedural/roll_backward.anim.json[39m[0m
[  62% ] [90m[1msavepack[22m | Storing File: res://content/fighters/rook-ironside/animations/procedural/roll_forward.anim.json[39m[0m
[  62% ] [90m[1msavepack[22m | Storing File: res://content/fighters/rook-ironside/animations/procedural/run.anim.json[39m[0m
[  62% ] [90m[1msavepack[22m | Storing File: res://content/fighters/rook-ironside/animations/procedural/run_loop.anim.json[39m[0m
[  62% ] [90m[1msavepack[22m | Storing File: res://content/fighters/rook-ironside/animations/procedural/run_start.anim.json[39m[0m
[  62% ] [90m[1msavepack[22m | Storing File: res://content/fighters/rook-ironside/animations/procedural/run_stop.anim.json[39m[0m
[  62% ] [90m[1msavepack[22m | Storing File: res://content/fighters/rook-ironside/animations/procedural/shield.anim.json[39m[0m
[  62% ] [90m[1msavepack[22m | Storing File: res://content/fighters/rook-ironside/animations/procedural/shield_break.anim.json[39m[0m
[  62% ] [90m[1msavepack[22m | Storing File: res://content/fighters/rook-ironside/animations/procedural/shield_hit.anim.json[39m[0m
[  62% ] [90m[1msavepack[22m | Storing File: res://content/fighters/rook-ironside/animations/procedural/shield_hold.anim.json[39m[0m
[  62% ] [90m[1msavepack[22m | Storing File: res://content/fighters/rook-ironside/animations/procedural/shield_release.anim.json[39m[0m
[  62% ] [90m[1msavepack[22m | Storing File: res://content/fighters/rook-ironside/animations/procedural/shield_start.anim.json[39m[0m
[  62% ] [90m[1msavepack[22m | Storing File: res://content/fighters/rook-ironside/animations/procedural/shield_stun.anim.json[39m[0m
[  62% ] [90m[1msavepack[22m | Storing File: res://content/fighters/rook-ironside/animations/procedural/short_hop_visual.anim.json[39m[0m
[  62% ] [90m[1msavepack[22m | Storing File: res://content/fighters/rook-ironside/animations/procedural/side_special.anim.json[39m[0m
[  62% ] [90m[1msavepack[22m | Storing File: res://content/fighters/rook-ironside/animations/procedural/signature_lane_burst.anim.json[39m[0m
[  62% ] [90m[1msavepack[22m | Storing File: res://content/fighters/rook-ironside/animations/procedural/signature_lane_confirm.anim.json[39m[0m
[  63% ] [90m[1msavepack[22m | Storing File: res://content/fighters/rook-ironside/animations/procedural/signature_lane_control.anim.json[39m[0m
[  63% ] [90m[1msavepack[22m | Storing File: res://content/fighters/rook-ironside/animations/procedural/signature_lane_counter.anim.json[39m[0m
[  63% ] [90m[1msavepack[22m | Storing File: res://content/fighters/rook-ironside/animations/procedural/signature_lane_feint.anim.json[39m[0m
[  63% ] [90m[1msavepack[22m | Storing File: res://content/fighters/rook-ironside/animations/procedural/signature_lane_finisher.anim.json[39m[0m
[  63% ] [90m[1msavepack[22m | Storing File: res://content/fighters/rook-ironside/animations/procedural/signature_lane_launch.anim.json[39m[0m
[  63% ] [90m[1msavepack[22m | Storing File: res://content/fighters/rook-ironside/animations/procedural/signature_lane_trap.anim.json[39m[0m
[  63% ] [90m[1msavepack[22m | Storing File: res://content/fighters/rook-ironside/animations/procedural/skid.anim.json[39m[0m
[  63% ] [90m[1msavepack[22m | Storing File: res://content/fighters/rook-ironside/animations/procedural/smash_down.anim.json[39m[0m
[  63% ] [90m[1msavepack[22m | Storing File: res://content/fighters/rook-ironside/animations/procedural/smash_forward.anim.json[39m[0m
[  63% ] [90m[1msavepack[22m | Storing File: res://content/fighters/rook-ironside/animations/procedural/smash_up.anim.json[39m[0m
[  63% ] [90m[1msavepack[22m | Storing File: res://content/fighters/rook-ironside/animations/procedural/spot_dodge.anim.json[39m[0m
[  63% ] [90m[1msavepack[22m | Storing File: res://content/fighters/rook-ironside/animations/procedural/story_dialogue_intense.anim.json[39m[0m
[  63% ] [90m[1msavepack[22m | Storing File: res://content/fighters/rook-ironside/animations/procedural/story_dialogue_neutral.anim.json[39m[0m
[  63% ] [90m[1msavepack[22m | Storing File: res://content/fighters/rook-ironside/animations/procedural/taunt_1.anim.json[39m[0m
[  63% ] [90m[1msavepack[22m | Storing File: res://content/fighters/rook-ironside/animations/procedural/taunt_2.anim.json[39m[0m
[  63% ] [90m[1msavepack[22m | Storing File: res://content/fighters/rook-ironside/animations/procedural/tech_back.anim.json[39m[0m
[  63% ] [90m[1msavepack[22m | Storing File: res://content/fighters/rook-ironside/animations/procedural/tech_forward.anim.json[39m[0m
[  63% ] [90m[1msavepack[22m | Storing File: res://content/fighters/rook-ironside/animations/procedural/tech_in_place.anim.json[39m[0m
[  63% ] [90m[1msavepack[22m | Storing File: res://content/fighters/rook-ironside/animations/procedural/throw_back.anim.json[39m[0m
[  63% ] [90m[1msavepack[22m | Storing File: res://content/fighters/rook-ironside/animations/procedural/throw_down.anim.json[39m[0m
[  63% ] [90m[1msavepack[22m | Storing File: res://content/fighters/rook-ironside/animations/procedural/throw_forward.anim.json[39m[0m
[  63% ] [90m[1msavepack[22m | Storing File: res://content/fighters/rook-ironside/animations/procedural/throw_release.anim.json[39m[0m
[  63% ] [90m[1msavepack[22m | Storing File: res://content/fighters/rook-ironside/animations/procedural/throw_startup.anim.json[39m[0m
[  63% ] [90m[1msavepack[22m | Storing File: res://content/fighters/rook-ironside/animations/procedural/throw_up.anim.json[39m[0m
[  64% ] [90m[1msavepack[22m | Storing File: res://content/fighters/rook-ironside/animations/procedural/tilt_down.anim.json[39m[0m
[  64% ] [90m[1msavepack[22m | Storing File: res://content/fighters/rook-ironside/animations/procedural/tilt_forward.anim.json[39m[0m
[  64% ] [90m[1msavepack[22m | Storing File: res://content/fighters/rook-ironside/animations/procedural/tilt_up.anim.json[39m[0m
[  64% ] [90m[1msavepack[22m | Storing File: res://content/fighters/rook-ironside/animations/procedural/tumble.anim.json[39m[0m
[  64% ] [90m[1msavepack[22m | Storing File: res://content/fighters/rook-ironside/animations/procedural/turn.anim.json[39m[0m
[  64% ] [90m[1msavepack[22m | Storing File: res://content/fighters/rook-ironside/animations/procedural/turnaround.anim.json[39m[0m
[  64% ] [90m[1msavepack[22m | Storing File: res://content/fighters/rook-ironside/animations/procedural/up_air.anim.json[39m[0m
[  64% ] [90m[1msavepack[22m | Storing File: res://content/fighters/rook-ironside/animations/procedural/up_special_recovery.anim.json[39m[0m
[  64% ] [90m[1msavepack[22m | Storing File: res://content/fighters/rook-ironside/animations/procedural/up_tilt.anim.json[39m[0m
[  64% ] [90m[1msavepack[22m | Storing File: res://content/fighters/rook-ironside/animations/procedural/victory.anim.json[39m[0m
[  64% ] [90m[1msavepack[22m | Storing File: res://content/fighters/rook-ironside/animations/procedural/walk.anim.json[39m[0m
[  64% ] [90m[1msavepack[22m | Storing File: res://content/fighters/rook-ironside/animations/procedural/walk_loop.anim.json[39m[0m
[  64% ] [90m[1msavepack[22m | Storing File: res://content/fighters/rook-ironside/animations/procedural/walk_start.anim.json[39m[0m
[  64% ] [90m[1msavepack[22m | Storing File: res://content/fighters/rook-ironside/animations/procedural/walk_stop.anim.json[39m[0m
[  64% ] [90m[1msavepack[22m | Storing File: res://content/fighters/rook-ironside/animations/procedural/wall_bounce.anim.json[39m[0m
[  64% ] [90m[1msavepack[22m | Storing File: res://.godot/imported/rook-ironside_procedural_proxy.glb-e9a63db53da163dc1c74b40ff472d692.scn[39m[0m
[  64% ] [90m[1msavepack[22m | Storing File: res://content/fighters/rook-ironside/model/rook-ironside_procedural_proxy.glb.import[39m[0m
[  64% ] [90m[1msavepack[22m | Storing File: res://content/fighters/vesper-nyx/animations/procedural/aerial_back.anim.json[39m[0m
[  64% ] [90m[1msavepack[22m | Storing File: res://content/fighters/vesper-nyx/animations/procedural/aerial_down.anim.json[39m[0m
[  64% ] [90m[1msavepack[22m | Storing File: res://content/fighters/vesper-nyx/animations/procedural/aerial_forward.anim.json[39m[0m
[  64% ] [90m[1msavepack[22m | Storing File: res://content/fighters/vesper-nyx/animations/procedural/aerial_neutral.anim.json[39m[0m
[  64% ] [90m[1msavepack[22m | Storing File: res://content/fighters/vesper-nyx/animations/procedural/aerial_up.anim.json[39m[0m
[  64% ] [90m[1msavepack[22m | Storing File: res://content/fighters/vesper-nyx/animations/procedural/air_dodge.anim.json[39m[0m
[  64% ] [90m[1msavepack[22m | Storing File: res://content/fighters/vesper-nyx/animations/procedural/air_dodge_back.anim.json[39m[0m
[  64% ] [90m[1msavepack[22m | Storing File: res://content/fighters/vesper-nyx/animations/procedural/air_dodge_down.anim.json[39m[0m
[  64% ] [90m[1msavepack[22m | Storing File: res://content/fighters/vesper-nyx/animations/procedural/air_dodge_forward.anim.json[39m[0m
[  65% ] [90m[1msavepack[22m | Storing File: res://content/fighters/vesper-nyx/animations/procedural/air_dodge_neutral.anim.json[39m[0m
[  65% ] [90m[1msavepack[22m | Storing File: res://content/fighters/vesper-nyx/animations/procedural/air_dodge_up.anim.json[39m[0m
[  65% ] [90m[1msavepack[22m | Storing File: res://content/fighters/vesper-nyx/animations/procedural/air_drift.anim.json[39m[0m
[  65% ] [90m[1msavepack[22m | Storing File: res://content/fighters/vesper-nyx/animations/procedural/aura_burst.anim.json[39m[0m
[  65% ] [90m[1msavepack[22m | Storing File: res://content/fighters/vesper-nyx/animations/procedural/aura_burst_active.anim.json[39m[0m
[  65% ] [90m[1msavepack[22m | Storing File: res://content/fighters/vesper-nyx/animations/procedural/aura_burst_move.anim.json[39m[0m
[  65% ] [90m[1msavepack[22m | Storing File: res://content/fighters/vesper-nyx/animations/procedural/aura_burst_recovery.anim.json[39m[0m
[  65% ] [90m[1msavepack[22m | Storing File: res://content/fighters/vesper-nyx/animations/procedural/aura_burst_startup.anim.json[39m[0m
[  65% ] [90m[1msavepack[22m | Storing File: res://content/fighters/vesper-nyx/animations/procedural/aura_charge.anim.json[39m[0m
[  65% ] [90m[1msavepack[22m | Storing File: res://content/fighters/vesper-nyx/animations/procedural/aura_charge_move.anim.json[39m[0m
[  65% ] [90m[1msavepack[22m | Storing File: res://content/fighters/vesper-nyx/animations/procedural/aura_level_1.anim.json[39m[0m
[  65% ] [90m[1msavepack[22m | Storing File: res://content/fighters/vesper-nyx/animations/procedural/aura_level_2.anim.json[39m[0m
[  65% ] [90m[1msavepack[22m | Storing File: res://content/fighters/vesper-nyx/animations/procedural/aura_level_3.anim.json[39m[0m
[  65% ] [90m[1msavepack[22m | Storing File: res://content/fighters/vesper-nyx/animations/procedural/aura_ready.anim.json[39m[0m
[  65% ] [90m[1msavepack[22m | Storing File: res://content/fighters/vesper-nyx/animations/procedural/aura_release.anim.json[39m[0m
[  65% ] [90m[1msavepack[22m | Storing File: res://content/fighters/vesper-nyx/animations/procedural/aura_super_transform.anim.json[39m[0m
[  65% ] [90m[1msavepack[22m | Storing File: res://content/fighters/vesper-nyx/animations/procedural/back_air.anim.json[39m[0m
[  65% ] [90m[1msavepack[22m | Storing File: res://content/fighters/vesper-nyx/animations/procedural/character_select_confirm.anim.json[39m[0m
[  65% ] [90m[1msavepack[22m | Storing File: res://content/fighters/vesper-nyx/animations/procedural/character_select_idle.anim.json[39m[0m
[  65% ] [90m[1msavepack[22m | Storing File: res://content/fighters/vesper-nyx/animations/procedural/critical_launch.anim.json[39m[0m
[  65% ] [90m[1msavepack[22m | Storing File: res://content/fighters/vesper-nyx/animations/procedural/crouch.anim.json[39m[0m
[  65% ] [90m[1msavepack[22m | Storing File: res://content/fighters/vesper-nyx/animations/procedural/crouch_end.anim.json[39m[0m
[  65% ] [90m[1msavepack[22m | Storing File: res://content/fighters/vesper-nyx/animations/procedural/crouch_hold.anim.json[39m[0m
[  65% ] [90m[1msavepack[22m | Storing File: res://content/fighters/vesper-nyx/animations/procedural/crouch_start.anim.json[39m[0m
[  66% ] [90m[1msavepack[22m | Storing File: res://content/fighters/vesper-nyx/animations/procedural/dash.anim.json[39m[0m
[  66% ] [90m[1msavepack[22m | Storing File: res://content/fighters/vesper-nyx/animations/procedural/dash_attack.anim.json[39m[0m
[  66% ] [90m[1msavepack[22m | Storing File: res://content/fighters/vesper-nyx/animations/procedural/dash_loop.anim.json[39m[0m
[  66% ] [90m[1msavepack[22m | Storing File: res://content/fighters/vesper-nyx/animations/procedural/dash_start.anim.json[39m[0m
[  66% ] [90m[1msavepack[22m | Storing File: res://content/fighters/vesper-nyx/animations/procedural/dash_stop.anim.json[39m[0m
[  66% ] [90m[1msavepack[22m | Storing File: res://content/fighters/vesper-nyx/animations/procedural/defeat.anim.json[39m[0m
[  66% ] [90m[1msavepack[22m | Storing File: res://content/fighters/vesper-nyx/animations/procedural/dodge.anim.json[39m[0m
[  66% ] [90m[1msavepack[22m | Storing File: res://content/fighters/vesper-nyx/animations/procedural/dodge_back.anim.json[39m[0m
[  66% ] [90m[1msavepack[22m | Storing File: res://content/fighters/vesper-nyx/animations/procedural/dodge_forward.anim.json[39m[0m
[  66% ] [90m[1msavepack[22m | Storing File: res://content/fighters/vesper-nyx/animations/procedural/double_jump.anim.json[39m[0m
[  66% ] [90m[1msavepack[22m | Storing File: res://content/fighters/vesper-nyx/animations/procedural/down_air.anim.json[39m[0m
[  66% ] [90m[1msavepack[22m | Storing File: res://content/fighters/vesper-nyx/animations/procedural/down_special.anim.json[39m[0m
[  66% ] [90m[1msavepack[22m | Storing File: res://content/fighters/vesper-nyx/animations/procedural/down_tilt.anim.json[39m[0m
[  66% ] [90m[1msavepack[22m | Storing File: res://content/fighters/vesper-nyx/animations/procedural/edge_warning.anim.json[39m[0m
[  66% ] [90m[1msavepack[22m | Storing File: res://content/fighters/vesper-nyx/animations/procedural/fall.anim.json[39m[0m
[  66% ] [90m[1msavepack[22m | Storing File: res://content/fighters/vesper-nyx/animations/procedural/fast_fall.anim.json[39m[0m
[  66% ] [90m[1msavepack[22m | Storing File: res://content/fighters/vesper-nyx/animations/procedural/forward_air.anim.json[39m[0m
[  66% ] [90m[1msavepack[22m | Storing File: res://content/fighters/vesper-nyx/animations/procedural/forward_tilt.anim.json[39m[0m
[  66% ] [90m[1msavepack[22m | Storing File: res://content/fighters/vesper-nyx/animations/procedural/grab.anim.json[39m[0m
[  66% ] [90m[1msavepack[22m | Storing File: res://content/fighters/vesper-nyx/animations/procedural/grab_active.anim.json[39m[0m
[  66% ] [90m[1msavepack[22m | Storing File: res://content/fighters/vesper-nyx/animations/procedural/grab_break.anim.json[39m[0m
[  66% ] [90m[1msavepack[22m | Storing File: res://content/fighters/vesper-nyx/animations/procedural/grab_hold.anim.json[39m[0m
[  66% ] [90m[1msavepack[22m | Storing File: res://content/fighters/vesper-nyx/animations/procedural/grab_startup.anim.json[39m[0m
[  66% ] [90m[1msavepack[22m | Storing File: res://content/fighters/vesper-nyx/animations/procedural/grab_whiff.anim.json[39m[0m
[  66% ] [90m[1msavepack[22m | Storing File: res://content/fighters/vesper-nyx/animations/procedural/ground_bounce.anim.json[39m[0m
[  66% ] [90m[1msavepack[22m | Storing File: res://content/fighters/vesper-nyx/animations/procedural/heavy.anim.json[39m[0m
[  66% ] [90m[1msavepack[22m | Storing File: res://content/fighters/vesper-nyx/animations/procedural/heavy_attack.anim.json[39m[0m
[  66% ] [90m[1msavepack[22m | Storing File: res://content/fighters/vesper-nyx/animations/procedural/hitstop_pose.anim.json[39m[0m
[  66% ] [90m[1msavepack[22m | Storing File: res://content/fighters/vesper-nyx/animations/procedural/hitstun_ground.anim.json[39m[0m
[  66% ] [90m[1msavepack[22m | Storing File: res://content/fighters/vesper-nyx/animations/procedural/hurt.anim.json[39m[0m
[  66% ] [90m[1msavepack[22m | Storing File: res://content/fighters/vesper-nyx/animations/procedural/hurt_heavy.anim.json[39m[0m
[  66% ] [90m[1msavepack[22m | Storing File: res://content/fighters/vesper-nyx/animations/procedural/hurt_light.anim.json[39m[0m
[  66% ] [90m[1msavepack[22m | Storing File: res://content/fighters/vesper-nyx/animations/procedural/hurt_light_back.anim.json[39m[0m
[  66% ] [90m[1msavepack[22m | Storing File: res://content/fighters/vesper-nyx/animations/procedural/hurt_light_front.anim.json[39m[0m
[  66% ] [90m[1msavepack[22m | Storing File: res://content/fighters/vesper-nyx/animations/procedural/hurt_medium.anim.json[39m[0m
[  66% ] [90m[1msavepack[22m | Storing File: res://content/fighters/vesper-nyx/animations/procedural/idle.anim.json[39m[0m
[  66% ] [90m[1msavepack[22m | Storing File: res://content/fighters/vesper-nyx/animations/procedural/idle_long.anim.json[39m[0m
[  66% ] [90m[1msavepack[22m | Storing File: res://content/fighters/vesper-nyx/animations/procedural/idle_primary.anim.json[39m[0m
[  66% ] [90m[1msavepack[22m | Storing File: res://content/fighters/vesper-nyx/animations/procedural/idle_secondary.anim.json[39m[0m
[  66% ] [90m[1msavepack[22m | Storing File: res://content/fighters/vesper-nyx/animations/procedural/idle_variant.anim.json[39m[0m
[  66% ] [90m[1msavepack[22m | Storing File: res://content/fighters/vesper-nyx/animations/procedural/jab.anim.json[39m[0m
[  66% ] [90m[1msavepack[22m | Storing File: res://content/fighters/vesper-nyx/animations/procedural/jab_1.anim.json[39m[0m
[  66% ] [90m[1msavepack[22m | Storing File: res://content/fighters/vesper-nyx/animations/procedural/jab_2.anim.json[39m[0m
[  66% ] [90m[1msavepack[22m | Storing File: res://content/fighters/vesper-nyx/animations/procedural/jab_chain_2.anim.json[39m[0m
[  66% ] [90m[1msavepack[22m | Storing File: res://content/fighters/vesper-nyx/animations/procedural/jab_chain_3.anim.json[39m[0m
[  66% ] [90m[1msavepack[22m | Storing File: res://content/fighters/vesper-nyx/animations/procedural/jab_finisher.anim.json[39m[0m
[  66% ] [90m[1msavepack[22m | Storing File: res://content/fighters/vesper-nyx/animations/procedural/jump.anim.json[39m[0m
[  66% ] [90m[1msavepack[22m | Storing File: res://content/fighters/vesper-nyx/animations/procedural/jump_apex.anim.json[39m[0m
[  67% ] [90m[1msavepack[22m | Storing File: res://content/fighters/vesper-nyx/animations/procedural/jump_rise.anim.json[39m[0m
[  67% ] [90m[1msavepack[22m | Storing File: res://content/fighters/vesper-nyx/animations/procedural/jump_squat.anim.json[39m[0m
[  67% ] [90m[1msavepack[22m | Storing File: res://content/fighters/vesper-nyx/animations/procedural/jump_start.anim.json[39m[0m
[  67% ] [90m[1msavepack[22m | Storing File: res://content/fighters/vesper-nyx/animations/procedural/knockdown.anim.json[39m[0m
[  67% ] [90m[1msavepack[22m | Storing File: res://content/fighters/vesper-nyx/animations/procedural/ko.anim.json[39m[0m
[  67% ] [90m[1msavepack[22m | Storing File: res://content/fighters/vesper-nyx/animations/procedural/land.anim.json[39m[0m
[  67% ] [90m[1msavepack[22m | Storing File: res://content/fighters/vesper-nyx/animations/procedural/landing.anim.json[39m[0m
[  67% ] [90m[1msavepack[22m | Storing File: res://content/fighters/vesper-nyx/animations/procedural/land_hard.anim.json[39m[0m
[  67% ] [90m[1msavepack[22m | Storing File: res://content/fighters/vesper-nyx/animations/procedural/land_soft.anim.json[39m[0m
[  67% ] [90m[1msavepack[22m | Storing File: res://content/fighters/vesper-nyx/animations/procedural/launch.anim.json[39m[0m
[  67% ] [90m[1msavepack[22m | Storing File: res://content/fighters/vesper-nyx/animations/procedural/launched.anim.json[39m[0m
[  67% ] [90m[1msavepack[22m | Storing File: res://content/fighters/vesper-nyx/animations/procedural/launch_horizontal.anim.json[39m[0m
[  67% ] [90m[1msavepack[22m | Storing File: res://content/fighters/vesper-nyx/animations/procedural/launch_vertical.anim.json[39m[0m
[  67% ] [90m[1msavepack[22m | Storing File: res://content/fighters/vesper-nyx/animations/procedural/ledge_attack.anim.json[39m[0m
[  67% ] [90m[1msavepack[22m | Storing File: res://content/fighters/vesper-nyx/animations/procedural/ledge_drop.anim.json[39m[0m
[  67% ] [90m[1msavepack[22m | Storing File: res://content/fighters/vesper-nyx/animations/procedural/ledge_getup.anim.json[39m[0m
[  67% ] [90m[1msavepack[22m | Storing File: res://content/fighters/vesper-nyx/animations/procedural/ledge_grab.anim.json[39m[0m
[  67% ] [90m[1msavepack[22m | Storing File: res://content/fighters/vesper-nyx/animations/procedural/ledge_hang.anim.json[39m[0m
[  67% ] [90m[1msavepack[22m | Storing File: res://content/fighters/vesper-nyx/animations/procedural/ledge_jump.anim.json[39m[0m
[  67% ] [90m[1msavepack[22m | Storing File: res://content/fighters/vesper-nyx/animations/procedural/ledge_roll.anim.json[39m[0m
[  67% ] [90m[1msavepack[22m | Storing File: res://content/fighters/vesper-nyx/animations/procedural/ledge_teeter.anim.json[39m[0m
[  67% ] [90m[1msavepack[22m | Storing File: res://content/fighters/vesper-nyx/animations/procedural/manifest.json[39m[0m
[  67% ] [90m[1msavepack[22m | Storing File: res://content/fighters/vesper-nyx/animations/procedural/match_intro.anim.json[39m[0m
[  67% ] [90m[1msavepack[22m | Storing File: res://content/fighters/vesper-nyx/animations/procedural/neutral_air.anim.json[39m[0m
[  68% ] [90m[1msavepack[22m | Storing File: res://content/fighters/vesper-nyx/animations/procedural/neutral_special_projectile.anim.json[39m[0m
[  68% ] [90m[1msavepack[22m | Storing File: res://content/fighters/vesper-nyx/animations/procedural/platform_drop.anim.json[39m[0m
[  68% ] [90m[1msavepack[22m | Storing File: res://content/fighters/vesper-nyx/animations/procedural/pratfall.anim.json[39m[0m
[  68% ] [90m[1msavepack[22m | Storing File: res://content/fighters/vesper-nyx/animations/procedural/projectile_full.anim.json[39m[0m
[  68% ] [90m[1msavepack[22m | Storing File: res://content/fighters/vesper-nyx/animations/procedural/projectile_medium.anim.json[39m[0m
[  68% ] [90m[1msavepack[22m | Storing File: res://content/fighters/vesper-nyx/animations/procedural/projectile_tap.anim.json[39m[0m
[  68% ] [90m[1msavepack[22m | Storing File: res://content/fighters/vesper-nyx/animations/procedural/pummel.anim.json[39m[0m
[  68% ] [90m[1msavepack[22m | Storing File: res://content/fighters/vesper-nyx/animations/procedural/recovery.anim.json[39m[0m
[  68% ] [90m[1msavepack[22m | Storing File: res://content/fighters/vesper-nyx/animations/procedural/respawn.anim.json[39m[0m
[  68% ] [90m[1msavepack[22m | Storing File: res://content/fighters/vesper-nyx/animations/procedural/results_idle.anim.json[39m[0m
[  68% ] [90m[1msavepack[22m | Storing File: res://content/fighters/vesper-nyx/animations/procedural/roll_backward.anim.json[39m[0m
[  68% ] [90m[1msavepack[22m | Storing File: res://content/fighters/vesper-nyx/animations/procedural/roll_forward.anim.json[39m[0m
[  68% ] [90m[1msavepack[22m | Storing File: res://content/fighters/vesper-nyx/animations/procedural/run.anim.json[39m[0m
[  68% ] [90m[1msavepack[22m | Storing File: res://content/fighters/vesper-nyx/animations/procedural/run_loop.anim.json[39m[0m
[  68% ] [90m[1msavepack[22m | Storing File: res://content/fighters/vesper-nyx/animations/procedural/run_start.anim.json[39m[0m
[  68% ] [90m[1msavepack[22m | Storing File: res://content/fighters/vesper-nyx/animations/procedural/run_stop.anim.json[39m[0m
[  68% ] [90m[1msavepack[22m | Storing File: res://content/fighters/vesper-nyx/animations/procedural/shield.anim.json[39m[0m
[  68% ] [90m[1msavepack[22m | Storing File: res://content/fighters/vesper-nyx/animations/procedural/shield_break.anim.json[39m[0m
[  68% ] [90m[1msavepack[22m | Storing File: res://content/fighters/vesper-nyx/animations/procedural/shield_hit.anim.json[39m[0m
[  68% ] [90m[1msavepack[22m | Storing File: res://content/fighters/vesper-nyx/animations/procedural/shield_hold.anim.json[39m[0m
[  68% ] [90m[1msavepack[22m | Storing File: res://content/fighters/vesper-nyx/animations/procedural/shield_release.anim.json[39m[0m
[  68% ] [90m[1msavepack[22m | Storing File: res://content/fighters/vesper-nyx/animations/procedural/shield_start.anim.json[39m[0m
[  68% ] [90m[1msavepack[22m | Storing File: res://content/fighters/vesper-nyx/animations/procedural/shield_stun.anim.json[39m[0m
[  68% ] [90m[1msavepack[22m | Storing File: res://content/fighters/vesper-nyx/animations/procedural/short_hop_visual.anim.json[39m[0m
[  69% ] [90m[1msavepack[22m | Storing File: res://content/fighters/vesper-nyx/animations/procedural/side_special.anim.json[39m[0m
[  69% ] [90m[1msavepack[22m | Storing File: res://content/fighters/vesper-nyx/animations/procedural/signature_lane_burst.anim.json[39m[0m
[  69% ] [90m[1msavepack[22m | Storing File: res://content/fighters/vesper-nyx/animations/procedural/signature_lane_confirm.anim.json[39m[0m
[  69% ] [90m[1msavepack[22m | Storing File: res://content/fighters/vesper-nyx/animations/procedural/signature_lane_control.anim.json[39m[0m
[  69% ] [90m[1msavepack[22m | Storing File: res://content/fighters/vesper-nyx/animations/procedural/signature_lane_counter.anim.json[39m[0m
[  69% ] [90m[1msavepack[22m | Storing File: res://content/fighters/vesper-nyx/animations/procedural/signature_lane_feint.anim.json[39m[0m
[  69% ] [90m[1msavepack[22m | Storing File: res://content/fighters/vesper-nyx/animations/procedural/signature_lane_finisher.anim.json[39m[0m
[  69% ] [90m[1msavepack[22m | Storing File: res://content/fighters/vesper-nyx/animations/procedural/signature_lane_launch.anim.json[39m[0m
[  69% ] [90m[1msavepack[22m | Storing File: res://content/fighters/vesper-nyx/animations/procedural/signature_lane_trap.anim.json[39m[0m
[  69% ] [90m[1msavepack[22m | Storing File: res://content/fighters/vesper-nyx/animations/procedural/skid.anim.json[39m[0m
[  69% ] [90m[1msavepack[22m | Storing File: res://content/fighters/vesper-nyx/animations/procedural/smash_down.anim.json[39m[0m
[  69% ] [90m[1msavepack[22m | Storing File: res://content/fighters/vesper-nyx/animations/procedural/smash_forward.anim.json[39m[0m
[  69% ] [90m[1msavepack[22m | Storing File: res://content/fighters/vesper-nyx/animations/procedural/smash_up.anim.json[39m[0m
[  69% ] [90m[1msavepack[22m | Storing File: res://content/fighters/vesper-nyx/animations/procedural/spot_dodge.anim.json[39m[0m
[  69% ] [90m[1msavepack[22m | Storing File: res://content/fighters/vesper-nyx/animations/procedural/story_dialogue_intense.anim.json[39m[0m
[  69% ] [90m[1msavepack[22m | Storing File: res://content/fighters/vesper-nyx/animations/procedural/story_dialogue_neutral.anim.json[39m[0m
[  69% ] [90m[1msavepack[22m | Storing File: res://content/fighters/vesper-nyx/animations/procedural/taunt_1.anim.json[39m[0m
[  69% ] [90m[1msavepack[22m | Storing File: res://content/fighters/vesper-nyx/animations/procedural/taunt_2.anim.json[39m[0m
[  69% ] [90m[1msavepack[22m | Storing File: res://content/fighters/vesper-nyx/animations/procedural/tech_back.anim.json[39m[0m
[  69% ] [90m[1msavepack[22m | Storing File: res://content/fighters/vesper-nyx/animations/procedural/tech_forward.anim.json[39m[0m
[  69% ] [90m[1msavepack[22m | Storing File: res://content/fighters/vesper-nyx/animations/procedural/tech_in_place.anim.json[39m[0m
[  69% ] [90m[1msavepack[22m | Storing File: res://content/fighters/vesper-nyx/animations/procedural/throw_back.anim.json[39m[0m
[  69% ] [90m[1msavepack[22m | Storing File: res://content/fighters/vesper-nyx/animations/procedural/throw_down.anim.json[39m[0m
[  69% ] [90m[1msavepack[22m | Storing File: res://content/fighters/vesper-nyx/animations/procedural/throw_forward.anim.json[39m[0m
[  69% ] [90m[1msavepack[22m | Storing File: res://content/fighters/vesper-nyx/animations/procedural/throw_release.anim.json[39m[0m
[  70% ] [90m[1msavepack[22m | Storing File: res://content/fighters/vesper-nyx/animations/procedural/throw_startup.anim.json[39m[0m
[  70% ] [90m[1msavepack[22m | Storing File: res://content/fighters/vesper-nyx/animations/procedural/throw_up.anim.json[39m[0m
[  70% ] [90m[1msavepack[22m | Storing File: res://content/fighters/vesper-nyx/animations/procedural/tilt_down.anim.json[39m[0m
[  70% ] [90m[1msavepack[22m | Storing File: res://content/fighters/vesper-nyx/animations/procedural/tilt_forward.anim.json[39m[0m
[  70% ] [90m[1msavepack[22m | Storing File: res://content/fighters/vesper-nyx/animations/procedural/tilt_up.anim.json[39m[0m
[  70% ] [90m[1msavepack[22m | Storing File: res://content/fighters/vesper-nyx/animations/procedural/tumble.anim.json[39m[0m
[  70% ] [90m[1msavepack[22m | Storing File: res://content/fighters/vesper-nyx/animations/procedural/turn.anim.json[39m[0m
[  70% ] [90m[1msavepack[22m | Storing File: res://content/fighters/vesper-nyx/animations/procedural/turnaround.anim.json[39m[0m
[  70% ] [90m[1msavepack[22m | Storing File: res://content/fighters/vesper-nyx/animations/procedural/up_air.anim.json[39m[0m
[  70% ] [90m[1msavepack[22m | Storing File: res://content/fighters/vesper-nyx/animations/procedural/up_special_recovery.anim.json[39m[0m
[  70% ] [90m[1msavepack[22m | Storing File: res://content/fighters/vesper-nyx/animations/procedural/up_tilt.anim.json[39m[0m
[  70% ] [90m[1msavepack[22m | Storing File: res://content/fighters/vesper-nyx/animations/procedural/victory.anim.json[39m[0m
[  70% ] [90m[1msavepack[22m | Storing File: res://content/fighters/vesper-nyx/animations/procedural/walk.anim.json[39m[0m
[  70% ] [90m[1msavepack[22m | Storing File: res://content/fighters/vesper-nyx/animations/procedural/walk_loop.anim.json[39m[0m
[  70% ] [90m[1msavepack[22m | Storing File: res://content/fighters/vesper-nyx/animations/procedural/walk_start.anim.json[39m[0m
[  70% ] [90m[1msavepack[22m | Storing File: res://content/fighters/vesper-nyx/animations/procedural/walk_stop.anim.json[39m[0m
[  70% ] [90m[1msavepack[22m | Storing File: res://content/fighters/vesper-nyx/animations/procedural/wall_bounce.anim.json[39m[0m
[  70% ] [90m[1msavepack[22m | Storing File: res://.godot/imported/vesper-nyx_procedural_proxy.glb-eca505121bd23fb2194d5c7a05f02a15.scn[39m[0m
[  70% ] [90m[1msavepack[22m | Storing File: res://content/fighters/vesper-nyx/model/vesper-nyx_procedural_proxy.glb.import[39m[0m
[  70% ] [90m[1msavepack[22m | Storing File: res://content/fighters/yang/animations/procedural/air_dodge_back.anim.json[39m[0m
[  70% ] [90m[1msavepack[22m | Storing File: res://content/fighters/yang/animations/procedural/air_dodge_down.anim.json[39m[0m
[  70% ] [90m[1msavepack[22m | Storing File: res://content/fighters/yang/animations/procedural/air_dodge_forward.anim.json[39m[0m
[  70% ] [90m[1msavepack[22m | Storing File: res://content/fighters/yang/animations/procedural/air_dodge_neutral.anim.json[39m[0m
[  70% ] [90m[1msavepack[22m | Storing File: res://content/fighters/yang/animations/procedural/air_dodge_up.anim.json[39m[0m
[  70% ] [90m[1msavepack[22m | Storing File: res://content/fighters/yang/animations/procedural/aura_burst_active.anim.json[39m[0m
[  71% ] [90m[1msavepack[22m | Storing File: res://content/fighters/yang/animations/procedural/aura_burst_move.anim.json[39m[0m
[  71% ] [90m[1msavepack[22m | Storing File: res://content/fighters/yang/animations/procedural/aura_burst_recovery.anim.json[39m[0m
[  71% ] [90m[1msavepack[22m | Storing File: res://content/fighters/yang/animations/procedural/aura_burst_startup.anim.json[39m[0m
[  71% ] [90m[1msavepack[22m | Storing File: res://content/fighters/yang/animations/procedural/aura_charge.anim.json[39m[0m
[  71% ] [90m[1msavepack[22m | Storing File: res://content/fighters/yang/animations/procedural/aura_charge_move.anim.json[39m[0m
[  71% ] [90m[1msavepack[22m | Storing File: res://content/fighters/yang/animations/procedural/aura_ready.anim.json[39m[0m
[  71% ] [90m[1msavepack[22m | Storing File: res://content/fighters/yang/animations/procedural/aura_super_transform.anim.json[39m[0m
[  71% ] [90m[1msavepack[22m | Storing File: res://content/fighters/yang/animations/procedural/back_air.anim.json[39m[0m
[  71% ] [90m[1msavepack[22m | Storing File: res://content/fighters/yang/animations/procedural/character_select_confirm.anim.json[39m[0m
[  71% ] [90m[1msavepack[22m | Storing File: res://content/fighters/yang/animations/procedural/character_select_idle.anim.json[39m[0m
[  71% ] [90m[1msavepack[22m | Storing File: res://content/fighters/yang/animations/procedural/crouch_end.anim.json[39m[0m
[  71% ] [90m[1msavepack[22m | Storing File: res://content/fighters/yang/animations/procedural/crouch_hold.anim.json[39m[0m
[  71% ] [90m[1msavepack[22m | Storing File: res://content/fighters/yang/animations/procedural/crouch_start.anim.json[39m[0m
[  71% ] [90m[1msavepack[22m | Storing File: res://content/fighters/yang/animations/procedural/dash_attack.anim.json[39m[0m
[  71% ] [90m[1msavepack[22m | Storing File: res://content/fighters/yang/animations/procedural/dash_loop.anim.json[39m[0m
[  71% ] [90m[1msavepack[22m | Storing File: res://content/fighters/yang/animations/procedural/dash_start.anim.json[39m[0m
[  71% ] [90m[1msavepack[22m | Storing File: res://content/fighters/yang/animations/procedural/dash_stop.anim.json[39m[0m
[  71% ] [90m[1msavepack[22m | Storing File: res://content/fighters/yang/animations/procedural/defeat.anim.json[39m[0m
[  71% ] [90m[1msavepack[22m | Storing File: res://content/fighters/yang/animations/procedural/double_jump.anim.json[39m[0m
[  71% ] [90m[1msavepack[22m | Storing File: res://content/fighters/yang/animations/procedural/down_air.anim.json[39m[0m
[  71% ] [90m[1msavepack[22m | Storing File: res://content/fighters/yang/animations/procedural/down_special.anim.json[39m[0m
[  71% ] [90m[1msavepack[22m | Storing File: res://content/fighters/yang/animations/procedural/down_tilt.anim.json[39m[0m
[  71% ] [90m[1msavepack[22m | Storing File: res://content/fighters/yang/animations/procedural/edge_warning.anim.json[39m[0m
[  71% ] [90m[1msavepack[22m | Storing File: res://content/fighters/yang/animations/procedural/fall.anim.json[39m[0m
[  72% ] [90m[1msavepack[22m | Storing File: res://content/fighters/yang/animations/procedural/fast_fall.anim.json[39m[0m
[  72% ] [90m[1msavepack[22m | Storing File: res://content/fighters/yang/animations/procedural/forward_air.anim.json[39m[0m
[  72% ] [90m[1msavepack[22m | Storing File: res://content/fighters/yang/animations/procedural/forward_tilt.anim.json[39m[0m
[  72% ] [90m[1msavepack[22m | Storing File: res://content/fighters/yang/animations/procedural/grab.anim.json[39m[0m
[  72% ] [90m[1msavepack[22m | Storing File: res://content/fighters/yang/animations/procedural/grab_active.anim.json[39m[0m
[  72% ] [90m[1msavepack[22m | Storing File: res://content/fighters/yang/animations/procedural/grab_hold.anim.json[39m[0m
[  72% ] [90m[1msavepack[22m | Storing File: res://content/fighters/yang/animations/procedural/grab_startup.anim.json[39m[0m
[  72% ] [90m[1msavepack[22m | Storing File: res://content/fighters/yang/animations/procedural/grab_whiff.anim.json[39m[0m
[  72% ] [90m[1msavepack[22m | Storing File: res://content/fighters/yang/animations/procedural/ground_bounce.anim.json[39m[0m
[  72% ] [90m[1msavepack[22m | Storing File: res://content/fighters/yang/animations/procedural/heavy_attack.anim.json[39m[0m
[  72% ] [90m[1msavepack[22m | Storing File: res://content/fighters/yang/animations/procedural/hitstop_pose.anim.json[39m[0m
[  72% ] [90m[1msavepack[22m | Storing File: res://content/fighters/yang/animations/procedural/hitstun_ground.anim.json[39m[0m
[  72% ] [90m[1msavepack[22m | Storing File: res://content/fighters/yang/animations/procedural/hurt_heavy.anim.json[39m[0m
[  72% ] [90m[1msavepack[22m | Storing File: res://content/fighters/yang/animations/procedural/hurt_light_back.anim.json[39m[0m
[  72% ] [90m[1msavepack[22m | Storing File: res://content/fighters/yang/animations/procedural/hurt_light_front.anim.json[39m[0m
[  72% ] [90m[1msavepack[22m | Storing File: res://content/fighters/yang/animations/procedural/idle_long.anim.json[39m[0m
[  72% ] [90m[1msavepack[22m | Storing File: res://content/fighters/yang/animations/procedural/idle_primary.anim.json[39m[0m
[  72% ] [90m[1msavepack[22m | Storing File: res://content/fighters/yang/animations/procedural/idle_secondary.anim.json[39m[0m
[  72% ] [90m[1msavepack[22m | Storing File: res://content/fighters/yang/animations/procedural/jab_1.anim.json[39m[0m
[  72% ] [90m[1msavepack[22m | Storing File: res://content/fighters/yang/animations/procedural/jab_2.anim.json[39m[0m
[  72% ] [90m[1msavepack[22m | Storing File: res://content/fighters/yang/animations/procedural/jab_finisher.anim.json[39m[0m
[  72% ] [90m[1msavepack[22m | Storing File: res://content/fighters/yang/animations/procedural/jump.anim.json[39m[0m
[  72% ] [90m[1msavepack[22m | Storing File: res://content/fighters/yang/animations/procedural/jump_squat.anim.json[39m[0m
[  72% ] [90m[1msavepack[22m | Storing File: res://content/fighters/yang/animations/procedural/knockdown.anim.json[39m[0m
[  73% ] [90m[1msavepack[22m | Storing File: res://content/fighters/yang/animations/procedural/ko.anim.json[39m[0m
[  73% ] [90m[1msavepack[22m | Storing File: res://content/fighters/yang/animations/procedural/land_hard.anim.json[39m[0m
[  73% ] [90m[1msavepack[22m | Storing File: res://content/fighters/yang/animations/procedural/land_soft.anim.json[39m[0m
[  73% ] [90m[1msavepack[22m | Storing File: res://content/fighters/yang/animations/procedural/launch_horizontal.anim.json[39m[0m
[  73% ] [90m[1msavepack[22m | Storing File: res://content/fighters/yang/animations/procedural/launch_vertical.anim.json[39m[0m
[  73% ] [90m[1msavepack[22m | Storing File: res://content/fighters/yang/animations/procedural/ledge_attack.anim.json[39m[0m
[  73% ] [90m[1msavepack[22m | Storing File: res://content/fighters/yang/animations/procedural/ledge_getup.anim.json[39m[0m
[  73% ] [90m[1msavepack[22m | Storing File: res://content/fighters/yang/animations/procedural/ledge_grab.anim.json[39m[0m
[  73% ] [90m[1msavepack[22m | Storing File: res://content/fighters/yang/animations/procedural/ledge_hang.anim.json[39m[0m
[  73% ] [90m[1msavepack[22m | Storing File: res://content/fighters/yang/animations/procedural/ledge_jump.anim.json[39m[0m
[  73% ] [90m[1msavepack[22m | Storing File: res://content/fighters/yang/animations/procedural/ledge_roll.anim.json[39m[0m
[  73% ] [90m[1msavepack[22m | Storing File: res://content/fighters/yang/animations/procedural/ledge_teeter.anim.json[39m[0m
[  73% ] [90m[1msavepack[22m | Storing File: res://content/fighters/yang/animations/procedural/match_intro.anim.json[39m[0m
[  73% ] [90m[1msavepack[22m | Storing File: res://content/fighters/yang/animations/procedural/neutral_air.anim.json[39m[0m
[  73% ] [90m[1msavepack[22m | Storing File: res://content/fighters/yang/animations/procedural/neutral_special_projectile.anim.json[39m[0m
[  73% ] [90m[1msavepack[22m | Storing File: res://content/fighters/yang/animations/procedural/platform_drop.anim.json[39m[0m
[  73% ] [90m[1msavepack[22m | Storing File: res://content/fighters/yang/animations/procedural/pratfall.anim.json[39m[0m
[  73% ] [90m[1msavepack[22m | Storing File: res://content/fighters/yang/animations/procedural/pummel.anim.json[39m[0m
[  73% ] [90m[1msavepack[22m | Storing File: res://content/fighters/yang/animations/procedural/respawn.anim.json[39m[0m
[  73% ] [90m[1msavepack[22m | Storing File: res://content/fighters/yang/animations/procedural/results_idle.anim.json[39m[0m
[  73% ] [90m[1msavepack[22m | Storing File: res://content/fighters/yang/animations/procedural/roll_backward.anim.json[39m[0m
[  73% ] [90m[1msavepack[22m | Storing File: res://content/fighters/yang/animations/procedural/roll_forward.anim.json[39m[0m
[  73% ] [90m[1msavepack[22m | Storing File: res://content/fighters/yang/animations/procedural/run_loop.anim.json[39m[0m
[  73% ] [90m[1msavepack[22m | Storing File: res://content/fighters/yang/animations/procedural/run_start.anim.json[39m[0m
[  74% ] [90m[1msavepack[22m | Storing File: res://content/fighters/yang/animations/procedural/run_stop.anim.json[39m[0m
[  74% ] [90m[1msavepack[22m | Storing File: res://content/fighters/yang/animations/procedural/shield_break.anim.json[39m[0m
[  74% ] [90m[1msavepack[22m | Storing File: res://content/fighters/yang/animations/procedural/shield_hit.anim.json[39m[0m
[  74% ] [90m[1msavepack[22m | Storing File: res://content/fighters/yang/animations/procedural/shield_hold.anim.json[39m[0m
[  74% ] [90m[1msavepack[22m | Storing File: res://content/fighters/yang/animations/procedural/shield_start.anim.json[39m[0m
[  74% ] [90m[1msavepack[22m | Storing File: res://content/fighters/yang/animations/procedural/shield_stun.anim.json[39m[0m
[  74% ] [90m[1msavepack[22m | Storing File: res://content/fighters/yang/animations/procedural/short_hop_visual.anim.json[39m[0m
[  74% ] [90m[1msavepack[22m | Storing File: res://content/fighters/yang/animations/procedural/side_special.anim.json[39m[0m
[  74% ] [90m[1msavepack[22m | Storing File: res://content/fighters/yang/animations/procedural/skid.anim.json[39m[0m
[  74% ] [90m[1msavepack[22m | Storing File: res://content/fighters/yang/animations/procedural/spot_dodge.anim.json[39m[0m
[  74% ] [90m[1msavepack[22m | Storing File: res://content/fighters/yang/animations/procedural/story_dialogue_intense.anim.json[39m[0m
[  74% ] [90m[1msavepack[22m | Storing File: res://content/fighters/yang/animations/procedural/story_dialogue_neutral.anim.json[39m[0m
[  74% ] [90m[1msavepack[22m | Storing File: res://content/fighters/yang/animations/procedural/taunt_1.anim.json[39m[0m
[  74% ] [90m[1msavepack[22m | Storing File: res://content/fighters/yang/animations/procedural/taunt_2.anim.json[39m[0m
[  74% ] [90m[1msavepack[22m | Storing File: res://content/fighters/yang/animations/procedural/tech_back.anim.json[39m[0m
[  74% ] [90m[1msavepack[22m | Storing File: res://content/fighters/yang/animations/procedural/tech_forward.anim.json[39m[0m
[  74% ] [90m[1msavepack[22m | Storing File: res://content/fighters/yang/animations/procedural/tech_in_place.anim.json[39m[0m
[  74% ] [90m[1msavepack[22m | Storing File: res://content/fighters/yang/animations/procedural/throw_back.anim.json[39m[0m
[  74% ] [90m[1msavepack[22m | Storing File: res://content/fighters/yang/animations/procedural/throw_down.anim.json[39m[0m
[  74% ] [90m[1msavepack[22m | Storing File: res://content/fighters/yang/animations/procedural/throw_forward.anim.json[39m[0m
[  74% ] [90m[1msavepack[22m | Storing File: res://content/fighters/yang/animations/procedural/throw_release.anim.json[39m[0m
[  74% ] [90m[1msavepack[22m | Storing File: res://content/fighters/yang/animations/procedural/throw_startup.anim.json[39m[0m
[  74% ] [90m[1msavepack[22m | Storing File: res://content/fighters/yang/animations/procedural/throw_up.anim.json[39m[0m
[  74% ] [90m[1msavepack[22m | Storing File: res://content/fighters/yang/animations/procedural/tumble.anim.json[39m[0m
[  75% ] [90m[1msavepack[22m | Storing File: res://content/fighters/yang/animations/procedural/turnaround.anim.json[39m[0m
[  75% ] [90m[1msavepack[22m | Storing File: res://content/fighters/yang/animations/procedural/up_air.anim.json[39m[0m
[  75% ] [90m[1msavepack[22m | Storing File: res://content/fighters/yang/animations/procedural/up_special_recovery.anim.json[39m[0m
[  75% ] [90m[1msavepack[22m | Storing File: res://content/fighters/yang/animations/procedural/up_tilt.anim.json[39m[0m
[  75% ] [90m[1msavepack[22m | Storing File: res://content/fighters/yang/animations/procedural/victory.anim.json[39m[0m
[  75% ] [90m[1msavepack[22m | Storing File: res://content/fighters/yang/animations/procedural/walk_loop.anim.json[39m[0m
[  75% ] [90m[1msavepack[22m | Storing File: res://content/fighters/yang/animations/procedural/walk_start.anim.json[39m[0m
[  75% ] [90m[1msavepack[22m | Storing File: res://content/fighters/yang/animations/procedural/walk_stop.anim.json[39m[0m
[  75% ] [90m[1msavepack[22m | Storing File: res://content/fighters/yang/animations/procedural/wall_bounce.anim.json[39m[0m
[  75% ] [90m[1msavepack[22m | Storing File: res://content/fighters/yin/animations/procedural/air_dodge_back.anim.json[39m[0m
[  75% ] [90m[1msavepack[22m | Storing File: res://content/fighters/yin/animations/procedural/air_dodge_down.anim.json[39m[0m
[  75% ] [90m[1msavepack[22m | Storing File: res://content/fighters/yin/animations/procedural/air_dodge_forward.anim.json[39m[0m
[  75% ] [90m[1msavepack[22m | Storing File: res://content/fighters/yin/animations/procedural/air_dodge_neutral.anim.json[39m[0m
[  75% ] [90m[1msavepack[22m | Storing File: res://content/fighters/yin/animations/procedural/air_dodge_up.anim.json[39m[0m
[  75% ] [90m[1msavepack[22m | Storing File: res://content/fighters/yin/animations/procedural/aura_burst_active.anim.json[39m[0m
[  75% ] [90m[1msavepack[22m | Storing File: res://content/fighters/yin/animations/procedural/aura_burst_move.anim.json[39m[0m
[  75% ] [90m[1msavepack[22m | Storing File: res://content/fighters/yin/animations/procedural/aura_burst_recovery.anim.json[39m[0m
[  75% ] [90m[1msavepack[22m | Storing File: res://content/fighters/yin/animations/procedural/aura_burst_startup.anim.json[39m[0m
[  75% ] [90m[1msavepack[22m | Storing File: res://content/fighters/yin/animations/procedural/aura_charge.anim.json[39m[0m
[  75% ] [90m[1msavepack[22m | Storing File: res://content/fighters/yin/animations/procedural/aura_charge_move.anim.json[39m[0m
[  75% ] [90m[1msavepack[22m | Storing File: res://content/fighters/yin/animations/procedural/aura_ready.anim.json[39m[0m
[  75% ] [90m[1msavepack[22m | Storing File: res://content/fighters/yin/animations/procedural/aura_super_transform.anim.json[39m[0m
[  75% ] [90m[1msavepack[22m | Storing File: res://content/fighters/yin/animations/procedural/back_air.anim.json[39m[0m
[  75% ] [90m[1msavepack[22m | Storing File: res://content/fighters/yin/animations/procedural/character_select_confirm.anim.json[39m[0m
[  75% ] [90m[1msavepack[22m | Storing File: res://content/fighters/yin/animations/procedural/character_select_idle.anim.json[39m[0m
[  76% ] [90m[1msavepack[22m | Storing File: res://content/fighters/yin/animations/procedural/crouch_end.anim.json[39m[0m
[  76% ] [90m[1msavepack[22m | Storing File: res://content/fighters/yin/animations/procedural/crouch_hold.anim.json[39m[0m
[  76% ] [90m[1msavepack[22m | Storing File: res://content/fighters/yin/animations/procedural/crouch_start.anim.json[39m[0m
[  76% ] [90m[1msavepack[22m | Storing File: res://content/fighters/yin/animations/procedural/dash_attack.anim.json[39m[0m
[  76% ] [90m[1msavepack[22m | Storing File: res://content/fighters/yin/animations/procedural/dash_loop.anim.json[39m[0m
[  76% ] [90m[1msavepack[22m | Storing File: res://content/fighters/yin/animations/procedural/dash_start.anim.json[39m[0m
[  76% ] [90m[1msavepack[22m | Storing File: res://content/fighters/yin/animations/procedural/dash_stop.anim.json[39m[0m
[  76% ] [90m[1msavepack[22m | Storing File: res://content/fighters/yin/animations/procedural/defeat.anim.json[39m[0m
[  76% ] [90m[1msavepack[22m | Storing File: res://content/fighters/yin/animations/procedural/double_jump.anim.json[39m[0m
[  76% ] [90m[1msavepack[22m | Storing File: res://content/fighters/yin/animations/procedural/down_air.anim.json[39m[0m
[  76% ] [90m[1msavepack[22m | Storing File: res://content/fighters/yin/animations/procedural/down_special.anim.json[39m[0m
[  76% ] [90m[1msavepack[22m | Storing File: res://content/fighters/yin/animations/procedural/down_tilt.anim.json[39m[0m
[  76% ] [90m[1msavepack[22m | Storing File: res://content/fighters/yin/animations/procedural/edge_warning.anim.json[39m[0m
[  76% ] [90m[1msavepack[22m | Storing File: res://content/fighters/yin/animations/procedural/fall.anim.json[39m[0m
[  76% ] [90m[1msavepack[22m | Storing File: res://content/fighters/yin/animations/procedural/fast_fall.anim.json[39m[0m
[  76% ] [90m[1msavepack[22m | Storing File: res://content/fighters/yin/animations/procedural/forward_air.anim.json[39m[0m
[  76% ] [90m[1msavepack[22m | Storing File: res://content/fighters/yin/animations/procedural/forward_tilt.anim.json[39m[0m
[  76% ] [90m[1msavepack[22m | Storing File: res://content/fighters/yin/animations/procedural/grab.anim.json[39m[0m
[  76% ] [90m[1msavepack[22m | Storing File: res://content/fighters/yin/animations/procedural/grab_active.anim.json[39m[0m
[  76% ] [90m[1msavepack[22m | Storing File: res://content/fighters/yin/animations/procedural/grab_hold.anim.json[39m[0m
[  76% ] [90m[1msavepack[22m | Storing File: res://content/fighters/yin/animations/procedural/grab_startup.anim.json[39m[0m
[  76% ] [90m[1msavepack[22m | Storing File: res://content/fighters/yin/animations/procedural/grab_whiff.anim.json[39m[0m
[  76% ] [90m[1msavepack[22m | Storing File: res://content/fighters/yin/animations/procedural/ground_bounce.anim.json[39m[0m
[  76% ] [90m[1msavepack[22m | Storing File: res://content/fighters/yin/animations/procedural/heavy_attack.anim.json[39m[0m
[  77% ] [90m[1msavepack[22m | Storing File: res://content/fighters/yin/animations/procedural/hitstop_pose.anim.json[39m[0m
[  77% ] [90m[1msavepack[22m | Storing File: res://content/fighters/yin/animations/procedural/hitstun_ground.anim.json[39m[0m
[  77% ] [90m[1msavepack[22m | Storing File: res://content/fighters/yin/animations/procedural/hurt_heavy.anim.json[39m[0m
[  77% ] [90m[1msavepack[22m | Storing File: res://content/fighters/yin/animations/procedural/hurt_light_back.anim.json[39m[0m
[  77% ] [90m[1msavepack[22m | Storing File: res://content/fighters/yin/animations/procedural/hurt_light_front.anim.json[39m[0m
[  77% ] [90m[1msavepack[22m | Storing File: res://content/fighters/yin/animations/procedural/idle_long.anim.json[39m[0m
[  77% ] [90m[1msavepack[22m | Storing File: res://content/fighters/yin/animations/procedural/idle_primary.anim.json[39m[0m
[  77% ] [90m[1msavepack[22m | Storing File: res://content/fighters/yin/animations/procedural/idle_secondary.anim.json[39m[0m
[  77% ] [90m[1msavepack[22m | Storing File: res://content/fighters/yin/animations/procedural/jab_1.anim.json[39m[0m
[  77% ] [90m[1msavepack[22m | Storing File: res://content/fighters/yin/animations/procedural/jab_2.anim.json[39m[0m
[  77% ] [90m[1msavepack[22m | Storing File: res://content/fighters/yin/animations/procedural/jab_finisher.anim.json[39m[0m
[  77% ] [90m[1msavepack[22m | Storing File: res://content/fighters/yin/animations/procedural/jump.anim.json[39m[0m
[  77% ] [90m[1msavepack[22m | Storing File: res://content/fighters/yin/animations/procedural/jump_squat.anim.json[39m[0m
[  77% ] [90m[1msavepack[22m | Storing File: res://content/fighters/yin/animations/procedural/knockdown.anim.json[39m[0m
[  77% ] [90m[1msavepack[22m | Storing File: res://content/fighters/yin/animations/procedural/ko.anim.json[39m[0m
[  77% ] [90m[1msavepack[22m | Storing File: res://content/fighters/yin/animations/procedural/land_hard.anim.json[39m[0m
[  77% ] [90m[1msavepack[22m | Storing File: res://content/fighters/yin/animations/procedural/land_soft.anim.json[39m[0m
[  77% ] [90m[1msavepack[22m | Storing File: res://content/fighters/yin/animations/procedural/launch_horizontal.anim.json[39m[0m
[  77% ] [90m[1msavepack[22m | Storing File: res://content/fighters/yin/animations/procedural/launch_vertical.anim.json[39m[0m
[  77% ] [90m[1msavepack[22m | Storing File: res://content/fighters/yin/animations/procedural/ledge_attack.anim.json[39m[0m
[  77% ] [90m[1msavepack[22m | Storing File: res://content/fighters/yin/animations/procedural/ledge_getup.anim.json[39m[0m
[  77% ] [90m[1msavepack[22m | Storing File: res://content/fighters/yin/animations/procedural/ledge_grab.anim.json[39m[0m
[  77% ] [90m[1msavepack[22m | Storing File: res://content/fighters/yin/animations/procedural/ledge_hang.anim.json[39m[0m
[  77% ] [90m[1msavepack[22m | Storing File: res://content/fighters/yin/animations/procedural/ledge_jump.anim.json[39m[0m
[  78% ] [90m[1msavepack[22m | Storing File: res://content/fighters/yin/animations/procedural/ledge_roll.anim.json[39m[0m
[  78% ] [90m[1msavepack[22m | Storing File: res://content/fighters/yin/animations/procedural/ledge_teeter.anim.json[39m[0m
[  78% ] [90m[1msavepack[22m | Storing File: res://content/fighters/yin/animations/procedural/match_intro.anim.json[39m[0m
[  78% ] [90m[1msavepack[22m | Storing File: res://content/fighters/yin/animations/procedural/neutral_air.anim.json[39m[0m
[  78% ] [90m[1msavepack[22m | Storing File: res://content/fighters/yin/animations/procedural/neutral_special_projectile.anim.json[39m[0m
[  78% ] [90m[1msavepack[22m | Storing File: res://content/fighters/yin/animations/procedural/platform_drop.anim.json[39m[0m
[  78% ] [90m[1msavepack[22m | Storing File: res://content/fighters/yin/animations/procedural/pratfall.anim.json[39m[0m
[  78% ] [90m[1msavepack[22m | Storing File: res://content/fighters/yin/animations/procedural/pummel.anim.json[39m[0m
[  78% ] [90m[1msavepack[22m | Storing File: res://content/fighters/yin/animations/procedural/respawn.anim.json[39m[0m
[  78% ] [90m[1msavepack[22m | Storing File: res://content/fighters/yin/animations/procedural/results_idle.anim.json[39m[0m
[  78% ] [90m[1msavepack[22m | Storing File: res://content/fighters/yin/animations/procedural/roll_backward.anim.json[39m[0m
[  78% ] [90m[1msavepack[22m | Storing File: res://content/fighters/yin/animations/procedural/roll_forward.anim.json[39m[0m
[  78% ] [90m[1msavepack[22m | Storing File: res://content/fighters/yin/animations/procedural/run_loop.anim.json[39m[0m
[  78% ] [90m[1msavepack[22m | Storing File: res://content/fighters/yin/animations/procedural/run_start.anim.json[39m[0m
[  78% ] [90m[1msavepack[22m | Storing File: res://content/fighters/yin/animations/procedural/run_stop.anim.json[39m[0m
[  78% ] [90m[1msavepack[22m | Storing File: res://content/fighters/yin/animations/procedural/shield_break.anim.json[39m[0m
[  78% ] [90m[1msavepack[22m | Storing File: res://content/fighters/yin/animations/procedural/shield_hit.anim.json[39m[0m
[  78% ] [90m[1msavepack[22m | Storing File: res://content/fighters/yin/animations/procedural/shield_hold.anim.json[39m[0m
[  78% ] [90m[1msavepack[22m | Storing File: res://content/fighters/yin/animations/procedural/shield_start.anim.json[39m[0m
[  78% ] [90m[1msavepack[22m | Storing File: res://content/fighters/yin/animations/procedural/shield_stun.anim.json[39m[0m
[  78% ] [90m[1msavepack[22m | Storing File: res://content/fighters/yin/animations/procedural/short_hop_visual.anim.json[39m[0m
[  78% ] [90m[1msavepack[22m | Storing File: res://content/fighters/yin/animations/procedural/side_special.anim.json[39m[0m
[  78% ] [90m[1msavepack[22m | Storing File: res://content/fighters/yin/animations/procedural/skid.anim.json[39m[0m
[  78% ] [90m[1msavepack[22m | Storing File: res://content/fighters/yin/animations/procedural/spot_dodge.anim.json[39m[0m
[  79% ] [90m[1msavepack[22m | Storing File: res://content/fighters/yin/animations/procedural/story_dialogue_intense.anim.json[39m[0m
[  79% ] [90m[1msavepack[22m | Storing File: res://content/fighters/yin/animations/procedural/story_dialogue_neutral.anim.json[39m[0m
[  79% ] [90m[1msavepack[22m | Storing File: res://content/fighters/yin/animations/procedural/taunt_1.anim.json[39m[0m
[  79% ] [90m[1msavepack[22m | Storing File: res://content/fighters/yin/animations/procedural/taunt_2.anim.json[39m[0m
[  79% ] [90m[1msavepack[22m | Storing File: res://content/fighters/yin/animations/procedural/tech_back.anim.json[39m[0m
[  79% ] [90m[1msavepack[22m | Storing File: res://content/fighters/yin/animations/procedural/tech_forward.anim.json[39m[0m
[  79% ] [90m[1msavepack[22m | Storing File: res://content/fighters/yin/animations/procedural/tech_in_place.anim.json[39m[0m
[  79% ] [90m[1msavepack[22m | Storing File: res://content/fighters/yin/animations/procedural/throw_back.anim.json[39m[0m
[  79% ] [90m[1msavepack[22m | Storing File: res://content/fighters/yin/animations/procedural/throw_down.anim.json[39m[0m
[  79% ] [90m[1msavepack[22m | Storing File: res://content/fighters/yin/animations/procedural/throw_forward.anim.json[39m[0m
[  79% ] [90m[1msavepack[22m | Storing File: res://content/fighters/yin/animations/procedural/throw_release.anim.json[39m[0m
[  79% ] [90m[1msavepack[22m | Storing File: res://content/fighters/yin/animations/procedural/throw_startup.anim.json[39m[0m
[  79% ] [90m[1msavepack[22m | Storing File: res://content/fighters/yin/animations/procedural/throw_up.anim.json[39m[0m
[  79% ] [90m[1msavepack[22m | Storing File: res://content/fighters/yin/animations/procedural/tumble.anim.json[39m[0m
[  79% ] [90m[1msavepack[22m | Storing File: res://content/fighters/yin/animations/procedural/turnaround.anim.json[39m[0m
[  79% ] [90m[1msavepack[22m | Storing File: res://content/fighters/yin/animations/procedural/up_air.anim.json[39m[0m
[  79% ] [90m[1msavepack[22m | Storing File: res://content/fighters/yin/animations/procedural/up_special_recovery.anim.json[39m[0m
[  79% ] [90m[1msavepack[22m | Storing File: res://content/fighters/yin/animations/procedural/up_tilt.anim.json[39m[0m
[  79% ] [90m[1msavepack[22m | Storing File: res://content/fighters/yin/animations/procedural/victory.anim.json[39m[0m
[  79% ] [90m[1msavepack[22m | Storing File: res://content/fighters/yin/animations/procedural/walk_loop.anim.json[39m[0m
[  79% ] [90m[1msavepack[22m | Storing File: res://content/fighters/yin/animations/procedural/walk_start.anim.json[39m[0m
[  79% ] [90m[1msavepack[22m | Storing File: res://content/fighters/yin/animations/procedural/walk_stop.anim.json[39m[0m
[  79% ] [90m[1msavepack[22m | Storing File: res://content/fighters/yin/animations/procedural/wall_bounce.anim.json[39m[0m
[  79% ] [90m[1msavepack[22m | Storing File: res://content/forms/FULL_ROSTER_FORM_BALANCE_MANIFEST.json[39m[0m
[  80% ] [90m[1msavepack[22m | Storing File: res://content/human_art_staging/ember-vale/candidate_manifest.json[39m[0m
[  80% ] [90m[1msavepack[22m | Storing File: res://.godot/imported/ember-vale.glb-cc20102e6416760fd56d95720fcd43e1.scn[39m[0m
[  80% ] [90m[1msavepack[22m | Storing File: res://content/human_art_staging/ember-vale/ember-vale.glb.import[39m[0m
[  80% ] [90m[1msavepack[22m | Storing File: res://.godot/imported/ember-vale_mage_texture.png-57827e82b9967b9e82e812cc0a979265.ctex[39m[0m
[  80% ] [90m[1msavepack[22m | Storing File: res://content/human_art_staging/ember-vale/ember-vale_mage_texture.png.import[39m[0m
[  80% ] [90m[1msavepack[22m | Storing File: res://content/human_art_staging/ember-vale/PROVENANCE.json[39m[0m
[  80% ] [90m[1msavepack[22m | Storing File: res://content/human_art_staging/ember-vale/RIGHTS.json[39m[0m
[  80% ] [90m[1msavepack[22m | Storing File: res://content/human_art_staging/ember-vale/SOURCE_MANIFEST.json[39m[0m
[  80% ] [90m[1msavepack[22m | Storing File: res://content/human_art_staging/juno-spark/candidate_manifest.json[39m[0m
[  80% ] [90m[1msavepack[22m | Storing File: res://.godot/imported/juno-spark.glb-2e0c4f90fef690670329d5ac8bcf6713.scn[39m[0m
[  80% ] [90m[1msavepack[22m | Storing File: res://content/human_art_staging/juno-spark/juno-spark.glb.import[39m[0m
[  80% ] [90m[1msavepack[22m | Storing File: res://.godot/imported/juno-spark_rogue_texture.png-1826c324f0eef5e11589b859a6502597.ctex[39m[0m
[  80% ] [90m[1msavepack[22m | Storing File: res://content/human_art_staging/juno-spark/juno-spark_rogue_texture.png.import[39m[0m
[  80% ] [90m[1msavepack[22m | Storing File: res://content/human_art_staging/juno-spark/PROVENANCE.json[39m[0m
[  80% ] [90m[1msavepack[22m | Storing File: res://content/human_art_staging/juno-spark/RIGHTS.json[39m[0m
[  80% ] [90m[1msavepack[22m | Storing File: res://content/human_art_staging/juno-spark/SOURCE_MANIFEST.json[39m[0m
[  80% ] [90m[1msavepack[22m | Storing File: res://content/human_art_staging/kaia-windrow/candidate_manifest.json[39m[0m
[  80% ] [90m[1msavepack[22m | Storing File: res://.godot/imported/kaia-windrow.glb-d1a7bc896de8cf6ef8f1ebbb8b20d27c.scn[39m[0m
[  80% ] [90m[1msavepack[22m | Storing File: res://content/human_art_staging/kaia-windrow/kaia-windrow.glb.import[39m[0m
[  80% ] [90m[1msavepack[22m | Storing File: res://.godot/imported/kaia-windrow_rogue_texture.png-cbbbb25e06a82a8f5dcd144d6b44755d.ctex[39m[0m
[  80% ] [90m[1msavepack[22m | Storing File: res://content/human_art_staging/kaia-windrow/kaia-windrow_rogue_texture.png.import[39m[0m
[  80% ] [90m[1msavepack[22m | Storing File: res://content/human_art_staging/kaia-windrow/PROVENANCE.json[39m[0m
[  80% ] [90m[1msavepack[22m | Storing File: res://content/human_art_staging/kaia-windrow/RIGHTS.json[39m[0m
[  80% ] [90m[1msavepack[22m | Storing File: res://content/human_art_staging/kaia-windrow/SOURCE_MANIFEST.json[39m[0m
[  80% ] [90m[1msavepack[22m | Storing File: res://content/human_art_staging/nix-calder/candidate_manifest.json[39m[0m
[  80% ] [90m[1msavepack[22m | Storing File: res://.godot/imported/nix-calder.glb-f4f2b77163c182c3c7c9f12be950a238.scn[39m[0m
[  80% ] [90m[1msavepack[22m | Storing File: res://content/human_art_staging/nix-calder/nix-calder.glb.import[39m[0m
[  80% ] [90m[1msavepack[22m | Storing File: res://.godot/imported/nix-calder_skeleton_texture.png-c27dd3cf64ad97341e896eb643e44767.ctex[39m[0m
[  80% ] [90m[1msavepack[22m | Storing File: res://content/human_art_staging/nix-calder/nix-calder_skeleton_texture.png.import[39m[0m
[  80% ] [90m[1msavepack[22m | Storing File: res://content/human_art_staging/nix-calder/PROVENANCE.json[39m[0m
[  80% ] [90m[1msavepack[22m | Storing File: res://content/human_art_staging/nix-calder/RIGHTS.json[39m[0m
[  80% ] [90m[1msavepack[22m | Storing File: res://content/human_art_staging/nix-calder/SOURCE_MANIFEST.json[39m[0m
[  81% ] [90m[1msavepack[22m | Storing File: res://content/human_art_staging/orion-vell/candidate_manifest.json[39m[0m
[  81% ] [90m[1msavepack[22m | Storing File: res://.godot/imported/orion-vell.glb-9fe43c73c1a04e3d2d4071572552f44c.scn[39m[0m
[  81% ] [90m[1msavepack[22m | Storing File: res://content/human_art_staging/orion-vell/orion-vell.glb.import[39m[0m
[  81% ] [90m[1msavepack[22m | Storing File: res://.godot/imported/orion-vell_knight_texture.png-9c8f55490272f38617739728de0b64c6.ctex[39m[0m
[  81% ] [90m[1msavepack[22m | Storing File: res://content/human_art_staging/orion-vell/orion-vell_knight_texture.png.import[39m[0m
[  81% ] [90m[1msavepack[22m | Storing File: res://content/human_art_staging/orion-vell/PROVENANCE.json[39m[0m
[  81% ] [90m[1msavepack[22m | Storing File: res://content/human_art_staging/orion-vell/RIGHTS.json[39m[0m
[  81% ] [90m[1msavepack[22m | Storing File: res://content/human_art_staging/orion-vell/SOURCE_MANIFEST.json[39m[0m
[  81% ] [90m[1msavepack[22m | Storing File: res://content/human_art_staging/rook-ironside/candidate_manifest.json[39m[0m
[  81% ] [90m[1msavepack[22m | Storing File: res://content/human_art_staging/rook-ironside/PROVENANCE.json[39m[0m
[  81% ] [90m[1msavepack[22m | Storing File: res://content/human_art_staging/rook-ironside/RIGHTS.json[39m[0m
[  81% ] [90m[1msavepack[22m | Storing File: res://.godot/imported/rook-ironside.glb-b63588383b0fbfca20c65520f7be116f.scn[39m[0m
[  81% ] [90m[1msavepack[22m | Storing File: res://content/human_art_staging/rook-ironside/rook-ironside.glb.import[39m[0m
[  81% ] [90m[1msavepack[22m | Storing File: res://.godot/imported/rook-ironside_barbarian_texture.png-91100a129bb8ba2b63eb65fa89345ce2.ctex[39m[0m
[  81% ] [90m[1msavepack[22m | Storing File: res://content/human_art_staging/rook-ironside/rook-ironside_barbarian_texture.png.import[39m[0m
[  81% ] [90m[1msavepack[22m | Storing File: res://content/human_art_staging/rook-ironside/SOURCE_MANIFEST.json[39m[0m
[  81% ] [90m[1msavepack[22m | Storing File: res://content/human_art_staging/vesper-nyx/candidate_manifest.json[39m[0m
[  81% ] [90m[1msavepack[22m | Storing File: res://content/human_art_staging/vesper-nyx/PROVENANCE.json[39m[0m
[  81% ] [90m[1msavepack[22m | Storing File: res://content/human_art_staging/vesper-nyx/RIGHTS.json[39m[0m
[  81% ] [90m[1msavepack[22m | Storing File: res://content/human_art_staging/vesper-nyx/SOURCE_MANIFEST.json[39m[0m
[  81% ] [90m[1msavepack[22m | Storing File: res://.godot/imported/vesper-nyx.glb-c6ed96bfc8e40964febda30ee2b1f9bc.scn[39m[0m
[  81% ] [90m[1msavepack[22m | Storing File: res://content/human_art_staging/vesper-nyx/vesper-nyx.glb.import[39m[0m
[  81% ] [90m[1msavepack[22m | Storing File: res://.godot/imported/vesper-nyx_skeleton_texture.png-a9f59e0f8352bafe31a3d9235b9c0a91.ctex[39m[0m
[  81% ] [90m[1msavepack[22m | Storing File: res://content/human_art_staging/vesper-nyx/vesper-nyx_skeleton_texture.png.import[39m[0m
[  81% ] [90m[1msavepack[22m | Storing File: res://content/review/mode_a_integration_baseline.json[39m[0m
[  81% ] [90m[1msavepack[22m | Storing File: res://content/review/mode_b_human_candidates_review.json[39m[0m
[  81% ] [90m[1msavepack[22m | Storing File: res://content/v16_art_direction/ember-vale/female/PRESENTATION.json[39m[0m
[  81% ] [90m[1msavepack[22m | Storing File: res://content/v16_art_direction/ember-vale/male/PRESENTATION.json[39m[0m
[  81% ] [90m[1msavepack[22m | Storing File: res://content/v16_art_direction/juno-spark/female/PRESENTATION.json[39m[0m
[  81% ] [90m[1msavepack[22m | Storing File: res://content/v16_art_direction/juno-spark/male/PRESENTATION.json[39m[0m
[  81% ] [90m[1msavepack[22m | Storing File: res://content/v16_art_direction/kaia-windrow/female/PRESENTATION.json[39m[0m
[  82% ] [90m[1msavepack[22m | Storing File: res://content/v16_art_direction/kaia-windrow/male/PRESENTATION.json[39m[0m
[  82% ] [90m[1msavepack[22m | Storing File: res://content/v16_art_direction/nix-calder/female/PRESENTATION.json[39m[0m
[  82% ] [90m[1msavepack[22m | Storing File: res://content/v16_art_direction/nix-calder/male/PRESENTATION.json[39m[0m
[  82% ] [90m[1msavepack[22m | Storing File: res://content/v16_art_direction/orion-vell/female/PRESENTATION.json[39m[0m
[  82% ] [90m[1msavepack[22m | Storing File: res://content/v16_art_direction/orion-vell/male/PRESENTATION.json[39m[0m
[  82% ] [90m[1msavepack[22m | Storing File: res://content/v16_art_direction/rook-ironside/female/PRESENTATION.json[39m[0m
[  82% ] [90m[1msavepack[22m | Storing File: res://content/v16_art_direction/rook-ironside/male/PRESENTATION.json[39m[0m
[  82% ] [90m[1msavepack[22m | Storing File: res://content/v16_art_direction/vesper-nyx/female/PRESENTATION.json[39m[0m
[  82% ] [90m[1msavepack[22m | Storing File: res://content/v16_art_direction/vesper-nyx/male/PRESENTATION.json[39m[0m
[  82% ] [90m[1msavepack[22m | Storing File: res://content/v16_art_direction/yang/female/PRESENTATION.json[39m[0m
[  82% ] [90m[1msavepack[22m | Storing File: res://content/v16_art_direction/yang/male/PRESENTATION.json[39m[0m
[  82% ] [90m[1msavepack[22m | Storing File: res://content/v16_art_direction/yin/female/PRESENTATION.json[39m[0m
[  82% ] [90m[1msavepack[22m | Storing File: res://content/v16_art_direction/yin/male/PRESENTATION.json[39m[0m
[  82% ] [90m[1msavepack[22m | Storing File: res://content/v16_art_direction/VISIBLE_MOVE_FIDELITY_MATRIX.json[39m[0m
[  82% ] [90m[1msavepack[22m | Storing File: res://data/animation/provenance_roster.json[39m[0m
[  82% ] [90m[1msavepack[22m | Storing File: res://data/balance/base_constants.json[39m[0m
[  82% ] [90m[1msavepack[22m | Storing File: res://data/balance/ember-vale.json[39m[0m
[  82% ] [90m[1msavepack[22m | Storing File: res://data/balance/juno-spark.json[39m[0m
[  82% ] [90m[1msavepack[22m | Storing File: res://data/balance/kaia-windrow.json[39m[0m
[  82% ] [90m[1msavepack[22m | Storing File: res://data/balance/nix-calder.json[39m[0m
[  82% ] [90m[1msavepack[22m | Storing File: res://data/balance/orion-vell.json[39m[0m
[  82% ] [90m[1msavepack[22m | Storing File: res://data/balance/rook-ironside.json[39m[0m
[  82% ] [90m[1msavepack[22m | Storing File: res://data/balance/vesper-nyx.json[39m[0m
[  82% ] [90m[1msavepack[22m | Storing File: res://data/combat/anime_timing.json[39m[0m
[  83% ] [90m[1msavepack[22m | Storing File: res://data/combat/choreography_schema.json[39m[0m
[  83% ] [90m[1msavepack[22m | Storing File: res://data/combat/clash_eligibility.json[39m[0m
[  83% ] [90m[1msavepack[22m | Storing File: res://data/combat/element_sfx_palettes.json[39m[0m
[  83% ] [90m[1msavepack[22m | Storing File: res://data/combat/element_vfx_palettes.json[39m[0m
[  83% ] [90m[1msavepack[22m | Storing File: res://data/combat/feedback_profiles.json[39m[0m
[  83% ] [90m[1msavepack[22m | Storing File: res://data/combat/hurt_reaction_library.json[39m[0m
[  83% ] [90m[1msavepack[22m | Storing File: res://data/combat/impact_profiles.json[39m[0m
[  83% ] [90m[1msavepack[22m | Storing File: res://data/combat/v3_move_content_catalog.json[39m[0m
[  83% ] [90m[1msavepack[22m | Storing File: res://data/combat/v3_non_move_animation_states.json[39m[0m
[  83% ] [90m[1msavepack[22m | Storing File: res://data/combat/v3_particle_profiles.json[39m[0m
[  83% ] [90m[1msavepack[22m | Storing File: res://data/combat/v3_sfx_events.json[39m[0m
[  83% ] [90m[1msavepack[22m | Storing File: res://data/combat/v3_vfx_events.json[39m[0m
[  83% ] [90m[1msavepack[22m | Storing File: res://data/device/device_role_matrix.json[39m[0m
[  83% ] [90m[1msavepack[22m | Storing File: res://data/fighters/ember-vale.json[39m[0m
[  83% ] [90m[1msavepack[22m | Storing File: res://data/fighters/ember-vale_animations.json[39m[0m
[  83% ] [90m[1msavepack[22m | Storing File: res://data/fighters/juno-spark.json[39m[0m
[  83% ] [90m[1msavepack[22m | Storing File: res://data/fighters/juno-spark_animations.json[39m[0m
[  83% ] [90m[1msavepack[22m | Storing File: res://data/fighters/kaia-windrow.json[39m[0m
[  83% ] [90m[1msavepack[22m | Storing File: res://data/fighters/kaia-windrow_animations.json[39m[0m
[  83% ] [90m[1msavepack[22m | Storing File: res://data/fighters/nix-calder.json[39m[0m
[  83% ] [90m[1msavepack[22m | Storing File: res://data/fighters/nix-calder_animations.json[39m[0m
[  83% ] [90m[1msavepack[22m | Storing File: res://data/fighters/orion-vell.json[39m[0m
[  83% ] [90m[1msavepack[22m | Storing File: res://data/fighters/orion-vell_animations.json[39m[0m
[  83% ] [90m[1msavepack[22m | Storing File: res://data/fighters/rook-ironside.json[39m[0m
[  84% ] [90m[1msavepack[22m | Storing File: res://data/fighters/rook-ironside_animations.json[39m[0m
[  84% ] [90m[1msavepack[22m | Storing File: res://data/fighters/roster.json[39m[0m
[  84% ] [90m[1msavepack[22m | Storing File: res://data/fighters/vesper-nyx.json[39m[0m
[  84% ] [90m[1msavepack[22m | Storing File: res://data/fighters/vesper-nyx_animations.json[39m[0m
[  84% ] [90m[1msavepack[22m | Storing File: res://data/fighters/yang.json[39m[0m
[  84% ] [90m[1msavepack[22m | Storing File: res://data/fighters/yin.json[39m[0m
[  84% ] [90m[1msavepack[22m | Storing File: res://data/forms/ember-vale.json[39m[0m
[  84% ] [90m[1msavepack[22m | Storing File: res://data/forms/juno-spark.json[39m[0m
[  84% ] [90m[1msavepack[22m | Storing File: res://data/forms/kaia-windrow.json[39m[0m
[  84% ] [90m[1msavepack[22m | Storing File: res://data/forms/nix-calder.json[39m[0m
[  84% ] [90m[1msavepack[22m | Storing File: res://data/forms/orion-vell.json[39m[0m
[  84% ] [90m[1msavepack[22m | Storing File: res://data/forms/rook-ironside.json[39m[0m
[  84% ] [90m[1msavepack[22m | Storing File: res://data/forms/vesper-nyx.json[39m[0m
[  84% ] [90m[1msavepack[22m | Storing File: res://data/gameplay/core_implementation_status.json[39m[0m
[  84% ] [90m[1msavepack[22m | Storing File: res://data/moves/ember-vale.json[39m[0m
[  84% ] [90m[1msavepack[22m | Storing File: res://data/moves/juno-spark.json[39m[0m
[  84% ] [90m[1msavepack[22m | Storing File: res://data/moves/kaia-windrow.json[39m[0m
[  84% ] [90m[1msavepack[22m | Storing File: res://data/moves/move_schema.json[39m[0m
[  84% ] [90m[1msavepack[22m | Storing File: res://data/moves/nix-calder.json[39m[0m
[  84% ] [90m[1msavepack[22m | Storing File: res://data/moves/orion-vell.json[39m[0m
[  84% ] [90m[1msavepack[22m | Storing File: res://data/moves/rook-ironside.json[39m[0m
[  84% ] [90m[1msavepack[22m | Storing File: res://data/moves/vesper-nyx.json[39m[0m
[  84% ] [90m[1msavepack[22m | Storing File: res://data/moves/yang.json[39m[0m
[  84% ] [90m[1msavepack[22m | Storing File: res://data/moves/yin.json[39m[0m
[  85% ] [90m[1msavepack[22m | Storing File: res://data/rulesets/default_stock.json[39m[0m
[  85% ] [90m[1msavepack[22m | Storing File: res://data/runtime/build_identity.json[39m[0m
[  85% ] [90m[1msavepack[22m | Storing File: res://data/runtime/elemental_material_language.json[39m[0m
[  85% ] [90m[1msavepack[22m | Storing File: res://data/runtime/move_clip_alias_map.json[39m[0m
[  85% ] [90m[1msavepack[22m | Storing File: res://data/runtime/move_display_names.json[39m[0m
[  85% ] [90m[1msavepack[22m | Storing File: res://data/runtime/move_list_meta.json[39m[0m
[  85% ] [90m[1msavepack[22m | Storing File: res://data/runtime/signature_move_names.json[39m[0m
[  85% ] [90m[1msavepack[22m | Storing File: res://data/runtime/signature_move_presentation.json[39m[0m
[  85% ] [90m[1msavepack[22m | Storing File: res://data/stages/cascade-foundry.json[39m[0m
[  85% ] [90m[1msavepack[22m | Storing File: res://data/stages/ember-courtyard.json[39m[0m
[  85% ] [90m[1msavepack[22m | Storing File: res://data/stages/neon-rooftops.json[39m[0m
[  85% ] [90m[1msavepack[22m | Storing File: res://data/stages/production_stages.json[39m[0m
[  85% ] [90m[1msavepack[22m | Storing File: res://data/stages/skyline-arena.json[39m[0m
[  85% ] [90m[1msavepack[22m | Storing File: res://data/stages/training-grid.json[39m[0m
[  85% ] [90m[1msavepack[22m | Storing File: res://data/stages/void-pier.json[39m[0m
[  85% ] [90m[1msavepack[22m | Storing File: res://data/story/green_between_foundation.json[39m[0m
[  85% ] [90m[1msavepack[22m | Storing File: res://data/story/v1_campaign.json[39m[0m
[  85% ] [90m[1msavepack[22m | Storing File: res://data/vfx/aura_clash_slots.json[39m[0m
[  85% ] [90m[1msavepack[22m | Storing File: res://data/dual_form_roster_v4.json[39m[0m
[  85% ] [90m[1msavepack[22m | Storing File: res://gate1/evidence/out/actual_production_runtime.json[39m[0m
[  85% ] [90m[1msavepack[22m | Storing File: res://gate1/evidence/out/cross_device_contract.json[39m[0m
[  85% ] [90m[1msavepack[22m | Storing File: res://release/schemas/achievements.schema.json[39m[0m
[  85% ] [90m[1msavepack[22m | Storing File: res://release/schemas/content_manifest.schema.json[39m[0m
[  85% ] [90m[1msavepack[22m | Storing File: res://release/schemas/playthrough_contract.schema.json[39m[0m
[  86% ] [90m[1msavepack[22m | Storing File: res://release/schemas/rc_gate.schema.json[39m[0m
[  86% ] [90m[1msavepack[22m | Storing File: res://release/ACHIEVEMENTS.json[39m[0m
[  86% ] [90m[1msavepack[22m | Storing File: res://release/CONTENT_MANIFEST.json[39m[0m
[  86% ] [90m[1msavepack[22m | Storing File: res://release/PLAYTHROUGH_CONTRACT.json[39m[0m
[  86% ] [90m[1msavepack[22m | Storing File: res://release/RC_GATE.json[39m[0m
[  86% ] [90m[1msavepack[22m | Storing File: res://.godot/exported/133200997/export-4c67cea886013e9b4b83e96c074927be-BattleScene.scn[39m[0m
[  86% ] [90m[1msavepack[22m | Storing File: res://.godot/exported/133200997/export-e7f5b2bbd7ca38cb2be5cbfee760c29e-BootScene.scn[39m[0m
[  86% ] [90m[1msavepack[22m | Storing File: res://.godot/exported/133200997/export-c7d30a4396db69d40ee4f56862ac3a33-Projectile2D.scn[39m[0m
[  86% ] [90m[1msavepack[22m | Storing File: res://.godot/exported/133200997/export-5f51d54e185dec548a226f4f866b3c50-Fighter.scn[39m[0m
[  86% ] [90m[1msavepack[22m | Storing File: res://.godot/exported/133200997/export-4d75848f2cb13100c72c3b91bb22b71a-AnimationLab.scn[39m[0m
[  86% ] [90m[1msavepack[22m | Storing File: res://.godot/exported/133200997/export-e953f89895ffa7671fa5e4f98968d02a-FullRosterArtReviewScene.scn[39m[0m
[  86% ] [90m[1msavepack[22m | Storing File: res://.godot/exported/133200997/export-01dd0c435cc964737693759e84eec517-LaunchFeedbackReviewScene.scn[39m[0m
[  86% ] [90m[1msavepack[22m | Storing File: res://.godot/exported/133200997/export-91a6bd7ea773a7de8a83239d99920f4a-MotionContributionLab.scn[39m[0m
[  86% ] [90m[1msavepack[22m | Storing File: res://.godot/exported/133200997/export-385346bcd1c2e6a28f86e0817e1da827-MotionReviewLab.scn[39m[0m
[  86% ] [90m[1msavepack[22m | Storing File: res://.godot/exported/133200997/export-bcea63d20509c8739e44ad2a4b8215b0-RosterArtLab.scn[39m[0m
[  86% ] [90m[1msavepack[22m | Storing File: res://.godot/exported/133200997/export-702e9c774e4f70fcf884ffe0a55d7450-SelectionReviewScene.scn[39m[0m
[  86% ] [90m[1msavepack[22m | Storing File: res://.godot/exported/133200997/export-2494cdb8503d0669b0aa334f50a7f1f9-AchievementsScene.scn[39m[0m
[  86% ] [90m[1msavepack[22m | Storing File: res://.godot/exported/133200997/export-ed76e3772b02cd0ce75b8c8431df3387-ArcadeScene.scn[39m[0m
[  86% ] [90m[1msavepack[22m | Storing File: res://.godot/exported/133200997/export-9b62d17e17d6a2aead046447ec7b0839-BuildInfoScene.scn[39m[0m
[  86% ] [90m[1msavepack[22m | Storing File: res://.godot/exported/133200997/export-ab5e4984af709e238f90cf39612f660e-ChallengesScene.scn[39m[0m
[  86% ] [90m[1msavepack[22m | Storing File: res://.godot/exported/133200997/export-6f706683dee0629f69ac640de98b69ba-ControlsScene.scn[39m[0m
[  86% ] [90m[1msavepack[22m | Storing File: res://.godot/exported/133200997/export-16d5f5494939070f6b799a855691f857-CreditsScene.scn[39m[0m
[  86% ] [90m[1msavepack[22m | Storing File: res://.godot/exported/133200997/export-b42e2122c6cda0813874c164a92a911c-FighterSelectScene.scn[39m[0m
[  86% ] [90m[1msavepack[22m | Storing File: res://.godot/exported/133200997/export-f4e52a0613121ca1bd0e1b7a28400640-HazardsScene.scn[39m[0m
[  87% ] [90m[1msavepack[22m | Storing File: res://.godot/exported/133200997/export-efa57fd9f3007c08a9aab39e8dbbb70a-LabsScene.scn[39m[0m
[  87% ] [90m[1msavepack[22m | Storing File: res://.godot/exported/133200997/export-d6b0709bf30d70601ae9c42b3187312c-MainMenuScene.scn[39m[0m
[  87% ] [90m[1msavepack[22m | Storing File: res://.godot/exported/133200997/export-ee1eec33f5b5bf2b3b03ff0db227c50f-MobilePlaytestScene.scn[39m[0m
[  87% ] [90m[1msavepack[22m | Storing File: res://.godot/exported/133200997/export-f69da0f084e02a6e6c7fc9668b078115-ModeSelectScene.scn[39m[0m
SCRIPT ERROR: Parse Error: Cannot infer the type of "a" variable because the value doesn't have a set type.
          at: GDScript::reload (res://scripts/menus/online_hub_scene.gd:51)
SCRIPT ERROR: Parse Error: Cannot infer the type of "b" variable because the value doesn't have a set type.
          at: GDScript::reload (res://scripts/menus/online_hub_scene.gd:52)
SCRIPT ERROR: Parse Error: Cannot infer the type of "a" variable because the value doesn't have a set type.
          at: GDScript::reload (res://scripts/menus/online_hub_scene.gd:58)
SCRIPT ERROR: Parse Error: Cannot infer the type of "b" variable because the value doesn't have a set type.
          at: GDScript::reload (res://scripts/menus/online_hub_scene.gd:59)
ERROR: Failed to load script "res://scripts/menus/online_hub_scene.gd" with error "Parse error".
   at: load (modules/gdscript/gdscript_resource_format.cpp:46)
[  87% ] [90m[1msavepack[22m | Storing File: res://.godot/exported/133200997/export-6640c2928f58fc74c4cde22e4c04c314-OnlineHubScene.scn[39m[0m
[  87% ] [90m[1msavepack[22m | Storing File: res://.godot/exported/133200997/export-872afd24b03b84c33d25c89fb666f284-OnlinePrivateScene.scn[39m[0m
[  87% ] [90m[1msavepack[22m | Storing File: res://.godot/exported/133200997/export-2a8abd257c1e0dc7639a9ecd6eb3a0b0-RulesetScene.scn[39m[0m
[  87% ] [90m[1msavepack[22m | Storing File: res://.godot/exported/133200997/export-cd9314bd8be5cac28e1a4c3340397ae8-SettingsScene.scn[39m[0m
[  87% ] [90m[1msavepack[22m | Storing File: res://.godot/exported/133200997/export-4e7c2ca498ab4590db7dab7a87e6ccd2-StageSelectScene.scn[39m[0m
[  87% ] [90m[1msavepack[22m | Storing File: res://.godot/exported/133200997/export-c9b25c2dfe0f0f8b34b49c7ae2025da1-StoryCampaignScene.scn[39m[0m
[  87% ] [90m[1msavepack[22m | Storing File: res://.godot/exported/133200997/export-cbf1adf3e2015cb441b77f5bd37f4855-TeamScene.scn[39m[0m
[  87% ] [90m[1msavepack[22m | Storing File: res://.godot/exported/133200997/export-a749a11a16616086b40e8cf3c13985b6-TournamentScene.scn[39m[0m
[  87% ] [90m[1msavepack[22m | Storing File: res://.godot/exported/133200997/export-08b2b441a33474c6e3e4ea5e77fd6b22-TrainingScene.scn[39m[0m
[  87% ] [90m[1msavepack[22m | Storing File: res://.godot/exported/133200997/export-af1345486e40b0225025ec8ed23ff800-TutorialScene.scn[39m[0m
[  87% ] [90m[1msavepack[22m | Storing File: res://.godot/exported/133200997/export-45ec3d07c7f11e983cf610bbc4349627-VersusScene.scn[39m[0m
[  87% ] [90m[1msavepack[22m | Storing File: res://.godot/exported/133200997/export-97f11d7d9dcf1bd74a08667be2fcb214-TrainingBattleScene.scn[39m[0m
[  87% ] [90m[1msavepack[22m | Storing File: res://.godot/exported/133200997/export-3fb31a137fc3b775996ba713b05ed9fe-TrainingMenuScene.scn[39m[0m
[  87% ] [90m[1msavepack[22m | Storing File: res://.godot/exported/133200997/export-3d159f9b3f90eed5691d4af514980ff4-TutorialBattleScene.scn[39m[0m
[  87% ] [90m[1msavepack[22m | Storing File: res://.godot/exported/133200997/export-cdc1fba7eb6433e3384ec511751920be-CrashRecoveryScene.scn[39m[0m
[  87% ] [90m[1msavepack[22m | Storing File: res://.godot/exported/133200997/export-4bf13c4b6e4da5dd6636e61893e91774-DebugHud.scn[39m[0m
[  87% ] [90m[1msavepack[22m | Storing File: res://.godot/exported/133200997/export-2d38a8bcc69178e673f77fc200ee241c-FighterTile.scn[39m[0m
[  87% ] [90m[1msavepack[22m | Storing File: res://.godot/exported/133200997/export-ff68fcf0a35859121c68b14cd58122d9-PauseMenuScene.scn[39m[0m
[  87% ] [90m[1msavepack[22m | Storing File: res://.godot/exported/133200997/export-c139d2a4a9b44f6818b9ef472f2964de-ResultsScene.scn[39m[0m
[  87% ] [90m[1msavepack[22m | Storing File: res://.godot/exported/133200997/export-988fd84e600d81a7521aebeb994f05c4-StageTile.scn[39m[0m
[  87% ] [90m[1msavepack[22m | Storing File: res://.godot/exported/133200997/export-27fec07e8b59014d4e81cbfdc9ddd12e-TouchControlsOverlay.scn[39m[0m
[  88% ] [90m[1msavepack[22m | Storing File: res://scripts/audio/announcer_voice_provider.gdc[39m[0m
[  88% ] [90m[1msavepack[22m | Storing File: res://scripts/audio/AudioDirector.gdc[39m[0m
[  88% ] [90m[1msavepack[22m | Storing File: res://scripts/audio/combat_sfx_resolver.gdc[39m[0m
[  88% ] [90m[1msavepack[22m | Storing File: res://scripts/audio/fighter_announcer.gdc[39m[0m
[  88% ] [90m[1msavepack[22m | Storing File: res://scripts/audio/procedural_audio_bank.gdc[39m[0m
[  88% ] [90m[1msavepack[22m | Storing File: res://scripts/audio/v1_candidate_sfx.gdc[39m[0m
[  88% ] [90m[1msavepack[22m | Storing File: res://scripts/battle/batch_match_harness.gdc[39m[0m
[  88% ] [90m[1msavepack[22m | Storing File: res://scripts/battle/battle_camera_controller.gdc[39m[0m
[  88% ] [90m[1msavepack[22m | Storing File: res://scripts/battle/battle_scene.gdc[39m[0m
[  88% ] [90m[1msavepack[22m | Storing File: res://scripts/battle/battle_scene_cpu_eval.gdc[39m[0m
[  88% ] [90m[1msavepack[22m | Storing File: res://scripts/battle/battle_sim.gdc[39m[0m
[  88% ] [90m[1msavepack[22m | Storing File: res://scripts/battle/hazard_item_runtime.gdc[39m[0m
[  88% ] [90m[1msavepack[22m | Storing File: res://scripts/battle/stage_procedural_builder.gdc[39m[0m
[  88% ] [90m[1msavepack[22m | Storing File: res://scripts/combat/aura_identity.gdc[39m[0m
[  88% ] [90m[1msavepack[22m | Storing File: res://scripts/combat/aura_scaler.gdc[39m[0m
[  88% ] [90m[1msavepack[22m | Storing File: res://scripts/combat/aura_special_runtime.gdc[39m[0m
[  88% ] [90m[1msavepack[22m | Storing File: res://scripts/combat/aura_tier_contract.gdc[39m[0m
[  88% ] [90m[1msavepack[22m | Storing File: res://scripts/combat/combat_feedback.gdc[39m[0m
[  88% ] [90m[1msavepack[22m | Storing File: res://scripts/combat/combat_math.gdc[39m[0m
[  88% ] [90m[1msavepack[22m | Storing File: res://scripts/combat/combat_space_contract.gdc[39m[0m
[  88% ] [90m[1msavepack[22m | Storing File: res://scripts/combat/competitive_rules.gdc[39m[0m
[  88% ] [90m[1msavepack[22m | Storing File: res://scripts/combat/critical_launch_predictor.gdc[39m[0m
[  88% ] [90m[1msavepack[22m | Storing File: res://scripts/combat/directional_hit_reaction.gdc[39m[0m
[  88% ] [90m[1msavepack[22m | Storing File: res://scripts/combat/fighter_definition.gdc[39m[0m
[  89% ] [90m[1msavepack[22m | Storing File: res://scripts/combat/fighter_facing_contract.gdc[39m[0m
[  89% ] [90m[1msavepack[22m | Storing File: res://scripts/combat/form_definition.gdc[39m[0m
[  89% ] [90m[1msavepack[22m | Storing File: res://scripts/combat/frame_data_table.gdc[39m[0m
[  89% ] [90m[1msavepack[22m | Storing File: res://scripts/combat/hit_resolver.gdc[39m[0m
[  89% ] [90m[1msavepack[22m | Storing File: res://scripts/combat/move_content_catalog.gdc[39m[0m
[  89% ] [90m[1msavepack[22m | Storing File: res://scripts/combat/move_execution_harness.gdc[39m[0m
[  89% ] [90m[1msavepack[22m | Storing File: res://scripts/combat/move_runner.gdc[39m[0m
[  89% ] [90m[1msavepack[22m | Storing File: res://scripts/combat/projectile.gdc[39m[0m
[  89% ] [90m[1msavepack[22m | Storing File: res://scripts/combat/projectile_spawner.gdc[39m[0m
[  89% ] [90m[1msavepack[22m | Storing File: res://scripts/combat/throw_resolver.gdc[39m[0m
[  89% ] [90m[1msavepack[22m | Storing File: res://scripts/combat/transform_pipeline.gdc[39m[0m
[  89% ] [90m[1msavepack[22m | Storing File: res://scripts/core/AchievementRuntime.gdc[39m[0m
[  89% ] [90m[1msavepack[22m | Storing File: res://scripts/core/boot_scene.gdc[39m[0m
[  89% ] [90m[1msavepack[22m | Storing File: res://scripts/core/build_identity.gdc[39m[0m
[  89% ] [90m[1msavepack[22m | Storing File: res://scripts/core/content_integrity.gdc[39m[0m
[  89% ] [90m[1msavepack[22m | Storing File: res://scripts/core/DeviceRoleRuntime.gdc[39m[0m
[  89% ] [90m[1msavepack[22m | Storing File: res://scripts/core/GameState.gdc[39m[0m
[  89% ] [90m[1msavepack[22m | Storing File: res://scripts/core/MatchTelemetry.gdc[39m[0m
[  89% ] [90m[1msavepack[22m | Storing File: res://scripts/core/NavigationAuthority.gdc[39m[0m
[  89% ] [90m[1msavepack[22m | Storing File: res://scripts/core/SceneRouter.gdc[39m[0m
[  89% ] [90m[1msavepack[22m | Storing File: res://scripts/cross_device/CrossDeviceContractProvider.gdc[39m[0m
[  89% ] [90m[1msavepack[22m | Storing File: res://scripts/cross_device/cross_device_contract_runner.gdc[39m[0m
[  89% ] [90m[1msavepack[22m | Storing File: res://scripts/data/body_variant.gdc[39m[0m
[  89% ] [90m[1msavepack[22m | Storing File: res://scripts/data/data_loader.gdc[39m[0m
[  90% ] [90m[1msavepack[22m | Storing File: res://scripts/debug/debug_hud.gdc[39m[0m
[  90% ] [90m[1msavepack[22m | Storing File: res://scripts/diagnostics/runtime_flight_recorder.gdc[39m[0m
[  90% ] [90m[1msavepack[22m | Storing File: res://scripts/diagnostics/wave018_visibility_telemetry.gdc[39m[0m
[  90% ] [90m[1msavepack[22m | Storing File: res://scripts/fighters/cpu_controller.gdc[39m[0m
[  90% ] [90m[1msavepack[22m | Storing File: res://scripts/fighters/fighter.gdc[39m[0m
[  90% ] [90m[1msavepack[22m | Storing File: res://scripts/fighters/fighter_animator.gdc[39m[0m
[  90% ] [90m[1msavepack[22m | Storing File: res://scripts/fighters/fighter_character_life.gdc[39m[0m
[  90% ] [90m[1msavepack[22m | Storing File: res://scripts/fighters/fighter_model_3d.gdc[39m[0m
[  90% ] [90m[1msavepack[22m | Storing File: res://scripts/fighters/fighter_presentation_profile.gdc[39m[0m
[  90% ] [90m[1msavepack[22m | Storing File: res://scripts/fighters/fighter_states.gdc[39m[0m
[  90% ] [90m[1msavepack[22m | Storing File: res://scripts/fighters/fighter_state_machine.gdc[39m[0m
[  90% ] [90m[1msavepack[22m | Storing File: res://scripts/fighters/stylized_fighter_builder.gdc[39m[0m
[  90% ] [90m[1msavepack[22m | Storing File: res://scripts/input/controller_watchdog.gdc[39m[0m
[  90% ] [90m[1msavepack[22m | Storing File: res://scripts/input/InputPersistenceService.gdc[39m[0m
[  90% ] [90m[1msavepack[22m | Storing File: res://scripts/input/touch_controls_overlay.gdc[39m[0m
[  90% ] [90m[1msavepack[22m | Storing File: res://scripts/input/touch_input_manager.gdc[39m[0m
[  90% ] [90m[1msavepack[22m | Storing File: res://scripts/juice/juice_event_bus.gdc[39m[0m
[  90% ] [90m[1msavepack[22m | Storing File: res://scripts/labs/animation_lab.gdc[39m[0m
[  90% ] [90m[1msavepack[22m | Storing File: res://scripts/labs/full_roster_art_review_scene.gdc[39m[0m
[  90% ] [90m[1msavepack[22m | Storing File: res://scripts/labs/launch_feedback_review_scene.gdc[39m[0m
[  90% ] [90m[1msavepack[22m | Storing File: res://scripts/labs/roster_art_lab.gdc[39m[0m
[  90% ] [90m[1msavepack[22m | Storing File: res://scripts/labs/selection_review_scene.gdc[39m[0m
[  90% ] [90m[1msavepack[22m | Storing File: res://scripts/menus/achievements_scene.gdc[39m[0m
[  90% ] [90m[1msavepack[22m | Storing File: res://scripts/menus/arcade_scene.gdc[39m[0m
[  91% ] [90m[1msavepack[22m | Storing File: res://scripts/menus/build_info_scene.gdc[39m[0m
[  91% ] [90m[1msavepack[22m | Storing File: res://scripts/menus/challenges_scene.gdc[39m[0m
[  91% ] [90m[1msavepack[22m | Storing File: res://scripts/menus/character_select_framing.gdc[39m[0m
[  91% ] [90m[1msavepack[22m | Storing File: res://scripts/menus/character_select_showcase_flourish.gdc[39m[0m
[  91% ] [90m[1msavepack[22m | Storing File: res://scripts/menus/controls_scene.gdc[39m[0m
[  91% ] [90m[1msavepack[22m | Storing File: res://scripts/menus/credits_scene.gdc[39m[0m
[  91% ] [90m[1msavepack[22m | Storing File: res://scripts/menus/fighter_select_scene.gdc[39m[0m
[  91% ] [90m[1msavepack[22m | Storing File: res://scripts/menus/hazards_scene.gdc[39m[0m
[  91% ] [90m[1msavepack[22m | Storing File: res://scripts/menus/labs_scene.gdc[39m[0m
[  91% ] [90m[1msavepack[22m | Storing File: res://scripts/menus/main_menu_scene.gdc[39m[0m
[  91% ] [90m[1msavepack[22m | Storing File: res://scripts/menus/mobile_playtest_scene.gdc[39m[0m
[  91% ] [90m[1msavepack[22m | Storing File: res://scripts/menus/mode_select_scene.gdc[39m[0m
[  91% ] [90m[1msavepack[22m | Storing File: res://scripts/menus/online_hub_scene.gdc[39m[0m
[  91% ] [90m[1msavepack[22m | Storing File: res://scripts/menus/online_private_scene.gdc[39m[0m
[  91% ] [90m[1msavepack[22m | Storing File: res://scripts/menus/ruleset_scene.gdc[39m[0m
[  91% ] [90m[1msavepack[22m | Storing File: res://scripts/menus/settings_scene.gdc[39m[0m
[  91% ] [90m[1msavepack[22m | Storing File: res://scripts/menus/stage_select_scene.gdc[39m[0m
[  91% ] [90m[1msavepack[22m | Storing File: res://scripts/menus/story_campaign_scene.gdc[39m[0m
[  91% ] [90m[1msavepack[22m | Storing File: res://scripts/menus/team_scene.gdc[39m[0m
[  91% ] [90m[1msavepack[22m | Storing File: res://scripts/menus/tournament_scene.gdc[39m[0m
[  91% ] [90m[1msavepack[22m | Storing File: res://scripts/menus/training_scene.gdc[39m[0m
[  91% ] [90m[1msavepack[22m | Storing File: res://scripts/menus/tutorial_scene.gdc[39m[0m
[  91% ] [90m[1msavepack[22m | Storing File: res://scripts/menus/versus_scene.gdc[39m[0m
[  91% ] [90m[1msavepack[22m | Storing File: res://scripts/menus/wave020_presentation_gates.gdc[39m[0m
[  92% ] [90m[1msavepack[22m | Storing File: res://scripts/motion/motion_contribution_service.gdc[39m[0m
[  92% ] [90m[1msavepack[22m | Storing File: res://scripts/motion/motion_review_service.gdc[39m[0m
[  92% ] [90m[1msavepack[22m | Storing File: res://scripts/net/anti_tamper.gdc[39m[0m
[  92% ] [90m[1msavepack[22m | Storing File: res://scripts/net/disconnect_policy.gdc[39m[0m
[  92% ] [90m[1msavepack[22m | Storing File: res://scripts/net/matchmaking_dev.gdc[39m[0m
[  92% ] [90m[1msavepack[22m | Storing File: res://scripts/net/network_sim.gdc[39m[0m
[  92% ] [90m[1msavepack[22m | Storing File: res://scripts/net/online_matchmaking_architecture.gdc[39m[0m
[  92% ] [90m[1msavepack[22m | Storing File: res://scripts/net/online_protocol.gdc[39m[0m
[  92% ] [90m[1msavepack[22m | Storing File: res://scripts/net/partylink_variant_allocator.gdc[39m[0m
[  92% ] [90m[1msavepack[22m | Storing File: res://scripts/net/private_netplay_stack.gdc[39m[0m
[  92% ] [90m[1msavepack[22m | Storing File: res://scripts/net/replay_store.gdc[39m[0m
[  92% ] [90m[1msavepack[22m | Storing File: res://scripts/net/rollback_latency_policy.gdc[39m[0m
[  92% ] [90m[1msavepack[22m | Storing File: res://scripts/net/rollback_session_gd.gdc[39m[0m
[  92% ] [90m[1msavepack[22m | Storing File: res://scripts/net/session_state.gdc[39m[0m
[  92% ] [90m[1msavepack[22m | Storing File: res://scripts/net/tournament_rooms.gdc[39m[0m
[  92% ] [90m[1msavepack[22m | Storing File: res://scripts/platform/ConsolePlatformBridge.gdc[39m[0m
[  92% ] [90m[1msavepack[22m | Storing File: res://scripts/platform/PlatformServices.gdc[39m[0m
[  92% ] [90m[1msavepack[22m | Storing File: res://scripts/rc/production_gate_harness.gdc[39m[0m
[  92% ] [90m[1msavepack[22m | Storing File: res://scripts/rc/wave015_battlescene_stability_harness.gdc[39m[0m
[  92% ] [90m[1msavepack[22m | Storing File: res://scripts/rc/wave015_crash_census_harness.gdc[39m[0m
[  92% ] [90m[1msavepack[22m | Storing File: res://scripts/rc/wave015_physical_harness.gdc[39m[0m
[  92% ] [90m[1msavepack[22m | Storing File: res://scripts/rc/wave016_pixel_capture_harness.gdc[39m[0m
[  92% ] [90m[1msavepack[22m | Storing File: res://scripts/rc/wave017_pixel_closeout_harness.gdc[39m[0m
[  92% ] [90m[1msavepack[22m | Storing File: res://scripts/rc/wave020_cp2_pixel_physical_harness.gdc[39m[0m
[  93% ] [90m[1msavepack[22m | Storing File: res://scripts/story/green_between_campaign.gdc[39m[0m
[  93% ] [90m[1msavepack[22m | Storing File: res://scripts/story/v1_campaign_runtime.gdc[39m[0m
[  93% ] [90m[1msavepack[22m | Storing File: res://scripts/training/move_browser.gdc[39m[0m
[  93% ] [90m[1msavepack[22m | Storing File: res://scripts/training/training_battle_scene.gdc[39m[0m
[  93% ] [90m[1msavepack[22m | Storing File: res://scripts/training/training_menu_scene.gdc[39m[0m
[  93% ] [90m[1msavepack[22m | Storing File: res://scripts/training/tutorial_battle_scene.gdc[39m[0m
[  93% ] [90m[1msavepack[22m | Storing File: res://scripts/ui/achievement_toast.gdc[39m[0m
[  93% ] [90m[1msavepack[22m | Storing File: res://scripts/ui/battle_hud_panel.gdc[39m[0m
[  93% ] [90m[1msavepack[22m | Storing File: res://scripts/ui/build_watermark.gdc[39m[0m
[  93% ] [90m[1msavepack[22m | Storing File: res://scripts/ui/console_menu_base.gdc[39m[0m
[  93% ] [90m[1msavepack[22m | Storing File: res://scripts/ui/crash_recovery_scene.gdc[39m[0m
[  93% ] [90m[1msavepack[22m | Storing File: res://scripts/ui/fighter_card_portrait.gdc[39m[0m
[  93% ] [90m[1msavepack[22m | Storing File: res://scripts/ui/fighter_silhouette_card.gdc[39m[0m
[  93% ] [90m[1msavepack[22m | Storing File: res://scripts/ui/input_glyph_presenter.gdc[39m[0m
[  93% ] [90m[1msavepack[22m | Storing File: res://scripts/ui/lockin_name_callout.gdc[39m[0m
[  93% ] [90m[1msavepack[22m | Storing File: res://scripts/ui/move_list_catalog.gdc[39m[0m
[  93% ] [90m[1msavepack[22m | Storing File: res://scripts/ui/move_list_panel.gdc[39m[0m
[  93% ] [90m[1msavepack[22m | Storing File: res://scripts/ui/pause_menu_scene.gdc[39m[0m
[  93% ] [90m[1msavepack[22m | Storing File: res://scripts/ui/results_scene.gdc[39m[0m
[  93% ] [90m[1msavepack[22m | Storing File: res://scripts/visual/animation_event_bridge.gdc[39m[0m
[  93% ] [90m[1msavepack[22m | Storing File: res://scripts/visual/art_direction_contract.gdc[39m[0m
[  93% ] [90m[1msavepack[22m | Storing File: res://scripts/visual/art_source_review_overlay.gdc[39m[0m
[  93% ] [90m[1msavepack[22m | Storing File: res://scripts/visual/critical_launch_cue.gdc[39m[0m
[  93% ] [90m[1msavepack[22m | Storing File: res://scripts/visual/elemental_material_contract.gdc[39m[0m
[  93% ] [90m[1msavepack[22m | Storing File: res://scripts/visual/elemental_particle_library.gdc[39m[0m
[  94% ] [90m[1msavepack[22m | Storing File: res://scripts/visual/elemental_vfx_family.gdc[39m[0m
[  94% ] [90m[1msavepack[22m | Storing File: res://scripts/visual/fighter_animation_controller.gdc[39m[0m
[  94% ] [90m[1msavepack[22m | Storing File: res://scripts/visual/fighter_asset_resolver.gdc[39m[0m
[  94% ] [90m[1msavepack[22m | Storing File: res://scripts/visual/fighter_material_controller.gdc[39m[0m
[  94% ] [90m[1msavepack[22m | Storing File: res://scripts/visual/fighter_presentation_cache.gdc[39m[0m
[  94% ] [90m[1msavepack[22m | Storing File: res://scripts/visual/geometry_auto_fit.gdc[39m[0m
[  94% ] [90m[1msavepack[22m | Storing File: res://scripts/visual/launch_trail_system.gdc[39m[0m
[  94% ] [90m[1msavepack[22m | Storing File: res://scripts/visual/move_vfx_director.gdc[39m[0m
[  94% ] [90m[1msavepack[22m | Storing File: res://scripts/visual/presentation_context.gdc[39m[0m
[  94% ] [90m[1msavepack[22m | Storing File: res://scripts/visual/procedural_bone_map.gdc[39m[0m
[  94% ] [90m[1msavepack[22m | Storing File: res://scripts/visual/runtime_move_resolver.gdc[39m[0m
[  94% ] [90m[1msavepack[22m | Storing File: res://scripts/visual/signature_move_presentation.gdc[39m[0m
[  94% ] [90m[1msavepack[22m | Storing File: res://scripts/visual/signature_name_registry.gdc[39m[0m
[  94% ] [90m[1msavepack[22m | Storing File: res://scripts/visual/v16_art_direction_body.gdc[39m[0m
[  94% ] [90m[1msavepack[22m | Storing File: res://scripts/vxp2/vxp2_accessibility_chrome.gdc[39m[0m
[  94% ] [90m[1msavepack[22m | Storing File: res://scripts/vxp2/vxp2_brand.gdc[39m[0m
[  94% ] [90m[1msavepack[22m | Storing File: res://scripts/vxp2/vxp2_capture_harness.gdc[39m[0m
[  94% ] [90m[1msavepack[22m | Storing File: res://scripts/vxp2/vxp2_glyph_strip.gdc[39m[0m
[  94% ] [90m[1msavepack[22m | Storing File: res://shaders/fighter_toon.gdshader[39m[0m
[  94% ] [90m[1msavepack[22m | Storing File: res://tests/art_pipeline/HeadlessVisibilityContract.gdc[39m[0m
[  94% ] [90m[1msavepack[22m | Storing File: res://tests/art_pipeline/RuntimeDiscoveryGeneric.gdc[39m[0m
[  94% ] [90m[1msavepack[22m | Storing File: res://tests/build_identity/test_build_identity.gdc[39m[0m
[  94% ] [90m[1msavepack[22m | Storing File: res://tests/combat_v3/WaveV3MoveContentCompletion.gdc[39m[0m
[  94% ] [90m[1msavepack[22m | Storing File: res://tests/elemental_specials/test_elemental_specials_structural.gdc[39m[0m
[  95% ] [90m[1msavepack[22m | Storing File: res://tests/engineering_wave011/Wave011BattleSceneE2E.gdc[39m[0m
[  95% ] [90m[1msavepack[22m | Storing File: res://tests/engineering_wave011/Wave011EvidenceCommon.gdc[39m[0m
[  95% ] [90m[1msavepack[22m | Storing File: res://tests/engineering_wave011/Wave011RosterRuntimeE2E.gdc[39m[0m
[  95% ] [90m[1msavepack[22m | Storing File: res://tests/engineering_wave011/Wave011RuntimeTest.gdc[39m[0m
[  95% ] [90m[1msavepack[22m | Storing File: res://tests/engineering_wave011/Wave011TrainingSceneE2E.gdc[39m[0m
[  95% ] [90m[1msavepack[22m | Storing File: res://tests/engineering_wave012/Wave012JuiceSmoke.gdc[39m[0m
[  95% ] [90m[1msavepack[22m | Storing File: res://tests/engineering_wave013b/Wave013bMotionSmoke.gdc[39m[0m
[  95% ] [90m[1msavepack[22m | Storing File: res://tests/engineering_wave014/Wave014BattleSceneVisualE2E.gdc[39m[0m
[  95% ] [90m[1msavepack[22m | Storing File: res://tests/engineering_wave014/Wave014ProceduralSmoke.gdc[39m[0m
[  95% ] [90m[1msavepack[22m | Storing File: res://tests/engineering_wave014/Wave014RuntimeRenders.gdc[39m[0m
[  95% ] [90m[1msavepack[22m | Storing File: res://tests/engineering_wave014/Wave014VisibleGameJuice.gdc[39m[0m
[  95% ] [90m[1msavepack[22m | Storing File: res://tests/engineering_wave014/Wave014VisibleSkeletalRuntime.gdc[39m[0m
[  95% ] [90m[1msavepack[22m | Storing File: res://tests/engineering_wave016/Wave016EmberProjectileRuntimeE2E.gdc[39m[0m
[  95% ] [90m[1msavepack[22m | Storing File: res://tests/engineering_wave016/Wave016GoldenSliceMoveE2E.gdc[39m[0m
[  95% ] [90m[1msavepack[22m | Storing File: res://tests/engineering_wave016/Wave016RealInputMoveE2E.gdc[39m[0m
[  95% ] [90m[1msavepack[22m | Storing File: res://tests/engineering_wave017/Wave017GhostLifecycle.gdc[39m[0m
[  95% ] [90m[1msavepack[22m | Storing File: res://tests/engineering_wave017/Wave017GoldenSliceVisual.gdc[39m[0m
[  95% ] [90m[1msavepack[22m | Storing File: res://tests/engineering_wave017/Wave017PlayerBuildDebugLabels.gdc[39m[0m
[  95% ] [90m[1msavepack[22m | Storing File: res://tests/engineering_wave018/Wave018BattleVisibilityInvariant.gdc[39m[0m
[  95% ] [90m[1msavepack[22m | Storing File: res://tests/engineering_wave018/Wave018SelectPreviewStress.gdc[39m[0m
[  95% ] [90m[1msavepack[22m | Storing File: res://tests/engineering_wave018/Wave018SelectToBattleVisibility.gdc[39m[0m
[  95% ] [90m[1msavepack[22m | Storing File: res://tests/engineering_wave019/Wave019MoveListCatalogGate.gdc[39m[0m
[  95% ] [90m[1msavepack[22m | Storing File: res://tests/engineering_wave020/Wave020BattleBodyDiagnostic.gdc[39m[0m
[  95% ] [90m[1msavepack[22m | Storing File: res://tests/engineering_wave020/Wave020ElementalAudio.gdc[39m[0m
[  96% ] [90m[1msavepack[22m | Storing File: res://tests/engineering_wave020/Wave020FighterSelectRestoreCaptures.gdc[39m[0m
[  96% ] [90m[1msavepack[22m | Storing File: res://tests/engineering_wave020/Wave020FinalScreenWitnessProbe.gdc[39m[0m
[  96% ] [90m[1msavepack[22m | Storing File: res://tests/engineering_wave020/Wave020MaterialPersistenceDiagnostic.gdc[39m[0m
[  96% ] [90m[1msavepack[22m | Storing File: res://tests/engineering_wave020/Wave020OwnerReg008Diagnostic.gdc[39m[0m
[  96% ] [90m[1msavepack[22m | Storing File: res://tests/engineering_wave020/Wave020OwnerReg009Diagnostic.gdc[39m[0m
[  96% ] [90m[1msavepack[22m | Storing File: res://tests/engineering_wave020/Wave020OwnerReg014015.gdc[39m[0m
[  96% ] [90m[1msavepack[22m | Storing File: res://tests/engineering_wave020/Wave020PauseLayoutDiagnostic.gdc[39m[0m
[  96% ] [90m[1msavepack[22m | Storing File: res://tests/engineering_wave020/Wave020PauseMoveList.gdc[39m[0m
[  96% ] [90m[1msavepack[22m | Storing File: res://tests/engineering_wave020/Wave020SelectFlourish.gdc[39m[0m
[  96% ] [90m[1msavepack[22m | Storing File: res://tests/engineering_wave020/Wave020SelectFraming.gdc[39m[0m
[  96% ] [90m[1msavepack[22m | Storing File: res://tests/engineering_wave020/Wave020SelectLifecycleDiagnostic.gdc[39m[0m
[  96% ] [90m[1msavepack[22m | Storing File: res://tests/engineering_wave020/Wave020SevenBrowseVisibility.gdc[39m[0m
[  96% ] [90m[1msavepack[22m | Storing File: res://tests/engineering_wave020/Wave020TransformIsolationDiagnostic.gdc[39m[0m
[  96% ] [90m[1msavepack[22m | Storing File: res://tests/engineering_wave020/Wave020VictoryDiagnostic.gdc[39m[0m
[  96% ] [90m[1msavepack[22m | Storing File: res://tests/engineering_wave020/Wave020VisibilityAcceptance.gdc[39m[0m
[  96% ] [90m[1msavepack[22m | Storing File: res://tests/engineering_wave020/Wave020VisibilityAdversarial.gdc[39m[0m
[  96% ] [90m[1msavepack[22m | Storing File: res://tests/engineering_wave021/Wave021AuraTierDiagnostic.gdc[39m[0m
[  96% ] [90m[1msavepack[22m | Storing File: res://tests/engineering_wave021/Wave021BattleScaleDiagnostic.gdc[39m[0m
[  96% ] [90m[1msavepack[22m | Storing File: res://tests/engineering_wave021/Wave021EmberAscensionDiagnostic.gdc[39m[0m
[  96% ] [90m[1msavepack[22m | Storing File: res://tests/engineering_wave021/Wave021FormArchitectureDiagnostic.gdc[39m[0m
[  96% ] [90m[1msavepack[22m | Storing File: res://tests/engineering_wave021/Wave021UIFeelDiagnostic.gdc[39m[0m
[  96% ] [90m[1msavepack[22m | Storing File: res://tests/engineering_wave022/Wave022BattleScaleDiagnostic.gdc[39m[0m
[  96% ] [90m[1msavepack[22m | Storing File: res://tests/engineering_wave022/Wave022FormArchitectureDiagnostic.gdc[39m[0m
[  96% ] [90m[1msavepack[22m | Storing File: res://tests/engineering_wave022/Wave022FullRosterAscensionDiagnostic.gdc[39m[0m
[  97% ] [90m[1msavepack[22m | Storing File: res://tests/engineering_wave022/Wave022RookAscensionDiagnostic.gdc[39m[0m
[  97% ] [90m[1msavepack[22m | Storing File: res://tests/engineering_wave022/Wave022UIFeelDiagnostic.gdc[39m[0m
[  97% ] [90m[1msavepack[22m | Storing File: res://tests/presentation/SelectCriticalLaunchHarness.gdc[39m[0m
[  97% ] [90m[1msavepack[22m | Storing File: res://tests/quality/GoldenVisualQAHarness.gdc[39m[0m
[  97% ] [90m[1msavepack[22m | Storing File: res://tests/quality/TasteGateModelVisibility.gdc[39m[0m
[  97% ] [90m[1msavepack[22m | Storing File: res://tests/story/KaiaGoldenSliceHeadless.gdc[39m[0m
[  97% ] [90m[1msavepack[22m | Storing File: res://tests/v1_closure/CampaignCheckpoint.gdc[39m[0m
[  97% ] [90m[1msavepack[22m | Storing File: res://tests/v1_closure/CaptureReview.gdc[39m[0m
[  97% ] [90m[1msavepack[22m | Storing File: res://tests/v1_closure/CollectibleRuntime.gdc[39m[0m
[  97% ] [90m[1msavepack[22m | Storing File: res://tests/v1_closure/CombatActivation.gdc[39m[0m
[  97% ] [90m[1msavepack[22m | Storing File: res://tests/v1_closure/ShippingRosterPath.gdc[39m[0m
[  97% ] [90m[1msavepack[22m | Storing File: res://tests/v4/V4DualFormRosterGates.gdc[39m[0m
[  97% ] [90m[1msavepack[22m | Storing File: res://tests/vxp2/vxp2_structural_asserts.gdc[39m[0m
[  97% ] [90m[1msavepack[22m | Storing File: res://tests/vxp22_hf/HfCombatClosureHarness.gdc[39m[0m
[  97% ] [90m[1msavepack[22m | Storing File: res://tests/vxp22_hf/HfCpuStub.gdc[39m[0m
[  97% ] [90m[1msavepack[22m | Storing File: res://tests/vxp23_ms/MatchSettingsHarness.gdc[39m[0m
[  97% ] [90m[1msavepack[22m | Storing File: res://tests/accept_character_review.gdc[39m[0m
[  97% ] [90m[1msavepack[22m | Storing File: res://tests/accept_match_loop.gdc[39m[0m
[  97% ] [90m[1msavepack[22m | Storing File: res://tests/accept_visible_match.gdc[39m[0m
[  97% ] [90m[1msavepack[22m | Storing File: res://tests/batch_match_harness_runner.gdc[39m[0m
[  97% ] [90m[1msavepack[22m | Storing File: res://tests/battle_scene_cpu_eval_runner.gdc[39m[0m
[  97% ] [90m[1msavepack[22m | Storing File: res://tests/input_persistence_test.gdc[39m[0m
[  97% ] [90m[1msavepack[22m | Storing File: res://tests/rc003_visual_capture.gdc[39m[0m
[  97% ] [90m[1msavepack[22m | Storing File: res://tests/rc_validation_runner.gdc[39m[0m
[  98% ] [90m[1msavepack[22m | Storing File: res://tests/regression_menu_input_back.gdc[39m[0m
[  98% ] [90m[1msavepack[22m | Storing File: res://tests/regression_preview_cycle.gdc[39m[0m
[  98% ] [90m[1msavepack[22m | Storing File: res://tests/smoke_anime_alpha_exit.gdc[39m[0m
[  98% ] [90m[1msavepack[22m | Storing File: res://tests/smoke_anime_beta_content.gdc[39m[0m
[  98% ] [90m[1msavepack[22m | Storing File: res://tests/smoke_anime_digital_rc.gdc[39m[0m
[  98% ] [90m[1msavepack[22m | Storing File: res://tests/smoke_assert.gdc[39m[0m
[  98% ] [90m[1msavepack[22m | Storing File: res://tests/smoke_battle_scene.gdc[39m[0m
[  98% ] [90m[1msavepack[22m | Storing File: res://tests/smoke_boot.gdc[39m[0m
[  98% ] [90m[1msavepack[22m | Storing File: res://tests/smoke_combat_depth.gdc[39m[0m
[  98% ] [90m[1msavepack[22m | Storing File: res://tests/smoke_data_load.gdc[39m[0m
[  98% ] [90m[1msavepack[22m | Storing File: res://tests/smoke_device_a11y_telemetry.gdc[39m[0m
[  98% ] [90m[1msavepack[22m | Storing File: res://tests/smoke_fighter_scene.gdc[39m[0m
[  98% ] [90m[1msavepack[22m | Storing File: res://tests/smoke_game_rc_achievements.gdc[39m[0m
[  98% ] [90m[1msavepack[22m | Storing File: res://tests/smoke_match_loop.gdc[39m[0m
[  98% ] [90m[1msavepack[22m | Storing File: res://tests/smoke_release_mode.gdc[39m[0m
[  98% ] [90m[1msavepack[22m | Storing File: res://tests/smoke_runner.gdc[39m[0m
[  98% ] [90m[1msavepack[22m | Storing File: res://tests/smoke_stylized_fighters.gdc[39m[0m
[  98% ] [90m[1msavepack[22m | Storing File: res://tests/smoke_training_scene.gdc[39m[0m
[  98% ] [90m[1msavepack[22m | Storing File: res://tests/smoke_wave_d2_alpha_exit.gdc[39m[0m
[  98% ] [90m[1msavepack[22m | Storing File: res://tests/smoke_wave_d_alpha.gdc[39m[0m
[  98% ] [90m[1msavepack[22m | Storing File: res://tests/v16_slice_check.gdc[39m[0m
[  98% ] [90m[1msavepack[22m | Storing File: res://.godot/imported/export_icon.png-1ea7f33251e7cad9eaacc509a6f630a8.ctex[39m[0m
[  98% ] [90m[1msavepack[22m | Storing File: res://export_icon.png.import[39m[0m
[  98% ] [90m[1msavepack[22m | Storing File: res://.godot/imported/icon.png-487276ed1e3a0c39cad0279d744ee560.ctex[39m[0m
[  98% ] [90m[1msavepack[22m | Storing File: res://icon.png.import[39m[0m
[  98% ] [90m[1msavepack[22m | Storing File: res://.godot/imported/icon.svg-218a8f2b3041327d8a5756f3a245f83b.ctex[39m[0m
[  98% ] [90m[1msavepack[22m | Storing File: res://icon.svg.import[39m[0m
[  98% ] [90m[1msavepack[22m | Storing File: res://assets/placeholder/aa_theme.tres.remap[39m[0m
[  98% ] [90m[1msavepack[22m | Storing File: res://assets/ui/themes/aa_vxp2_theme.tres.remap[39m[0m
[  98% ] [90m[1msavepack[22m | Storing File: res://scenes/battle/BattleScene.tscn.remap[39m[0m
[  98% ] [90m[1msavepack[22m | Storing File: res://scenes/boot/BootScene.tscn.remap[39m[0m
[  98% ] [90m[1msavepack[22m | Storing File: res://scenes/combat/Projectile2D.tscn.remap[39m[0m
[  98% ] [90m[1msavepack[22m | Storing File: res://scenes/fighters/Fighter.tscn.remap[39m[0m
[  98% ] [90m[1msavepack[22m | Storing File: res://scenes/labs/AnimationLab.tscn.remap[39m[0m
[  98% ] [90m[1msavepack[22m | Storing File: res://scenes/labs/FullRosterArtReviewScene.tscn.remap[39m[0m
[  98% ] [90m[1msavepack[22m | Storing File: res://scenes/labs/LaunchFeedbackReviewScene.tscn.remap[39m[0m
[  98% ] [90m[1msavepack[22m | Storing File: res://scenes/labs/MotionContributionLab.tscn.remap[39m[0m
[  98% ] [90m[1msavepack[22m | Storing File: res://scenes/labs/MotionReviewLab.tscn.remap[39m[0m
[  98% ] [90m[1msavepack[22m | Storing File: res://scenes/labs/RosterArtLab.tscn.remap[39m[0m
[  98% ] [90m[1msavepack[22m | Storing File: res://scenes/labs/SelectionReviewScene.tscn.remap[39m[0m
[  98% ] [90m[1msavepack[22m | Storing File: res://scenes/menus/AchievementsScene.tscn.remap[39m[0m
[  98% ] [90m[1msavepack[22m | Storing File: res://scenes/menus/ArcadeScene.tscn.remap[39m[0m
[  98% ] [90m[1msavepack[22m | Storing File: res://scenes/menus/BuildInfoScene.tscn.remap[39m[0m
[  98% ] [90m[1msavepack[22m | Storing File: res://scenes/menus/ChallengesScene.tscn.remap[39m[0m
[  98% ] [90m[1msavepack[22m | Storing File: res://scenes/menus/ControlsScene.tscn.remap[39m[0m
[  98% ] [90m[1msavepack[22m | Storing File: res://scenes/menus/CreditsScene.tscn.remap[39m[0m
[  98% ] [90m[1msavepack[22m | Storing File: res://scenes/menus/FighterSelectScene.tscn.remap[39m[0m
[  98% ] [90m[1msavepack[22m | Storing File: res://scenes/menus/HazardsScene.tscn.remap[39m[0m
[  98% ] [90m[1msavepack[22m | Storing File: res://scenes/menus/LabsScene.tscn.remap[39m[0m
[  98% ] [90m[1msavepack[22m | Storing File: res://scenes/menus/MainMenuScene.tscn.remap[39m[0m
[  98% ] [90m[1msavepack[22m | Storing File: res://scenes/menus/MobilePlaytestScene.tscn.remap[39m[0m
[  98% ] [90m[1msavepack[22m | Storing File: res://scenes/menus/ModeSelectScene.tscn.remap[39m[0m
[  98% ] [90m[1msavepack[22m | Storing File: res://scenes/menus/OnlineHubScene.tscn.remap[39m[0m
[  98% ] [90m[1msavepack[22m | Storing File: res://scenes/menus/OnlinePrivateScene.tscn.remap[39m[0m
[  98% ] [90m[1msavepack[22m | Storing File: res://scenes/menus/RulesetScene.tscn.remap[39m[0m
[  98% ] [90m[1msavepack[22m | Storing File: res://scenes/menus/SettingsScene.tscn.remap[39m[0m
[  98% ] [90m[1msavepack[22m | Storing File: res://scenes/menus/StageSelectScene.tscn.remap[39m[0m
[  98% ] [90m[1msavepack[22m | Storing File: res://scenes/menus/StoryCampaignScene.tscn.remap[39m[0m
[  98% ] [90m[1msavepack[22m | Storing File: res://scenes/menus/TeamScene.tscn.remap[39m[0m
[  98% ] [90m[1msavepack[22m | Storing File: res://scenes/menus/TournamentScene.tscn.remap[39m[0m
[  98% ] [90m[1msavepack[22m | Storing File: res://scenes/menus/TrainingScene.tscn.remap[39m[0m
[  98% ] [90m[1msavepack[22m | Storing File: res://scenes/menus/TutorialScene.tscn.remap[39m[0m
[  98% ] [90m[1msavepack[22m | Storing File: res://scenes/menus/VersusScene.tscn.remap[39m[0m
[  98% ] [90m[1msavepack[22m | Storing File: res://scenes/training/TrainingBattleScene.tscn.remap[39m[0m
[  98% ] [90m[1msavepack[22m | Storing File: res://scenes/training/TrainingMenuScene.tscn.remap[39m[0m
[  98% ] [90m[1msavepack[22m | Storing File: res://scenes/training/TutorialBattleScene.tscn.remap[39m[0m
[  98% ] [90m[1msavepack[22m | Storing File: res://scenes/ui/CrashRecoveryScene.tscn.remap[39m[0m
[  98% ] [90m[1msavepack[22m | Storing File: res://scenes/ui/DebugHud.tscn.remap[39m[0m
[  98% ] [90m[1msavepack[22m | Storing File: res://scenes/ui/FighterTile.tscn.remap[39m[0m
[  98% ] [90m[1msavepack[22m | Storing File: res://scenes/ui/PauseMenuScene.tscn.remap[39m[0m
[  98% ] [90m[1msavepack[22m | Storing File: res://scenes/ui/ResultsScene.tscn.remap[39m[0m
[  98% ] [90m[1msavepack[22m | Storing File: res://scenes/ui/StageTile.tscn.remap[39m[0m
[  98% ] [90m[1msavepack[22m | Storing File: res://scenes/ui/TouchControlsOverlay.tscn.remap[39m[0m
[  98% ] [90m[1msavepack[22m | Storing File: res://scripts/audio/announcer_voice_provider.gd.remap[39m[0m
[  98% ] [90m[1msavepack[22m | Storing File: res://scripts/audio/AudioDirector.gd.remap[39m[0m
[  98% ] [90m[1msavepack[22m | Storing File: res://scripts/audio/combat_sfx_resolver.gd.remap[39m[0m
[  98% ] [90m[1msavepack[22m | Storing File: res://scripts/audio/fighter_announcer.gd.remap[39m[0m
[  98% ] [90m[1msavepack[22m | Storing File: res://scripts/audio/procedural_audio_bank.gd.remap[39m[0m
[  98% ] [90m[1msavepack[22m | Storing File: res://scripts/audio/v1_candidate_sfx.gd.remap[39m[0m
[  98% ] [90m[1msavepack[22m | Storing File: res://scripts/battle/batch_match_harness.gd.remap[39m[0m
[  98% ] [90m[1msavepack[22m | Storing File: res://scripts/battle/battle_camera_controller.gd.remap[39m[0m
[  98% ] [90m[1msavepack[22m | Storing File: res://scripts/battle/battle_scene.gd.remap[39m[0m
[  98% ] [90m[1msavepack[22m | Storing File: res://scripts/battle/battle_scene_cpu_eval.gd.remap[39m[0m
[  98% ] [90m[1msavepack[22m | Storing File: res://scripts/battle/battle_sim.gd.remap[39m[0m
[  98% ] [90m[1msavepack[22m | Storing File: res://scripts/battle/hazard_item_runtime.gd.remap[39m[0m
[  98% ] [90m[1msavepack[22m | Storing File: res://scripts/battle/stage_procedural_builder.gd.remap[39m[0m
[  98% ] [90m[1msavepack[22m | Storing File: res://scripts/combat/aura_identity.gd.remap[39m[0m
[  98% ] [90m[1msavepack[22m | Storing File: res://scripts/combat/aura_scaler.gd.remap[39m[0m
[  98% ] [90m[1msavepack[22m | Storing File: res://scripts/combat/aura_special_runtime.gd.remap[39m[0m
[  98% ] [90m[1msavepack[22m | Storing File: res://scripts/combat/aura_tier_contract.gd.remap[39m[0m
[  98% ] [90m[1msavepack[22m | Storing File: res://scripts/combat/combat_feedback.gd.remap[39m[0m
[  98% ] [90m[1msavepack[22m | Storing File: res://scripts/combat/combat_math.gd.remap[39m[0m
[  98% ] [90m[1msavepack[22m | Storing File: res://scripts/combat/combat_space_contract.gd.remap[39m[0m
[  98% ] [90m[1msavepack[22m | Storing File: res://scripts/combat/competitive_rules.gd.remap[39m[0m
[  98% ] [90m[1msavepack[22m | Storing File: res://scripts/combat/critical_launch_predictor.gd.remap[39m[0m
[  98% ] [90m[1msavepack[22m | Storing File: res://scripts/combat/directional_hit_reaction.gd.remap[39m[0m
[  98% ] [90m[1msavepack[22m | Storing File: res://scripts/combat/fighter_definition.gd.remap[39m[0m
[  98% ] [90m[1msavepack[22m | Storing File: res://scripts/combat/fighter_facing_contract.gd.remap[39m[0m
[  98% ] [90m[1msavepack[22m | Storing File: res://scripts/combat/form_definition.gd.remap[39m[0m
[  98% ] [90m[1msavepack[22m | Storing File: res://scripts/combat/frame_data_table.gd.remap[39m[0m
[  98% ] [90m[1msavepack[22m | Storing File: res://scripts/combat/hit_resolver.gd.remap[39m[0m
[  98% ] [90m[1msavepack[22m | Storing File: res://scripts/combat/move_content_catalog.gd.remap[39m[0m
[  98% ] [90m[1msavepack[22m | Storing File: res://scripts/combat/move_execution_harness.gd.remap[39m[0m
[  98% ] [90m[1msavepack[22m | Storing File: res://scripts/combat/move_runner.gd.remap[39m[0m
[  98% ] [90m[1msavepack[22m | Storing File: res://scripts/combat/projectile.gd.remap[39m[0m
[  98% ] [90m[1msavepack[22m | Storing File: res://scripts/combat/projectile_spawner.gd.remap[39m[0m
[  98% ] [90m[1msavepack[22m | Storing File: res://scripts/combat/throw_resolver.gd.remap[39m[0m
[  98% ] [90m[1msavepack[22m | Storing File: res://scripts/combat/transform_pipeline.gd.remap[39m[0m
[  98% ] [90m[1msavepack[22m | Storing File: res://scripts/core/AchievementRuntime.gd.remap[39m[0m
[  98% ] [90m[1msavepack[22m | Storing File: res://scripts/core/boot_scene.gd.remap[39m[0m
[  98% ] [90m[1msavepack[22m | Storing File: res://scripts/core/build_identity.gd.remap[39m[0m
[  98% ] [90m[1msavepack[22m | Storing File: res://scripts/core/content_integrity.gd.remap[39m[0m
[  98% ] [90m[1msavepack[22m | Storing File: res://scripts/core/DeviceRoleRuntime.gd.remap[39m[0m
[  98% ] [90m[1msavepack[22m | Storing File: res://scripts/core/GameState.gd.remap[39m[0m
[  98% ] [90m[1msavepack[22m | Storing File: res://scripts/core/MatchTelemetry.gd.remap[39m[0m
[  98% ] [90m[1msavepack[22m | Storing File: res://scripts/core/NavigationAuthority.gd.remap[39m[0m
[  98% ] [90m[1msavepack[22m | Storing File: res://scripts/core/SceneRouter.gd.remap[39m[0m
[  98% ] [90m[1msavepack[22m | Storing File: res://scripts/cross_device/CrossDeviceContractProvider.gd.remap[39m[0m
[  98% ] [90m[1msavepack[22m | Storing File: res://scripts/cross_device/cross_device_contract_runner.gd.remap[39m[0m
[  98% ] [90m[1msavepack[22m | Storing File: res://scripts/data/body_variant.gd.remap[39m[0m
[  98% ] [90m[1msavepack[22m | Storing File: res://scripts/data/data_loader.gd.remap[39m[0m
[  98% ] [90m[1msavepack[22m | Storing File: res://scripts/debug/debug_hud.gd.remap[39m[0m
[  98% ] [90m[1msavepack[22m | Storing File: res://scripts/diagnostics/runtime_flight_recorder.gd.remap[39m[0m
[  98% ] [90m[1msavepack[22m | Storing File: res://scripts/diagnostics/wave018_visibility_telemetry.gd.remap[39m[0m
[  98% ] [90m[1msavepack[22m | Storing File: res://scripts/fighters/cpu_controller.gd.remap[39m[0m
[  98% ] [90m[1msavepack[22m | Storing File: res://scripts/fighters/fighter.gd.remap[39m[0m
[  98% ] [90m[1msavepack[22m | Storing File: res://scripts/fighters/fighter_animator.gd.remap[39m[0m
[  98% ] [90m[1msavepack[22m | Storing File: res://scripts/fighters/fighter_character_life.gd.remap[39m[0m
[  98% ] [90m[1msavepack[22m | Storing File: res://scripts/fighters/fighter_model_3d.gd.remap[39m[0m
[  98% ] [90m[1msavepack[22m | Storing File: res://scripts/fighters/fighter_presentation_profile.gd.remap[39m[0m
[  98% ] [90m[1msavepack[22m | Storing File: res://scripts/fighters/fighter_states.gd.remap[39m[0m
[  98% ] [90m[1msavepack[22m | Storing File: res://scripts/fighters/fighter_state_machine.gd.remap[39m[0m
[  98% ] [90m[1msavepack[22m | Storing File: res://scripts/fighters/stylized_fighter_builder.gd.remap[39m[0m
[  98% ] [90m[1msavepack[22m | Storing File: res://scripts/input/controller_watchdog.gd.remap[39m[0m
[  98% ] [90m[1msavepack[22m | Storing File: res://scripts/input/InputPersistenceService.gd.remap[39m[0m
[  98% ] [90m[1msavepack[22m | Storing File: res://scripts/input/touch_controls_overlay.gd.remap[39m[0m
[  98% ] [90m[1msavepack[22m | Storing File: res://scripts/input/touch_input_manager.gd.remap[39m[0m
[  98% ] [90m[1msavepack[22m | Storing File: res://scripts/juice/juice_event_bus.gd.remap[39m[0m
[  98% ] [90m[1msavepack[22m | Storing File: res://scripts/labs/animation_lab.gd.remap[39m[0m
[  98% ] [90m[1msavepack[22m | Storing File: res://scripts/labs/full_roster_art_review_scene.gd.remap[39m[0m
[  98% ] [90m[1msavepack[22m | Storing File: res://scripts/labs/launch_feedback_review_scene.gd.remap[39m[0m
[  98% ] [90m[1msavepack[22m | Storing File: res://scripts/labs/roster_art_lab.gd.remap[39m[0m
[  98% ] [90m[1msavepack[22m | Storing File: res://scripts/labs/selection_review_scene.gd.remap[39m[0m
[  98% ] [90m[1msavepack[22m | Storing File: res://scripts/menus/achievements_scene.gd.remap[39m[0m
[  98% ] [90m[1msavepack[22m | Storing File: res://scripts/menus/arcade_scene.gd.remap[39m[0m
[  98% ] [90m[1msavepack[22m | Storing File: res://scripts/menus/build_info_scene.gd.remap[39m[0m
[  98% ] [90m[1msavepack[22m | Storing File: res://scripts/menus/challenges_scene.gd.remap[39m[0m
[  98% ] [90m[1msavepack[22m | Storing File: res://scripts/menus/character_select_framing.gd.remap[39m[0m
[  98% ] [90m[1msavepack[22m | Storing File: res://scripts/menus/character_select_showcase_flourish.gd.remap[39m[0m
[  98% ] [90m[1msavepack[22m | Storing File: res://scripts/menus/controls_scene.gd.remap[39m[0m
[  98% ] [90m[1msavepack[22m | Storing File: res://scripts/menus/credits_scene.gd.remap[39m[0m
[  98% ] [90m[1msavepack[22m | Storing File: res://scripts/menus/fighter_select_scene.gd.remap[39m[0m
[  98% ] [90m[1msavepack[22m | Storing File: res://scripts/menus/hazards_scene.gd.remap[39m[0m
[  98% ] [90m[1msavepack[22m | Storing File: res://scripts/menus/labs_scene.gd.remap[39m[0m
[  98% ] [90m[1msavepack[22m | Storing File: res://scripts/menus/main_menu_scene.gd.remap[39m[0m
[  98% ] [90m[1msavepack[22m | Storing File: res://scripts/menus/mobile_playtest_scene.gd.remap[39m[0m
[  98% ] [90m[1msavepack[22m | Storing File: res://scripts/menus/mode_select_scene.gd.remap[39m[0m
[  98% ] [90m[1msavepack[22m | Storing File: res://scripts/menus/online_hub_scene.gd.remap[39m[0m
[  98% ] [90m[1msavepack[22m | Storing File: res://scripts/menus/online_private_scene.gd.remap[39m[0m
[  98% ] [90m[1msavepack[22m | Storing File: res://scripts/menus/ruleset_scene.gd.remap[39m[0m
[  98% ] [90m[1msavepack[22m | Storing File: res://scripts/menus/settings_scene.gd.remap[39m[0m
[  98% ] [90m[1msavepack[22m | Storing File: res://scripts/menus/stage_select_scene.gd.remap[39m[0m
[  98% ] [90m[1msavepack[22m | Storing File: res://scripts/menus/story_campaign_scene.gd.remap[39m[0m
[  98% ] [90m[1msavepack[22m | Storing File: res://scripts/menus/team_scene.gd.remap[39m[0m
[  98% ] [90m[1msavepack[22m | Storing File: res://scripts/menus/tournament_scene.gd.remap[39m[0m
[  98% ] [90m[1msavepack[22m | Storing File: res://scripts/menus/training_scene.gd.remap[39m[0m
[  98% ] [90m[1msavepack[22m | Storing File: res://scripts/menus/tutorial_scene.gd.remap[39m[0m
[  98% ] [90m[1msavepack[22m | Storing File: res://scripts/menus/versus_scene.gd.remap[39m[0m
[  98% ] [90m[1msavepack[22m | Storing File: res://scripts/menus/wave020_presentation_gates.gd.remap[39m[0m
[  98% ] [90m[1msavepack[22m | Storing File: res://scripts/motion/motion_contribution_service.gd.remap[39m[0m
[  98% ] [90m[1msavepack[22m | Storing File: res://scripts/motion/motion_review_service.gd.remap[39m[0m
[  98% ] [90m[1msavepack[22m | Storing File: res://scripts/net/anti_tamper.gd.remap[39m[0m
[  98% ] [90m[1msavepack[22m | Storing File: res://scripts/net/disconnect_policy.gd.remap[39m[0m
[  98% ] [90m[1msavepack[22m | Storing File: res://scripts/net/matchmaking_dev.gd.remap[39m[0m
[  98% ] [90m[1msavepack[22m | Storing File: res://scripts/net/network_sim.gd.remap[39m[0m
[  98% ] [90m[1msavepack[22m | Storing File: res://scripts/net/online_matchmaking_architecture.gd.remap[39m[0m
[  98% ] [90m[1msavepack[22m | Storing File: res://scripts/net/online_protocol.gd.remap[39m[0m
[  98% ] [90m[1msavepack[22m | Storing File: res://scripts/net/partylink_variant_allocator.gd.remap[39m[0m
[  98% ] [90m[1msavepack[22m | Storing File: res://scripts/net/private_netplay_stack.gd.remap[39m[0m
[  98% ] [90m[1msavepack[22m | Storing File: res://scripts/net/replay_store.gd.remap[39m[0m
[  98% ] [90m[1msavepack[22m | Storing File: res://scripts/net/rollback_latency_policy.gd.remap[39m[0m
[  98% ] [90m[1msavepack[22m | Storing File: res://scripts/net/rollback_session_gd.gd.remap[39m[0m
[  98% ] [90m[1msavepack[22m | Storing File: res://scripts/net/session_state.gd.remap[39m[0m
[  98% ] [90m[1msavepack[22m | Storing File: res://scripts/net/tournament_rooms.gd.remap[39m[0m
[  98% ] [90m[1msavepack[22m | Storing File: res://scripts/platform/ConsolePlatformBridge.gd.remap[39m[0m
[  98% ] [90m[1msavepack[22m | Storing File: res://scripts/platform/PlatformServices.gd.remap[39m[0m
[  98% ] [90m[1msavepack[22m | Storing File: res://scripts/rc/production_gate_harness.gd.remap[39m[0m
[  98% ] [90m[1msavepack[22m | Storing File: res://scripts/rc/wave015_battlescene_stability_harness.gd.remap[39m[0m
[  98% ] [90m[1msavepack[22m | Storing File: res://scripts/rc/wave015_crash_census_harness.gd.remap[39m[0m
[  98% ] [90m[1msavepack[22m | Storing File: res://scripts/rc/wave015_physical_harness.gd.remap[39m[0m
[  98% ] [90m[1msavepack[22m | Storing File: res://scripts/rc/wave016_pixel_capture_harness.gd.remap[39m[0m
[  98% ] [90m[1msavepack[22m | Storing File: res://scripts/rc/wave017_pixel_closeout_harness.gd.remap[39m[0m
[  98% ] [90m[1msavepack[22m | Storing File: res://scripts/rc/wave020_cp2_pixel_physical_harness.gd.remap[39m[0m
[  98% ] [90m[1msavepack[22m | Storing File: res://scripts/story/green_between_campaign.gd.remap[39m[0m
[  98% ] [90m[1msavepack[22m | Storing File: res://scripts/story/v1_campaign_runtime.gd.remap[39m[0m
[  98% ] [90m[1msavepack[22m | Storing File: res://scripts/training/move_browser.gd.remap[39m[0m
[  98% ] [90m[1msavepack[22m | Storing File: res://scripts/training/training_battle_scene.gd.remap[39m[0m
[  98% ] [90m[1msavepack[22m | Storing File: res://scripts/training/training_menu_scene.gd.remap[39m[0m
[  98% ] [90m[1msavepack[22m | Storing File: res://scripts/training/tutorial_battle_scene.gd.remap[39m[0m
[  98% ] [90m[1msavepack[22m | Storing File: res://scripts/ui/achievement_toast.gd.remap[39m[0m
[  98% ] [90m[1msavepack[22m | Storing File: res://scripts/ui/battle_hud_panel.gd.remap[39m[0m
[  98% ] [90m[1msavepack[22m | Storing File: res://scripts/ui/build_watermark.gd.remap[39m[0m
[  98% ] [90m[1msavepack[22m | Storing File: res://scripts/ui/console_menu_base.gd.remap[39m[0m
[  98% ] [90m[1msavepack[22m | Storing File: res://scripts/ui/crash_recovery_scene.gd.remap[39m[0m
[  98% ] [90m[1msavepack[22m | Storing File: res://scripts/ui/fighter_card_portrait.gd.remap[39m[0m
[  98% ] [90m[1msavepack[22m | Storing File: res://scripts/ui/fighter_silhouette_card.gd.remap[39m[0m
[  98% ] [90m[1msavepack[22m | Storing File: res://scripts/ui/input_glyph_presenter.gd.remap[39m[0m
[  98% ] [90m[1msavepack[22m | Storing File: res://scripts/ui/lockin_name_callout.gd.remap[39m[0m
[  98% ] [90m[1msavepack[22m | Storing File: res://scripts/ui/move_list_catalog.gd.remap[39m[0m
[  98% ] [90m[1msavepack[22m | Storing File: res://scripts/ui/move_list_panel.gd.remap[39m[0m
[  98% ] [90m[1msavepack[22m | Storing File: res://scripts/ui/pause_menu_scene.gd.remap[39m[0m
[  98% ] [90m[1msavepack[22m | Storing File: res://scripts/ui/results_scene.gd.remap[39m[0m
[  98% ] [90m[1msavepack[22m | Storing File: res://scripts/visual/animation_event_bridge.gd.remap[39m[0m
[  98% ] [90m[1msavepack[22m | Storing File: res://scripts/visual/art_direction_contract.gd.remap[39m[0m
[  98% ] [90m[1msavepack[22m | Storing File: res://scripts/visual/art_source_review_overlay.gd.remap[39m[0m
[  98% ] [90m[1msavepack[22m | Storing File: res://scripts/visual/critical_launch_cue.gd.remap[39m[0m
[  98% ] [90m[1msavepack[22m | Storing File: res://scripts/visual/elemental_material_contract.gd.remap[39m[0m
[  98% ] [90m[1msavepack[22m | Storing File: res://scripts/visual/elemental_particle_library.gd.remap[39m[0m
[  98% ] [90m[1msavepack[22m | Storing File: res://scripts/visual/elemental_vfx_family.gd.remap[39m[0m
[  98% ] [90m[1msavepack[22m | Storing File: res://scripts/visual/fighter_animation_controller.gd.remap[39m[0m
[  98% ] [90m[1msavepack[22m | Storing File: res://scripts/visual/fighter_asset_resolver.gd.remap[39m[0m
[  98% ] [90m[1msavepack[22m | Storing File: res://scripts/visual/fighter_material_controller.gd.remap[39m[0m
[  98% ] [90m[1msavepack[22m | Storing File: res://scripts/visual/fighter_presentation_cache.gd.remap[39m[0m
[  98% ] [90m[1msavepack[22m | Storing File: res://scripts/visual/geometry_auto_fit.gd.remap[39m[0m
[  98% ] [90m[1msavepack[22m | Storing File: res://scripts/visual/launch_trail_system.gd.remap[39m[0m
[  98% ] [90m[1msavepack[22m | Storing File: res://scripts/visual/move_vfx_director.gd.remap[39m[0m
[  98% ] [90m[1msavepack[22m | Storing File: res://scripts/visual/presentation_context.gd.remap[39m[0m
[  98% ] [90m[1msavepack[22m | Storing File: res://scripts/visual/procedural_bone_map.gd.remap[39m[0m
[  98% ] [90m[1msavepack[22m | Storing File: res://scripts/visual/runtime_move_resolver.gd.remap[39m[0m
[  98% ] [90m[1msavepack[22m | Storing File: res://scripts/visual/signature_move_presentation.gd.remap[39m[0m
[  98% ] [90m[1msavepack[22m | Storing File: res://scripts/visual/signature_name_registry.gd.remap[39m[0m
[  98% ] [90m[1msavepack[22m | Storing File: res://scripts/visual/v16_art_direction_body.gd.remap[39m[0m
[  98% ] [90m[1msavepack[22m | Storing File: res://scripts/vxp2/vxp2_accessibility_chrome.gd.remap[39m[0m
[  98% ] [90m[1msavepack[22m | Storing File: res://scripts/vxp2/vxp2_brand.gd.remap[39m[0m
[  98% ] [90m[1msavepack[22m | Storing File: res://scripts/vxp2/vxp2_capture_harness.gd.remap[39m[0m
[  98% ] [90m[1msavepack[22m | Storing File: res://scripts/vxp2/vxp2_glyph_strip.gd.remap[39m[0m
[  98% ] [90m[1msavepack[22m | Storing File: res://tests/art_pipeline/HeadlessVisibilityContract.gd.remap[39m[0m
[  98% ] [90m[1msavepack[22m | Storing File: res://tests/art_pipeline/RuntimeDiscoveryGeneric.gd.remap[39m[0m
[  98% ] [90m[1msavepack[22m | Storing File: res://tests/build_identity/test_build_identity.gd.remap[39m[0m
[  98% ] [90m[1msavepack[22m | Storing File: res://tests/combat_v3/WaveV3MoveContentCompletion.gd.remap[39m[0m
[  98% ] [90m[1msavepack[22m | Storing File: res://tests/elemental_specials/test_elemental_specials_structural.gd.remap[39m[0m
[  98% ] [90m[1msavepack[22m | Storing File: res://tests/engineering_wave011/Wave011BattleSceneE2E.gd.remap[39m[0m
[  98% ] [90m[1msavepack[22m | Storing File: res://tests/engineering_wave011/Wave011EvidenceCommon.gd.remap[39m[0m
[  98% ] [90m[1msavepack[22m | Storing File: res://tests/engineering_wave011/Wave011RosterRuntimeE2E.gd.remap[39m[0m
[  98% ] [90m[1msavepack[22m | Storing File: res://tests/engineering_wave011/Wave011RuntimeTest.gd.remap[39m[0m
[  98% ] [90m[1msavepack[22m | Storing File: res://tests/engineering_wave011/Wave011TrainingSceneE2E.gd.remap[39m[0m
[  98% ] [90m[1msavepack[22m | Storing File: res://tests/engineering_wave012/Wave012JuiceSmoke.gd.remap[39m[0m
[  98% ] [90m[1msavepack[22m | Storing File: res://tests/engineering_wave013b/Wave013bMotionSmoke.gd.remap[39m[0m
[  98% ] [90m[1msavepack[22m | Storing File: res://tests/engineering_wave014/Wave014BattleSceneVisualE2E.gd.remap[39m[0m
[  98% ] [90m[1msavepack[22m | Storing File: res://tests/engineering_wave014/Wave014ProceduralSmoke.gd.remap[39m[0m
[  98% ] [90m[1msavepack[22m | Storing File: res://tests/engineering_wave014/Wave014RuntimeRenders.gd.remap[39m[0m
[  98% ] [90m[1msavepack[22m | Storing File: res://tests/engineering_wave014/Wave014VisibleGameJuice.gd.remap[39m[0m
[  98% ] [90m[1msavepack[22m | Storing File: res://tests/engineering_wave014/Wave014VisibleSkeletalRuntime.gd.remap[39m[0m
[  98% ] [90m[1msavepack[22m | Storing File: res://tests/engineering_wave016/Wave016EmberProjectileRuntimeE2E.gd.remap[39m[0m
[  98% ] [90m[1msavepack[22m | Storing File: res://tests/engineering_wave016/Wave016GoldenSliceMoveE2E.gd.remap[39m[0m
[  98% ] [90m[1msavepack[22m | Storing File: res://tests/engineering_wave016/Wave016RealInputMoveE2E.gd.remap[39m[0m
[  98% ] [90m[1msavepack[22m | Storing File: res://tests/engineering_wave017/Wave017GhostLifecycle.gd.remap[39m[0m
[  98% ] [90m[1msavepack[22m | Storing File: res://tests/engineering_wave017/Wave017GoldenSliceVisual.gd.remap[39m[0m
[  98% ] [90m[1msavepack[22m | Storing File: res://tests/engineering_wave017/Wave017PlayerBuildDebugLabels.gd.remap[39m[0m
[  98% ] [90m[1msavepack[22m | Storing File: res://tests/engineering_wave018/Wave018BattleVisibilityInvariant.gd.remap[39m[0m
[  98% ] [90m[1msavepack[22m | Storing File: res://tests/engineering_wave018/Wave018SelectPreviewStress.gd.remap[39m[0m
[  98% ] [90m[1msavepack[22m | Storing File: res://tests/engineering_wave018/Wave018SelectToBattleVisibility.gd.remap[39m[0m
[  98% ] [90m[1msavepack[22m | Storing File: res://tests/engineering_wave019/Wave019MoveListCatalogGate.gd.remap[39m[0m
[  98% ] [90m[1msavepack[22m | Storing File: res://tests/engineering_wave020/Wave020BattleBodyDiagnostic.gd.remap[39m[0m
[  98% ] [90m[1msavepack[22m | Storing File: res://tests/engineering_wave020/Wave020ElementalAudio.gd.remap[39m[0m
[  98% ] [90m[1msavepack[22m | Storing File: res://tests/engineering_wave020/Wave020FighterSelectRestoreCaptures.gd.remap[39m[0m
[  98% ] [90m[1msavepack[22m | Storing File: res://tests/engineering_wave020/Wave020FinalScreenWitnessProbe.gd.remap[39m[0m
[  98% ] [90m[1msavepack[22m | Storing File: res://tests/engineering_wave020/Wave020MaterialPersistenceDiagnostic.gd.remap[39m[0m
[  98% ] [90m[1msavepack[22m | Storing File: res://tests/engineering_wave020/Wave020OwnerReg008Diagnostic.gd.remap[39m[0m
[  98% ] [90m[1msavepack[22m | Storing File: res://tests/engineering_wave020/Wave020OwnerReg009Diagnostic.gd.remap[39m[0m
[  98% ] [90m[1msavepack[22m | Storing File: res://tests/engineering_wave020/Wave020OwnerReg014015.gd.remap[39m[0m
[  98% ] [90m[1msavepack[22m | Storing File: res://tests/engineering_wave020/Wave020PauseLayoutDiagnostic.gd.remap[39m[0m
[  98% ] [90m[1msavepack[22m | Storing File: res://tests/engineering_wave020/Wave020PauseMoveList.gd.remap[39m[0m
[  98% ] [90m[1msavepack[22m | Storing File: res://tests/engineering_wave020/Wave020SelectFlourish.gd.remap[39m[0m
[  98% ] [90m[1msavepack[22m | Storing File: res://tests/engineering_wave020/Wave020SelectFraming.gd.remap[39m[0m
[  98% ] [90m[1msavepack[22m | Storing File: res://tests/engineering_wave020/Wave020SelectLifecycleDiagnostic.gd.remap[39m[0m
[  98% ] [90m[1msavepack[22m | Storing File: res://tests/engineering_wave020/Wave020SevenBrowseVisibility.gd.remap[39m[0m
[  98% ] [90m[1msavepack[22m | Storing File: res://tests/engineering_wave020/Wave020TransformIsolationDiagnostic.gd.remap[39m[0m
[  98% ] [90m[1msavepack[22m | Storing File: res://tests/engineering_wave020/Wave020VictoryDiagnostic.gd.remap[39m[0m
[  98% ] [90m[1msavepack[22m | Storing File: res://tests/engineering_wave020/Wave020VisibilityAcceptance.gd.remap[39m[0m
[  98% ] [90m[1msavepack[22m | Storing File: res://tests/engineering_wave020/Wave020VisibilityAdversarial.gd.remap[39m[0m
[  98% ] [90m[1msavepack[22m | Storing File: res://tests/engineering_wave021/Wave021AuraTierDiagnostic.gd.remap[39m[0m
[  98% ] [90m[1msavepack[22m | Storing File: res://tests/engineering_wave021/Wave021BattleScaleDiagnostic.gd.remap[39m[0m
[  98% ] [90m[1msavepack[22m | Storing File: res://tests/engineering_wave021/Wave021EmberAscensionDiagnostic.gd.remap[39m[0m
[  98% ] [90m[1msavepack[22m | Storing File: res://tests/engineering_wave021/Wave021FormArchitectureDiagnostic.gd.remap[39m[0m
[  98% ] [90m[1msavepack[22m | Storing File: res://tests/engineering_wave021/Wave021UIFeelDiagnostic.gd.remap[39m[0m
[  98% ] [90m[1msavepack[22m | Storing File: res://tests/engineering_wave022/Wave022BattleScaleDiagnostic.gd.remap[39m[0m
[  98% ] [90m[1msavepack[22m | Storing File: res://tests/engineering_wave022/Wave022FormArchitectureDiagnostic.gd.remap[39m[0m
[  98% ] [90m[1msavepack[22m | Storing File: res://tests/engineering_wave022/Wave022FullRosterAscensionDiagnostic.gd.remap[39m[0m
[  98% ] [90m[1msavepack[22m | Storing File: res://tests/engineering_wave022/Wave022RookAscensionDiagnostic.gd.remap[39m[0m
[  98% ] [90m[1msavepack[22m | Storing File: res://tests/engineering_wave022/Wave022UIFeelDiagnostic.gd.remap[39m[0m
[  98% ] [90m[1msavepack[22m | Storing File: res://tests/presentation/SelectCriticalLaunchHarness.gd.remap[39m[0m
[  98% ] [90m[1msavepack[22m | Storing File: res://tests/quality/GoldenVisualQAHarness.gd.remap[39m[0m
[  98% ] [90m[1msavepack[22m | Storing File: res://tests/quality/TasteGateModelVisibility.gd.remap[39m[0m
[  98% ] [90m[1msavepack[22m | Storing File: res://tests/story/KaiaGoldenSliceHeadless.gd.remap[39m[0m
[  98% ] [90m[1msavepack[22m | Storing File: res://tests/v1_closure/CampaignCheckpoint.gd.remap[39m[0m
[  98% ] [90m[1msavepack[22m | Storing File: res://tests/v1_closure/CaptureReview.gd.remap[39m[0m
[  98% ] [90m[1msavepack[22m | Storing File: res://tests/v1_closure/CollectibleRuntime.gd.remap[39m[0m
[  98% ] [90m[1msavepack[22m | Storing File: res://tests/v1_closure/CombatActivation.gd.remap[39m[0m
[  98% ] [90m[1msavepack[22m | Storing File: res://tests/v1_closure/ShippingRosterPath.gd.remap[39m[0m
[  98% ] [90m[1msavepack[22m | Storing File: res://tests/v4/V4DualFormRosterGates.gd.remap[39m[0m
[  98% ] [90m[1msavepack[22m | Storing File: res://tests/vxp2/vxp2_structural_asserts.gd.remap[39m[0m
[  98% ] [90m[1msavepack[22m | Storing File: res://tests/vxp22_hf/HfCombatClosureHarness.gd.remap[39m[0m
[  98% ] [90m[1msavepack[22m | Storing File: res://tests/vxp22_hf/HfCpuStub.gd.remap[39m[0m
[  98% ] [90m[1msavepack[22m | Storing File: res://tests/vxp23_ms/MatchSettingsHarness.gd.remap[39m[0m
[  98% ] [90m[1msavepack[22m | Storing File: res://tests/accept_character_review.gd.remap[39m[0m
[  98% ] [90m[1msavepack[22m | Storing File: res://tests/accept_match_loop.gd.remap[39m[0m
[  98% ] [90m[1msavepack[22m | Storing File: res://tests/accept_visible_match.gd.remap[39m[0m
[  98% ] [90m[1msavepack[22m | Storing File: res://tests/batch_match_harness_runner.gd.remap[39m[0m
[  98% ] [90m[1msavepack[22m | Storing File: res://tests/battle_scene_cpu_eval_runner.gd.remap[39m[0m
[  98% ] [90m[1msavepack[22m | Storing File: res://tests/input_persistence_test.gd.remap[39m[0m
[  98% ] [90m[1msavepack[22m | Storing File: res://tests/rc003_visual_capture.gd.remap[39m[0m
[  98% ] [90m[1msavepack[22m | Storing File: res://tests/rc_validation_runner.gd.remap[39m[0m
[  98% ] [90m[1msavepack[22m | Storing File: res://tests/regression_menu_input_back.gd.remap[39m[0m
[  98% ] [90m[1msavepack[22m | Storing File: res://tests/regression_preview_cycle.gd.remap[39m[0m
[  98% ] [90m[1msavepack[22m | Storing File: res://tests/smoke_anime_alpha_exit.gd.remap[39m[0m
[  98% ] [90m[1msavepack[22m | Storing File: res://tests/smoke_anime_beta_content.gd.remap[39m[0m
[  98% ] [90m[1msavepack[22m | Storing File: res://tests/smoke_anime_digital_rc.gd.remap[39m[0m
[  98% ] [90m[1msavepack[22m | Storing File: res://tests/smoke_assert.gd.remap[39m[0m
[  98% ] [90m[1msavepack[22m | Storing File: res://tests/smoke_battle_scene.gd.remap[39m[0m
[  98% ] [90m[1msavepack[22m | Storing File: res://tests/smoke_boot.gd.remap[39m[0m
[  98% ] [90m[1msavepack[22m | Storing File: res://tests/smoke_combat_depth.gd.remap[39m[0m
[  98% ] [90m[1msavepack[22m | Storing File: res://tests/smoke_data_load.gd.remap[39m[0m
[  98% ] [90m[1msavepack[22m | Storing File: res://tests/smoke_device_a11y_telemetry.gd.remap[39m[0m
[  98% ] [90m[1msavepack[22m | Storing File: res://tests/smoke_fighter_scene.gd.remap[39m[0m
[  98% ] [90m[1msavepack[22m | Storing File: res://tests/smoke_game_rc_achievements.gd.remap[39m[0m
[  98% ] [90m[1msavepack[22m | Storing File: res://tests/smoke_match_loop.gd.remap[39m[0m
[  98% ] [90m[1msavepack[22m | Storing File: res://tests/smoke_release_mode.gd.remap[39m[0m
[  98% ] [90m[1msavepack[22m | Storing File: res://tests/smoke_runner.gd.remap[39m[0m
[  98% ] [90m[1msavepack[22m | Storing File: res://tests/smoke_stylized_fighters.gd.remap[39m[0m
[  98% ] [90m[1msavepack[22m | Storing File: res://tests/smoke_training_scene.gd.remap[39m[0m
[  98% ] [90m[1msavepack[22m | Storing File: res://tests/smoke_wave_d2_alpha_exit.gd.remap[39m[0m
[  98% ] [90m[1msavepack[22m | Storing File: res://tests/smoke_wave_d_alpha.gd.remap[39m[0m
[  98% ] [90m[1msavepack[22m | Storing File: res://tests/v16_slice_check.gd.remap[39m[0m
[  98% ] [90m[1msavepack[22m | Storing File: res://.godot/global_script_class_cache.cfg[39m[0m
[  98% ] [90m[1msavepack[22m | Storing File: res://icon.svg[39m[0m
[  98% ] [90m[1msavepack[22m | Storing File: res://assets/branding/splash-icon.png[39m[0m
[  98% ] [90m[1msavepack[22m | Storing File: res://.godot/uid_cache.bin[39m[0m
[  98% ] [90m[1msavepack[22m | Storing File: res://project.binary[39m[0m
[92m[ DONE ][39m [1msavepack[22m
[0m
cannot connect to daemon at tcp:5037: Operation not permitted
ERROR: Cannot save file '/Users/gunnchos/Library/Application Support/Godot/editor_settings-4.7.tres'.
   at: save (scene/resources/resource_format_text.cpp:1768)
ERROR: Error saving editor settings to /Users/gunnchos/Library/Application Support/Godot/editor_settings-4.7.tres
   at: save (editor/settings/editor_settings.cpp:1525)
