ERROR: SMOKE FAIL: Debug HUD must be gated by OS.is_debug_build()
   at: push_error (core/variant/variant_utility.cpp:1023)
   GDScript backtrace (most recent call first):
       [0] ok (res://tests/smoke_assert.gd:12)
       [1] run (res://tests/smoke_release_mode.gd:11)
       [2] _invoke (res://tests/smoke_runner.gd:38)
       [3] _run_all (res://tests/smoke_runner.gd:57)
ERROR: SMOKE FAIL: ember-vale final modelPath
   at: push_error (core/variant/variant_utility.cpp:1023)
   GDScript backtrace (most recent call first):
       [0] ok (res://tests/smoke_assert.gd:12)
       [1] run (res://tests/smoke_anime_beta_content.gd:75)
       [2] _invoke (res://tests/smoke_runner.gd:38)
       [3] _run_all (res://tests/smoke_runner.gd:57)
ERROR: SMOKE FAIL: rook-ironside final modelPath
   at: push_error (core/variant/variant_utility.cpp:1023)
   GDScript backtrace (most recent call first):
       [0] ok (res://tests/smoke_assert.gd:12)
       [1] run (res://tests/smoke_anime_beta_content.gd:75)
       [2] _invoke (res://tests/smoke_runner.gd:38)
       [3] _run_all (res://tests/smoke_runner.gd:57)
ERROR: SMOKE FAIL: juno-spark final modelPath
   at: push_error (core/variant/variant_utility.cpp:1023)
   GDScript backtrace (most recent call first):
       [0] ok (res://tests/smoke_assert.gd:12)
       [1] run (res://tests/smoke_anime_beta_content.gd:75)
       [2] _invoke (res://tests/smoke_runner.gd:38)
       [3] _run_all (res://tests/smoke_runner.gd:57)
ERROR: SMOKE FAIL: kaia-windrow final modelPath
   at: push_error (core/variant/variant_utility.cpp:1023)
   GDScript backtrace (most recent call first):
       [0] ok (res://tests/smoke_assert.gd:12)
       [1] run (res://tests/smoke_anime_beta_content.gd:75)
       [2] _invoke (res://tests/smoke_runner.gd:38)
       [3] _run_all (res://tests/smoke_runner.gd:57)
ERROR: SMOKE FAIL: nix-calder final modelPath
   at: push_error (core/variant/variant_utility.cpp:1023)
   GDScript backtrace (most recent call first):
       [0] ok (res://tests/smoke_assert.gd:12)
       [1] run (res://tests/smoke_anime_beta_content.gd:75)
       [2] _invoke (res://tests/smoke_runner.gd:38)
       [3] _run_all (res://tests/smoke_runner.gd:57)
ERROR: SMOKE FAIL: orion-vell final modelPath
   at: push_error (core/variant/variant_utility.cpp:1023)
   GDScript backtrace (most recent call first):
       [0] ok (res://tests/smoke_assert.gd:12)
       [1] run (res://tests/smoke_anime_beta_content.gd:75)
       [2] _invoke (res://tests/smoke_runner.gd:38)
       [3] _run_all (res://tests/smoke_runner.gd:57)
ERROR: SMOKE FAIL: vesper-nyx final modelPath
   at: push_error (core/variant/variant_utility.cpp:1023)
   GDScript backtrace (most recent call first):
       [0] ok (res://tests/smoke_assert.gd:12)
       [1] run (res://tests/smoke_anime_beta_content.gd:75)
       [2] _invoke (res://tests/smoke_runner.gd:38)
       [3] _run_all (res://tests/smoke_runner.gd:57)
ERROR: Cannot open file 'res://.godot/imported/hit.wav-ec8938afd3031b843fa8c983480e1b01.sample'.
   at: load (core/io/resource_format_binary.cpp:1156)
   GDScript backtrace (most recent call first):
       [0] load_stream (res://scripts/audio/procedural_audio_bank.gd:49)
       [1] preload_launch_bank (res://scripts/audio/procedural_audio_bank.gd:130)
       [2] self_test (res://scripts/audio/procedural_audio_bank.gd:163)
       [3] run (res://tests/smoke_anime_beta_content.gd:103)
       [4] _invoke (res://tests/smoke_runner.gd:38)
       [5] _run_all (res://tests/smoke_runner.gd:57)
ERROR: Failed loading resource: res://.godot/imported/hit.wav-ec8938afd3031b843fa8c983480e1b01.sample.
   at: _load (core/io/resource_loader.cpp:317)
   GDScript backtrace (most recent call first):
       [0] load_stream (res://scripts/audio/procedural_audio_bank.gd:49)
       [1] preload_launch_bank (res://scripts/audio/procedural_audio_bank.gd:130)
       [2] self_test (res://scripts/audio/procedural_audio_bank.gd:163)
       [3] run (res://tests/smoke_anime_beta_content.gd:103)
       [4] _invoke (res://tests/smoke_runner.gd:38)
       [5] _run_all (res://tests/smoke_runner.gd:57)
ERROR: Failed loading resource: res://assets/audio/procedural/shared/hit.wav.
   at: _load (core/io/resource_loader.cpp:317)
   GDScript backtrace (most recent call first):
       [0] load_stream (res://scripts/audio/procedural_audio_bank.gd:49)
       [1] preload_launch_bank (res://scripts/audio/procedural_audio_bank.gd:130)
       [2] self_test (res://scripts/audio/procedural_audio_bank.gd:163)
       [3] run (res://tests/smoke_anime_beta_content.gd:103)
       [4] _invoke (res://tests/smoke_runner.gd:38)
       [5] _run_all (res://tests/smoke_runner.gd:57)
ERROR: Cannot open file 'res://.godot/imported/move.wav-2be31e73fdb565d6ac059f7453a51f48.sample'.
   at: load (core/io/resource_format_binary.cpp:1156)
   GDScript backtrace (most recent call first):
       [0] load_stream (res://scripts/audio/procedural_audio_bank.gd:49)
       [1] preload_launch_bank (res://scripts/audio/procedural_audio_bank.gd:130)
       [2] self_test (res://scripts/audio/procedural_audio_bank.gd:163)
       [3] run (res://tests/smoke_anime_beta_content.gd:103)
       [4] _invoke (res://tests/smoke_runner.gd:38)
       [5] _run_all (res://tests/smoke_runner.gd:57)
ERROR: Failed loading resource: res://.godot/imported/move.wav-2be31e73fdb565d6ac059f7453a51f48.sample.
   at: _load (core/io/resource_loader.cpp:317)
   GDScript backtrace (most recent call first):
       [0] load_stream (res://scripts/audio/procedural_audio_bank.gd:49)
       [1] preload_launch_bank (res://scripts/audio/procedural_audio_bank.gd:130)
       [2] self_test (res://scripts/audio/procedural_audio_bank.gd:163)
       [3] run (res://tests/smoke_anime_beta_content.gd:103)
       [4] _invoke (res://tests/smoke_runner.gd:38)
       [5] _run_all (res://tests/smoke_runner.gd:57)
ERROR: Failed loading resource: res://assets/audio/procedural/shared/move.wav.
   at: _load (core/io/resource_loader.cpp:317)
   GDScript backtrace (most recent call first):
       [0] load_stream (res://scripts/audio/procedural_audio_bank.gd:49)
       [1] preload_launch_bank (res://scripts/audio/procedural_audio_bank.gd:130)
       [2] self_test (res://scripts/audio/procedural_audio_bank.gd:163)
       [3] run (res://tests/smoke_anime_beta_content.gd:103)
       [4] _invoke (res://tests/smoke_runner.gd:38)
       [5] _run_all (res://tests/smoke_runner.gd:57)
ERROR: Cannot open file 'res://.godot/imported/charge.wav-0231b9bb5c7fbf66b6a3d169eeb61759.sample'.
   at: load (core/io/resource_format_binary.cpp:1156)
   GDScript backtrace (most recent call first):
       [0] load_stream (res://scripts/audio/procedural_audio_bank.gd:49)
       [1] preload_launch_bank (res://scripts/audio/procedural_audio_bank.gd:130)
       [2] self_test (res://scripts/audio/procedural_audio_bank.gd:163)
       [3] run (res://tests/smoke_anime_beta_content.gd:103)
       [4] _invoke (res://tests/smoke_runner.gd:38)
       [5] _run_all (res://tests/smoke_runner.gd:57)
ERROR: Failed loading resource: res://.godot/imported/charge.wav-0231b9bb5c7fbf66b6a3d169eeb61759.sample.
   at: _load (core/io/resource_loader.cpp:317)
   GDScript backtrace (most recent call first):
       [0] load_stream (res://scripts/audio/procedural_audio_bank.gd:49)
       [1] preload_launch_bank (res://scripts/audio/procedural_audio_bank.gd:130)
       [2] self_test (res://scripts/audio/procedural_audio_bank.gd:163)
       [3] run (res://tests/smoke_anime_beta_content.gd:103)
       [4] _invoke (res://tests/smoke_runner.gd:38)
       [5] _run_all (res://tests/smoke_runner.gd:57)
ERROR: Failed loading resource: res://assets/audio/procedural/shared/charge.wav.
   at: _load (core/io/resource_loader.cpp:317)
   GDScript backtrace (most recent call first):
       [0] load_stream (res://scripts/audio/procedural_audio_bank.gd:49)
       [1] preload_launch_bank (res://scripts/audio/procedural_audio_bank.gd:130)
       [2] self_test (res://scripts/audio/procedural_audio_bank.gd:163)
       [3] run (res://tests/smoke_anime_beta_content.gd:103)
       [4] _invoke (res://tests/smoke_runner.gd:38)
       [5] _run_all (res://tests/smoke_runner.gd:57)
ERROR: Cannot open file 'res://.godot/imported/projectile.wav-f6ab1157ff920108db12aede81775e6d.sample'.
   at: load (core/io/resource_format_binary.cpp:1156)
   GDScript backtrace (most recent call first):
       [0] load_stream (res://scripts/audio/procedural_audio_bank.gd:49)
       [1] preload_launch_bank (res://scripts/audio/procedural_audio_bank.gd:130)
       [2] self_test (res://scripts/audio/procedural_audio_bank.gd:163)
       [3] run (res://tests/smoke_anime_beta_content.gd:103)
       [4] _invoke (res://tests/smoke_runner.gd:38)
       [5] _run_all (res://tests/smoke_runner.gd:57)
ERROR: Failed loading resource: res://.godot/imported/projectile.wav-f6ab1157ff920108db12aede81775e6d.sample.
   at: _load (core/io/resource_loader.cpp:317)
   GDScript backtrace (most recent call first):
       [0] load_stream (res://scripts/audio/procedural_audio_bank.gd:49)
       [1] preload_launch_bank (res://scripts/audio/procedural_audio_bank.gd:130)
       [2] self_test (res://scripts/audio/procedural_audio_bank.gd:163)
       [3] run (res://tests/smoke_anime_beta_content.gd:103)
       [4] _invoke (res://tests/smoke_runner.gd:38)
       [5] _run_all (res://tests/smoke_runner.gd:57)
ERROR: Failed loading resource: res://assets/audio/procedural/shared/projectile.wav.
   at: _load (core/io/resource_loader.cpp:317)
   GDScript backtrace (most recent call first):
       [0] load_stream (res://scripts/audio/procedural_audio_bank.gd:49)
       [1] preload_launch_bank (res://scripts/audio/procedural_audio_bank.gd:130)
       [2] self_test (res://scripts/audio/procedural_audio_bank.gd:163)
       [3] run (res://tests/smoke_anime_beta_content.gd:103)
       [4] _invoke (res://tests/smoke_runner.gd:38)
       [5] _run_all (res://tests/smoke_runner.gd:57)
ERROR: Cannot open file 'res://.godot/imported/defense.wav-5ea306f4a483e5364dba72a2f2387942.sample'.
   at: load (core/io/resource_format_binary.cpp:1156)
   GDScript backtrace (most recent call first):
       [0] load_stream (res://scripts/audio/procedural_audio_bank.gd:49)
       [1] preload_launch_bank (res://scripts/audio/procedural_audio_bank.gd:130)
       [2] self_test (res://scripts/audio/procedural_audio_bank.gd:163)
       [3] run (res://tests/smoke_anime_beta_content.gd:103)
       [4] _invoke (res://tests/smoke_runner.gd:38)
       [5] _run_all (res://tests/smoke_runner.gd:57)
ERROR: Failed loading resource: res://.godot/imported/defense.wav-5ea306f4a483e5364dba72a2f2387942.sample.
   at: _load (core/io/resource_loader.cpp:317)
   GDScript backtrace (most recent call first):
       [0] load_stream (res://scripts/audio/procedural_audio_bank.gd:49)
       [1] preload_launch_bank (res://scripts/audio/procedural_audio_bank.gd:130)
       [2] self_test (res://scripts/audio/procedural_audio_bank.gd:163)
       [3] run (res://tests/smoke_anime_beta_content.gd:103)
       [4] _invoke (res://tests/smoke_runner.gd:38)
       [5] _run_all (res://tests/smoke_runner.gd:57)
ERROR: Failed loading resource: res://assets/audio/procedural/shared/defense.wav.
   at: _load (core/io/resource_loader.cpp:317)
   GDScript backtrace (most recent call first):
       [0] load_stream (res://scripts/audio/procedural_audio_bank.gd:49)
       [1] preload_launch_bank (res://scripts/audio/procedural_audio_bank.gd:130)
       [2] self_test (res://scripts/audio/procedural_audio_bank.gd:163)
       [3] run (res://tests/smoke_anime_beta_content.gd:103)
       [4] _invoke (res://tests/smoke_runner.gd:38)
       [5] _run_all (res://tests/smoke_runner.gd:57)
ERROR: Cannot open file 'res://.godot/imported/ko.wav-7282702f66e9b3c8a175be60d2ffc1be.sample'.
   at: load (core/io/resource_format_binary.cpp:1156)
   GDScript backtrace (most recent call first):
       [0] load_stream (res://scripts/audio/procedural_audio_bank.gd:49)
       [1] preload_launch_bank (res://scripts/audio/procedural_audio_bank.gd:130)
       [2] self_test (res://scripts/audio/procedural_audio_bank.gd:163)
       [3] run (res://tests/smoke_anime_beta_content.gd:103)
       [4] _invoke (res://tests/smoke_runner.gd:38)
       [5] _run_all (res://tests/smoke_runner.gd:57)
ERROR: Failed loading resource: res://.godot/imported/ko.wav-7282702f66e9b3c8a175be60d2ffc1be.sample.
   at: _load (core/io/resource_loader.cpp:317)
   GDScript backtrace (most recent call first):
       [0] load_stream (res://scripts/audio/procedural_audio_bank.gd:49)
       [1] preload_launch_bank (res://scripts/audio/procedural_audio_bank.gd:130)
       [2] self_test (res://scripts/audio/procedural_audio_bank.gd:163)
       [3] run (res://tests/smoke_anime_beta_content.gd:103)
       [4] _invoke (res://tests/smoke_runner.gd:38)
       [5] _run_all (res://tests/smoke_runner.gd:57)
ERROR: Failed loading resource: res://assets/audio/procedural/shared/ko.wav.
   at: _load (core/io/resource_loader.cpp:317)
   GDScript backtrace (most recent call first):
       [0] load_stream (res://scripts/audio/procedural_audio_bank.gd:49)
       [1] preload_launch_bank (res://scripts/audio/procedural_audio_bank.gd:130)
       [2] self_test (res://scripts/audio/procedural_audio_bank.gd:163)
       [3] run (res://tests/smoke_anime_beta_content.gd:103)
       [4] _invoke (res://tests/smoke_runner.gd:38)
       [5] _run_all (res://tests/smoke_runner.gd:57)
ERROR: Cannot open file 'res://.godot/imported/ui_confirm.wav-886fec4fa3fee26bff8668c0df753b55.sample'.
   at: load (core/io/resource_format_binary.cpp:1156)
   GDScript backtrace (most recent call first):
       [0] load_stream (res://scripts/audio/procedural_audio_bank.gd:49)
       [1] preload_launch_bank (res://scripts/audio/procedural_audio_bank.gd:130)
       [2] self_test (res://scripts/audio/procedural_audio_bank.gd:163)
       [3] run (res://tests/smoke_anime_beta_content.gd:103)
       [4] _invoke (res://tests/smoke_runner.gd:38)
       [5] _run_all (res://tests/smoke_runner.gd:57)
ERROR: Failed loading resource: res://.godot/imported/ui_confirm.wav-886fec4fa3fee26bff8668c0df753b55.sample.
   at: _load (core/io/resource_loader.cpp:317)
   GDScript backtrace (most recent call first):
       [0] load_stream (res://scripts/audio/procedural_audio_bank.gd:49)
       [1] preload_launch_bank (res://scripts/audio/procedural_audio_bank.gd:130)
       [2] self_test (res://scripts/audio/procedural_audio_bank.gd:163)
       [3] run (res://tests/smoke_anime_beta_content.gd:103)
       [4] _invoke (res://tests/smoke_runner.gd:38)
       [5] _run_all (res://tests/smoke_runner.gd:57)
ERROR: Failed loading resource: res://assets/audio/procedural/shared/ui_confirm.wav.
   at: _load (core/io/resource_loader.cpp:317)
   GDScript backtrace (most recent call first):
       [0] load_stream (res://scripts/audio/procedural_audio_bank.gd:49)
       [1] preload_launch_bank (res://scripts/audio/procedural_audio_bank.gd:130)
       [2] self_test (res://scripts/audio/procedural_audio_bank.gd:163)
       [3] run (res://tests/smoke_anime_beta_content.gd:103)
       [4] _invoke (res://tests/smoke_runner.gd:38)
       [5] _run_all (res://tests/smoke_runner.gd:57)
ERROR: Cannot open file 'res://.godot/imported/ui_back.wav-29646832ed70e00817ac1dd4219b0b2c.sample'.
   at: load (core/io/resource_format_binary.cpp:1156)
   GDScript backtrace (most recent call first):
       [0] load_stream (res://scripts/audio/procedural_audio_bank.gd:49)
       [1] preload_launch_bank (res://scripts/audio/procedural_audio_bank.gd:130)
       [2] self_test (res://scripts/audio/procedural_audio_bank.gd:163)
       [3] run (res://tests/smoke_anime_beta_content.gd:103)
       [4] _invoke (res://tests/smoke_runner.gd:38)
       [5] _run_all (res://tests/smoke_runner.gd:57)
ERROR: Failed loading resource: res://.godot/imported/ui_back.wav-29646832ed70e00817ac1dd4219b0b2c.sample.
   at: _load (core/io/resource_loader.cpp:317)
   GDScript backtrace (most recent call first):
       [0] load_stream (res://scripts/audio/procedural_audio_bank.gd:49)
       [1] preload_launch_bank (res://scripts/audio/procedural_audio_bank.gd:130)
       [2] self_test (res://scripts/audio/procedural_audio_bank.gd:163)
       [3] run (res://tests/smoke_anime_beta_content.gd:103)
       [4] _invoke (res://tests/smoke_runner.gd:38)
       [5] _run_all (res://tests/smoke_runner.gd:57)
ERROR: Failed loading resource: res://assets/audio/procedural/shared/ui_back.wav.
   at: _load (core/io/resource_loader.cpp:317)
   GDScript backtrace (most recent call first):
       [0] load_stream (res://scripts/audio/procedural_audio_bank.gd:49)
       [1] preload_launch_bank (res://scripts/audio/procedural_audio_bank.gd:130)
       [2] self_test (res://scripts/audio/procedural_audio_bank.gd:163)
       [3] run (res://tests/smoke_anime_beta_content.gd:103)
       [4] _invoke (res://tests/smoke_runner.gd:38)
       [5] _run_all (res://tests/smoke_runner.gd:57)
ERROR: Cannot open file 'res://.godot/imported/ui_select.wav-ec6936f1df893339e424c347a379cf0a.sample'.
   at: load (core/io/resource_format_binary.cpp:1156)
   GDScript backtrace (most recent call first):
       [0] load_stream (res://scripts/audio/procedural_audio_bank.gd:49)
       [1] preload_launch_bank (res://scripts/audio/procedural_audio_bank.gd:130)
       [2] self_test (res://scripts/audio/procedural_audio_bank.gd:163)
       [3] run (res://tests/smoke_anime_beta_content.gd:103)
       [4] _invoke (res://tests/smoke_runner.gd:38)
       [5] _run_all (res://tests/smoke_runner.gd:57)
ERROR: Failed loading resource: res://.godot/imported/ui_select.wav-ec6936f1df893339e424c347a379cf0a.sample.
   at: _load (core/io/resource_loader.cpp:317)
   GDScript backtrace (most recent call first):
       [0] load_stream (res://scripts/audio/procedural_audio_bank.gd:49)
       [1] preload_launch_bank (res://scripts/audio/procedural_audio_bank.gd:130)
       [2] self_test (res://scripts/audio/procedural_audio_bank.gd:163)
       [3] run (res://tests/smoke_anime_beta_content.gd:103)
       [4] _invoke (res://tests/smoke_runner.gd:38)
       [5] _run_all (res://tests/smoke_runner.gd:57)
ERROR: Failed loading resource: res://assets/audio/procedural/shared/ui_select.wav.
   at: _load (core/io/resource_loader.cpp:317)
   GDScript backtrace (most recent call first):
       [0] load_stream (res://scripts/audio/procedural_audio_bank.gd:49)
       [1] preload_launch_bank (res://scripts/audio/procedural_audio_bank.gd:130)
       [2] self_test (res://scripts/audio/procedural_audio_bank.gd:163)
       [3] run (res://tests/smoke_anime_beta_content.gd:103)
       [4] _invoke (res://tests/smoke_runner.gd:38)
       [5] _run_all (res://tests/smoke_runner.gd:57)
ERROR: Cannot open file 'res://.godot/imported/hit.wav-851b29610f1090515288ddd252b1bc87.sample'.
   at: load (core/io/resource_format_binary.cpp:1156)
   GDScript backtrace (most recent call first):
       [0] load_stream (res://scripts/audio/procedural_audio_bank.gd:49)
       [1] preload_launch_bank (res://scripts/audio/procedural_audio_bank.gd:140)
       [2] self_test (res://scripts/audio/procedural_audio_bank.gd:163)
       [3] run (res://tests/smoke_anime_beta_content.gd:103)
       [4] _invoke (res://tests/smoke_runner.gd:38)
       [5] _run_all (res://tests/smoke_runner.gd:57)
ERROR: Failed loading resource: res://.godot/imported/hit.wav-851b29610f1090515288ddd252b1bc87.sample.
   at: _load (core/io/resource_loader.cpp:317)
   GDScript backtrace (most recent call first):
       [0] load_stream (res://scripts/audio/procedural_audio_bank.gd:49)
       [1] preload_launch_bank (res://scripts/audio/procedural_audio_bank.gd:140)
       [2] self_test (res://scripts/audio/procedural_audio_bank.gd:163)
       [3] run (res://tests/smoke_anime_beta_content.gd:103)
       [4] _invoke (res://tests/smoke_runner.gd:38)
       [5] _run_all (res://tests/smoke_runner.gd:57)
ERROR: Failed loading resource: res://assets/audio/procedural/fighters/ember-vale/hit.wav.
   at: _load (core/io/resource_loader.cpp:317)
   GDScript backtrace (most recent call first):
       [0] load_stream (res://scripts/audio/procedural_audio_bank.gd:49)
       [1] preload_launch_bank (res://scripts/audio/procedural_audio_bank.gd:140)
       [2] self_test (res://scripts/audio/procedural_audio_bank.gd:163)
       [3] run (res://tests/smoke_anime_beta_content.gd:103)
       [4] _invoke (res://tests/smoke_runner.gd:38)
       [5] _run_all (res://tests/smoke_runner.gd:57)
ERROR: Cannot open file 'res://.godot/imported/move.wav-6d6cff83559dd17548d528464e471c55.sample'.
   at: load (core/io/resource_format_binary.cpp:1156)
   GDScript backtrace (most recent call first):
       [0] load_stream (res://scripts/audio/procedural_audio_bank.gd:49)
       [1] preload_launch_bank (res://scripts/audio/procedural_audio_bank.gd:140)
       [2] self_test (res://scripts/audio/procedural_audio_bank.gd:163)
       [3] run (res://tests/smoke_anime_beta_content.gd:103)
       [4] _invoke (res://tests/smoke_runner.gd:38)
       [5] _run_all (res://tests/smoke_runner.gd:57)
ERROR: Failed loading resource: res://.godot/imported/move.wav-6d6cff83559dd17548d528464e471c55.sample.
   at: _load (core/io/resource_loader.cpp:317)
   GDScript backtrace (most recent call first):
       [0] load_stream (res://scripts/audio/procedural_audio_bank.gd:49)
       [1] preload_launch_bank (res://scripts/audio/procedural_audio_bank.gd:140)
       [2] self_test (res://scripts/audio/procedural_audio_bank.gd:163)
       [3] run (res://tests/smoke_anime_beta_content.gd:103)
       [4] _invoke (res://tests/smoke_runner.gd:38)
       [5] _run_all (res://tests/smoke_runner.gd:57)
ERROR: Failed loading resource: res://assets/audio/procedural/fighters/ember-vale/move.wav.
   at: _load (core/io/resource_loader.cpp:317)
   GDScript backtrace (most recent call first):
       [0] load_stream (res://scripts/audio/procedural_audio_bank.gd:49)
       [1] preload_launch_bank (res://scripts/audio/procedural_audio_bank.gd:140)
       [2] self_test (res://scripts/audio/procedural_audio_bank.gd:163)
       [3] run (res://tests/smoke_anime_beta_content.gd:103)
       [4] _invoke (res://tests/smoke_runner.gd:38)
       [5] _run_all (res://tests/smoke_runner.gd:57)
ERROR: Cannot open file 'res://.godot/imported/charge.wav-8a4facc5e8cc6767966f0295a0089dff.sample'.
   at: load (core/io/resource_format_binary.cpp:1156)
   GDScript backtrace (most recent call first):
       [0] load_stream (res://scripts/audio/procedural_audio_bank.gd:49)
       [1] preload_launch_bank (res://scripts/audio/procedural_audio_bank.gd:140)
       [2] self_test (res://scripts/audio/procedural_audio_bank.gd:163)
       [3] run (res://tests/smoke_anime_beta_content.gd:103)
       [4] _invoke (res://tests/smoke_runner.gd:38)
       [5] _run_all (res://tests/smoke_runner.gd:57)
ERROR: Failed loading resource: res://.godot/imported/charge.wav-8a4facc5e8cc6767966f0295a0089dff.sample.
   at: _load (core/io/resource_loader.cpp:317)
   GDScript backtrace (most recent call first):
       [0] load_stream (res://scripts/audio/procedural_audio_bank.gd:49)
       [1] preload_launch_bank (res://scripts/audio/procedural_audio_bank.gd:140)
       [2] self_test (res://scripts/audio/procedural_audio_bank.gd:163)
       [3] run (res://tests/smoke_anime_beta_content.gd:103)
       [4] _invoke (res://tests/smoke_runner.gd:38)
       [5] _run_all (res://tests/smoke_runner.gd:57)
ERROR: Failed loading resource: res://assets/audio/procedural/fighters/ember-vale/charge.wav.
   at: _load (core/io/resource_loader.cpp:317)
   GDScript backtrace (most recent call first):
       [0] load_stream (res://scripts/audio/procedural_audio_bank.gd:49)
       [1] preload_launch_bank (res://scripts/audio/procedural_audio_bank.gd:140)
       [2] self_test (res://scripts/audio/procedural_audio_bank.gd:163)
       [3] run (res://tests/smoke_anime_beta_content.gd:103)
       [4] _invoke (res://tests/smoke_runner.gd:38)
       [5] _run_all (res://tests/smoke_runner.gd:57)
ERROR: Cannot open file 'res://.godot/imported/projectile.wav-7d822ddb8b8c2659e5558cc12c1f4c93.sample'.
   at: load (core/io/resource_format_binary.cpp:1156)
   GDScript backtrace (most recent call first):
       [0] load_stream (res://scripts/audio/procedural_audio_bank.gd:49)
       [1] preload_launch_bank (res://scripts/audio/procedural_audio_bank.gd:140)
       [2] self_test (res://scripts/audio/procedural_audio_bank.gd:163)
       [3] run (res://tests/smoke_anime_beta_content.gd:103)
       [4] _invoke (res://tests/smoke_runner.gd:38)
       [5] _run_all (res://tests/smoke_runner.gd:57)
ERROR: Failed loading resource: res://.godot/imported/projectile.wav-7d822ddb8b8c2659e5558cc12c1f4c93.sample.
   at: _load (core/io/resource_loader.cpp:317)
   GDScript backtrace (most recent call first):
       [0] load_stream (res://scripts/audio/procedural_audio_bank.gd:49)
       [1] preload_launch_bank (res://scripts/audio/procedural_audio_bank.gd:140)
       [2] self_test (res://scripts/audio/procedural_audio_bank.gd:163)
       [3] run (res://tests/smoke_anime_beta_content.gd:103)
       [4] _invoke (res://tests/smoke_runner.gd:38)
       [5] _run_all (res://tests/smoke_runner.gd:57)
ERROR: Failed loading resource: res://assets/audio/procedural/fighters/ember-vale/projectile.wav.
   at: _load (core/io/resource_loader.cpp:317)
   GDScript backtrace (most recent call first):
       [0] load_stream (res://scripts/audio/procedural_audio_bank.gd:49)
       [1] preload_launch_bank (res://scripts/audio/procedural_audio_bank.gd:140)
       [2] self_test (res://scripts/audio/procedural_audio_bank.gd:163)
       [3] run (res://tests/smoke_anime_beta_content.gd:103)
       [4] _invoke (res://tests/smoke_runner.gd:38)
       [5] _run_all (res://tests/smoke_runner.gd:57)
ERROR: Cannot open file 'res://.godot/imported/signature.wav-715ccf9085eb1fbf116d84576d276a29.sample'.
   at: load (core/io/resource_format_binary.cpp:1156)
   GDScript backtrace (most recent call first):
       [0] load_stream (res://scripts/audio/procedural_audio_bank.gd:49)
       [1] preload_launch_bank (res://scripts/audio/procedural_audio_bank.gd:140)
       [2] self_test (res://scripts/audio/procedural_audio_bank.gd:163)
       [3] run (res://tests/smoke_anime_beta_content.gd:103)
       [4] _invoke (res://tests/smoke_runner.gd:38)
       [5] _run_all (res://tests/smoke_runner.gd:57)
ERROR: Failed loading resource: res://.godot/imported/signature.wav-715ccf9085eb1fbf116d84576d276a29.sample.
   at: _load (core/io/resource_loader.cpp:317)
   GDScript backtrace (most recent call first):
       [0] load_stream (res://scripts/audio/procedural_audio_bank.gd:49)
       [1] preload_launch_bank (res://scripts/audio/procedural_audio_bank.gd:140)
       [2] self_test (res://scripts/audio/procedural_audio_bank.gd:163)
       [3] run (res://tests/smoke_anime_beta_content.gd:103)
       [4] _invoke (res://tests/smoke_runner.gd:38)
       [5] _run_all (res://tests/smoke_runner.gd:57)
ERROR: Failed loading resource: res://assets/audio/procedural/fighters/ember-vale/signature.wav.
   at: _load (core/io/resource_loader.cpp:317)
   GDScript backtrace (most recent call first):
       [0] load_stream (res://scripts/audio/procedural_audio_bank.gd:49)
       [1] preload_launch_bank (res://scripts/audio/procedural_audio_bank.gd:140)
       [2] self_test (res://scripts/audio/procedural_audio_bank.gd:163)
       [3] run (res://tests/smoke_anime_beta_content.gd:103)
       [4] _invoke (res://tests/smoke_runner.gd:38)
       [5] _run_all (res://tests/smoke_runner.gd:57)
ERROR: Cannot open file 'res://.godot/imported/defense.wav-894794a74733f1d2fb18761b5e8c79b1.sample'.
   at: load (core/io/resource_format_binary.cpp:1156)
   GDScript backtrace (most recent call first):
       [0] load_stream (res://scripts/audio/procedural_audio_bank.gd:49)
       [1] preload_launch_bank (res://scripts/audio/procedural_audio_bank.gd:140)
       [2] self_test (res://scripts/audio/procedural_audio_bank.gd:163)
       [3] run (res://tests/smoke_anime_beta_content.gd:103)
       [4] _invoke (res://tests/smoke_runner.gd:38)
       [5] _run_all (res://tests/smoke_runner.gd:57)
ERROR: Failed loading resource: res://.godot/imported/defense.wav-894794a74733f1d2fb18761b5e8c79b1.sample.
   at: _load (core/io/resource_loader.cpp:317)
   GDScript backtrace (most recent call first):
       [0] load_stream (res://scripts/audio/procedural_audio_bank.gd:49)
       [1] preload_launch_bank (res://scripts/audio/procedural_audio_bank.gd:140)
       [2] self_test (res://scripts/audio/procedural_audio_bank.gd:163)
       [3] run (res://tests/smoke_anime_beta_content.gd:103)
       [4] _invoke (res://tests/smoke_runner.gd:38)
       [5] _run_all (res://tests/smoke_runner.gd:57)
ERROR: Failed loading resource: res://assets/audio/procedural/fighters/ember-vale/defense.wav.
   at: _load (core/io/resource_loader.cpp:317)
   GDScript backtrace (most recent call first):
       [0] load_stream (res://scripts/audio/procedural_audio_bank.gd:49)
       [1] preload_launch_bank (res://scripts/audio/procedural_audio_bank.gd:140)
       [2] self_test (res://scripts/audio/procedural_audio_bank.gd:163)
       [3] run (res://tests/smoke_anime_beta_content.gd:103)
       [4] _invoke (res://tests/smoke_runner.gd:38)
       [5] _run_all (res://tests/smoke_runner.gd:57)
ERROR: Cannot open file 'res://.godot/imported/ko.wav-15034d9eca5eb483e57de8f37dd7d0fc.sample'.
   at: load (core/io/resource_format_binary.cpp:1156)
   GDScript backtrace (most recent call first):
       [0] load_stream (res://scripts/audio/procedural_audio_bank.gd:49)
       [1] preload_launch_bank (res://scripts/audio/procedural_audio_bank.gd:140)
       [2] self_test (res://scripts/audio/procedural_audio_bank.gd:163)
       [3] run (res://tests/smoke_anime_beta_content.gd:103)
       [4] _invoke (res://tests/smoke_runner.gd:38)
       [5] _run_all (res://tests/smoke_runner.gd:57)
ERROR: Failed loading resource: res://.godot/imported/ko.wav-15034d9eca5eb483e57de8f37dd7d0fc.sample.
   at: _load (core/io/resource_loader.cpp:317)
   GDScript backtrace (most recent call first):
       [0] load_stream (res://scripts/audio/procedural_audio_bank.gd:49)
       [1] preload_launch_bank (res://scripts/audio/procedural_audio_bank.gd:140)
       [2] self_test (res://scripts/audio/procedural_audio_bank.gd:163)
       [3] run (res://tests/smoke_anime_beta_content.gd:103)
       [4] _invoke (res://tests/smoke_runner.gd:38)
       [5] _run_all (res://tests/smoke_runner.gd:57)
ERROR: Failed loading resource: res://assets/audio/procedural/fighters/ember-vale/ko.wav.
   at: _load (core/io/resource_loader.cpp:317)
   GDScript backtrace (most recent call first):
       [0] load_stream (res://scripts/audio/procedural_audio_bank.gd:49)
       [1] preload_launch_bank (res://scripts/audio/procedural_audio_bank.gd:140)
       [2] self_test (res://scripts/audio/procedural_audio_bank.gd:163)
       [3] run (res://tests/smoke_anime_beta_content.gd:103)
       [4] _invoke (res://tests/smoke_runner.gd:38)
       [5] _run_all (res://tests/smoke_runner.gd:57)
ERROR: Cannot open file 'res://.godot/imported/hit.wav-350c233c47c7e114400af095c4de2f9c.sample'.
   at: load (core/io/resource_format_binary.cpp:1156)
   GDScript backtrace (most recent call first):
       [0] load_stream (res://scripts/audio/procedural_audio_bank.gd:49)
       [1] preload_launch_bank (res://scripts/audio/procedural_audio_bank.gd:140)
       [2] self_test (res://scripts/audio/procedural_audio_bank.gd:163)
       [3] run (res://tests/smoke_anime_beta_content.gd:103)
       [4] _invoke (res://tests/smoke_runner.gd:38)
       [5] _run_all (res://tests/smoke_runner.gd:57)
ERROR: Failed loading resource: res://.godot/imported/hit.wav-350c233c47c7e114400af095c4de2f9c.sample.
   at: _load (core/io/resource_loader.cpp:317)
   GDScript backtrace (most recent call first):
       [0] load_stream (res://scripts/audio/procedural_audio_bank.gd:49)
       [1] preload_launch_bank (res://scripts/audio/procedural_audio_bank.gd:140)
       [2] self_test (res://scripts/audio/procedural_audio_bank.gd:163)
       [3] run (res://tests/smoke_anime_beta_content.gd:103)
       [4] _invoke (res://tests/smoke_runner.gd:38)
       [5] _run_all (res://tests/smoke_runner.gd:57)
ERROR: Failed loading resource: res://assets/audio/procedural/fighters/rook-ironside/hit.wav.
   at: _load (core/io/resource_loader.cpp:317)
   GDScript backtrace (most recent call first):
       [0] load_stream (res://scripts/audio/procedural_audio_bank.gd:49)
       [1] preload_launch_bank (res://scripts/audio/procedural_audio_bank.gd:140)
       [2] self_test (res://scripts/audio/procedural_audio_bank.gd:163)
       [3] run (res://tests/smoke_anime_beta_content.gd:103)
       [4] _invoke (res://tests/smoke_runner.gd:38)
       [5] _run_all (res://tests/smoke_runner.gd:57)
ERROR: Cannot open file 'res://.godot/imported/move.wav-bc4cac0c2066ec91dcde1c6a5ff0e150.sample'.
   at: load (core/io/resource_format_binary.cpp:1156)
   GDScript backtrace (most recent call first):
       [0] load_stream (res://scripts/audio/procedural_audio_bank.gd:49)
       [1] preload_launch_bank (res://scripts/audio/procedural_audio_bank.gd:140)
       [2] self_test (res://scripts/audio/procedural_audio_bank.gd:163)
       [3] run (res://tests/smoke_anime_beta_content.gd:103)
       [4] _invoke (res://tests/smoke_runner.gd:38)
       [5] _run_all (res://tests/smoke_runner.gd:57)
ERROR: Failed loading resource: res://.godot/imported/move.wav-bc4cac0c2066ec91dcde1c6a5ff0e150.sample.
   at: _load (core/io/resource_loader.cpp:317)
   GDScript backtrace (most recent call first):
       [0] load_stream (res://scripts/audio/procedural_audio_bank.gd:49)
       [1] preload_launch_bank (res://scripts/audio/procedural_audio_bank.gd:140)
       [2] self_test (res://scripts/audio/procedural_audio_bank.gd:163)
       [3] run (res://tests/smoke_anime_beta_content.gd:103)
       [4] _invoke (res://tests/smoke_runner.gd:38)
       [5] _run_all (res://tests/smoke_runner.gd:57)
ERROR: Failed loading resource: res://assets/audio/procedural/fighters/rook-ironside/move.wav.
   at: _load (core/io/resource_loader.cpp:317)
   GDScript backtrace (most recent call first):
       [0] load_stream (res://scripts/audio/procedural_audio_bank.gd:49)
       [1] preload_launch_bank (res://scripts/audio/procedural_audio_bank.gd:140)
       [2] self_test (res://scripts/audio/procedural_audio_bank.gd:163)
       [3] run (res://tests/smoke_anime_beta_content.gd:103)
       [4] _invoke (res://tests/smoke_runner.gd:38)
       [5] _run_all (res://tests/smoke_runner.gd:57)
ERROR: Cannot open file 'res://.godot/imported/charge.wav-5bbea7d2ce3d9c50b742d0aa0471d794.sample'.
   at: load (core/io/resource_format_binary.cpp:1156)
   GDScript backtrace (most recent call first):
       [0] load_stream (res://scripts/audio/procedural_audio_bank.gd:49)
       [1] preload_launch_bank (res://scripts/audio/procedural_audio_bank.gd:140)
       [2] self_test (res://scripts/audio/procedural_audio_bank.gd:163)
       [3] run (res://tests/smoke_anime_beta_content.gd:103)
       [4] _invoke (res://tests/smoke_runner.gd:38)
       [5] _run_all (res://tests/smoke_runner.gd:57)
ERROR: Failed loading resource: res://.godot/imported/charge.wav-5bbea7d2ce3d9c50b742d0aa0471d794.sample.
   at: _load (core/io/resource_loader.cpp:317)
   GDScript backtrace (most recent call first):
       [0] load_stream (res://scripts/audio/procedural_audio_bank.gd:49)
       [1] preload_launch_bank (res://scripts/audio/procedural_audio_bank.gd:140)
       [2] self_test (res://scripts/audio/procedural_audio_bank.gd:163)
       [3] run (res://tests/smoke_anime_beta_content.gd:103)
       [4] _invoke (res://tests/smoke_runner.gd:38)
       [5] _run_all (res://tests/smoke_runner.gd:57)
ERROR: Failed loading resource: res://assets/audio/procedural/fighters/rook-ironside/charge.wav.
   at: _load (core/io/resource_loader.cpp:317)
   GDScript backtrace (most recent call first):
       [0] load_stream (res://scripts/audio/procedural_audio_bank.gd:49)
       [1] preload_launch_bank (res://scripts/audio/procedural_audio_bank.gd:140)
       [2] self_test (res://scripts/audio/procedural_audio_bank.gd:163)
       [3] run (res://tests/smoke_anime_beta_content.gd:103)
       [4] _invoke (res://tests/smoke_runner.gd:38)
       [5] _run_all (res://tests/smoke_runner.gd:57)
ERROR: Cannot open file 'res://.godot/imported/projectile.wav-516b9df936fb3ce166b302945071e9c4.sample'.
   at: load (core/io/resource_format_binary.cpp:1156)
   GDScript backtrace (most recent call first):
       [0] load_stream (res://scripts/audio/procedural_audio_bank.gd:49)
       [1] preload_launch_bank (res://scripts/audio/procedural_audio_bank.gd:140)
       [2] self_test (res://scripts/audio/procedural_audio_bank.gd:163)
       [3] run (res://tests/smoke_anime_beta_content.gd:103)
       [4] _invoke (res://tests/smoke_runner.gd:38)
       [5] _run_all (res://tests/smoke_runner.gd:57)
ERROR: Failed loading resource: res://.godot/imported/projectile.wav-516b9df936fb3ce166b302945071e9c4.sample.
   at: _load (core/io/resource_loader.cpp:317)
   GDScript backtrace (most recent call first):
       [0] load_stream (res://scripts/audio/procedural_audio_bank.gd:49)
       [1] preload_launch_bank (res://scripts/audio/procedural_audio_bank.gd:140)
       [2] self_test (res://scripts/audio/procedural_audio_bank.gd:163)
       [3] run (res://tests/smoke_anime_beta_content.gd:103)
       [4] _invoke (res://tests/smoke_runner.gd:38)
       [5] _run_all (res://tests/smoke_runner.gd:57)
ERROR: Failed loading resource: res://assets/audio/procedural/fighters/rook-ironside/projectile.wav.
   at: _load (core/io/resource_loader.cpp:317)
   GDScript backtrace (most recent call first):
       [0] load_stream (res://scripts/audio/procedural_audio_bank.gd:49)
       [1] preload_launch_bank (res://scripts/audio/procedural_audio_bank.gd:140)
       [2] self_test (res://scripts/audio/procedural_audio_bank.gd:163)
       [3] run (res://tests/smoke_anime_beta_content.gd:103)
       [4] _invoke (res://tests/smoke_runner.gd:38)
       [5] _run_all (res://tests/smoke_runner.gd:57)
ERROR: Cannot open file 'res://.godot/imported/signature.wav-0c3f6ce1c15b8564b2b47587870fd12f.sample'.
   at: load (core/io/resource_format_binary.cpp:1156)
   GDScript backtrace (most recent call first):
       [0] load_stream (res://scripts/audio/procedural_audio_bank.gd:49)
       [1] preload_launch_bank (res://scripts/audio/procedural_audio_bank.gd:140)
       [2] self_test (res://scripts/audio/procedural_audio_bank.gd:163)
       [3] run (res://tests/smoke_anime_beta_content.gd:103)
       [4] _invoke (res://tests/smoke_runner.gd:38)
       [5] _run_all (res://tests/smoke_runner.gd:57)
ERROR: Failed loading resource: res://.godot/imported/signature.wav-0c3f6ce1c15b8564b2b47587870fd12f.sample.
   at: _load (core/io/resource_loader.cpp:317)
   GDScript backtrace (most recent call first):
       [0] load_stream (res://scripts/audio/procedural_audio_bank.gd:49)
       [1] preload_launch_bank (res://scripts/audio/procedural_audio_bank.gd:140)
       [2] self_test (res://scripts/audio/procedural_audio_bank.gd:163)
       [3] run (res://tests/smoke_anime_beta_content.gd:103)
       [4] _invoke (res://tests/smoke_runner.gd:38)
       [5] _run_all (res://tests/smoke_runner.gd:57)
ERROR: Failed loading resource: res://assets/audio/procedural/fighters/rook-ironside/signature.wav.
   at: _load (core/io/resource_loader.cpp:317)
   GDScript backtrace (most recent call first):
       [0] load_stream (res://scripts/audio/procedural_audio_bank.gd:49)
       [1] preload_launch_bank (res://scripts/audio/procedural_audio_bank.gd:140)
       [2] self_test (res://scripts/audio/procedural_audio_bank.gd:163)
       [3] run (res://tests/smoke_anime_beta_content.gd:103)
       [4] _invoke (res://tests/smoke_runner.gd:38)
       [5] _run_all (res://tests/smoke_runner.gd:57)
ERROR: Cannot open file 'res://.godot/imported/defense.wav-cc33e453ce9790ed6292f93b330a7c2b.sample'.
   at: load (core/io/resource_format_binary.cpp:1156)
   GDScript backtrace (most recent call first):
       [0] load_stream (res://scripts/audio/procedural_audio_bank.gd:49)
       [1] preload_launch_bank (res://scripts/audio/procedural_audio_bank.gd:140)
       [2] self_test (res://scripts/audio/procedural_audio_bank.gd:163)
       [3] run (res://tests/smoke_anime_beta_content.gd:103)
       [4] _invoke (res://tests/smoke_runner.gd:38)
       [5] _run_all (res://tests/smoke_runner.gd:57)
ERROR: Failed loading resource: res://.godot/imported/defense.wav-cc33e453ce9790ed6292f93b330a7c2b.sample.
   at: _load (core/io/resource_loader.cpp:317)
   GDScript backtrace (most recent call first):
       [0] load_stream (res://scripts/audio/procedural_audio_bank.gd:49)
       [1] preload_launch_bank (res://scripts/audio/procedural_audio_bank.gd:140)
       [2] self_test (res://scripts/audio/procedural_audio_bank.gd:163)
       [3] run (res://tests/smoke_anime_beta_content.gd:103)
       [4] _invoke (res://tests/smoke_runner.gd:38)
       [5] _run_all (res://tests/smoke_runner.gd:57)
ERROR: Failed loading resource: res://assets/audio/procedural/fighters/rook-ironside/defense.wav.
   at: _load (core/io/resource_loader.cpp:317)
   GDScript backtrace (most recent call first):
       [0] load_stream (res://scripts/audio/procedural_audio_bank.gd:49)
       [1] preload_launch_bank (res://scripts/audio/procedural_audio_bank.gd:140)
       [2] self_test (res://scripts/audio/procedural_audio_bank.gd:163)
       [3] run (res://tests/smoke_anime_beta_content.gd:103)
       [4] _invoke (res://tests/smoke_runner.gd:38)
       [5] _run_all (res://tests/smoke_runner.gd:57)
ERROR: Cannot open file 'res://.godot/imported/ko.wav-b7313592e81a0d4561e144ec8227817f.sample'.
   at: load (core/io/resource_format_binary.cpp:1156)
   GDScript backtrace (most recent call first):
       [0] load_stream (res://scripts/audio/procedural_audio_bank.gd:49)
       [1] preload_launch_bank (res://scripts/audio/procedural_audio_bank.gd:140)
       [2] self_test (res://scripts/audio/procedural_audio_bank.gd:163)
       [3] run (res://tests/smoke_anime_beta_content.gd:103)
       [4] _invoke (res://tests/smoke_runner.gd:38)
       [5] _run_all (res://tests/smoke_runner.gd:57)
ERROR: Failed loading resource: res://.godot/imported/ko.wav-b7313592e81a0d4561e144ec8227817f.sample.
   at: _load (core/io/resource_loader.cpp:317)
   GDScript backtrace (most recent call first):
       [0] load_stream (res://scripts/audio/procedural_audio_bank.gd:49)
       [1] preload_launch_bank (res://scripts/audio/procedural_audio_bank.gd:140)
       [2] self_test (res://scripts/audio/procedural_audio_bank.gd:163)
       [3] run (res://tests/smoke_anime_beta_content.gd:103)
       [4] _invoke (res://tests/smoke_runner.gd:38)
       [5] _run_all (res://tests/smoke_runner.gd:57)
ERROR: Failed loading resource: res://assets/audio/procedural/fighters/rook-ironside/ko.wav.
   at: _load (core/io/resource_loader.cpp:317)
   GDScript backtrace (most recent call first):
       [0] load_stream (res://scripts/audio/procedural_audio_bank.gd:49)
       [1] preload_launch_bank (res://scripts/audio/procedural_audio_bank.gd:140)
       [2] self_test (res://scripts/audio/procedural_audio_bank.gd:163)
       [3] run (res://tests/smoke_anime_beta_content.gd:103)
       [4] _invoke (res://tests/smoke_runner.gd:38)
       [5] _run_all (res://tests/smoke_runner.gd:57)
ERROR: Cannot open file 'res://.godot/imported/hit.wav-6874af86f824cc584a40d9a8c1971d92.sample'.
   at: load (core/io/resource_format_binary.cpp:1156)
   GDScript backtrace (most recent call first):
       [0] load_stream (res://scripts/audio/procedural_audio_bank.gd:49)
       [1] preload_launch_bank (res://scripts/audio/procedural_audio_bank.gd:140)
       [2] self_test (res://scripts/audio/procedural_audio_bank.gd:163)
       [3] run (res://tests/smoke_anime_beta_content.gd:103)
       [4] _invoke (res://tests/smoke_runner.gd:38)
       [5] _run_all (res://tests/smoke_runner.gd:57)
ERROR: Failed loading resource: res://.godot/imported/hit.wav-6874af86f824cc584a40d9a8c1971d92.sample.
   at: _load (core/io/resource_loader.cpp:317)
   GDScript backtrace (most recent call first):
       [0] load_stream (res://scripts/audio/procedural_audio_bank.gd:49)
       [1] preload_launch_bank (res://scripts/audio/procedural_audio_bank.gd:140)
       [2] self_test (res://scripts/audio/procedural_audio_bank.gd:163)
       [3] run (res://tests/smoke_anime_beta_content.gd:103)
       [4] _invoke (res://tests/smoke_runner.gd:38)
       [5] _run_all (res://tests/smoke_runner.gd:57)
ERROR: Failed loading resource: res://assets/audio/procedural/fighters/juno-spark/hit.wav.
   at: _load (core/io/resource_loader.cpp:317)
   GDScript backtrace (most recent call first):
       [0] load_stream (res://scripts/audio/procedural_audio_bank.gd:49)
       [1] preload_launch_bank (res://scripts/audio/procedural_audio_bank.gd:140)
       [2] self_test (res://scripts/audio/procedural_audio_bank.gd:163)
       [3] run (res://tests/smoke_anime_beta_content.gd:103)
       [4] _invoke (res://tests/smoke_runner.gd:38)
       [5] _run_all (res://tests/smoke_runner.gd:57)
ERROR: Cannot open file 'res://.godot/imported/move.wav-af70351902fc5dc4e6f91b87c575dfa2.sample'.
   at: load (core/io/resource_format_binary.cpp:1156)
   GDScript backtrace (most recent call first):
       [0] load_stream (res://scripts/audio/procedural_audio_bank.gd:49)
       [1] preload_launch_bank (res://scripts/audio/procedural_audio_bank.gd:140)
       [2] self_test (res://scripts/audio/procedural_audio_bank.gd:163)
       [3] run (res://tests/smoke_anime_beta_content.gd:103)
       [4] _invoke (res://tests/smoke_runner.gd:38)
       [5] _run_all (res://tests/smoke_runner.gd:57)
ERROR: Failed loading resource: res://.godot/imported/move.wav-af70351902fc5dc4e6f91b87c575dfa2.sample.
   at: _load (core/io/resource_loader.cpp:317)
   GDScript backtrace (most recent call first):
       [0] load_stream (res://scripts/audio/procedural_audio_bank.gd:49)
       [1] preload_launch_bank (res://scripts/audio/procedural_audio_bank.gd:140)
       [2] self_test (res://scripts/audio/procedural_audio_bank.gd:163)
       [3] run (res://tests/smoke_anime_beta_content.gd:103)
       [4] _invoke (res://tests/smoke_runner.gd:38)
       [5] _run_all (res://tests/smoke_runner.gd:57)
ERROR: Failed loading resource: res://assets/audio/procedural/fighters/juno-spark/move.wav.
   at: _load (core/io/resource_loader.cpp:317)
   GDScript backtrace (most recent call first):
       [0] load_stream (res://scripts/audio/procedural_audio_bank.gd:49)
       [1] preload_launch_bank (res://scripts/audio/procedural_audio_bank.gd:140)
       [2] self_test (res://scripts/audio/procedural_audio_bank.gd:163)
       [3] run (res://tests/smoke_anime_beta_content.gd:103)
       [4] _invoke (res://tests/smoke_runner.gd:38)
       [5] _run_all (res://tests/smoke_runner.gd:57)
ERROR: Cannot open file 'res://.godot/imported/charge.wav-36e02928cfc72a42dc4505cde2ca2213.sample'.
   at: load (core/io/resource_format_binary.cpp:1156)
   GDScript backtrace (most recent call first):
       [0] load_stream (res://scripts/audio/procedural_audio_bank.gd:49)
       [1] preload_launch_bank (res://scripts/audio/procedural_audio_bank.gd:140)
       [2] self_test (res://scripts/audio/procedural_audio_bank.gd:163)
       [3] run (res://tests/smoke_anime_beta_content.gd:103)
       [4] _invoke (res://tests/smoke_runner.gd:38)
       [5] _run_all (res://tests/smoke_runner.gd:57)
ERROR: Failed loading resource: res://.godot/imported/charge.wav-36e02928cfc72a42dc4505cde2ca2213.sample.
   at: _load (core/io/resource_loader.cpp:317)
   GDScript backtrace (most recent call first):
       [0] load_stream (res://scripts/audio/procedural_audio_bank.gd:49)
       [1] preload_launch_bank (res://scripts/audio/procedural_audio_bank.gd:140)
       [2] self_test (res://scripts/audio/procedural_audio_bank.gd:163)
       [3] run (res://tests/smoke_anime_beta_content.gd:103)
       [4] _invoke (res://tests/smoke_runner.gd:38)
       [5] _run_all (res://tests/smoke_runner.gd:57)
ERROR: Failed loading resource: res://assets/audio/procedural/fighters/juno-spark/charge.wav.
   at: _load (core/io/resource_loader.cpp:317)
   GDScript backtrace (most recent call first):
       [0] load_stream (res://scripts/audio/procedural_audio_bank.gd:49)
       [1] preload_launch_bank (res://scripts/audio/procedural_audio_bank.gd:140)
       [2] self_test (res://scripts/audio/procedural_audio_bank.gd:163)
       [3] run (res://tests/smoke_anime_beta_content.gd:103)
       [4] _invoke (res://tests/smoke_runner.gd:38)
       [5] _run_all (res://tests/smoke_runner.gd:57)
ERROR: Cannot open file 'res://.godot/imported/projectile.wav-e7574a294503656143a105d578323c5d.sample'.
   at: load (core/io/resource_format_binary.cpp:1156)
   GDScript backtrace (most recent call first):
       [0] load_stream (res://scripts/audio/procedural_audio_bank.gd:49)
       [1] preload_launch_bank (res://scripts/audio/procedural_audio_bank.gd:140)
       [2] self_test (res://scripts/audio/procedural_audio_bank.gd:163)
       [3] run (res://tests/smoke_anime_beta_content.gd:103)
       [4] _invoke (res://tests/smoke_runner.gd:38)
       [5] _run_all (res://tests/smoke_runner.gd:57)
ERROR: Failed loading resource: res://.godot/imported/projectile.wav-e7574a294503656143a105d578323c5d.sample.
   at: _load (core/io/resource_loader.cpp:317)
   GDScript backtrace (most recent call first):
       [0] load_stream (res://scripts/audio/procedural_audio_bank.gd:49)
       [1] preload_launch_bank (res://scripts/audio/procedural_audio_bank.gd:140)
       [2] self_test (res://scripts/audio/procedural_audio_bank.gd:163)
       [3] run (res://tests/smoke_anime_beta_content.gd:103)
       [4] _invoke (res://tests/smoke_runner.gd:38)
       [5] _run_all (res://tests/smoke_runner.gd:57)
ERROR: Failed loading resource: res://assets/audio/procedural/fighters/juno-spark/projectile.wav.
   at: _load (core/io/resource_loader.cpp:317)
   GDScript backtrace (most recent call first):
       [0] load_stream (res://scripts/audio/procedural_audio_bank.gd:49)
       [1] preload_launch_bank (res://scripts/audio/procedural_audio_bank.gd:140)
       [2] self_test (res://scripts/audio/procedural_audio_bank.gd:163)
       [3] run (res://tests/smoke_anime_beta_content.gd:103)
       [4] _invoke (res://tests/smoke_runner.gd:38)
       [5] _run_all (res://tests/smoke_runner.gd:57)
ERROR: Cannot open file 'res://.godot/imported/signature.wav-cf3a1d0327b3746ad8c949227af509c4.sample'.
   at: load (core/io/resource_format_binary.cpp:1156)
   GDScript backtrace (most recent call first):
       [0] load_stream (res://scripts/audio/procedural_audio_bank.gd:49)
       [1] preload_launch_bank (res://scripts/audio/procedural_audio_bank.gd:140)
       [2] self_test (res://scripts/audio/procedural_audio_bank.gd:163)
       [3] run (res://tests/smoke_anime_beta_content.gd:103)
       [4] _invoke (res://tests/smoke_runner.gd:38)
       [5] _run_all (res://tests/smoke_runner.gd:57)
ERROR: Failed loading resource: res://.godot/imported/signature.wav-cf3a1d0327b3746ad8c949227af509c4.sample.
   at: _load (core/io/resource_loader.cpp:317)
   GDScript backtrace (most recent call first):
       [0] load_stream (res://scripts/audio/procedural_audio_bank.gd:49)
       [1] preload_launch_bank (res://scripts/audio/procedural_audio_bank.gd:140)
       [2] self_test (res://scripts/audio/procedural_audio_bank.gd:163)
       [3] run (res://tests/smoke_anime_beta_content.gd:103)
       [4] _invoke (res://tests/smoke_runner.gd:38)
       [5] _run_all (res://tests/smoke_runner.gd:57)
ERROR: Failed loading resource: res://assets/audio/procedural/fighters/juno-spark/signature.wav.
   at: _load (core/io/resource_loader.cpp:317)
   GDScript backtrace (most recent call first):
       [0] load_stream (res://scripts/audio/procedural_audio_bank.gd:49)
       [1] preload_launch_bank (res://scripts/audio/procedural_audio_bank.gd:140)
       [2] self_test (res://scripts/audio/procedural_audio_bank.gd:163)
       [3] run (res://tests/smoke_anime_beta_content.gd:103)
       [4] _invoke (res://tests/smoke_runner.gd:38)
       [5] _run_all (res://tests/smoke_runner.gd:57)
ERROR: Cannot open file 'res://.godot/imported/defense.wav-c1f1e8016833c609278775768eb12ca4.sample'.
   at: load (core/io/resource_format_binary.cpp:1156)
   GDScript backtrace (most recent call first):
       [0] load_stream (res://scripts/audio/procedural_audio_bank.gd:49)
       [1] preload_launch_bank (res://scripts/audio/procedural_audio_bank.gd:140)
       [2] self_test (res://scripts/audio/procedural_audio_bank.gd:163)
       [3] run (res://tests/smoke_anime_beta_content.gd:103)
       [4] _invoke (res://tests/smoke_runner.gd:38)
       [5] _run_all (res://tests/smoke_runner.gd:57)
ERROR: Failed loading resource: res://.godot/imported/defense.wav-c1f1e8016833c609278775768eb12ca4.sample.
   at: _load (core/io/resource_loader.cpp:317)
   GDScript backtrace (most recent call first):
       [0] load_stream (res://scripts/audio/procedural_audio_bank.gd:49)
       [1] preload_launch_bank (res://scripts/audio/procedural_audio_bank.gd:140)
       [2] self_test (res://scripts/audio/procedural_audio_bank.gd:163)
       [3] run (res://tests/smoke_anime_beta_content.gd:103)
       [4] _invoke (res://tests/smoke_runner.gd:38)
       [5] _run_all (res://tests/smoke_runner.gd:57)
ERROR: Failed loading resource: res://assets/audio/procedural/fighters/juno-spark/defense.wav.
   at: _load (core/io/resource_loader.cpp:317)
   GDScript backtrace (most recent call first):
       [0] load_stream (res://scripts/audio/procedural_audio_bank.gd:49)
       [1] preload_launch_bank (res://scripts/audio/procedural_audio_bank.gd:140)
       [2] self_test (res://scripts/audio/procedural_audio_bank.gd:163)
       [3] run (res://tests/smoke_anime_beta_content.gd:103)
       [4] _invoke (res://tests/smoke_runner.gd:38)
       [5] _run_all (res://tests/smoke_runner.gd:57)
ERROR: Cannot open file 'res://.godot/imported/ko.wav-49b48b6f7e702bff2d3b3941a0d37fad.sample'.
   at: load (core/io/resource_format_binary.cpp:1156)
   GDScript backtrace (most recent call first):
       [0] load_stream (res://scripts/audio/procedural_audio_bank.gd:49)
       [1] preload_launch_bank (res://scripts/audio/procedural_audio_bank.gd:140)
       [2] self_test (res://scripts/audio/procedural_audio_bank.gd:163)
       [3] run (res://tests/smoke_anime_beta_content.gd:103)
       [4] _invoke (res://tests/smoke_runner.gd:38)
       [5] _run_all (res://tests/smoke_runner.gd:57)
ERROR: Failed loading resource: res://.godot/imported/ko.wav-49b48b6f7e702bff2d3b3941a0d37fad.sample.
   at: _load (core/io/resource_loader.cpp:317)
   GDScript backtrace (most recent call first):
       [0] load_stream (res://scripts/audio/procedural_audio_bank.gd:49)
       [1] preload_launch_bank (res://scripts/audio/procedural_audio_bank.gd:140)
       [2] self_test (res://scripts/audio/procedural_audio_bank.gd:163)
       [3] run (res://tests/smoke_anime_beta_content.gd:103)
       [4] _invoke (res://tests/smoke_runner.gd:38)
       [5] _run_all (res://tests/smoke_runner.gd:57)
ERROR: Failed loading resource: res://assets/audio/procedural/fighters/juno-spark/ko.wav.
   at: _load (core/io/resource_loader.cpp:317)
   GDScript backtrace (most recent call first):
       [0] load_stream (res://scripts/audio/procedural_audio_bank.gd:49)
       [1] preload_launch_bank (res://scripts/audio/procedural_audio_bank.gd:140)
       [2] self_test (res://scripts/audio/procedural_audio_bank.gd:163)
       [3] run (res://tests/smoke_anime_beta_content.gd:103)
       [4] _invoke (res://tests/smoke_runner.gd:38)
       [5] _run_all (res://tests/smoke_runner.gd:57)
ERROR: Cannot open file 'res://.godot/imported/hit.wav-1fbc6112bd9bc2f247e23723a609328b.sample'.
   at: load (core/io/resource_format_binary.cpp:1156)
   GDScript backtrace (most recent call first):
       [0] load_stream (res://scripts/audio/procedural_audio_bank.gd:49)
       [1] preload_launch_bank (res://scripts/audio/procedural_audio_bank.gd:140)
       [2] self_test (res://scripts/audio/procedural_audio_bank.gd:163)
       [3] run (res://tests/smoke_anime_beta_content.gd:103)
       [4] _invoke (res://tests/smoke_runner.gd:38)
       [5] _run_all (res://tests/smoke_runner.gd:57)
ERROR: Failed loading resource: res://.godot/imported/hit.wav-1fbc6112bd9bc2f247e23723a609328b.sample.
   at: _load (core/io/resource_loader.cpp:317)
   GDScript backtrace (most recent call first):
       [0] load_stream (res://scripts/audio/procedural_audio_bank.gd:49)
       [1] preload_launch_bank (res://scripts/audio/procedural_audio_bank.gd:140)
       [2] self_test (res://scripts/audio/procedural_audio_bank.gd:163)
       [3] run (res://tests/smoke_anime_beta_content.gd:103)
       [4] _invoke (res://tests/smoke_runner.gd:38)
       [5] _run_all (res://tests/smoke_runner.gd:57)
ERROR: Failed loading resource: res://assets/audio/procedural/fighters/kaia-windrow/hit.wav.
   at: _load (core/io/resource_loader.cpp:317)
   GDScript backtrace (most recent call first):
       [0] load_stream (res://scripts/audio/procedural_audio_bank.gd:49)
       [1] preload_launch_bank (res://scripts/audio/procedural_audio_bank.gd:140)
       [2] self_test (res://scripts/audio/procedural_audio_bank.gd:163)
       [3] run (res://tests/smoke_anime_beta_content.gd:103)
       [4] _invoke (res://tests/smoke_runner.gd:38)
       [5] _run_all (res://tests/smoke_runner.gd:57)
ERROR: Cannot open file 'res://.godot/imported/move.wav-701681847d6eb4b296b892b2c7f62b0c.sample'.
   at: load (core/io/resource_format_binary.cpp:1156)
   GDScript backtrace (most recent call first):
       [0] load_stream (res://scripts/audio/procedural_audio_bank.gd:49)
       [1] preload_launch_bank (res://scripts/audio/procedural_audio_bank.gd:140)
       [2] self_test (res://scripts/audio/procedural_audio_bank.gd:163)
       [3] run (res://tests/smoke_anime_beta_content.gd:103)
       [4] _invoke (res://tests/smoke_runner.gd:38)
       [5] _run_all (res://tests/smoke_runner.gd:57)
ERROR: Failed loading resource: res://.godot/imported/move.wav-701681847d6eb4b296b892b2c7f62b0c.sample.
   at: _load (core/io/resource_loader.cpp:317)
   GDScript backtrace (most recent call first):
       [0] load_stream (res://scripts/audio/procedural_audio_bank.gd:49)
       [1] preload_launch_bank (res://scripts/audio/procedural_audio_bank.gd:140)
       [2] self_test (res://scripts/audio/procedural_audio_bank.gd:163)
       [3] run (res://tests/smoke_anime_beta_content.gd:103)
       [4] _invoke (res://tests/smoke_runner.gd:38)
       [5] _run_all (res://tests/smoke_runner.gd:57)
ERROR: Failed loading resource: res://assets/audio/procedural/fighters/kaia-windrow/move.wav.
   at: _load (core/io/resource_loader.cpp:317)
   GDScript backtrace (most recent call first):
       [0] load_stream (res://scripts/audio/procedural_audio_bank.gd:49)
       [1] preload_launch_bank (res://scripts/audio/procedural_audio_bank.gd:140)
       [2] self_test (res://scripts/audio/procedural_audio_bank.gd:163)
       [3] run (res://tests/smoke_anime_beta_content.gd:103)
       [4] _invoke (res://tests/smoke_runner.gd:38)
       [5] _run_all (res://tests/smoke_runner.gd:57)
ERROR: Cannot open file 'res://.godot/imported/charge.wav-76bdecfb53b05e5c343ece916f3dd06f.sample'.
   at: load (core/io/resource_format_binary.cpp:1156)
   GDScript backtrace (most recent call first):
       [0] load_stream (res://scripts/audio/procedural_audio_bank.gd:49)
       [1] preload_launch_bank (res://scripts/audio/procedural_audio_bank.gd:140)
       [2] self_test (res://scripts/audio/procedural_audio_bank.gd:163)
       [3] run (res://tests/smoke_anime_beta_content.gd:103)
       [4] _invoke (res://tests/smoke_runner.gd:38)
       [5] _run_all (res://tests/smoke_runner.gd:57)
ERROR: Failed loading resource: res://.godot/imported/charge.wav-76bdecfb53b05e5c343ece916f3dd06f.sample.
   at: _load (core/io/resource_loader.cpp:317)
   GDScript backtrace (most recent call first):
       [0] load_stream (res://scripts/audio/procedural_audio_bank.gd:49)
       [1] preload_launch_bank (res://scripts/audio/procedural_audio_bank.gd:140)
       [2] self_test (res://scripts/audio/procedural_audio_bank.gd:163)
       [3] run (res://tests/smoke_anime_beta_content.gd:103)
       [4] _invoke (res://tests/smoke_runner.gd:38)
       [5] _run_all (res://tests/smoke_runner.gd:57)
ERROR: Failed loading resource: res://assets/audio/procedural/fighters/kaia-windrow/charge.wav.
   at: _load (core/io/resource_loader.cpp:317)
   GDScript backtrace (most recent call first):
       [0] load_stream (res://scripts/audio/procedural_audio_bank.gd:49)
       [1] preload_launch_bank (res://scripts/audio/procedural_audio_bank.gd:140)
       [2] self_test (res://scripts/audio/procedural_audio_bank.gd:163)
       [3] run (res://tests/smoke_anime_beta_content.gd:103)
       [4] _invoke (res://tests/smoke_runner.gd:38)
       [5] _run_all (res://tests/smoke_runner.gd:57)
ERROR: Cannot open file 'res://.godot/imported/projectile.wav-1bb4bcfe274d114d8806324f70f1e97e.sample'.
   at: load (core/io/resource_format_binary.cpp:1156)
   GDScript backtrace (most recent call first):
       [0] load_stream (res://scripts/audio/procedural_audio_bank.gd:49)
       [1] preload_launch_bank (res://scripts/audio/procedural_audio_bank.gd:140)
       [2] self_test (res://scripts/audio/procedural_audio_bank.gd:163)
       [3] run (res://tests/smoke_anime_beta_content.gd:103)
       [4] _invoke (res://tests/smoke_runner.gd:38)
       [5] _run_all (res://tests/smoke_runner.gd:57)
ERROR: Failed loading resource: res://.godot/imported/projectile.wav-1bb4bcfe274d114d8806324f70f1e97e.sample.
   at: _load (core/io/resource_loader.cpp:317)
   GDScript backtrace (most recent call first):
       [0] load_stream (res://scripts/audio/procedural_audio_bank.gd:49)
       [1] preload_launch_bank (res://scripts/audio/procedural_audio_bank.gd:140)
       [2] self_test (res://scripts/audio/procedural_audio_bank.gd:163)
       [3] run (res://tests/smoke_anime_beta_content.gd:103)
       [4] _invoke (res://tests/smoke_runner.gd:38)
       [5] _run_all (res://tests/smoke_runner.gd:57)
ERROR: Failed loading resource: res://assets/audio/procedural/fighters/kaia-windrow/projectile.wav.
   at: _load (core/io/resource_loader.cpp:317)
   GDScript backtrace (most recent call first):
       [0] load_stream (res://scripts/audio/procedural_audio_bank.gd:49)
       [1] preload_launch_bank (res://scripts/audio/procedural_audio_bank.gd:140)
       [2] self_test (res://scripts/audio/procedural_audio_bank.gd:163)
       [3] run (res://tests/smoke_anime_beta_content.gd:103)
       [4] _invoke (res://tests/smoke_runner.gd:38)
       [5] _run_all (res://tests/smoke_runner.gd:57)
ERROR: Cannot open file 'res://.godot/imported/signature.wav-5d4635ace7238a38e1430aa4022c921f.sample'.
   at: load (core/io/resource_format_binary.cpp:1156)
   GDScript backtrace (most recent call first):
       [0] load_stream (res://scripts/audio/procedural_audio_bank.gd:49)
       [1] preload_launch_bank (res://scripts/audio/procedural_audio_bank.gd:140)
       [2] self_test (res://scripts/audio/procedural_audio_bank.gd:163)
       [3] run (res://tests/smoke_anime_beta_content.gd:103)
       [4] _invoke (res://tests/smoke_runner.gd:38)
       [5] _run_all (res://tests/smoke_runner.gd:57)
ERROR: Failed loading resource: res://.godot/imported/signature.wav-5d4635ace7238a38e1430aa4022c921f.sample.
   at: _load (core/io/resource_loader.cpp:317)
   GDScript backtrace (most recent call first):
       [0] load_stream (res://scripts/audio/procedural_audio_bank.gd:49)
       [1] preload_launch_bank (res://scripts/audio/procedural_audio_bank.gd:140)
       [2] self_test (res://scripts/audio/procedural_audio_bank.gd:163)
       [3] run (res://tests/smoke_anime_beta_content.gd:103)
       [4] _invoke (res://tests/smoke_runner.gd:38)
       [5] _run_all (res://tests/smoke_runner.gd:57)
ERROR: Failed loading resource: res://assets/audio/procedural/fighters/kaia-windrow/signature.wav.
   at: _load (core/io/resource_loader.cpp:317)
   GDScript backtrace (most recent call first):
       [0] load_stream (res://scripts/audio/procedural_audio_bank.gd:49)
       [1] preload_launch_bank (res://scripts/audio/procedural_audio_bank.gd:140)
       [2] self_test (res://scripts/audio/procedural_audio_bank.gd:163)
       [3] run (res://tests/smoke_anime_beta_content.gd:103)
       [4] _invoke (res://tests/smoke_runner.gd:38)
       [5] _run_all (res://tests/smoke_runner.gd:57)
ERROR: Cannot open file 'res://.godot/imported/defense.wav-0ba89c2b5bb4901fc55ea9e9565fbd0f.sample'.
   at: load (core/io/resource_format_binary.cpp:1156)
   GDScript backtrace (most recent call first):
       [0] load_stream (res://scripts/audio/procedural_audio_bank.gd:49)
       [1] preload_launch_bank (res://scripts/audio/procedural_audio_bank.gd:140)
       [2] self_test (res://scripts/audio/procedural_audio_bank.gd:163)
       [3] run (res://tests/smoke_anime_beta_content.gd:103)
       [4] _invoke (res://tests/smoke_runner.gd:38)
       [5] _run_all (res://tests/smoke_runner.gd:57)
ERROR: Failed loading resource: res://.godot/imported/defense.wav-0ba89c2b5bb4901fc55ea9e9565fbd0f.sample.
   at: _load (core/io/resource_loader.cpp:317)
   GDScript backtrace (most recent call first):
       [0] load_stream (res://scripts/audio/procedural_audio_bank.gd:49)
       [1] preload_launch_bank (res://scripts/audio/procedural_audio_bank.gd:140)
       [2] self_test (res://scripts/audio/procedural_audio_bank.gd:163)
       [3] run (res://tests/smoke_anime_beta_content.gd:103)
       [4] _invoke (res://tests/smoke_runner.gd:38)
       [5] _run_all (res://tests/smoke_runner.gd:57)
ERROR: Failed loading resource: res://assets/audio/procedural/fighters/kaia-windrow/defense.wav.
   at: _load (core/io/resource_loader.cpp:317)
   GDScript backtrace (most recent call first):
       [0] load_stream (res://scripts/audio/procedural_audio_bank.gd:49)
       [1] preload_launch_bank (res://scripts/audio/procedural_audio_bank.gd:140)
       [2] self_test (res://scripts/audio/procedural_audio_bank.gd:163)
       [3] run (res://tests/smoke_anime_beta_content.gd:103)
       [4] _invoke (res://tests/smoke_runner.gd:38)
       [5] _run_all (res://tests/smoke_runner.gd:57)
ERROR: Cannot open file 'res://.godot/imported/ko.wav-4513d1018a4a187cb65447b2903b82b6.sample'.
   at: load (core/io/resource_format_binary.cpp:1156)
   GDScript backtrace (most recent call first):
       [0] load_stream (res://scripts/audio/procedural_audio_bank.gd:49)
       [1] preload_launch_bank (res://scripts/audio/procedural_audio_bank.gd:140)
       [2] self_test (res://scripts/audio/procedural_audio_bank.gd:163)
       [3] run (res://tests/smoke_anime_beta_content.gd:103)
       [4] _invoke (res://tests/smoke_runner.gd:38)
       [5] _run_all (res://tests/smoke_runner.gd:57)
ERROR: Failed loading resource: res://.godot/imported/ko.wav-4513d1018a4a187cb65447b2903b82b6.sample.
   at: _load (core/io/resource_loader.cpp:317)
   GDScript backtrace (most recent call first):
       [0] load_stream (res://scripts/audio/procedural_audio_bank.gd:49)
       [1] preload_launch_bank (res://scripts/audio/procedural_audio_bank.gd:140)
       [2] self_test (res://scripts/audio/procedural_audio_bank.gd:163)
       [3] run (res://tests/smoke_anime_beta_content.gd:103)
       [4] _invoke (res://tests/smoke_runner.gd:38)
       [5] _run_all (res://tests/smoke_runner.gd:57)
ERROR: Failed loading resource: res://assets/audio/procedural/fighters/kaia-windrow/ko.wav.
   at: _load (core/io/resource_loader.cpp:317)
   GDScript backtrace (most recent call first):
       [0] load_stream (res://scripts/audio/procedural_audio_bank.gd:49)
       [1] preload_launch_bank (res://scripts/audio/procedural_audio_bank.gd:140)
       [2] self_test (res://scripts/audio/procedural_audio_bank.gd:163)
       [3] run (res://tests/smoke_anime_beta_content.gd:103)
       [4] _invoke (res://tests/smoke_runner.gd:38)
       [5] _run_all (res://tests/smoke_runner.gd:57)
ERROR: Cannot open file 'res://.godot/imported/hit.wav-a67cbd217a8f9b2e3b23628f05ff4d4e.sample'.
   at: load (core/io/resource_format_binary.cpp:1156)
   GDScript backtrace (most recent call first):
       [0] load_stream (res://scripts/audio/procedural_audio_bank.gd:49)
       [1] preload_launch_bank (res://scripts/audio/procedural_audio_bank.gd:140)
       [2] self_test (res://scripts/audio/procedural_audio_bank.gd:163)
       [3] run (res://tests/smoke_anime_beta_content.gd:103)
       [4] _invoke (res://tests/smoke_runner.gd:38)
       [5] _run_all (res://tests/smoke_runner.gd:57)
ERROR: Failed loading resource: res://.godot/imported/hit.wav-a67cbd217a8f9b2e3b23628f05ff4d4e.sample.
   at: _load (core/io/resource_loader.cpp:317)
   GDScript backtrace (most recent call first):
       [0] load_stream (res://scripts/audio/procedural_audio_bank.gd:49)
       [1] preload_launch_bank (res://scripts/audio/procedural_audio_bank.gd:140)
       [2] self_test (res://scripts/audio/procedural_audio_bank.gd:163)
       [3] run (res://tests/smoke_anime_beta_content.gd:103)
       [4] _invoke (res://tests/smoke_runner.gd:38)
       [5] _run_all (res://tests/smoke_runner.gd:57)
ERROR: Failed loading resource: res://assets/audio/procedural/fighters/nix-calder/hit.wav.
   at: _load (core/io/resource_loader.cpp:317)
   GDScript backtrace (most recent call first):
       [0] load_stream (res://scripts/audio/procedural_audio_bank.gd:49)
       [1] preload_launch_bank (res://scripts/audio/procedural_audio_bank.gd:140)
       [2] self_test (res://scripts/audio/procedural_audio_bank.gd:163)
       [3] run (res://tests/smoke_anime_beta_content.gd:103)
       [4] _invoke (res://tests/smoke_runner.gd:38)
       [5] _run_all (res://tests/smoke_runner.gd:57)
ERROR: Cannot open file 'res://.godot/imported/move.wav-4b4bef5ef771516b005bda90fc1a803a.sample'.
   at: load (core/io/resource_format_binary.cpp:1156)
   GDScript backtrace (most recent call first):
       [0] load_stream (res://scripts/audio/procedural_audio_bank.gd:49)
       [1] preload_launch_bank (res://scripts/audio/procedural_audio_bank.gd:140)
       [2] self_test (res://scripts/audio/procedural_audio_bank.gd:163)
       [3] run (res://tests/smoke_anime_beta_content.gd:103)
       [4] _invoke (res://tests/smoke_runner.gd:38)
       [5] _run_all (res://tests/smoke_runner.gd:57)
ERROR: Failed loading resource: res://.godot/imported/move.wav-4b4bef5ef771516b005bda90fc1a803a.sample.
   at: _load (core/io/resource_loader.cpp:317)
   GDScript backtrace (most recent call first):
       [0] load_stream (res://scripts/audio/procedural_audio_bank.gd:49)
       [1] preload_launch_bank (res://scripts/audio/procedural_audio_bank.gd:140)
       [2] self_test (res://scripts/audio/procedural_audio_bank.gd:163)
       [3] run (res://tests/smoke_anime_beta_content.gd:103)
       [4] _invoke (res://tests/smoke_runner.gd:38)
       [5] _run_all (res://tests/smoke_runner.gd:57)
ERROR: Failed loading resource: res://assets/audio/procedural/fighters/nix-calder/move.wav.
   at: _load (core/io/resource_loader.cpp:317)
   GDScript backtrace (most recent call first):
       [0] load_stream (res://scripts/audio/procedural_audio_bank.gd:49)
       [1] preload_launch_bank (res://scripts/audio/procedural_audio_bank.gd:140)
       [2] self_test (res://scripts/audio/procedural_audio_bank.gd:163)
       [3] run (res://tests/smoke_anime_beta_content.gd:103)
       [4] _invoke (res://tests/smoke_runner.gd:38)
       [5] _run_all (res://tests/smoke_runner.gd:57)
ERROR: Cannot open file 'res://.godot/imported/charge.wav-f1f90c7c6a4a90cb176cbae354304907.sample'.
   at: load (core/io/resource_format_binary.cpp:1156)
   GDScript backtrace (most recent call first):
       [0] load_stream (res://scripts/audio/procedural_audio_bank.gd:49)
       [1] preload_launch_bank (res://scripts/audio/procedural_audio_bank.gd:140)
       [2] self_test (res://scripts/audio/procedural_audio_bank.gd:163)
       [3] run (res://tests/smoke_anime_beta_content.gd:103)
       [4] _invoke (res://tests/smoke_runner.gd:38)
       [5] _run_all (res://tests/smoke_runner.gd:57)
ERROR: Failed loading resource: res://.godot/imported/charge.wav-f1f90c7c6a4a90cb176cbae354304907.sample.
   at: _load (core/io/resource_loader.cpp:317)
   GDScript backtrace (most recent call first):
       [0] load_stream (res://scripts/audio/procedural_audio_bank.gd:49)
       [1] preload_launch_bank (res://scripts/audio/procedural_audio_bank.gd:140)
       [2] self_test (res://scripts/audio/procedural_audio_bank.gd:163)
       [3] run (res://tests/smoke_anime_beta_content.gd:103)
       [4] _invoke (res://tests/smoke_runner.gd:38)
       [5] _run_all (res://tests/smoke_runner.gd:57)
ERROR: Failed loading resource: res://assets/audio/procedural/fighters/nix-calder/charge.wav.
   at: _load (core/io/resource_loader.cpp:317)
   GDScript backtrace (most recent call first):
       [0] load_stream (res://scripts/audio/procedural_audio_bank.gd:49)
       [1] preload_launch_bank (res://scripts/audio/procedural_audio_bank.gd:140)
       [2] self_test (res://scripts/audio/procedural_audio_bank.gd:163)
       [3] run (res://tests/smoke_anime_beta_content.gd:103)
       [4] _invoke (res://tests/smoke_runner.gd:38)
       [5] _run_all (res://tests/smoke_runner.gd:57)
ERROR: Cannot open file 'res://.godot/imported/projectile.wav-b571d98d27477edbdce8eb79fc2bc789.sample'.
   at: load (core/io/resource_format_binary.cpp:1156)
   GDScript backtrace (most recent call first):
       [0] load_stream (res://scripts/audio/procedural_audio_bank.gd:49)
       [1] preload_launch_bank (res://scripts/audio/procedural_audio_bank.gd:140)
       [2] self_test (res://scripts/audio/procedural_audio_bank.gd:163)
       [3] run (res://tests/smoke_anime_beta_content.gd:103)
       [4] _invoke (res://tests/smoke_runner.gd:38)
       [5] _run_all (res://tests/smoke_runner.gd:57)
ERROR: Failed loading resource: res://.godot/imported/projectile.wav-b571d98d27477edbdce8eb79fc2bc789.sample.
   at: _load (core/io/resource_loader.cpp:317)
   GDScript backtrace (most recent call first):
       [0] load_stream (res://scripts/audio/procedural_audio_bank.gd:49)
       [1] preload_launch_bank (res://scripts/audio/procedural_audio_bank.gd:140)
       [2] self_test (res://scripts/audio/procedural_audio_bank.gd:163)
       [3] run (res://tests/smoke_anime_beta_content.gd:103)
       [4] _invoke (res://tests/smoke_runner.gd:38)
       [5] _run_all (res://tests/smoke_runner.gd:57)
ERROR: Failed loading resource: res://assets/audio/procedural/fighters/nix-calder/projectile.wav.
   at: _load (core/io/resource_loader.cpp:317)
   GDScript backtrace (most recent call first):
       [0] load_stream (res://scripts/audio/procedural_audio_bank.gd:49)
       [1] preload_launch_bank (res://scripts/audio/procedural_audio_bank.gd:140)
       [2] self_test (res://scripts/audio/procedural_audio_bank.gd:163)
       [3] run (res://tests/smoke_anime_beta_content.gd:103)
       [4] _invoke (res://tests/smoke_runner.gd:38)
       [5] _run_all (res://tests/smoke_runner.gd:57)
ERROR: Cannot open file 'res://.godot/imported/signature.wav-df6b467045fea522f2696273a126a33b.sample'.
   at: load (core/io/resource_format_binary.cpp:1156)
   GDScript backtrace (most recent call first):
       [0] load_stream (res://scripts/audio/procedural_audio_bank.gd:49)
       [1] preload_launch_bank (res://scripts/audio/procedural_audio_bank.gd:140)
       [2] self_test (res://scripts/audio/procedural_audio_bank.gd:163)
       [3] run (res://tests/smoke_anime_beta_content.gd:103)
       [4] _invoke (res://tests/smoke_runner.gd:38)
       [5] _run_all (res://tests/smoke_runner.gd:57)
ERROR: Failed loading resource: res://.godot/imported/signature.wav-df6b467045fea522f2696273a126a33b.sample.
   at: _load (core/io/resource_loader.cpp:317)
   GDScript backtrace (most recent call first):
       [0] load_stream (res://scripts/audio/procedural_audio_bank.gd:49)
       [1] preload_launch_bank (res://scripts/audio/procedural_audio_bank.gd:140)
       [2] self_test (res://scripts/audio/procedural_audio_bank.gd:163)
       [3] run (res://tests/smoke_anime_beta_content.gd:103)
       [4] _invoke (res://tests/smoke_runner.gd:38)
       [5] _run_all (res://tests/smoke_runner.gd:57)
ERROR: Failed loading resource: res://assets/audio/procedural/fighters/nix-calder/signature.wav.
   at: _load (core/io/resource_loader.cpp:317)
   GDScript backtrace (most recent call first):
       [0] load_stream (res://scripts/audio/procedural_audio_bank.gd:49)
       [1] preload_launch_bank (res://scripts/audio/procedural_audio_bank.gd:140)
       [2] self_test (res://scripts/audio/procedural_audio_bank.gd:163)
       [3] run (res://tests/smoke_anime_beta_content.gd:103)
       [4] _invoke (res://tests/smoke_runner.gd:38)
       [5] _run_all (res://tests/smoke_runner.gd:57)
ERROR: Cannot open file 'res://.godot/imported/defense.wav-de9de99abc516119a8802bb679dfb539.sample'.
   at: load (core/io/resource_format_binary.cpp:1156)
   GDScript backtrace (most recent call first):
       [0] load_stream (res://scripts/audio/procedural_audio_bank.gd:49)
       [1] preload_launch_bank (res://scripts/audio/procedural_audio_bank.gd:140)
       [2] self_test (res://scripts/audio/procedural_audio_bank.gd:163)
       [3] run (res://tests/smoke_anime_beta_content.gd:103)
       [4] _invoke (res://tests/smoke_runner.gd:38)
       [5] _run_all (res://tests/smoke_runner.gd:57)
ERROR: Failed loading resource: res://.godot/imported/defense.wav-de9de99abc516119a8802bb679dfb539.sample.
   at: _load (core/io/resource_loader.cpp:317)
   GDScript backtrace (most recent call first):
       [0] load_stream (res://scripts/audio/procedural_audio_bank.gd:49)
       [1] preload_launch_bank (res://scripts/audio/procedural_audio_bank.gd:140)
       [2] self_test (res://scripts/audio/procedural_audio_bank.gd:163)
       [3] run (res://tests/smoke_anime_beta_content.gd:103)
       [4] _invoke (res://tests/smoke_runner.gd:38)
       [5] _run_all (res://tests/smoke_runner.gd:57)
ERROR: Failed loading resource: res://assets/audio/procedural/fighters/nix-calder/defense.wav.
   at: _load (core/io/resource_loader.cpp:317)
   GDScript backtrace (most recent call first):
       [0] load_stream (res://scripts/audio/procedural_audio_bank.gd:49)
       [1] preload_launch_bank (res://scripts/audio/procedural_audio_bank.gd:140)
       [2] self_test (res://scripts/audio/procedural_audio_bank.gd:163)
       [3] run (res://tests/smoke_anime_beta_content.gd:103)
       [4] _invoke (res://tests/smoke_runner.gd:38)
       [5] _run_all (res://tests/smoke_runner.gd:57)
ERROR: Cannot open file 'res://.godot/imported/ko.wav-ee93122690ae23dfd61a4c6de5822d3f.sample'.
   at: load (core/io/resource_format_binary.cpp:1156)
   GDScript backtrace (most recent call first):
       [0] load_stream (res://scripts/audio/procedural_audio_bank.gd:49)
       [1] preload_launch_bank (res://scripts/audio/procedural_audio_bank.gd:140)
       [2] self_test (res://scripts/audio/procedural_audio_bank.gd:163)
       [3] run (res://tests/smoke_anime_beta_content.gd:103)
       [4] _invoke (res://tests/smoke_runner.gd:38)
       [5] _run_all (res://tests/smoke_runner.gd:57)
ERROR: Failed loading resource: res://.godot/imported/ko.wav-ee93122690ae23dfd61a4c6de5822d3f.sample.
   at: _load (core/io/resource_loader.cpp:317)
   GDScript backtrace (most recent call first):
       [0] load_stream (res://scripts/audio/procedural_audio_bank.gd:49)
       [1] preload_launch_bank (res://scripts/audio/procedural_audio_bank.gd:140)
       [2] self_test (res://scripts/audio/procedural_audio_bank.gd:163)
       [3] run (res://tests/smoke_anime_beta_content.gd:103)
       [4] _invoke (res://tests/smoke_runner.gd:38)
       [5] _run_all (res://tests/smoke_runner.gd:57)
ERROR: Failed loading resource: res://assets/audio/procedural/fighters/nix-calder/ko.wav.
   at: _load (core/io/resource_loader.cpp:317)
   GDScript backtrace (most recent call first):
       [0] load_stream (res://scripts/audio/procedural_audio_bank.gd:49)
       [1] preload_launch_bank (res://scripts/audio/procedural_audio_bank.gd:140)
       [2] self_test (res://scripts/audio/procedural_audio_bank.gd:163)
       [3] run (res://tests/smoke_anime_beta_content.gd:103)
       [4] _invoke (res://tests/smoke_runner.gd:38)
       [5] _run_all (res://tests/smoke_runner.gd:57)
ERROR: Cannot open file 'res://.godot/imported/hit.wav-d4e1209187230688aa0960b715761b00.sample'.
   at: load (core/io/resource_format_binary.cpp:1156)
   GDScript backtrace (most recent call first):
       [0] load_stream (res://scripts/audio/procedural_audio_bank.gd:49)
       [1] preload_launch_bank (res://scripts/audio/procedural_audio_bank.gd:140)
       [2] self_test (res://scripts/audio/procedural_audio_bank.gd:163)
       [3] run (res://tests/smoke_anime_beta_content.gd:103)
       [4] _invoke (res://tests/smoke_runner.gd:38)
       [5] _run_all (res://tests/smoke_runner.gd:57)
ERROR: Failed loading resource: res://.godot/imported/hit.wav-d4e1209187230688aa0960b715761b00.sample.
   at: _load (core/io/resource_loader.cpp:317)
   GDScript backtrace (most recent call first):
       [0] load_stream (res://scripts/audio/procedural_audio_bank.gd:49)
       [1] preload_launch_bank (res://scripts/audio/procedural_audio_bank.gd:140)
       [2] self_test (res://scripts/audio/procedural_audio_bank.gd:163)
       [3] run (res://tests/smoke_anime_beta_content.gd:103)
       [4] _invoke (res://tests/smoke_runner.gd:38)
       [5] _run_all (res://tests/smoke_runner.gd:57)
ERROR: Failed loading resource: res://assets/audio/procedural/fighters/orion-vell/hit.wav.
   at: _load (core/io/resource_loader.cpp:317)
   GDScript backtrace (most recent call first):
       [0] load_stream (res://scripts/audio/procedural_audio_bank.gd:49)
       [1] preload_launch_bank (res://scripts/audio/procedural_audio_bank.gd:140)
       [2] self_test (res://scripts/audio/procedural_audio_bank.gd:163)
       [3] run (res://tests/smoke_anime_beta_content.gd:103)
       [4] _invoke (res://tests/smoke_runner.gd:38)
       [5] _run_all (res://tests/smoke_runner.gd:57)
ERROR: Cannot open file 'res://.godot/imported/move.wav-bf694591e9edf78df66c182da24ee055.sample'.
   at: load (core/io/resource_format_binary.cpp:1156)
   GDScript backtrace (most recent call first):
       [0] load_stream (res://scripts/audio/procedural_audio_bank.gd:49)
       [1] preload_launch_bank (res://scripts/audio/procedural_audio_bank.gd:140)
       [2] self_test (res://scripts/audio/procedural_audio_bank.gd:163)
       [3] run (res://tests/smoke_anime_beta_content.gd:103)
       [4] _invoke (res://tests/smoke_runner.gd:38)
       [5] _run_all (res://tests/smoke_runner.gd:57)
ERROR: Failed loading resource: res://.godot/imported/move.wav-bf694591e9edf78df66c182da24ee055.sample.
   at: _load (core/io/resource_loader.cpp:317)
   GDScript backtrace (most recent call first):
       [0] load_stream (res://scripts/audio/procedural_audio_bank.gd:49)
       [1] preload_launch_bank (res://scripts/audio/procedural_audio_bank.gd:140)
       [2] self_test (res://scripts/audio/procedural_audio_bank.gd:163)
       [3] run (res://tests/smoke_anime_beta_content.gd:103)
       [4] _invoke (res://tests/smoke_runner.gd:38)
       [5] _run_all (res://tests/smoke_runner.gd:57)
ERROR: Failed loading resource: res://assets/audio/procedural/fighters/orion-vell/move.wav.
   at: _load (core/io/resource_loader.cpp:317)
   GDScript backtrace (most recent call first):
       [0] load_stream (res://scripts/audio/procedural_audio_bank.gd:49)
       [1] preload_launch_bank (res://scripts/audio/procedural_audio_bank.gd:140)
       [2] self_test (res://scripts/audio/procedural_audio_bank.gd:163)
       [3] run (res://tests/smoke_anime_beta_content.gd:103)
       [4] _invoke (res://tests/smoke_runner.gd:38)
       [5] _run_all (res://tests/smoke_runner.gd:57)
ERROR: Cannot open file 'res://.godot/imported/charge.wav-1ca8b886029f06fc91b5fd33eda30172.sample'.
   at: load (core/io/resource_format_binary.cpp:1156)
   GDScript backtrace (most recent call first):
       [0] load_stream (res://scripts/audio/procedural_audio_bank.gd:49)
       [1] preload_launch_bank (res://scripts/audio/procedural_audio_bank.gd:140)
       [2] self_test (res://scripts/audio/procedural_audio_bank.gd:163)
       [3] run (res://tests/smoke_anime_beta_content.gd:103)
       [4] _invoke (res://tests/smoke_runner.gd:38)
       [5] _run_all (res://tests/smoke_runner.gd:57)
ERROR: Failed loading resource: res://.godot/imported/charge.wav-1ca8b886029f06fc91b5fd33eda30172.sample.
   at: _load (core/io/resource_loader.cpp:317)
   GDScript backtrace (most recent call first):
       [0] load_stream (res://scripts/audio/procedural_audio_bank.gd:49)
       [1] preload_launch_bank (res://scripts/audio/procedural_audio_bank.gd:140)
       [2] self_test (res://scripts/audio/procedural_audio_bank.gd:163)
       [3] run (res://tests/smoke_anime_beta_content.gd:103)
       [4] _invoke (res://tests/smoke_runner.gd:38)
       [5] _run_all (res://tests/smoke_runner.gd:57)
ERROR: Failed loading resource: res://assets/audio/procedural/fighters/orion-vell/charge.wav.
   at: _load (core/io/resource_loader.cpp:317)
   GDScript backtrace (most recent call first):
       [0] load_stream (res://scripts/audio/procedural_audio_bank.gd:49)
       [1] preload_launch_bank (res://scripts/audio/procedural_audio_bank.gd:140)
       [2] self_test (res://scripts/audio/procedural_audio_bank.gd:163)
       [3] run (res://tests/smoke_anime_beta_content.gd:103)
       [4] _invoke (res://tests/smoke_runner.gd:38)
       [5] _run_all (res://tests/smoke_runner.gd:57)
ERROR: Cannot open file 'res://.godot/imported/projectile.wav-7a68f9c7f9088e1ac2183358cd13adf7.sample'.
   at: load (core/io/resource_format_binary.cpp:1156)
   GDScript backtrace (most recent call first):
       [0] load_stream (res://scripts/audio/procedural_audio_bank.gd:49)
       [1] preload_launch_bank (res://scripts/audio/procedural_audio_bank.gd:140)
       [2] self_test (res://scripts/audio/procedural_audio_bank.gd:163)
       [3] run (res://tests/smoke_anime_beta_content.gd:103)
       [4] _invoke (res://tests/smoke_runner.gd:38)
       [5] _run_all (res://tests/smoke_runner.gd:57)
ERROR: Failed loading resource: res://.godot/imported/projectile.wav-7a68f9c7f9088e1ac2183358cd13adf7.sample.
   at: _load (core/io/resource_loader.cpp:317)
   GDScript backtrace (most recent call first):
       [0] load_stream (res://scripts/audio/procedural_audio_bank.gd:49)
       [1] preload_launch_bank (res://scripts/audio/procedural_audio_bank.gd:140)
       [2] self_test (res://scripts/audio/procedural_audio_bank.gd:163)
       [3] run (res://tests/smoke_anime_beta_content.gd:103)
       [4] _invoke (res://tests/smoke_runner.gd:38)
       [5] _run_all (res://tests/smoke_runner.gd:57)
ERROR: Failed loading resource: res://assets/audio/procedural/fighters/orion-vell/projectile.wav.
   at: _load (core/io/resource_loader.cpp:317)
   GDScript backtrace (most recent call first):
       [0] load_stream (res://scripts/audio/procedural_audio_bank.gd:49)
       [1] preload_launch_bank (res://scripts/audio/procedural_audio_bank.gd:140)
       [2] self_test (res://scripts/audio/procedural_audio_bank.gd:163)
       [3] run (res://tests/smoke_anime_beta_content.gd:103)
       [4] _invoke (res://tests/smoke_runner.gd:38)
       [5] _run_all (res://tests/smoke_runner.gd:57)
ERROR: Cannot open file 'res://.godot/imported/signature.wav-e54f6c7b8e31d2211c402902536858cf.sample'.
   at: load (core/io/resource_format_binary.cpp:1156)
   GDScript backtrace (most recent call first):
       [0] load_stream (res://scripts/audio/procedural_audio_bank.gd:49)
       [1] preload_launch_bank (res://scripts/audio/procedural_audio_bank.gd:140)
       [2] self_test (res://scripts/audio/procedural_audio_bank.gd:163)
       [3] run (res://tests/smoke_anime_beta_content.gd:103)
       [4] _invoke (res://tests/smoke_runner.gd:38)
       [5] _run_all (res://tests/smoke_runner.gd:57)
ERROR: Failed loading resource: res://.godot/imported/signature.wav-e54f6c7b8e31d2211c402902536858cf.sample.
   at: _load (core/io/resource_loader.cpp:317)
   GDScript backtrace (most recent call first):
       [0] load_stream (res://scripts/audio/procedural_audio_bank.gd:49)
       [1] preload_launch_bank (res://scripts/audio/procedural_audio_bank.gd:140)
       [2] self_test (res://scripts/audio/procedural_audio_bank.gd:163)
       [3] run (res://tests/smoke_anime_beta_content.gd:103)
       [4] _invoke (res://tests/smoke_runner.gd:38)
       [5] _run_all (res://tests/smoke_runner.gd:57)
ERROR: Failed loading resource: res://assets/audio/procedural/fighters/orion-vell/signature.wav.
   at: _load (core/io/resource_loader.cpp:317)
   GDScript backtrace (most recent call first):
       [0] load_stream (res://scripts/audio/procedural_audio_bank.gd:49)
       [1] preload_launch_bank (res://scripts/audio/procedural_audio_bank.gd:140)
       [2] self_test (res://scripts/audio/procedural_audio_bank.gd:163)
       [3] run (res://tests/smoke_anime_beta_content.gd:103)
       [4] _invoke (res://tests/smoke_runner.gd:38)
       [5] _run_all (res://tests/smoke_runner.gd:57)
ERROR: Cannot open file 'res://.godot/imported/defense.wav-2d1a2c157f0b015ec02e7d42a50227aa.sample'.
   at: load (core/io/resource_format_binary.cpp:1156)
   GDScript backtrace (most recent call first):
       [0] load_stream (res://scripts/audio/procedural_audio_bank.gd:49)
       [1] preload_launch_bank (res://scripts/audio/procedural_audio_bank.gd:140)
       [2] self_test (res://scripts/audio/procedural_audio_bank.gd:163)
       [3] run (res://tests/smoke_anime_beta_content.gd:103)
       [4] _invoke (res://tests/smoke_runner.gd:38)
       [5] _run_all (res://tests/smoke_runner.gd:57)
ERROR: Failed loading resource: res://.godot/imported/defense.wav-2d1a2c157f0b015ec02e7d42a50227aa.sample.
   at: _load (core/io/resource_loader.cpp:317)
   GDScript backtrace (most recent call first):
       [0] load_stream (res://scripts/audio/procedural_audio_bank.gd:49)
       [1] preload_launch_bank (res://scripts/audio/procedural_audio_bank.gd:140)
       [2] self_test (res://scripts/audio/procedural_audio_bank.gd:163)
       [3] run (res://tests/smoke_anime_beta_content.gd:103)
       [4] _invoke (res://tests/smoke_runner.gd:38)
       [5] _run_all (res://tests/smoke_runner.gd:57)
ERROR: Failed loading resource: res://assets/audio/procedural/fighters/orion-vell/defense.wav.
   at: _load (core/io/resource_loader.cpp:317)
   GDScript backtrace (most recent call first):
       [0] load_stream (res://scripts/audio/procedural_audio_bank.gd:49)
       [1] preload_launch_bank (res://scripts/audio/procedural_audio_bank.gd:140)
       [2] self_test (res://scripts/audio/procedural_audio_bank.gd:163)
       [3] run (res://tests/smoke_anime_beta_content.gd:103)
       [4] _invoke (res://tests/smoke_runner.gd:38)
       [5] _run_all (res://tests/smoke_runner.gd:57)
ERROR: Cannot open file 'res://.godot/imported/ko.wav-3555aa8bc3d26503b45d1124537a62b0.sample'.
   at: load (core/io/resource_format_binary.cpp:1156)
   GDScript backtrace (most recent call first):
       [0] load_stream (res://scripts/audio/procedural_audio_bank.gd:49)
       [1] preload_launch_bank (res://scripts/audio/procedural_audio_bank.gd:140)
       [2] self_test (res://scripts/audio/procedural_audio_bank.gd:163)
       [3] run (res://tests/smoke_anime_beta_content.gd:103)
       [4] _invoke (res://tests/smoke_runner.gd:38)
       [5] _run_all (res://tests/smoke_runner.gd:57)
ERROR: Failed loading resource: res://.godot/imported/ko.wav-3555aa8bc3d26503b45d1124537a62b0.sample.
   at: _load (core/io/resource_loader.cpp:317)
   GDScript backtrace (most recent call first):
       [0] load_stream (res://scripts/audio/procedural_audio_bank.gd:49)
       [1] preload_launch_bank (res://scripts/audio/procedural_audio_bank.gd:140)
       [2] self_test (res://scripts/audio/procedural_audio_bank.gd:163)
       [3] run (res://tests/smoke_anime_beta_content.gd:103)
       [4] _invoke (res://tests/smoke_runner.gd:38)
       [5] _run_all (res://tests/smoke_runner.gd:57)
ERROR: Failed loading resource: res://assets/audio/procedural/fighters/orion-vell/ko.wav.
   at: _load (core/io/resource_loader.cpp:317)
   GDScript backtrace (most recent call first):
       [0] load_stream (res://scripts/audio/procedural_audio_bank.gd:49)
       [1] preload_launch_bank (res://scripts/audio/procedural_audio_bank.gd:140)
       [2] self_test (res://scripts/audio/procedural_audio_bank.gd:163)
       [3] run (res://tests/smoke_anime_beta_content.gd:103)
       [4] _invoke (res://tests/smoke_runner.gd:38)
       [5] _run_all (res://tests/smoke_runner.gd:57)
ERROR: Cannot open file 'res://.godot/imported/hit.wav-82d105f4dec11dd08b389b2952734527.sample'.
   at: load (core/io/resource_format_binary.cpp:1156)
   GDScript backtrace (most recent call first):
       [0] load_stream (res://scripts/audio/procedural_audio_bank.gd:49)
       [1] preload_launch_bank (res://scripts/audio/procedural_audio_bank.gd:140)
       [2] self_test (res://scripts/audio/procedural_audio_bank.gd:163)
       [3] run (res://tests/smoke_anime_beta_content.gd:103)
       [4] _invoke (res://tests/smoke_runner.gd:38)
       [5] _run_all (res://tests/smoke_runner.gd:57)
ERROR: Failed loading resource: res://.godot/imported/hit.wav-82d105f4dec11dd08b389b2952734527.sample.
   at: _load (core/io/resource_loader.cpp:317)
   GDScript backtrace (most recent call first):
       [0] load_stream (res://scripts/audio/procedural_audio_bank.gd:49)
       [1] preload_launch_bank (res://scripts/audio/procedural_audio_bank.gd:140)
       [2] self_test (res://scripts/audio/procedural_audio_bank.gd:163)
       [3] run (res://tests/smoke_anime_beta_content.gd:103)
       [4] _invoke (res://tests/smoke_runner.gd:38)
       [5] _run_all (res://tests/smoke_runner.gd:57)
ERROR: Failed loading resource: res://assets/audio/procedural/fighters/vesper-nyx/hit.wav.
   at: _load (core/io/resource_loader.cpp:317)
   GDScript backtrace (most recent call first):
       [0] load_stream (res://scripts/audio/procedural_audio_bank.gd:49)
       [1] preload_launch_bank (res://scripts/audio/procedural_audio_bank.gd:140)
       [2] self_test (res://scripts/audio/procedural_audio_bank.gd:163)
       [3] run (res://tests/smoke_anime_beta_content.gd:103)
       [4] _invoke (res://tests/smoke_runner.gd:38)
       [5] _run_all (res://tests/smoke_runner.gd:57)
ERROR: Cannot open file 'res://.godot/imported/move.wav-9d594b409f118a35ba08b418c4f0ab9f.sample'.
   at: load (core/io/resource_format_binary.cpp:1156)
   GDScript backtrace (most recent call first):
       [0] load_stream (res://scripts/audio/procedural_audio_bank.gd:49)
       [1] preload_launch_bank (res://scripts/audio/procedural_audio_bank.gd:140)
       [2] self_test (res://scripts/audio/procedural_audio_bank.gd:163)
       [3] run (res://tests/smoke_anime_beta_content.gd:103)
       [4] _invoke (res://tests/smoke_runner.gd:38)
       [5] _run_all (res://tests/smoke_runner.gd:57)
ERROR: Failed loading resource: res://.godot/imported/move.wav-9d594b409f118a35ba08b418c4f0ab9f.sample.
   at: _load (core/io/resource_loader.cpp:317)
   GDScript backtrace (most recent call first):
       [0] load_stream (res://scripts/audio/procedural_audio_bank.gd:49)
       [1] preload_launch_bank (res://scripts/audio/procedural_audio_bank.gd:140)
       [2] self_test (res://scripts/audio/procedural_audio_bank.gd:163)
       [3] run (res://tests/smoke_anime_beta_content.gd:103)
       [4] _invoke (res://tests/smoke_runner.gd:38)
       [5] _run_all (res://tests/smoke_runner.gd:57)
ERROR: Failed loading resource: res://assets/audio/procedural/fighters/vesper-nyx/move.wav.
   at: _load (core/io/resource_loader.cpp:317)
   GDScript backtrace (most recent call first):
       [0] load_stream (res://scripts/audio/procedural_audio_bank.gd:49)
       [1] preload_launch_bank (res://scripts/audio/procedural_audio_bank.gd:140)
       [2] self_test (res://scripts/audio/procedural_audio_bank.gd:163)
       [3] run (res://tests/smoke_anime_beta_content.gd:103)
       [4] _invoke (res://tests/smoke_runner.gd:38)
       [5] _run_all (res://tests/smoke_runner.gd:57)
ERROR: Cannot open file 'res://.godot/imported/charge.wav-e95dc4c2b96ac74713af3e4eb33cecd1.sample'.
   at: load (core/io/resource_format_binary.cpp:1156)
   GDScript backtrace (most recent call first):
       [0] load_stream (res://scripts/audio/procedural_audio_bank.gd:49)
       [1] preload_launch_bank (res://scripts/audio/procedural_audio_bank.gd:140)
       [2] self_test (res://scripts/audio/procedural_audio_bank.gd:163)
       [3] run (res://tests/smoke_anime_beta_content.gd:103)
       [4] _invoke (res://tests/smoke_runner.gd:38)
       [5] _run_all (res://tests/smoke_runner.gd:57)
ERROR: Failed loading resource: res://.godot/imported/charge.wav-e95dc4c2b96ac74713af3e4eb33cecd1.sample.
   at: _load (core/io/resource_loader.cpp:317)
   GDScript backtrace (most recent call first):
       [0] load_stream (res://scripts/audio/procedural_audio_bank.gd:49)
       [1] preload_launch_bank (res://scripts/audio/procedural_audio_bank.gd:140)
       [2] self_test (res://scripts/audio/procedural_audio_bank.gd:163)
       [3] run (res://tests/smoke_anime_beta_content.gd:103)
       [4] _invoke (res://tests/smoke_runner.gd:38)
       [5] _run_all (res://tests/smoke_runner.gd:57)
ERROR: Failed loading resource: res://assets/audio/procedural/fighters/vesper-nyx/charge.wav.
   at: _load (core/io/resource_loader.cpp:317)
   GDScript backtrace (most recent call first):
       [0] load_stream (res://scripts/audio/procedural_audio_bank.gd:49)
       [1] preload_launch_bank (res://scripts/audio/procedural_audio_bank.gd:140)
       [2] self_test (res://scripts/audio/procedural_audio_bank.gd:163)
       [3] run (res://tests/smoke_anime_beta_content.gd:103)
       [4] _invoke (res://tests/smoke_runner.gd:38)
       [5] _run_all (res://tests/smoke_runner.gd:57)
ERROR: Cannot open file 'res://.godot/imported/projectile.wav-fb951b69d92e685368b5b532195055b0.sample'.
   at: load (core/io/resource_format_binary.cpp:1156)
   GDScript backtrace (most recent call first):
       [0] load_stream (res://scripts/audio/procedural_audio_bank.gd:49)
       [1] preload_launch_bank (res://scripts/audio/procedural_audio_bank.gd:140)
       [2] self_test (res://scripts/audio/procedural_audio_bank.gd:163)
       [3] run (res://tests/smoke_anime_beta_content.gd:103)
       [4] _invoke (res://tests/smoke_runner.gd:38)
       [5] _run_all (res://tests/smoke_runner.gd:57)
ERROR: Failed loading resource: res://.godot/imported/projectile.wav-fb951b69d92e685368b5b532195055b0.sample.
   at: _load (core/io/resource_loader.cpp:317)
   GDScript backtrace (most recent call first):
       [0] load_stream (res://scripts/audio/procedural_audio_bank.gd:49)
       [1] preload_launch_bank (res://scripts/audio/procedural_audio_bank.gd:140)
       [2] self_test (res://scripts/audio/procedural_audio_bank.gd:163)
       [3] run (res://tests/smoke_anime_beta_content.gd:103)
       [4] _invoke (res://tests/smoke_runner.gd:38)
       [5] _run_all (res://tests/smoke_runner.gd:57)
ERROR: Failed loading resource: res://assets/audio/procedural/fighters/vesper-nyx/projectile.wav.
   at: _load (core/io/resource_loader.cpp:317)
   GDScript backtrace (most recent call first):
       [0] load_stream (res://scripts/audio/procedural_audio_bank.gd:49)
       [1] preload_launch_bank (res://scripts/audio/procedural_audio_bank.gd:140)
       [2] self_test (res://scripts/audio/procedural_audio_bank.gd:163)
       [3] run (res://tests/smoke_anime_beta_content.gd:103)
       [4] _invoke (res://tests/smoke_runner.gd:38)
       [5] _run_all (res://tests/smoke_runner.gd:57)
ERROR: Cannot open file 'res://.godot/imported/signature.wav-7a741f76ae9018dddfb6236861cc23ca.sample'.
   at: load (core/io/resource_format_binary.cpp:1156)
   GDScript backtrace (most recent call first):
       [0] load_stream (res://scripts/audio/procedural_audio_bank.gd:49)
       [1] preload_launch_bank (res://scripts/audio/procedural_audio_bank.gd:140)
       [2] self_test (res://scripts/audio/procedural_audio_bank.gd:163)
       [3] run (res://tests/smoke_anime_beta_content.gd:103)
       [4] _invoke (res://tests/smoke_runner.gd:38)
       [5] _run_all (res://tests/smoke_runner.gd:57)
ERROR: Failed loading resource: res://.godot/imported/signature.wav-7a741f76ae9018dddfb6236861cc23ca.sample.
   at: _load (core/io/resource_loader.cpp:317)
   GDScript backtrace (most recent call first):
       [0] load_stream (res://scripts/audio/procedural_audio_bank.gd:49)
       [1] preload_launch_bank (res://scripts/audio/procedural_audio_bank.gd:140)
       [2] self_test (res://scripts/audio/procedural_audio_bank.gd:163)
       [3] run (res://tests/smoke_anime_beta_content.gd:103)
       [4] _invoke (res://tests/smoke_runner.gd:38)
       [5] _run_all (res://tests/smoke_runner.gd:57)
ERROR: Failed loading resource: res://assets/audio/procedural/fighters/vesper-nyx/signature.wav.
   at: _load (core/io/resource_loader.cpp:317)
   GDScript backtrace (most recent call first):
       [0] load_stream (res://scripts/audio/procedural_audio_bank.gd:49)
       [1] preload_launch_bank (res://scripts/audio/procedural_audio_bank.gd:140)
       [2] self_test (res://scripts/audio/procedural_audio_bank.gd:163)
       [3] run (res://tests/smoke_anime_beta_content.gd:103)
       [4] _invoke (res://tests/smoke_runner.gd:38)
       [5] _run_all (res://tests/smoke_runner.gd:57)
ERROR: Cannot open file 'res://.godot/imported/defense.wav-5e1f295688b89647d2f5f32d8b7a0dc2.sample'.
   at: load (core/io/resource_format_binary.cpp:1156)
   GDScript backtrace (most recent call first):
       [0] load_stream (res://scripts/audio/procedural_audio_bank.gd:49)
       [1] preload_launch_bank (res://scripts/audio/procedural_audio_bank.gd:140)
       [2] self_test (res://scripts/audio/procedural_audio_bank.gd:163)
       [3] run (res://tests/smoke_anime_beta_content.gd:103)
       [4] _invoke (res://tests/smoke_runner.gd:38)
       [5] _run_all (res://tests/smoke_runner.gd:57)
ERROR: Failed loading resource: res://.godot/imported/defense.wav-5e1f295688b89647d2f5f32d8b7a0dc2.sample.
   at: _load (core/io/resource_loader.cpp:317)
   GDScript backtrace (most recent call first):
       [0] load_stream (res://scripts/audio/procedural_audio_bank.gd:49)
       [1] preload_launch_bank (res://scripts/audio/procedural_audio_bank.gd:140)
       [2] self_test (res://scripts/audio/procedural_audio_bank.gd:163)
       [3] run (res://tests/smoke_anime_beta_content.gd:103)
       [4] _invoke (res://tests/smoke_runner.gd:38)
       [5] _run_all (res://tests/smoke_runner.gd:57)
ERROR: Failed loading resource: res://assets/audio/procedural/fighters/vesper-nyx/defense.wav.
   at: _load (core/io/resource_loader.cpp:317)
   GDScript backtrace (most recent call first):
       [0] load_stream (res://scripts/audio/procedural_audio_bank.gd:49)
       [1] preload_launch_bank (res://scripts/audio/procedural_audio_bank.gd:140)
       [2] self_test (res://scripts/audio/procedural_audio_bank.gd:163)
       [3] run (res://tests/smoke_anime_beta_content.gd:103)
       [4] _invoke (res://tests/smoke_runner.gd:38)
       [5] _run_all (res://tests/smoke_runner.gd:57)
ERROR: Cannot open file 'res://.godot/imported/ko.wav-df441b861a23069eca7185716622c9c9.sample'.
   at: load (core/io/resource_format_binary.cpp:1156)
   GDScript backtrace (most recent call first):
       [0] load_stream (res://scripts/audio/procedural_audio_bank.gd:49)
       [1] preload_launch_bank (res://scripts/audio/procedural_audio_bank.gd:140)
       [2] self_test (res://scripts/audio/procedural_audio_bank.gd:163)
       [3] run (res://tests/smoke_anime_beta_content.gd:103)
       [4] _invoke (res://tests/smoke_runner.gd:38)
       [5] _run_all (res://tests/smoke_runner.gd:57)
ERROR: Failed loading resource: res://.godot/imported/ko.wav-df441b861a23069eca7185716622c9c9.sample.
   at: _load (core/io/resource_loader.cpp:317)
   GDScript backtrace (most recent call first):
       [0] load_stream (res://scripts/audio/procedural_audio_bank.gd:49)
       [1] preload_launch_bank (res://scripts/audio/procedural_audio_bank.gd:140)
       [2] self_test (res://scripts/audio/procedural_audio_bank.gd:163)
       [3] run (res://tests/smoke_anime_beta_content.gd:103)
       [4] _invoke (res://tests/smoke_runner.gd:38)
       [5] _run_all (res://tests/smoke_runner.gd:57)
ERROR: Failed loading resource: res://assets/audio/procedural/fighters/vesper-nyx/ko.wav.
   at: _load (core/io/resource_loader.cpp:317)
   GDScript backtrace (most recent call first):
       [0] load_stream (res://scripts/audio/procedural_audio_bank.gd:49)
       [1] preload_launch_bank (res://scripts/audio/procedural_audio_bank.gd:140)
       [2] self_test (res://scripts/audio/procedural_audio_bank.gd:163)
       [3] run (res://tests/smoke_anime_beta_content.gd:103)
       [4] _invoke (res://tests/smoke_runner.gd:38)
       [5] _run_all (res://tests/smoke_runner.gd:57)
ERROR: Cannot open file 'res://.godot/imported/bed.wav-7f70791e3625c3ae9ef6cdf7e3a3b2c2.sample'.
   at: load (core/io/resource_format_binary.cpp:1156)
   GDScript backtrace (most recent call first):
       [0] load_stream (res://scripts/audio/procedural_audio_bank.gd:49)
       [1] preload_launch_bank (res://scripts/audio/procedural_audio_bank.gd:149)
       [2] self_test (res://scripts/audio/procedural_audio_bank.gd:163)
       [3] run (res://tests/smoke_anime_beta_content.gd:103)
       [4] _invoke (res://tests/smoke_runner.gd:38)
       [5] _run_all (res://tests/smoke_runner.gd:57)
ERROR: Failed loading resource: res://.godot/imported/bed.wav-7f70791e3625c3ae9ef6cdf7e3a3b2c2.sample.
   at: _load (core/io/resource_loader.cpp:317)
   GDScript backtrace (most recent call first):
       [0] load_stream (res://scripts/audio/procedural_audio_bank.gd:49)
       [1] preload_launch_bank (res://scripts/audio/procedural_audio_bank.gd:149)
       [2] self_test (res://scripts/audio/procedural_audio_bank.gd:163)
       [3] run (res://tests/smoke_anime_beta_content.gd:103)
       [4] _invoke (res://tests/smoke_runner.gd:38)
       [5] _run_all (res://tests/smoke_runner.gd:57)
ERROR: Failed loading resource: res://assets/audio/procedural/stages/skyline-arena/bed.wav.
   at: _load (core/io/resource_loader.cpp:317)
   GDScript backtrace (most recent call first):
       [0] load_stream (res://scripts/audio/procedural_audio_bank.gd:49)
       [1] preload_launch_bank (res://scripts/audio/procedural_audio_bank.gd:149)
       [2] self_test (res://scripts/audio/procedural_audio_bank.gd:163)
       [3] run (res://tests/smoke_anime_beta_content.gd:103)
       [4] _invoke (res://tests/smoke_runner.gd:38)
       [5] _run_all (res://tests/smoke_runner.gd:57)
ERROR: Cannot open file 'res://.godot/imported/bed.wav-31e784432b3dcc4588f5618853abdbeb.sample'.
   at: load (core/io/resource_format_binary.cpp:1156)
   GDScript backtrace (most recent call first):
       [0] load_stream (res://scripts/audio/procedural_audio_bank.gd:49)
       [1] preload_launch_bank (res://scripts/audio/procedural_audio_bank.gd:149)
       [2] self_test (res://scripts/audio/procedural_audio_bank.gd:163)
       [3] run (res://tests/smoke_anime_beta_content.gd:103)
       [4] _invoke (res://tests/smoke_runner.gd:38)
       [5] _run_all (res://tests/smoke_runner.gd:57)
ERROR: Failed loading resource: res://.godot/imported/bed.wav-31e784432b3dcc4588f5618853abdbeb.sample.
   at: _load (core/io/resource_loader.cpp:317)
   GDScript backtrace (most recent call first):
       [0] load_stream (res://scripts/audio/procedural_audio_bank.gd:49)
       [1] preload_launch_bank (res://scripts/audio/procedural_audio_bank.gd:149)
       [2] self_test (res://scripts/audio/procedural_audio_bank.gd:163)
       [3] run (res://tests/smoke_anime_beta_content.gd:103)
       [4] _invoke (res://tests/smoke_runner.gd:38)
       [5] _run_all (res://tests/smoke_runner.gd:57)
ERROR: Failed loading resource: res://assets/audio/procedural/stages/neon-rooftops/bed.wav.
   at: _load (core/io/resource_loader.cpp:317)
   GDScript backtrace (most recent call first):
       [0] load_stream (res://scripts/audio/procedural_audio_bank.gd:49)
       [1] preload_launch_bank (res://scripts/audio/procedural_audio_bank.gd:149)
       [2] self_test (res://scripts/audio/procedural_audio_bank.gd:163)
       [3] run (res://tests/smoke_anime_beta_content.gd:103)
       [4] _invoke (res://tests/smoke_runner.gd:38)
       [5] _run_all (res://tests/smoke_runner.gd:57)
ERROR: Cannot open file 'res://.godot/imported/bed.wav-c3da1763a1839a782e44d190c317f143.sample'.
   at: load (core/io/resource_format_binary.cpp:1156)
   GDScript backtrace (most recent call first):
       [0] load_stream (res://scripts/audio/procedural_audio_bank.gd:49)
       [1] preload_launch_bank (res://scripts/audio/procedural_audio_bank.gd:149)
       [2] self_test (res://scripts/audio/procedural_audio_bank.gd:163)
       [3] run (res://tests/smoke_anime_beta_content.gd:103)
       [4] _invoke (res://tests/smoke_runner.gd:38)
       [5] _run_all (res://tests/smoke_runner.gd:57)
ERROR: Failed loading resource: res://.godot/imported/bed.wav-c3da1763a1839a782e44d190c317f143.sample.
   at: _load (core/io/resource_loader.cpp:317)
   GDScript backtrace (most recent call first):
       [0] load_stream (res://scripts/audio/procedural_audio_bank.gd:49)
       [1] preload_launch_bank (res://scripts/audio/procedural_audio_bank.gd:149)
       [2] self_test (res://scripts/audio/procedural_audio_bank.gd:163)
       [3] run (res://tests/smoke_anime_beta_content.gd:103)
       [4] _invoke (res://tests/smoke_runner.gd:38)
       [5] _run_all (res://tests/smoke_runner.gd:57)
ERROR: Failed loading resource: res://assets/audio/procedural/stages/cascade-foundry/bed.wav.
   at: _load (core/io/resource_loader.cpp:317)
   GDScript backtrace (most recent call first):
       [0] load_stream (res://scripts/audio/procedural_audio_bank.gd:49)
       [1] preload_launch_bank (res://scripts/audio/procedural_audio_bank.gd:149)
       [2] self_test (res://scripts/audio/procedural_audio_bank.gd:163)
       [3] run (res://tests/smoke_anime_beta_content.gd:103)
       [4] _invoke (res://tests/smoke_runner.gd:38)
       [5] _run_all (res://tests/smoke_runner.gd:57)
ERROR: Cannot open file 'res://.godot/imported/bed.wav-0fb61994b96cd39a68e935d5f259564c.sample'.
   at: load (core/io/resource_format_binary.cpp:1156)
   GDScript backtrace (most recent call first):
       [0] load_stream (res://scripts/audio/procedural_audio_bank.gd:49)
       [1] preload_launch_bank (res://scripts/audio/procedural_audio_bank.gd:149)
       [2] self_test (res://scripts/audio/procedural_audio_bank.gd:163)
       [3] run (res://tests/smoke_anime_beta_content.gd:103)
       [4] _invoke (res://tests/smoke_runner.gd:38)
       [5] _run_all (res://tests/smoke_runner.gd:57)
ERROR: Failed loading resource: res://.godot/imported/bed.wav-0fb61994b96cd39a68e935d5f259564c.sample.
   at: _load (core/io/resource_loader.cpp:317)
   GDScript backtrace (most recent call first):
       [0] load_stream (res://scripts/audio/procedural_audio_bank.gd:49)
       [1] preload_launch_bank (res://scripts/audio/procedural_audio_bank.gd:149)
       [2] self_test (res://scripts/audio/procedural_audio_bank.gd:163)
       [3] run (res://tests/smoke_anime_beta_content.gd:103)
       [4] _invoke (res://tests/smoke_runner.gd:38)
       [5] _run_all (res://tests/smoke_runner.gd:57)
ERROR: Failed loading resource: res://assets/audio/procedural/stages/void-pier/bed.wav.
   at: _load (core/io/resource_loader.cpp:317)
   GDScript backtrace (most recent call first):
       [0] load_stream (res://scripts/audio/procedural_audio_bank.gd:49)
       [1] preload_launch_bank (res://scripts/audio/procedural_audio_bank.gd:149)
       [2] self_test (res://scripts/audio/procedural_audio_bank.gd:163)
       [3] run (res://tests/smoke_anime_beta_content.gd:103)
       [4] _invoke (res://tests/smoke_runner.gd:38)
       [5] _run_all (res://tests/smoke_runner.gd:57)
ERROR: Cannot open file 'res://.godot/imported/bed.wav-1eb80f988f339445cad0dcc6c3b563a9.sample'.
   at: load (core/io/resource_format_binary.cpp:1156)
   GDScript backtrace (most recent call first):
       [0] load_stream (res://scripts/audio/procedural_audio_bank.gd:49)
       [1] preload_launch_bank (res://scripts/audio/procedural_audio_bank.gd:149)
       [2] self_test (res://scripts/audio/procedural_audio_bank.gd:163)
       [3] run (res://tests/smoke_anime_beta_content.gd:103)
       [4] _invoke (res://tests/smoke_runner.gd:38)
       [5] _run_all (res://tests/smoke_runner.gd:57)
ERROR: Failed loading resource: res://.godot/imported/bed.wav-1eb80f988f339445cad0dcc6c3b563a9.sample.
   at: _load (core/io/resource_loader.cpp:317)
   GDScript backtrace (most recent call first):
       [0] load_stream (res://scripts/audio/procedural_audio_bank.gd:49)
       [1] preload_launch_bank (res://scripts/audio/procedural_audio_bank.gd:149)
       [2] self_test (res://scripts/audio/procedural_audio_bank.gd:163)
       [3] run (res://tests/smoke_anime_beta_content.gd:103)
       [4] _invoke (res://tests/smoke_runner.gd:38)
       [5] _run_all (res://tests/smoke_runner.gd:57)
ERROR: Failed loading resource: res://assets/audio/procedural/stages/ember-courtyard/bed.wav.
   at: _load (core/io/resource_loader.cpp:317)
   GDScript backtrace (most recent call first):
       [0] load_stream (res://scripts/audio/procedural_audio_bank.gd:49)
       [1] preload_launch_bank (res://scripts/audio/procedural_audio_bank.gd:149)
       [2] self_test (res://scripts/audio/procedural_audio_bank.gd:163)
       [3] run (res://tests/smoke_anime_beta_content.gd:103)
       [4] _invoke (res://tests/smoke_runner.gd:38)
       [5] _run_all (res://tests/smoke_runner.gd:57)
ERROR: Cannot open file 'res://.godot/imported/bed.wav-bf1688624e3476b73f173107ab092983.sample'.
   at: load (core/io/resource_format_binary.cpp:1156)
   GDScript backtrace (most recent call first):
       [0] load_stream (res://scripts/audio/procedural_audio_bank.gd:49)
       [1] preload_launch_bank (res://scripts/audio/procedural_audio_bank.gd:149)
       [2] self_test (res://scripts/audio/procedural_audio_bank.gd:163)
       [3] run (res://tests/smoke_anime_beta_content.gd:103)
       [4] _invoke (res://tests/smoke_runner.gd:38)
       [5] _run_all (res://tests/smoke_runner.gd:57)
ERROR: Failed loading resource: res://.godot/imported/bed.wav-bf1688624e3476b73f173107ab092983.sample.
   at: _load (core/io/resource_loader.cpp:317)
   GDScript backtrace (most recent call first):
       [0] load_stream (res://scripts/audio/procedural_audio_bank.gd:49)
       [1] preload_launch_bank (res://scripts/audio/procedural_audio_bank.gd:149)
       [2] self_test (res://scripts/audio/procedural_audio_bank.gd:163)
       [3] run (res://tests/smoke_anime_beta_content.gd:103)
       [4] _invoke (res://tests/smoke_runner.gd:38)
       [5] _run_all (res://tests/smoke_runner.gd:57)
ERROR: Failed loading resource: res://assets/audio/procedural/stages/training-grid/bed.wav.
   at: _load (core/io/resource_loader.cpp:317)
   GDScript backtrace (most recent call first):
       [0] load_stream (res://scripts/audio/procedural_audio_bank.gd:49)
       [1] preload_launch_bank (res://scripts/audio/procedural_audio_bank.gd:149)
       [2] self_test (res://scripts/audio/procedural_audio_bank.gd:163)
       [3] run (res://tests/smoke_anime_beta_content.gd:103)
       [4] _invoke (res://tests/smoke_runner.gd:38)
       [5] _run_all (res://tests/smoke_runner.gd:57)
ERROR: Unable to open file: res://.godot/imported/skyline-arena.svg-a207a54ede135c95d48c46a13b78f5cf.ctex.
   at: _load_data (scene/resources/compressed_texture.cpp:45)
   GDScript backtrace (most recent call first):
       [0] _add_preview_plane (res://scripts/battle/stage_procedural_builder.gd:263)
       [1] build (res://scripts/battle/stage_procedural_builder.gd:74)
       [2] run (res://tests/smoke_anime_beta_content.gd:113)
       [3] _invoke (res://tests/smoke_runner.gd:38)
       [4] _run_all (res://tests/smoke_runner.gd:57)
ERROR: Failed loading resource: res://.godot/imported/skyline-arena.svg-a207a54ede135c95d48c46a13b78f5cf.ctex.
   at: _load (core/io/resource_loader.cpp:317)
   GDScript backtrace (most recent call first):
       [0] _add_preview_plane (res://scripts/battle/stage_procedural_builder.gd:263)
       [1] build (res://scripts/battle/stage_procedural_builder.gd:74)
       [2] run (res://tests/smoke_anime_beta_content.gd:113)
       [3] _invoke (res://tests/smoke_runner.gd:38)
       [4] _run_all (res://tests/smoke_runner.gd:57)
ERROR: Failed loading resource: res://assets/stages/procedural/skyline-arena.svg.
   at: _load (core/io/resource_loader.cpp:317)
   GDScript backtrace (most recent call first):
       [0] _add_preview_plane (res://scripts/battle/stage_procedural_builder.gd:263)
       [1] build (res://scripts/battle/stage_procedural_builder.gd:74)
       [2] run (res://tests/smoke_anime_beta_content.gd:113)
       [3] _invoke (res://tests/smoke_runner.gd:38)
       [4] _run_all (res://tests/smoke_runner.gd:57)
ERROR: SMOKE FAIL: stage preview texture loads
   at: push_error (core/variant/variant_utility.cpp:1023)
   GDScript backtrace (most recent call first):
       [0] ok (res://tests/smoke_assert.gd:12)
       [1] run (res://tests/smoke_anime_beta_content.gd:115)
       [2] _invoke (res://tests/smoke_runner.gd:38)
       [3] _run_all (res://tests/smoke_runner.gd:57)
ERROR: Cannot open file 'res://.godot/imported/hit.wav-ec8938afd3031b843fa8c983480e1b01.sample'.
   at: load (core/io/resource_format_binary.cpp:1156)
   GDScript backtrace (most recent call first):
       [0] load_stream (res://scripts/audio/procedural_audio_bank.gd:49)
       [1] preload_launch_bank (res://scripts/audio/procedural_audio_bank.gd:130)
       [2] self_test (res://scripts/audio/procedural_audio_bank.gd:163)
       [3] run (res://tests/smoke_anime_digital_rc.gd:59)
       [4] _invoke (res://tests/smoke_runner.gd:38)
       [5] _run_all (res://tests/smoke_runner.gd:57)
ERROR: Failed loading resource: res://.godot/imported/hit.wav-ec8938afd3031b843fa8c983480e1b01.sample.
   at: _load (core/io/resource_loader.cpp:317)
   GDScript backtrace (most recent call first):
       [0] load_stream (res://scripts/audio/procedural_audio_bank.gd:49)
       [1] preload_launch_bank (res://scripts/audio/procedural_audio_bank.gd:130)
       [2] self_test (res://scripts/audio/procedural_audio_bank.gd:163)
       [3] run (res://tests/smoke_anime_digital_rc.gd:59)
       [4] _invoke (res://tests/smoke_runner.gd:38)
       [5] _run_all (res://tests/smoke_runner.gd:57)
ERROR: Failed loading resource: res://assets/audio/procedural/shared/hit.wav.
   at: _load (core/io/resource_loader.cpp:317)
   GDScript backtrace (most recent call first):
       [0] load_stream (res://scripts/audio/procedural_audio_bank.gd:49)
       [1] preload_launch_bank (res://scripts/audio/procedural_audio_bank.gd:130)
       [2] self_test (res://scripts/audio/procedural_audio_bank.gd:163)
       [3] run (res://tests/smoke_anime_digital_rc.gd:59)
       [4] _invoke (res://tests/smoke_runner.gd:38)
       [5] _run_all (res://tests/smoke_runner.gd:57)
ERROR: Cannot open file 'res://.godot/imported/move.wav-2be31e73fdb565d6ac059f7453a51f48.sample'.
   at: load (core/io/resource_format_binary.cpp:1156)
   GDScript backtrace (most recent call first):
       [0] load_stream (res://scripts/audio/procedural_audio_bank.gd:49)
       [1] preload_launch_bank (res://scripts/audio/procedural_audio_bank.gd:130)
       [2] self_test (res://scripts/audio/procedural_audio_bank.gd:163)
       [3] run (res://tests/smoke_anime_digital_rc.gd:59)
       [4] _invoke (res://tests/smoke_runner.gd:38)
       [5] _run_all (res://tests/smoke_runner.gd:57)
ERROR: Failed loading resource: res://.godot/imported/move.wav-2be31e73fdb565d6ac059f7453a51f48.sample.
   at: _load (core/io/resource_loader.cpp:317)
   GDScript backtrace (most recent call first):
       [0] load_stream (res://scripts/audio/procedural_audio_bank.gd:49)
       [1] preload_launch_bank (res://scripts/audio/procedural_audio_bank.gd:130)
       [2] self_test (res://scripts/audio/procedural_audio_bank.gd:163)
       [3] run (res://tests/smoke_anime_digital_rc.gd:59)
       [4] _invoke (res://tests/smoke_runner.gd:38)
       [5] _run_all (res://tests/smoke_runner.gd:57)
ERROR: Failed loading resource: res://assets/audio/procedural/shared/move.wav.
   at: _load (core/io/resource_loader.cpp:317)
   GDScript backtrace (most recent call first):
       [0] load_stream (res://scripts/audio/procedural_audio_bank.gd:49)
       [1] preload_launch_bank (res://scripts/audio/procedural_audio_bank.gd:130)
       [2] self_test (res://scripts/audio/procedural_audio_bank.gd:163)
       [3] run (res://tests/smoke_anime_digital_rc.gd:59)
       [4] _invoke (res://tests/smoke_runner.gd:38)
       [5] _run_all (res://tests/smoke_runner.gd:57)
ERROR: Cannot open file 'res://.godot/imported/charge.wav-0231b9bb5c7fbf66b6a3d169eeb61759.sample'.
   at: load (core/io/resource_format_binary.cpp:1156)
   GDScript backtrace (most recent call first):
       [0] load_stream (res://scripts/audio/procedural_audio_bank.gd:49)
       [1] preload_launch_bank (res://scripts/audio/procedural_audio_bank.gd:130)
       [2] self_test (res://scripts/audio/procedural_audio_bank.gd:163)
       [3] run (res://tests/smoke_anime_digital_rc.gd:59)
       [4] _invoke (res://tests/smoke_runner.gd:38)
       [5] _run_all (res://tests/smoke_runner.gd:57)
ERROR: Failed loading resource: res://.godot/imported/charge.wav-0231b9bb5c7fbf66b6a3d169eeb61759.sample.
   at: _load (core/io/resource_loader.cpp:317)
   GDScript backtrace (most recent call first):
       [0] load_stream (res://scripts/audio/procedural_audio_bank.gd:49)
       [1] preload_launch_bank (res://scripts/audio/procedural_audio_bank.gd:130)
       [2] self_test (res://scripts/audio/procedural_audio_bank.gd:163)
       [3] run (res://tests/smoke_anime_digital_rc.gd:59)
       [4] _invoke (res://tests/smoke_runner.gd:38)
       [5] _run_all (res://tests/smoke_runner.gd:57)
ERROR: Failed loading resource: res://assets/audio/procedural/shared/charge.wav.
   at: _load (core/io/resource_loader.cpp:317)
   GDScript backtrace (most recent call first):
       [0] load_stream (res://scripts/audio/procedural_audio_bank.gd:49)
       [1] preload_launch_bank (res://scripts/audio/procedural_audio_bank.gd:130)
       [2] self_test (res://scripts/audio/procedural_audio_bank.gd:163)
       [3] run (res://tests/smoke_anime_digital_rc.gd:59)
       [4] _invoke (res://tests/smoke_runner.gd:38)
       [5] _run_all (res://tests/smoke_runner.gd:57)
ERROR: Cannot open file 'res://.godot/imported/projectile.wav-f6ab1157ff920108db12aede81775e6d.sample'.
   at: load (core/io/resource_format_binary.cpp:1156)
   GDScript backtrace (most recent call first):
       [0] load_stream (res://scripts/audio/procedural_audio_bank.gd:49)
       [1] preload_launch_bank (res://scripts/audio/procedural_audio_bank.gd:130)
       [2] self_test (res://scripts/audio/procedural_audio_bank.gd:163)
       [3] run (res://tests/smoke_anime_digital_rc.gd:59)
       [4] _invoke (res://tests/smoke_runner.gd:38)
       [5] _run_all (res://tests/smoke_runner.gd:57)
ERROR: Failed loading resource: res://.godot/imported/projectile.wav-f6ab1157ff920108db12aede81775e6d.sample.
   at: _load (core/io/resource_loader.cpp:317)
   GDScript backtrace (most recent call first):
       [0] load_stream (res://scripts/audio/procedural_audio_bank.gd:49)
       [1] preload_launch_bank (res://scripts/audio/procedural_audio_bank.gd:130)
       [2] self_test (res://scripts/audio/procedural_audio_bank.gd:163)
       [3] run (res://tests/smoke_anime_digital_rc.gd:59)
       [4] _invoke (res://tests/smoke_runner.gd:38)
       [5] _run_all (res://tests/smoke_runner.gd:57)
ERROR: Failed loading resource: res://assets/audio/procedural/shared/projectile.wav.
   at: _load (core/io/resource_loader.cpp:317)
   GDScript backtrace (most recent call first):
       [0] load_stream (res://scripts/audio/procedural_audio_bank.gd:49)
       [1] preload_launch_bank (res://scripts/audio/procedural_audio_bank.gd:130)
       [2] self_test (res://scripts/audio/procedural_audio_bank.gd:163)
       [3] run (res://tests/smoke_anime_digital_rc.gd:59)
       [4] _invoke (res://tests/smoke_runner.gd:38)
       [5] _run_all (res://tests/smoke_runner.gd:57)
ERROR: Cannot open file 'res://.godot/imported/defense.wav-5ea306f4a483e5364dba72a2f2387942.sample'.
   at: load (core/io/resource_format_binary.cpp:1156)
   GDScript backtrace (most recent call first):
       [0] load_stream (res://scripts/audio/procedural_audio_bank.gd:49)
       [1] preload_launch_bank (res://scripts/audio/procedural_audio_bank.gd:130)
       [2] self_test (res://scripts/audio/procedural_audio_bank.gd:163)
       [3] run (res://tests/smoke_anime_digital_rc.gd:59)
       [4] _invoke (res://tests/smoke_runner.gd:38)
       [5] _run_all (res://tests/smoke_runner.gd:57)
ERROR: Failed loading resource: res://.godot/imported/defense.wav-5ea306f4a483e5364dba72a2f2387942.sample.
   at: _load (core/io/resource_loader.cpp:317)
   GDScript backtrace (most recent call first):
       [0] load_stream (res://scripts/audio/procedural_audio_bank.gd:49)
       [1] preload_launch_bank (res://scripts/audio/procedural_audio_bank.gd:130)
       [2] self_test (res://scripts/audio/procedural_audio_bank.gd:163)
       [3] run (res://tests/smoke_anime_digital_rc.gd:59)
       [4] _invoke (res://tests/smoke_runner.gd:38)
       [5] _run_all (res://tests/smoke_runner.gd:57)
ERROR: Failed loading resource: res://assets/audio/procedural/shared/defense.wav.
   at: _load (core/io/resource_loader.cpp:317)
   GDScript backtrace (most recent call first):
       [0] load_stream (res://scripts/audio/procedural_audio_bank.gd:49)
       [1] preload_launch_bank (res://scripts/audio/procedural_audio_bank.gd:130)
       [2] self_test (res://scripts/audio/procedural_audio_bank.gd:163)
       [3] run (res://tests/smoke_anime_digital_rc.gd:59)
       [4] _invoke (res://tests/smoke_runner.gd:38)
       [5] _run_all (res://tests/smoke_runner.gd:57)
ERROR: Cannot open file 'res://.godot/imported/ko.wav-7282702f66e9b3c8a175be60d2ffc1be.sample'.
   at: load (core/io/resource_format_binary.cpp:1156)
   GDScript backtrace (most recent call first):
       [0] load_stream (res://scripts/audio/procedural_audio_bank.gd:49)
       [1] preload_launch_bank (res://scripts/audio/procedural_audio_bank.gd:130)
       [2] self_test (res://scripts/audio/procedural_audio_bank.gd:163)
       [3] run (res://tests/smoke_anime_digital_rc.gd:59)
       [4] _invoke (res://tests/smoke_runner.gd:38)
       [5] _run_all (res://tests/smoke_runner.gd:57)
ERROR: Failed loading resource: res://.godot/imported/ko.wav-7282702f66e9b3c8a175be60d2ffc1be.sample.
   at: _load (core/io/resource_loader.cpp:317)
   GDScript backtrace (most recent call first):
       [0] load_stream (res://scripts/audio/procedural_audio_bank.gd:49)
       [1] preload_launch_bank (res://scripts/audio/procedural_audio_bank.gd:130)
       [2] self_test (res://scripts/audio/procedural_audio_bank.gd:163)
       [3] run (res://tests/smoke_anime_digital_rc.gd:59)
       [4] _invoke (res://tests/smoke_runner.gd:38)
       [5] _run_all (res://tests/smoke_runner.gd:57)
ERROR: Failed loading resource: res://assets/audio/procedural/shared/ko.wav.
   at: _load (core/io/resource_loader.cpp:317)
   GDScript backtrace (most recent call first):
       [0] load_stream (res://scripts/audio/procedural_audio_bank.gd:49)
       [1] preload_launch_bank (res://scripts/audio/procedural_audio_bank.gd:130)
       [2] self_test (res://scripts/audio/procedural_audio_bank.gd:163)
       [3] run (res://tests/smoke_anime_digital_rc.gd:59)
       [4] _invoke (res://tests/smoke_runner.gd:38)
       [5] _run_all (res://tests/smoke_runner.gd:57)
ERROR: Cannot open file 'res://.godot/imported/ui_confirm.wav-886fec4fa3fee26bff8668c0df753b55.sample'.
   at: load (core/io/resource_format_binary.cpp:1156)
   GDScript backtrace (most recent call first):
       [0] load_stream (res://scripts/audio/procedural_audio_bank.gd:49)
       [1] preload_launch_bank (res://scripts/audio/procedural_audio_bank.gd:130)
       [2] self_test (res://scripts/audio/procedural_audio_bank.gd:163)
       [3] run (res://tests/smoke_anime_digital_rc.gd:59)
       [4] _invoke (res://tests/smoke_runner.gd:38)
       [5] _run_all (res://tests/smoke_runner.gd:57)
ERROR: Failed loading resource: res://.godot/imported/ui_confirm.wav-886fec4fa3fee26bff8668c0df753b55.sample.
   at: _load (core/io/resource_loader.cpp:317)
   GDScript backtrace (most recent call first):
       [0] load_stream (res://scripts/audio/procedural_audio_bank.gd:49)
       [1] preload_launch_bank (res://scripts/audio/procedural_audio_bank.gd:130)
       [2] self_test (res://scripts/audio/procedural_audio_bank.gd:163)
       [3] run (res://tests/smoke_anime_digital_rc.gd:59)
       [4] _invoke (res://tests/smoke_runner.gd:38)
       [5] _run_all (res://tests/smoke_runner.gd:57)
ERROR: Failed loading resource: res://assets/audio/procedural/shared/ui_confirm.wav.
   at: _load (core/io/resource_loader.cpp:317)
   GDScript backtrace (most recent call first):
       [0] load_stream (res://scripts/audio/procedural_audio_bank.gd:49)
       [1] preload_launch_bank (res://scripts/audio/procedural_audio_bank.gd:130)
       [2] self_test (res://scripts/audio/procedural_audio_bank.gd:163)
       [3] run (res://tests/smoke_anime_digital_rc.gd:59)
       [4] _invoke (res://tests/smoke_runner.gd:38)
       [5] _run_all (res://tests/smoke_runner.gd:57)
ERROR: Cannot open file 'res://.godot/imported/ui_back.wav-29646832ed70e00817ac1dd4219b0b2c.sample'.
   at: load (core/io/resource_format_binary.cpp:1156)
   GDScript backtrace (most recent call first):
       [0] load_stream (res://scripts/audio/procedural_audio_bank.gd:49)
       [1] preload_launch_bank (res://scripts/audio/procedural_audio_bank.gd:130)
       [2] self_test (res://scripts/audio/procedural_audio_bank.gd:163)
       [3] run (res://tests/smoke_anime_digital_rc.gd:59)
       [4] _invoke (res://tests/smoke_runner.gd:38)
       [5] _run_all (res://tests/smoke_runner.gd:57)
ERROR: Failed loading resource: res://.godot/imported/ui_back.wav-29646832ed70e00817ac1dd4219b0b2c.sample.
   at: _load (core/io/resource_loader.cpp:317)
   GDScript backtrace (most recent call first):
       [0] load_stream (res://scripts/audio/procedural_audio_bank.gd:49)
       [1] preload_launch_bank (res://scripts/audio/procedural_audio_bank.gd:130)
       [2] self_test (res://scripts/audio/procedural_audio_bank.gd:163)
       [3] run (res://tests/smoke_anime_digital_rc.gd:59)
       [4] _invoke (res://tests/smoke_runner.gd:38)
       [5] _run_all (res://tests/smoke_runner.gd:57)
ERROR: Failed loading resource: res://assets/audio/procedural/shared/ui_back.wav.
   at: _load (core/io/resource_loader.cpp:317)
   GDScript backtrace (most recent call first):
       [0] load_stream (res://scripts/audio/procedural_audio_bank.gd:49)
       [1] preload_launch_bank (res://scripts/audio/procedural_audio_bank.gd:130)
       [2] self_test (res://scripts/audio/procedural_audio_bank.gd:163)
       [3] run (res://tests/smoke_anime_digital_rc.gd:59)
       [4] _invoke (res://tests/smoke_runner.gd:38)
       [5] _run_all (res://tests/smoke_runner.gd:57)
ERROR: Cannot open file 'res://.godot/imported/ui_select.wav-ec6936f1df893339e424c347a379cf0a.sample'.
   at: load (core/io/resource_format_binary.cpp:1156)
   GDScript backtrace (most recent call first):
       [0] load_stream (res://scripts/audio/procedural_audio_bank.gd:49)
       [1] preload_launch_bank (res://scripts/audio/procedural_audio_bank.gd:130)
       [2] self_test (res://scripts/audio/procedural_audio_bank.gd:163)
       [3] run (res://tests/smoke_anime_digital_rc.gd:59)
       [4] _invoke (res://tests/smoke_runner.gd:38)
       [5] _run_all (res://tests/smoke_runner.gd:57)
ERROR: Failed loading resource: res://.godot/imported/ui_select.wav-ec6936f1df893339e424c347a379cf0a.sample.
   at: _load (core/io/resource_loader.cpp:317)
   GDScript backtrace (most recent call first):
       [0] load_stream (res://scripts/audio/procedural_audio_bank.gd:49)
       [1] preload_launch_bank (res://scripts/audio/procedural_audio_bank.gd:130)
       [2] self_test (res://scripts/audio/procedural_audio_bank.gd:163)
       [3] run (res://tests/smoke_anime_digital_rc.gd:59)
       [4] _invoke (res://tests/smoke_runner.gd:38)
       [5] _run_all (res://tests/smoke_runner.gd:57)
ERROR: Failed loading resource: res://assets/audio/procedural/shared/ui_select.wav.
   at: _load (core/io/resource_loader.cpp:317)
   GDScript backtrace (most recent call first):
       [0] load_stream (res://scripts/audio/procedural_audio_bank.gd:49)
       [1] preload_launch_bank (res://scripts/audio/procedural_audio_bank.gd:130)
       [2] self_test (res://scripts/audio/procedural_audio_bank.gd:163)
       [3] run (res://tests/smoke_anime_digital_rc.gd:59)
       [4] _invoke (res://tests/smoke_runner.gd:38)
       [5] _run_all (res://tests/smoke_runner.gd:57)
ERROR: Cannot open file 'res://.godot/imported/hit.wav-851b29610f1090515288ddd252b1bc87.sample'.
   at: load (core/io/resource_format_binary.cpp:1156)
   GDScript backtrace (most recent call first):
       [0] load_stream (res://scripts/audio/procedural_audio_bank.gd:49)
       [1] preload_launch_bank (res://scripts/audio/procedural_audio_bank.gd:140)
       [2] self_test (res://scripts/audio/procedural_audio_bank.gd:163)
       [3] run (res://tests/smoke_anime_digital_rc.gd:59)
       [4] _invoke (res://tests/smoke_runner.gd:38)
       [5] _run_all (res://tests/smoke_runner.gd:57)
ERROR: Failed loading resource: res://.godot/imported/hit.wav-851b29610f1090515288ddd252b1bc87.sample.
   at: _load (core/io/resource_loader.cpp:317)
   GDScript backtrace (most recent call first):
       [0] load_stream (res://scripts/audio/procedural_audio_bank.gd:49)
       [1] preload_launch_bank (res://scripts/audio/procedural_audio_bank.gd:140)
       [2] self_test (res://scripts/audio/procedural_audio_bank.gd:163)
       [3] run (res://tests/smoke_anime_digital_rc.gd:59)
       [4] _invoke (res://tests/smoke_runner.gd:38)
       [5] _run_all (res://tests/smoke_runner.gd:57)
ERROR: Failed loading resource: res://assets/audio/procedural/fighters/ember-vale/hit.wav.
   at: _load (core/io/resource_loader.cpp:317)
   GDScript backtrace (most recent call first):
       [0] load_stream (res://scripts/audio/procedural_audio_bank.gd:49)
       [1] preload_launch_bank (res://scripts/audio/procedural_audio_bank.gd:140)
       [2] self_test (res://scripts/audio/procedural_audio_bank.gd:163)
       [3] run (res://tests/smoke_anime_digital_rc.gd:59)
       [4] _invoke (res://tests/smoke_runner.gd:38)
       [5] _run_all (res://tests/smoke_runner.gd:57)
ERROR: Cannot open file 'res://.godot/imported/move.wav-6d6cff83559dd17548d528464e471c55.sample'.
   at: load (core/io/resource_format_binary.cpp:1156)
   GDScript backtrace (most recent call first):
       [0] load_stream (res://scripts/audio/procedural_audio_bank.gd:49)
       [1] preload_launch_bank (res://scripts/audio/procedural_audio_bank.gd:140)
       [2] self_test (res://scripts/audio/procedural_audio_bank.gd:163)
       [3] run (res://tests/smoke_anime_digital_rc.gd:59)
       [4] _invoke (res://tests/smoke_runner.gd:38)
       [5] _run_all (res://tests/smoke_runner.gd:57)
ERROR: Failed loading resource: res://.godot/imported/move.wav-6d6cff83559dd17548d528464e471c55.sample.
   at: _load (core/io/resource_loader.cpp:317)
   GDScript backtrace (most recent call first):
       [0] load_stream (res://scripts/audio/procedural_audio_bank.gd:49)
       [1] preload_launch_bank (res://scripts/audio/procedural_audio_bank.gd:140)
       [2] self_test (res://scripts/audio/procedural_audio_bank.gd:163)
       [3] run (res://tests/smoke_anime_digital_rc.gd:59)
       [4] _invoke (res://tests/smoke_runner.gd:38)
       [5] _run_all (res://tests/smoke_runner.gd:57)
ERROR: Failed loading resource: res://assets/audio/procedural/fighters/ember-vale/move.wav.
   at: _load (core/io/resource_loader.cpp:317)
   GDScript backtrace (most recent call first):
       [0] load_stream (res://scripts/audio/procedural_audio_bank.gd:49)
       [1] preload_launch_bank (res://scripts/audio/procedural_audio_bank.gd:140)
       [2] self_test (res://scripts/audio/procedural_audio_bank.gd:163)
       [3] run (res://tests/smoke_anime_digital_rc.gd:59)
       [4] _invoke (res://tests/smoke_runner.gd:38)
       [5] _run_all (res://tests/smoke_runner.gd:57)
ERROR: Cannot open file 'res://.godot/imported/charge.wav-8a4facc5e8cc6767966f0295a0089dff.sample'.
   at: load (core/io/resource_format_binary.cpp:1156)
   GDScript backtrace (most recent call first):
       [0] load_stream (res://scripts/audio/procedural_audio_bank.gd:49)
       [1] preload_launch_bank (res://scripts/audio/procedural_audio_bank.gd:140)
       [2] self_test (res://scripts/audio/procedural_audio_bank.gd:163)
       [3] run (res://tests/smoke_anime_digital_rc.gd:59)
       [4] _invoke (res://tests/smoke_runner.gd:38)
       [5] _run_all (res://tests/smoke_runner.gd:57)
ERROR: Failed loading resource: res://.godot/imported/charge.wav-8a4facc5e8cc6767966f0295a0089dff.sample.
   at: _load (core/io/resource_loader.cpp:317)
   GDScript backtrace (most recent call first):
       [0] load_stream (res://scripts/audio/procedural_audio_bank.gd:49)
       [1] preload_launch_bank (res://scripts/audio/procedural_audio_bank.gd:140)
       [2] self_test (res://scripts/audio/procedural_audio_bank.gd:163)
       [3] run (res://tests/smoke_anime_digital_rc.gd:59)
       [4] _invoke (res://tests/smoke_runner.gd:38)
       [5] _run_all (res://tests/smoke_runner.gd:57)
ERROR: Failed loading resource: res://assets/audio/procedural/fighters/ember-vale/charge.wav.
   at: _load (core/io/resource_loader.cpp:317)
   GDScript backtrace (most recent call first):
       [0] load_stream (res://scripts/audio/procedural_audio_bank.gd:49)
       [1] preload_launch_bank (res://scripts/audio/procedural_audio_bank.gd:140)
       [2] self_test (res://scripts/audio/procedural_audio_bank.gd:163)
       [3] run (res://tests/smoke_anime_digital_rc.gd:59)
       [4] _invoke (res://tests/smoke_runner.gd:38)
       [5] _run_all (res://tests/smoke_runner.gd:57)
ERROR: Cannot open file 'res://.godot/imported/projectile.wav-7d822ddb8b8c2659e5558cc12c1f4c93.sample'.
   at: load (core/io/resource_format_binary.cpp:1156)
   GDScript backtrace (most recent call first):
       [0] load_stream (res://scripts/audio/procedural_audio_bank.gd:49)
       [1] preload_launch_bank (res://scripts/audio/procedural_audio_bank.gd:140)
       [2] self_test (res://scripts/audio/procedural_audio_bank.gd:163)
       [3] run (res://tests/smoke_anime_digital_rc.gd:59)
       [4] _invoke (res://tests/smoke_runner.gd:38)
       [5] _run_all (res://tests/smoke_runner.gd:57)
ERROR: Failed loading resource: res://.godot/imported/projectile.wav-7d822ddb8b8c2659e5558cc12c1f4c93.sample.
   at: _load (core/io/resource_loader.cpp:317)
   GDScript backtrace (most recent call first):
       [0] load_stream (res://scripts/audio/procedural_audio_bank.gd:49)
       [1] preload_launch_bank (res://scripts/audio/procedural_audio_bank.gd:140)
       [2] self_test (res://scripts/audio/procedural_audio_bank.gd:163)
       [3] run (res://tests/smoke_anime_digital_rc.gd:59)
       [4] _invoke (res://tests/smoke_runner.gd:38)
       [5] _run_all (res://tests/smoke_runner.gd:57)
ERROR: Failed loading resource: res://assets/audio/procedural/fighters/ember-vale/projectile.wav.
   at: _load (core/io/resource_loader.cpp:317)
   GDScript backtrace (most recent call first):
       [0] load_stream (res://scripts/audio/procedural_audio_bank.gd:49)
       [1] preload_launch_bank (res://scripts/audio/procedural_audio_bank.gd:140)
       [2] self_test (res://scripts/audio/procedural_audio_bank.gd:163)
       [3] run (res://tests/smoke_anime_digital_rc.gd:59)
       [4] _invoke (res://tests/smoke_runner.gd:38)
       [5] _run_all (res://tests/smoke_runner.gd:57)
ERROR: Cannot open file 'res://.godot/imported/signature.wav-715ccf9085eb1fbf116d84576d276a29.sample'.
   at: load (core/io/resource_format_binary.cpp:1156)
   GDScript backtrace (most recent call first):
       [0] load_stream (res://scripts/audio/procedural_audio_bank.gd:49)
       [1] preload_launch_bank (res://scripts/audio/procedural_audio_bank.gd:140)
       [2] self_test (res://scripts/audio/procedural_audio_bank.gd:163)
       [3] run (res://tests/smoke_anime_digital_rc.gd:59)
       [4] _invoke (res://tests/smoke_runner.gd:38)
       [5] _run_all (res://tests/smoke_runner.gd:57)
ERROR: Failed loading resource: res://.godot/imported/signature.wav-715ccf9085eb1fbf116d84576d276a29.sample.
   at: _load (core/io/resource_loader.cpp:317)
   GDScript backtrace (most recent call first):
       [0] load_stream (res://scripts/audio/procedural_audio_bank.gd:49)
       [1] preload_launch_bank (res://scripts/audio/procedural_audio_bank.gd:140)
       [2] self_test (res://scripts/audio/procedural_audio_bank.gd:163)
       [3] run (res://tests/smoke_anime_digital_rc.gd:59)
       [4] _invoke (res://tests/smoke_runner.gd:38)
       [5] _run_all (res://tests/smoke_runner.gd:57)
ERROR: Failed loading resource: res://assets/audio/procedural/fighters/ember-vale/signature.wav.
   at: _load (core/io/resource_loader.cpp:317)
   GDScript backtrace (most recent call first):
       [0] load_stream (res://scripts/audio/procedural_audio_bank.gd:49)
       [1] preload_launch_bank (res://scripts/audio/procedural_audio_bank.gd:140)
       [2] self_test (res://scripts/audio/procedural_audio_bank.gd:163)
       [3] run (res://tests/smoke_anime_digital_rc.gd:59)
       [4] _invoke (res://tests/smoke_runner.gd:38)
       [5] _run_all (res://tests/smoke_runner.gd:57)
ERROR: Cannot open file 'res://.godot/imported/defense.wav-894794a74733f1d2fb18761b5e8c79b1.sample'.
   at: load (core/io/resource_format_binary.cpp:1156)
   GDScript backtrace (most recent call first):
       [0] load_stream (res://scripts/audio/procedural_audio_bank.gd:49)
       [1] preload_launch_bank (res://scripts/audio/procedural_audio_bank.gd:140)
       [2] self_test (res://scripts/audio/procedural_audio_bank.gd:163)
       [3] run (res://tests/smoke_anime_digital_rc.gd:59)
       [4] _invoke (res://tests/smoke_runner.gd:38)
       [5] _run_all (res://tests/smoke_runner.gd:57)
ERROR: Failed loading resource: res://.godot/imported/defense.wav-894794a74733f1d2fb18761b5e8c79b1.sample.
   at: _load (core/io/resource_loader.cpp:317)
   GDScript backtrace (most recent call first):
       [0] load_stream (res://scripts/audio/procedural_audio_bank.gd:49)
       [1] preload_launch_bank (res://scripts/audio/procedural_audio_bank.gd:140)
       [2] self_test (res://scripts/audio/procedural_audio_bank.gd:163)
       [3] run (res://tests/smoke_anime_digital_rc.gd:59)
       [4] _invoke (res://tests/smoke_runner.gd:38)
       [5] _run_all (res://tests/smoke_runner.gd:57)
ERROR: Failed loading resource: res://assets/audio/procedural/fighters/ember-vale/defense.wav.
   at: _load (core/io/resource_loader.cpp:317)
   GDScript backtrace (most recent call first):
       [0] load_stream (res://scripts/audio/procedural_audio_bank.gd:49)
       [1] preload_launch_bank (res://scripts/audio/procedural_audio_bank.gd:140)
       [2] self_test (res://scripts/audio/procedural_audio_bank.gd:163)
       [3] run (res://tests/smoke_anime_digital_rc.gd:59)
       [4] _invoke (res://tests/smoke_runner.gd:38)
       [5] _run_all (res://tests/smoke_runner.gd:57)
ERROR: Cannot open file 'res://.godot/imported/ko.wav-15034d9eca5eb483e57de8f37dd7d0fc.sample'.
   at: load (core/io/resource_format_binary.cpp:1156)
   GDScript backtrace (most recent call first):
       [0] load_stream (res://scripts/audio/procedural_audio_bank.gd:49)
       [1] preload_launch_bank (res://scripts/audio/procedural_audio_bank.gd:140)
       [2] self_test (res://scripts/audio/procedural_audio_bank.gd:163)
       [3] run (res://tests/smoke_anime_digital_rc.gd:59)
       [4] _invoke (res://tests/smoke_runner.gd:38)
       [5] _run_all (res://tests/smoke_runner.gd:57)
ERROR: Failed loading resource: res://.godot/imported/ko.wav-15034d9eca5eb483e57de8f37dd7d0fc.sample.
   at: _load (core/io/resource_loader.cpp:317)
   GDScript backtrace (most recent call first):
       [0] load_stream (res://scripts/audio/procedural_audio_bank.gd:49)
       [1] preload_launch_bank (res://scripts/audio/procedural_audio_bank.gd:140)
       [2] self_test (res://scripts/audio/procedural_audio_bank.gd:163)
       [3] run (res://tests/smoke_anime_digital_rc.gd:59)
       [4] _invoke (res://tests/smoke_runner.gd:38)
       [5] _run_all (res://tests/smoke_runner.gd:57)
ERROR: Failed loading resource: res://assets/audio/procedural/fighters/ember-vale/ko.wav.
   at: _load (core/io/resource_loader.cpp:317)
   GDScript backtrace (most recent call first):
       [0] load_stream (res://scripts/audio/procedural_audio_bank.gd:49)
       [1] preload_launch_bank (res://scripts/audio/procedural_audio_bank.gd:140)
       [2] self_test (res://scripts/audio/procedural_audio_bank.gd:163)
       [3] run (res://tests/smoke_anime_digital_rc.gd:59)
       [4] _invoke (res://tests/smoke_runner.gd:38)
       [5] _run_all (res://tests/smoke_runner.gd:57)
ERROR: Cannot open file 'res://.godot/imported/hit.wav-350c233c47c7e114400af095c4de2f9c.sample'.
   at: load (core/io/resource_format_binary.cpp:1156)
   GDScript backtrace (most recent call first):
       [0] load_stream (res://scripts/audio/procedural_audio_bank.gd:49)
       [1] preload_launch_bank (res://scripts/audio/procedural_audio_bank.gd:140)
       [2] self_test (res://scripts/audio/procedural_audio_bank.gd:163)
       [3] run (res://tests/smoke_anime_digital_rc.gd:59)
       [4] _invoke (res://tests/smoke_runner.gd:38)
       [5] _run_all (res://tests/smoke_runner.gd:57)
ERROR: Failed loading resource: res://.godot/imported/hit.wav-350c233c47c7e114400af095c4de2f9c.sample.
   at: _load (core/io/resource_loader.cpp:317)
   GDScript backtrace (most recent call first):
       [0] load_stream (res://scripts/audio/procedural_audio_bank.gd:49)
       [1] preload_launch_bank (res://scripts/audio/procedural_audio_bank.gd:140)
       [2] self_test (res://scripts/audio/procedural_audio_bank.gd:163)
       [3] run (res://tests/smoke_anime_digital_rc.gd:59)
       [4] _invoke (res://tests/smoke_runner.gd:38)
       [5] _run_all (res://tests/smoke_runner.gd:57)
ERROR: Failed loading resource: res://assets/audio/procedural/fighters/rook-ironside/hit.wav.
   at: _load (core/io/resource_loader.cpp:317)
   GDScript backtrace (most recent call first):
       [0] load_stream (res://scripts/audio/procedural_audio_bank.gd:49)
       [1] preload_launch_bank (res://scripts/audio/procedural_audio_bank.gd:140)
       [2] self_test (res://scripts/audio/procedural_audio_bank.gd:163)
       [3] run (res://tests/smoke_anime_digital_rc.gd:59)
       [4] _invoke (res://tests/smoke_runner.gd:38)
       [5] _run_all (res://tests/smoke_runner.gd:57)
ERROR: Cannot open file 'res://.godot/imported/move.wav-bc4cac0c2066ec91dcde1c6a5ff0e150.sample'.
   at: load (core/io/resource_format_binary.cpp:1156)
   GDScript backtrace (most recent call first):
       [0] load_stream (res://scripts/audio/procedural_audio_bank.gd:49)
       [1] preload_launch_bank (res://scripts/audio/procedural_audio_bank.gd:140)
       [2] self_test (res://scripts/audio/procedural_audio_bank.gd:163)
       [3] run (res://tests/smoke_anime_digital_rc.gd:59)
       [4] _invoke (res://tests/smoke_runner.gd:38)
       [5] _run_all (res://tests/smoke_runner.gd:57)
ERROR: Failed loading resource: res://.godot/imported/move.wav-bc4cac0c2066ec91dcde1c6a5ff0e150.sample.
   at: _load (core/io/resource_loader.cpp:317)
   GDScript backtrace (most recent call first):
       [0] load_stream (res://scripts/audio/procedural_audio_bank.gd:49)
       [1] preload_launch_bank (res://scripts/audio/procedural_audio_bank.gd:140)
       [2] self_test (res://scripts/audio/procedural_audio_bank.gd:163)
       [3] run (res://tests/smoke_anime_digital_rc.gd:59)
       [4] _invoke (res://tests/smoke_runner.gd:38)
       [5] _run_all (res://tests/smoke_runner.gd:57)
ERROR: Failed loading resource: res://assets/audio/procedural/fighters/rook-ironside/move.wav.
   at: _load (core/io/resource_loader.cpp:317)
   GDScript backtrace (most recent call first):
       [0] load_stream (res://scripts/audio/procedural_audio_bank.gd:49)
       [1] preload_launch_bank (res://scripts/audio/procedural_audio_bank.gd:140)
       [2] self_test (res://scripts/audio/procedural_audio_bank.gd:163)
       [3] run (res://tests/smoke_anime_digital_rc.gd:59)
       [4] _invoke (res://tests/smoke_runner.gd:38)
       [5] _run_all (res://tests/smoke_runner.gd:57)
ERROR: Cannot open file 'res://.godot/imported/charge.wav-5bbea7d2ce3d9c50b742d0aa0471d794.sample'.
   at: load (core/io/resource_format_binary.cpp:1156)
   GDScript backtrace (most recent call first):
       [0] load_stream (res://scripts/audio/procedural_audio_bank.gd:49)
       [1] preload_launch_bank (res://scripts/audio/procedural_audio_bank.gd:140)
       [2] self_test (res://scripts/audio/procedural_audio_bank.gd:163)
       [3] run (res://tests/smoke_anime_digital_rc.gd:59)
       [4] _invoke (res://tests/smoke_runner.gd:38)
       [5] _run_all (res://tests/smoke_runner.gd:57)
ERROR: Failed loading resource: res://.godot/imported/charge.wav-5bbea7d2ce3d9c50b742d0aa0471d794.sample.
   at: _load (core/io/resource_loader.cpp:317)
   GDScript backtrace (most recent call first):
       [0] load_stream (res://scripts/audio/procedural_audio_bank.gd:49)
       [1] preload_launch_bank (res://scripts/audio/procedural_audio_bank.gd:140)
       [2] self_test (res://scripts/audio/procedural_audio_bank.gd:163)
       [3] run (res://tests/smoke_anime_digital_rc.gd:59)
       [4] _invoke (res://tests/smoke_runner.gd:38)
       [5] _run_all (res://tests/smoke_runner.gd:57)
ERROR: Failed loading resource: res://assets/audio/procedural/fighters/rook-ironside/charge.wav.
   at: _load (core/io/resource_loader.cpp:317)
   GDScript backtrace (most recent call first):
       [0] load_stream (res://scripts/audio/procedural_audio_bank.gd:49)
       [1] preload_launch_bank (res://scripts/audio/procedural_audio_bank.gd:140)
       [2] self_test (res://scripts/audio/procedural_audio_bank.gd:163)
       [3] run (res://tests/smoke_anime_digital_rc.gd:59)
       [4] _invoke (res://tests/smoke_runner.gd:38)
       [5] _run_all (res://tests/smoke_runner.gd:57)
ERROR: Cannot open file 'res://.godot/imported/projectile.wav-516b9df936fb3ce166b302945071e9c4.sample'.
   at: load (core/io/resource_format_binary.cpp:1156)
   GDScript backtrace (most recent call first):
       [0] load_stream (res://scripts/audio/procedural_audio_bank.gd:49)
       [1] preload_launch_bank (res://scripts/audio/procedural_audio_bank.gd:140)
       [2] self_test (res://scripts/audio/procedural_audio_bank.gd:163)
       [3] run (res://tests/smoke_anime_digital_rc.gd:59)
       [4] _invoke (res://tests/smoke_runner.gd:38)
       [5] _run_all (res://tests/smoke_runner.gd:57)
ERROR: Failed loading resource: res://.godot/imported/projectile.wav-516b9df936fb3ce166b302945071e9c4.sample.
   at: _load (core/io/resource_loader.cpp:317)
   GDScript backtrace (most recent call first):
       [0] load_stream (res://scripts/audio/procedural_audio_bank.gd:49)
       [1] preload_launch_bank (res://scripts/audio/procedural_audio_bank.gd:140)
       [2] self_test (res://scripts/audio/procedural_audio_bank.gd:163)
       [3] run (res://tests/smoke_anime_digital_rc.gd:59)
       [4] _invoke (res://tests/smoke_runner.gd:38)
       [5] _run_all (res://tests/smoke_runner.gd:57)
ERROR: Failed loading resource: res://assets/audio/procedural/fighters/rook-ironside/projectile.wav.
   at: _load (core/io/resource_loader.cpp:317)
   GDScript backtrace (most recent call first):
       [0] load_stream (res://scripts/audio/procedural_audio_bank.gd:49)
       [1] preload_launch_bank (res://scripts/audio/procedural_audio_bank.gd:140)
       [2] self_test (res://scripts/audio/procedural_audio_bank.gd:163)
       [3] run (res://tests/smoke_anime_digital_rc.gd:59)
       [4] _invoke (res://tests/smoke_runner.gd:38)
       [5] _run_all (res://tests/smoke_runner.gd:57)
ERROR: Cannot open file 'res://.godot/imported/signature.wav-0c3f6ce1c15b8564b2b47587870fd12f.sample'.
   at: load (core/io/resource_format_binary.cpp:1156)
   GDScript backtrace (most recent call first):
       [0] load_stream (res://scripts/audio/procedural_audio_bank.gd:49)
       [1] preload_launch_bank (res://scripts/audio/procedural_audio_bank.gd:140)
       [2] self_test (res://scripts/audio/procedural_audio_bank.gd:163)
       [3] run (res://tests/smoke_anime_digital_rc.gd:59)
       [4] _invoke (res://tests/smoke_runner.gd:38)
       [5] _run_all (res://tests/smoke_runner.gd:57)
ERROR: Failed loading resource: res://.godot/imported/signature.wav-0c3f6ce1c15b8564b2b47587870fd12f.sample.
   at: _load (core/io/resource_loader.cpp:317)
   GDScript backtrace (most recent call first):
       [0] load_stream (res://scripts/audio/procedural_audio_bank.gd:49)
       [1] preload_launch_bank (res://scripts/audio/procedural_audio_bank.gd:140)
       [2] self_test (res://scripts/audio/procedural_audio_bank.gd:163)
       [3] run (res://tests/smoke_anime_digital_rc.gd:59)
       [4] _invoke (res://tests/smoke_runner.gd:38)
       [5] _run_all (res://tests/smoke_runner.gd:57)
ERROR: Failed loading resource: res://assets/audio/procedural/fighters/rook-ironside/signature.wav.
   at: _load (core/io/resource_loader.cpp:317)
   GDScript backtrace (most recent call first):
       [0] load_stream (res://scripts/audio/procedural_audio_bank.gd:49)
       [1] preload_launch_bank (res://scripts/audio/procedural_audio_bank.gd:140)
       [2] self_test (res://scripts/audio/procedural_audio_bank.gd:163)
       [3] run (res://tests/smoke_anime_digital_rc.gd:59)
       [4] _invoke (res://tests/smoke_runner.gd:38)
       [5] _run_all (res://tests/smoke_runner.gd:57)
ERROR: Cannot open file 'res://.godot/imported/defense.wav-cc33e453ce9790ed6292f93b330a7c2b.sample'.
   at: load (core/io/resource_format_binary.cpp:1156)
   GDScript backtrace (most recent call first):
       [0] load_stream (res://scripts/audio/procedural_audio_bank.gd:49)
       [1] preload_launch_bank (res://scripts/audio/procedural_audio_bank.gd:140)
       [2] self_test (res://scripts/audio/procedural_audio_bank.gd:163)
       [3] run (res://tests/smoke_anime_digital_rc.gd:59)
       [4] _invoke (res://tests/smoke_runner.gd:38)
       [5] _run_all (res://tests/smoke_runner.gd:57)
ERROR: Failed loading resource: res://.godot/imported/defense.wav-cc33e453ce9790ed6292f93b330a7c2b.sample.
   at: _load (core/io/resource_loader.cpp:317)
   GDScript backtrace (most recent call first):
       [0] load_stream (res://scripts/audio/procedural_audio_bank.gd:49)
       [1] preload_launch_bank (res://scripts/audio/procedural_audio_bank.gd:140)
       [2] self_test (res://scripts/audio/procedural_audio_bank.gd:163)
       [3] run (res://tests/smoke_anime_digital_rc.gd:59)
       [4] _invoke (res://tests/smoke_runner.gd:38)
       [5] _run_all (res://tests/smoke_runner.gd:57)
ERROR: Failed loading resource: res://assets/audio/procedural/fighters/rook-ironside/defense.wav.
   at: _load (core/io/resource_loader.cpp:317)
   GDScript backtrace (most recent call first):
       [0] load_stream (res://scripts/audio/procedural_audio_bank.gd:49)
       [1] preload_launch_bank (res://scripts/audio/procedural_audio_bank.gd:140)
       [2] self_test (res://scripts/audio/procedural_audio_bank.gd:163)
       [3] run (res://tests/smoke_anime_digital_rc.gd:59)
       [4] _invoke (res://tests/smoke_runner.gd:38)
       [5] _run_all (res://tests/smoke_runner.gd:57)
ERROR: Cannot open file 'res://.godot/imported/ko.wav-b7313592e81a0d4561e144ec8227817f.sample'.
   at: load (core/io/resource_format_binary.cpp:1156)
   GDScript backtrace (most recent call first):
       [0] load_stream (res://scripts/audio/procedural_audio_bank.gd:49)
       [1] preload_launch_bank (res://scripts/audio/procedural_audio_bank.gd:140)
       [2] self_test (res://scripts/audio/procedural_audio_bank.gd:163)
       [3] run (res://tests/smoke_anime_digital_rc.gd:59)
       [4] _invoke (res://tests/smoke_runner.gd:38)
       [5] _run_all (res://tests/smoke_runner.gd:57)
ERROR: Failed loading resource: res://.godot/imported/ko.wav-b7313592e81a0d4561e144ec8227817f.sample.
   at: _load (core/io/resource_loader.cpp:317)
   GDScript backtrace (most recent call first):
       [0] load_stream (res://scripts/audio/procedural_audio_bank.gd:49)
       [1] preload_launch_bank (res://scripts/audio/procedural_audio_bank.gd:140)
       [2] self_test (res://scripts/audio/procedural_audio_bank.gd:163)
       [3] run (res://tests/smoke_anime_digital_rc.gd:59)
       [4] _invoke (res://tests/smoke_runner.gd:38)
       [5] _run_all (res://tests/smoke_runner.gd:57)
ERROR: Failed loading resource: res://assets/audio/procedural/fighters/rook-ironside/ko.wav.
   at: _load (core/io/resource_loader.cpp:317)
   GDScript backtrace (most recent call first):
       [0] load_stream (res://scripts/audio/procedural_audio_bank.gd:49)
       [1] preload_launch_bank (res://scripts/audio/procedural_audio_bank.gd:140)
       [2] self_test (res://scripts/audio/procedural_audio_bank.gd:163)
       [3] run (res://tests/smoke_anime_digital_rc.gd:59)
       [4] _invoke (res://tests/smoke_runner.gd:38)
       [5] _run_all (res://tests/smoke_runner.gd:57)
ERROR: Cannot open file 'res://.godot/imported/hit.wav-6874af86f824cc584a40d9a8c1971d92.sample'.
   at: load (core/io/resource_format_binary.cpp:1156)
   GDScript backtrace (most recent call first):
       [0] load_stream (res://scripts/audio/procedural_audio_bank.gd:49)
       [1] preload_launch_bank (res://scripts/audio/procedural_audio_bank.gd:140)
       [2] self_test (res://scripts/audio/procedural_audio_bank.gd:163)
       [3] run (res://tests/smoke_anime_digital_rc.gd:59)
       [4] _invoke (res://tests/smoke_runner.gd:38)
       [5] _run_all (res://tests/smoke_runner.gd:57)
ERROR: Failed loading resource: res://.godot/imported/hit.wav-6874af86f824cc584a40d9a8c1971d92.sample.
   at: _load (core/io/resource_loader.cpp:317)
   GDScript backtrace (most recent call first):
       [0] load_stream (res://scripts/audio/procedural_audio_bank.gd:49)
       [1] preload_launch_bank (res://scripts/audio/procedural_audio_bank.gd:140)
       [2] self_test (res://scripts/audio/procedural_audio_bank.gd:163)
       [3] run (res://tests/smoke_anime_digital_rc.gd:59)
       [4] _invoke (res://tests/smoke_runner.gd:38)
       [5] _run_all (res://tests/smoke_runner.gd:57)
ERROR: Failed loading resource: res://assets/audio/procedural/fighters/juno-spark/hit.wav.
   at: _load (core/io/resource_loader.cpp:317)
   GDScript backtrace (most recent call first):
       [0] load_stream (res://scripts/audio/procedural_audio_bank.gd:49)
       [1] preload_launch_bank (res://scripts/audio/procedural_audio_bank.gd:140)
       [2] self_test (res://scripts/audio/procedural_audio_bank.gd:163)
       [3] run (res://tests/smoke_anime_digital_rc.gd:59)
       [4] _invoke (res://tests/smoke_runner.gd:38)
       [5] _run_all (res://tests/smoke_runner.gd:57)
ERROR: Cannot open file 'res://.godot/imported/move.wav-af70351902fc5dc4e6f91b87c575dfa2.sample'.
   at: load (core/io/resource_format_binary.cpp:1156)
   GDScript backtrace (most recent call first):
       [0] load_stream (res://scripts/audio/procedural_audio_bank.gd:49)
       [1] preload_launch_bank (res://scripts/audio/procedural_audio_bank.gd:140)
       [2] self_test (res://scripts/audio/procedural_audio_bank.gd:163)
       [3] run (res://tests/smoke_anime_digital_rc.gd:59)
       [4] _invoke (res://tests/smoke_runner.gd:38)
       [5] _run_all (res://tests/smoke_runner.gd:57)
ERROR: Failed loading resource: res://.godot/imported/move.wav-af70351902fc5dc4e6f91b87c575dfa2.sample.
   at: _load (core/io/resource_loader.cpp:317)
   GDScript backtrace (most recent call first):
       [0] load_stream (res://scripts/audio/procedural_audio_bank.gd:49)
       [1] preload_launch_bank (res://scripts/audio/procedural_audio_bank.gd:140)
       [2] self_test (res://scripts/audio/procedural_audio_bank.gd:163)
       [3] run (res://tests/smoke_anime_digital_rc.gd:59)
       [4] _invoke (res://tests/smoke_runner.gd:38)
       [5] _run_all (res://tests/smoke_runner.gd:57)
ERROR: Failed loading resource: res://assets/audio/procedural/fighters/juno-spark/move.wav.
   at: _load (core/io/resource_loader.cpp:317)
   GDScript backtrace (most recent call first):
       [0] load_stream (res://scripts/audio/procedural_audio_bank.gd:49)
       [1] preload_launch_bank (res://scripts/audio/procedural_audio_bank.gd:140)
       [2] self_test (res://scripts/audio/procedural_audio_bank.gd:163)
       [3] run (res://tests/smoke_anime_digital_rc.gd:59)
       [4] _invoke (res://tests/smoke_runner.gd:38)
       [5] _run_all (res://tests/smoke_runner.gd:57)
ERROR: Cannot open file 'res://.godot/imported/charge.wav-36e02928cfc72a42dc4505cde2ca2213.sample'.
   at: load (core/io/resource_format_binary.cpp:1156)
   GDScript backtrace (most recent call first):
       [0] load_stream (res://scripts/audio/procedural_audio_bank.gd:49)
       [1] preload_launch_bank (res://scripts/audio/procedural_audio_bank.gd:140)
       [2] self_test (res://scripts/audio/procedural_audio_bank.gd:163)
       [3] run (res://tests/smoke_anime_digital_rc.gd:59)
       [4] _invoke (res://tests/smoke_runner.gd:38)
       [5] _run_all (res://tests/smoke_runner.gd:57)
ERROR: Failed loading resource: res://.godot/imported/charge.wav-36e02928cfc72a42dc4505cde2ca2213.sample.
   at: _load (core/io/resource_loader.cpp:317)
   GDScript backtrace (most recent call first):
       [0] load_stream (res://scripts/audio/procedural_audio_bank.gd:49)
       [1] preload_launch_bank (res://scripts/audio/procedural_audio_bank.gd:140)
       [2] self_test (res://scripts/audio/procedural_audio_bank.gd:163)
       [3] run (res://tests/smoke_anime_digital_rc.gd:59)
       [4] _invoke (res://tests/smoke_runner.gd:38)
       [5] _run_all (res://tests/smoke_runner.gd:57)
ERROR: Failed loading resource: res://assets/audio/procedural/fighters/juno-spark/charge.wav.
   at: _load (core/io/resource_loader.cpp:317)
   GDScript backtrace (most recent call first):
       [0] load_stream (res://scripts/audio/procedural_audio_bank.gd:49)
       [1] preload_launch_bank (res://scripts/audio/procedural_audio_bank.gd:140)
       [2] self_test (res://scripts/audio/procedural_audio_bank.gd:163)
       [3] run (res://tests/smoke_anime_digital_rc.gd:59)
       [4] _invoke (res://tests/smoke_runner.gd:38)
       [5] _run_all (res://tests/smoke_runner.gd:57)
ERROR: Cannot open file 'res://.godot/imported/projectile.wav-e7574a294503656143a105d578323c5d.sample'.
   at: load (core/io/resource_format_binary.cpp:1156)
   GDScript backtrace (most recent call first):
       [0] load_stream (res://scripts/audio/procedural_audio_bank.gd:49)
       [1] preload_launch_bank (res://scripts/audio/procedural_audio_bank.gd:140)
       [2] self_test (res://scripts/audio/procedural_audio_bank.gd:163)
       [3] run (res://tests/smoke_anime_digital_rc.gd:59)
       [4] _invoke (res://tests/smoke_runner.gd:38)
       [5] _run_all (res://tests/smoke_runner.gd:57)
ERROR: Failed loading resource: res://.godot/imported/projectile.wav-e7574a294503656143a105d578323c5d.sample.
   at: _load (core/io/resource_loader.cpp:317)
   GDScript backtrace (most recent call first):
       [0] load_stream (res://scripts/audio/procedural_audio_bank.gd:49)
       [1] preload_launch_bank (res://scripts/audio/procedural_audio_bank.gd:140)
       [2] self_test (res://scripts/audio/procedural_audio_bank.gd:163)
       [3] run (res://tests/smoke_anime_digital_rc.gd:59)
       [4] _invoke (res://tests/smoke_runner.gd:38)
       [5] _run_all (res://tests/smoke_runner.gd:57)
ERROR: Failed loading resource: res://assets/audio/procedural/fighters/juno-spark/projectile.wav.
   at: _load (core/io/resource_loader.cpp:317)
   GDScript backtrace (most recent call first):
       [0] load_stream (res://scripts/audio/procedural_audio_bank.gd:49)
       [1] preload_launch_bank (res://scripts/audio/procedural_audio_bank.gd:140)
       [2] self_test (res://scripts/audio/procedural_audio_bank.gd:163)
       [3] run (res://tests/smoke_anime_digital_rc.gd:59)
       [4] _invoke (res://tests/smoke_runner.gd:38)
       [5] _run_all (res://tests/smoke_runner.gd:57)
ERROR: Cannot open file 'res://.godot/imported/signature.wav-cf3a1d0327b3746ad8c949227af509c4.sample'.
   at: load (core/io/resource_format_binary.cpp:1156)
   GDScript backtrace (most recent call first):
       [0] load_stream (res://scripts/audio/procedural_audio_bank.gd:49)
       [1] preload_launch_bank (res://scripts/audio/procedural_audio_bank.gd:140)
       [2] self_test (res://scripts/audio/procedural_audio_bank.gd:163)
       [3] run (res://tests/smoke_anime_digital_rc.gd:59)
       [4] _invoke (res://tests/smoke_runner.gd:38)
       [5] _run_all (res://tests/smoke_runner.gd:57)
ERROR: Failed loading resource: res://.godot/imported/signature.wav-cf3a1d0327b3746ad8c949227af509c4.sample.
   at: _load (core/io/resource_loader.cpp:317)
   GDScript backtrace (most recent call first):
       [0] load_stream (res://scripts/audio/procedural_audio_bank.gd:49)
       [1] preload_launch_bank (res://scripts/audio/procedural_audio_bank.gd:140)
       [2] self_test (res://scripts/audio/procedural_audio_bank.gd:163)
       [3] run (res://tests/smoke_anime_digital_rc.gd:59)
       [4] _invoke (res://tests/smoke_runner.gd:38)
       [5] _run_all (res://tests/smoke_runner.gd:57)
ERROR: Failed loading resource: res://assets/audio/procedural/fighters/juno-spark/signature.wav.
   at: _load (core/io/resource_loader.cpp:317)
   GDScript backtrace (most recent call first):
       [0] load_stream (res://scripts/audio/procedural_audio_bank.gd:49)
       [1] preload_launch_bank (res://scripts/audio/procedural_audio_bank.gd:140)
       [2] self_test (res://scripts/audio/procedural_audio_bank.gd:163)
       [3] run (res://tests/smoke_anime_digital_rc.gd:59)
       [4] _invoke (res://tests/smoke_runner.gd:38)
       [5] _run_all (res://tests/smoke_runner.gd:57)
ERROR: Cannot open file 'res://.godot/imported/defense.wav-c1f1e8016833c609278775768eb12ca4.sample'.
   at: load (core/io/resource_format_binary.cpp:1156)
   GDScript backtrace (most recent call first):
       [0] load_stream (res://scripts/audio/procedural_audio_bank.gd:49)
       [1] preload_launch_bank (res://scripts/audio/procedural_audio_bank.gd:140)
       [2] self_test (res://scripts/audio/procedural_audio_bank.gd:163)
       [3] run (res://tests/smoke_anime_digital_rc.gd:59)
       [4] _invoke (res://tests/smoke_runner.gd:38)
       [5] _run_all (res://tests/smoke_runner.gd:57)
ERROR: Failed loading resource: res://.godot/imported/defense.wav-c1f1e8016833c609278775768eb12ca4.sample.
   at: _load (core/io/resource_loader.cpp:317)
   GDScript backtrace (most recent call first):
       [0] load_stream (res://scripts/audio/procedural_audio_bank.gd:49)
       [1] preload_launch_bank (res://scripts/audio/procedural_audio_bank.gd:140)
       [2] self_test (res://scripts/audio/procedural_audio_bank.gd:163)
       [3] run (res://tests/smoke_anime_digital_rc.gd:59)
       [4] _invoke (res://tests/smoke_runner.gd:38)
       [5] _run_all (res://tests/smoke_runner.gd:57)
ERROR: Failed loading resource: res://assets/audio/procedural/fighters/juno-spark/defense.wav.
   at: _load (core/io/resource_loader.cpp:317)
   GDScript backtrace (most recent call first):
       [0] load_stream (res://scripts/audio/procedural_audio_bank.gd:49)
       [1] preload_launch_bank (res://scripts/audio/procedural_audio_bank.gd:140)
       [2] self_test (res://scripts/audio/procedural_audio_bank.gd:163)
       [3] run (res://tests/smoke_anime_digital_rc.gd:59)
       [4] _invoke (res://tests/smoke_runner.gd:38)
       [5] _run_all (res://tests/smoke_runner.gd:57)
ERROR: Cannot open file 'res://.godot/imported/ko.wav-49b48b6f7e702bff2d3b3941a0d37fad.sample'.
   at: load (core/io/resource_format_binary.cpp:1156)
   GDScript backtrace (most recent call first):
       [0] load_stream (res://scripts/audio/procedural_audio_bank.gd:49)
       [1] preload_launch_bank (res://scripts/audio/procedural_audio_bank.gd:140)
       [2] self_test (res://scripts/audio/procedural_audio_bank.gd:163)
       [3] run (res://tests/smoke_anime_digital_rc.gd:59)
       [4] _invoke (res://tests/smoke_runner.gd:38)
       [5] _run_all (res://tests/smoke_runner.gd:57)
ERROR: Failed loading resource: res://.godot/imported/ko.wav-49b48b6f7e702bff2d3b3941a0d37fad.sample.
   at: _load (core/io/resource_loader.cpp:317)
   GDScript backtrace (most recent call first):
       [0] load_stream (res://scripts/audio/procedural_audio_bank.gd:49)
       [1] preload_launch_bank (res://scripts/audio/procedural_audio_bank.gd:140)
       [2] self_test (res://scripts/audio/procedural_audio_bank.gd:163)
       [3] run (res://tests/smoke_anime_digital_rc.gd:59)
       [4] _invoke (res://tests/smoke_runner.gd:38)
       [5] _run_all (res://tests/smoke_runner.gd:57)
ERROR: Failed loading resource: res://assets/audio/procedural/fighters/juno-spark/ko.wav.
   at: _load (core/io/resource_loader.cpp:317)
   GDScript backtrace (most recent call first):
       [0] load_stream (res://scripts/audio/procedural_audio_bank.gd:49)
       [1] preload_launch_bank (res://scripts/audio/procedural_audio_bank.gd:140)
       [2] self_test (res://scripts/audio/procedural_audio_bank.gd:163)
       [3] run (res://tests/smoke_anime_digital_rc.gd:59)
       [4] _invoke (res://tests/smoke_runner.gd:38)
       [5] _run_all (res://tests/smoke_runner.gd:57)
ERROR: Cannot open file 'res://.godot/imported/hit.wav-1fbc6112bd9bc2f247e23723a609328b.sample'.
   at: load (core/io/resource_format_binary.cpp:1156)
   GDScript backtrace (most recent call first):
       [0] load_stream (res://scripts/audio/procedural_audio_bank.gd:49)
       [1] preload_launch_bank (res://scripts/audio/procedural_audio_bank.gd:140)
       [2] self_test (res://scripts/audio/procedural_audio_bank.gd:163)
       [3] run (res://tests/smoke_anime_digital_rc.gd:59)
       [4] _invoke (res://tests/smoke_runner.gd:38)
       [5] _run_all (res://tests/smoke_runner.gd:57)
ERROR: Failed loading resource: res://.godot/imported/hit.wav-1fbc6112bd9bc2f247e23723a609328b.sample.
   at: _load (core/io/resource_loader.cpp:317)
   GDScript backtrace (most recent call first):
       [0] load_stream (res://scripts/audio/procedural_audio_bank.gd:49)
       [1] preload_launch_bank (res://scripts/audio/procedural_audio_bank.gd:140)
       [2] self_test (res://scripts/audio/procedural_audio_bank.gd:163)
       [3] run (res://tests/smoke_anime_digital_rc.gd:59)
       [4] _invoke (res://tests/smoke_runner.gd:38)
       [5] _run_all (res://tests/smoke_runner.gd:57)
ERROR: Failed loading resource: res://assets/audio/procedural/fighters/kaia-windrow/hit.wav.
   at: _load (core/io/resource_loader.cpp:317)
   GDScript backtrace (most recent call first):
       [0] load_stream (res://scripts/audio/procedural_audio_bank.gd:49)
       [1] preload_launch_bank (res://scripts/audio/procedural_audio_bank.gd:140)
       [2] self_test (res://scripts/audio/procedural_audio_bank.gd:163)
       [3] run (res://tests/smoke_anime_digital_rc.gd:59)
       [4] _invoke (res://tests/smoke_runner.gd:38)
       [5] _run_all (res://tests/smoke_runner.gd:57)
ERROR: Cannot open file 'res://.godot/imported/move.wav-701681847d6eb4b296b892b2c7f62b0c.sample'.
   at: load (core/io/resource_format_binary.cpp:1156)
   GDScript backtrace (most recent call first):
       [0] load_stream (res://scripts/audio/procedural_audio_bank.gd:49)
       [1] preload_launch_bank (res://scripts/audio/procedural_audio_bank.gd:140)
       [2] self_test (res://scripts/audio/procedural_audio_bank.gd:163)
       [3] run (res://tests/smoke_anime_digital_rc.gd:59)
       [4] _invoke (res://tests/smoke_runner.gd:38)
       [5] _run_all (res://tests/smoke_runner.gd:57)
ERROR: Failed loading resource: res://.godot/imported/move.wav-701681847d6eb4b296b892b2c7f62b0c.sample.
   at: _load (core/io/resource_loader.cpp:317)
   GDScript backtrace (most recent call first):
       [0] load_stream (res://scripts/audio/procedural_audio_bank.gd:49)
       [1] preload_launch_bank (res://scripts/audio/procedural_audio_bank.gd:140)
       [2] self_test (res://scripts/audio/procedural_audio_bank.gd:163)
       [3] run (res://tests/smoke_anime_digital_rc.gd:59)
       [4] _invoke (res://tests/smoke_runner.gd:38)
       [5] _run_all (res://tests/smoke_runner.gd:57)
ERROR: Failed loading resource: res://assets/audio/procedural/fighters/kaia-windrow/move.wav.
   at: _load (core/io/resource_loader.cpp:317)
   GDScript backtrace (most recent call first):
       [0] load_stream (res://scripts/audio/procedural_audio_bank.gd:49)
       [1] preload_launch_bank (res://scripts/audio/procedural_audio_bank.gd:140)
       [2] self_test (res://scripts/audio/procedural_audio_bank.gd:163)
       [3] run (res://tests/smoke_anime_digital_rc.gd:59)
       [4] _invoke (res://tests/smoke_runner.gd:38)
       [5] _run_all (res://tests/smoke_runner.gd:57)
ERROR: Cannot open file 'res://.godot/imported/charge.wav-76bdecfb53b05e5c343ece916f3dd06f.sample'.
   at: load (core/io/resource_format_binary.cpp:1156)
   GDScript backtrace (most recent call first):
       [0] load_stream (res://scripts/audio/procedural_audio_bank.gd:49)
       [1] preload_launch_bank (res://scripts/audio/procedural_audio_bank.gd:140)
       [2] self_test (res://scripts/audio/procedural_audio_bank.gd:163)
       [3] run (res://tests/smoke_anime_digital_rc.gd:59)
       [4] _invoke (res://tests/smoke_runner.gd:38)
       [5] _run_all (res://tests/smoke_runner.gd:57)
ERROR: Failed loading resource: res://.godot/imported/charge.wav-76bdecfb53b05e5c343ece916f3dd06f.sample.
   at: _load (core/io/resource_loader.cpp:317)
   GDScript backtrace (most recent call first):
       [0] load_stream (res://scripts/audio/procedural_audio_bank.gd:49)
       [1] preload_launch_bank (res://scripts/audio/procedural_audio_bank.gd:140)
       [2] self_test (res://scripts/audio/procedural_audio_bank.gd:163)
       [3] run (res://tests/smoke_anime_digital_rc.gd:59)
       [4] _invoke (res://tests/smoke_runner.gd:38)
       [5] _run_all (res://tests/smoke_runner.gd:57)
ERROR: Failed loading resource: res://assets/audio/procedural/fighters/kaia-windrow/charge.wav.
   at: _load (core/io/resource_loader.cpp:317)
   GDScript backtrace (most recent call first):
       [0] load_stream (res://scripts/audio/procedural_audio_bank.gd:49)
       [1] preload_launch_bank (res://scripts/audio/procedural_audio_bank.gd:140)
       [2] self_test (res://scripts/audio/procedural_audio_bank.gd:163)
       [3] run (res://tests/smoke_anime_digital_rc.gd:59)
       [4] _invoke (res://tests/smoke_runner.gd:38)
       [5] _run_all (res://tests/smoke_runner.gd:57)
ERROR: Cannot open file 'res://.godot/imported/projectile.wav-1bb4bcfe274d114d8806324f70f1e97e.sample'.
   at: load (core/io/resource_format_binary.cpp:1156)
   GDScript backtrace (most recent call first):
       [0] load_stream (res://scripts/audio/procedural_audio_bank.gd:49)
       [1] preload_launch_bank (res://scripts/audio/procedural_audio_bank.gd:140)
       [2] self_test (res://scripts/audio/procedural_audio_bank.gd:163)
       [3] run (res://tests/smoke_anime_digital_rc.gd:59)
       [4] _invoke (res://tests/smoke_runner.gd:38)
       [5] _run_all (res://tests/smoke_runner.gd:57)
ERROR: Failed loading resource: res://.godot/imported/projectile.wav-1bb4bcfe274d114d8806324f70f1e97e.sample.
   at: _load (core/io/resource_loader.cpp:317)
   GDScript backtrace (most recent call first):
       [0] load_stream (res://scripts/audio/procedural_audio_bank.gd:49)
       [1] preload_launch_bank (res://scripts/audio/procedural_audio_bank.gd:140)
       [2] self_test (res://scripts/audio/procedural_audio_bank.gd:163)
       [3] run (res://tests/smoke_anime_digital_rc.gd:59)
       [4] _invoke (res://tests/smoke_runner.gd:38)
       [5] _run_all (res://tests/smoke_runner.gd:57)
ERROR: Failed loading resource: res://assets/audio/procedural/fighters/kaia-windrow/projectile.wav.
   at: _load (core/io/resource_loader.cpp:317)
   GDScript backtrace (most recent call first):
       [0] load_stream (res://scripts/audio/procedural_audio_bank.gd:49)
       [1] preload_launch_bank (res://scripts/audio/procedural_audio_bank.gd:140)
       [2] self_test (res://scripts/audio/procedural_audio_bank.gd:163)
       [3] run (res://tests/smoke_anime_digital_rc.gd:59)
       [4] _invoke (res://tests/smoke_runner.gd:38)
       [5] _run_all (res://tests/smoke_runner.gd:57)
ERROR: Cannot open file 'res://.godot/imported/signature.wav-5d4635ace7238a38e1430aa4022c921f.sample'.
   at: load (core/io/resource_format_binary.cpp:1156)
   GDScript backtrace (most recent call first):
       [0] load_stream (res://scripts/audio/procedural_audio_bank.gd:49)
       [1] preload_launch_bank (res://scripts/audio/procedural_audio_bank.gd:140)
       [2] self_test (res://scripts/audio/procedural_audio_bank.gd:163)
       [3] run (res://tests/smoke_anime_digital_rc.gd:59)
       [4] _invoke (res://tests/smoke_runner.gd:38)
       [5] _run_all (res://tests/smoke_runner.gd:57)
ERROR: Failed loading resource: res://.godot/imported/signature.wav-5d4635ace7238a38e1430aa4022c921f.sample.
   at: _load (core/io/resource_loader.cpp:317)
   GDScript backtrace (most recent call first):
       [0] load_stream (res://scripts/audio/procedural_audio_bank.gd:49)
       [1] preload_launch_bank (res://scripts/audio/procedural_audio_bank.gd:140)
       [2] self_test (res://scripts/audio/procedural_audio_bank.gd:163)
       [3] run (res://tests/smoke_anime_digital_rc.gd:59)
       [4] _invoke (res://tests/smoke_runner.gd:38)
       [5] _run_all (res://tests/smoke_runner.gd:57)
ERROR: Failed loading resource: res://assets/audio/procedural/fighters/kaia-windrow/signature.wav.
   at: _load (core/io/resource_loader.cpp:317)
   GDScript backtrace (most recent call first):
       [0] load_stream (res://scripts/audio/procedural_audio_bank.gd:49)
       [1] preload_launch_bank (res://scripts/audio/procedural_audio_bank.gd:140)
       [2] self_test (res://scripts/audio/procedural_audio_bank.gd:163)
       [3] run (res://tests/smoke_anime_digital_rc.gd:59)
       [4] _invoke (res://tests/smoke_runner.gd:38)
       [5] _run_all (res://tests/smoke_runner.gd:57)
ERROR: Cannot open file 'res://.godot/imported/defense.wav-0ba89c2b5bb4901fc55ea9e9565fbd0f.sample'.
   at: load (core/io/resource_format_binary.cpp:1156)
   GDScript backtrace (most recent call first):
       [0] load_stream (res://scripts/audio/procedural_audio_bank.gd:49)
       [1] preload_launch_bank (res://scripts/audio/procedural_audio_bank.gd:140)
       [2] self_test (res://scripts/audio/procedural_audio_bank.gd:163)
       [3] run (res://tests/smoke_anime_digital_rc.gd:59)
       [4] _invoke (res://tests/smoke_runner.gd:38)
       [5] _run_all (res://tests/smoke_runner.gd:57)
ERROR: Failed loading resource: res://.godot/imported/defense.wav-0ba89c2b5bb4901fc55ea9e9565fbd0f.sample.
   at: _load (core/io/resource_loader.cpp:317)
   GDScript backtrace (most recent call first):
       [0] load_stream (res://scripts/audio/procedural_audio_bank.gd:49)
       [1] preload_launch_bank (res://scripts/audio/procedural_audio_bank.gd:140)
       [2] self_test (res://scripts/audio/procedural_audio_bank.gd:163)
       [3] run (res://tests/smoke_anime_digital_rc.gd:59)
       [4] _invoke (res://tests/smoke_runner.gd:38)
       [5] _run_all (res://tests/smoke_runner.gd:57)
ERROR: Failed loading resource: res://assets/audio/procedural/fighters/kaia-windrow/defense.wav.
   at: _load (core/io/resource_loader.cpp:317)
   GDScript backtrace (most recent call first):
       [0] load_stream (res://scripts/audio/procedural_audio_bank.gd:49)
       [1] preload_launch_bank (res://scripts/audio/procedural_audio_bank.gd:140)
       [2] self_test (res://scripts/audio/procedural_audio_bank.gd:163)
       [3] run (res://tests/smoke_anime_digital_rc.gd:59)
       [4] _invoke (res://tests/smoke_runner.gd:38)
       [5] _run_all (res://tests/smoke_runner.gd:57)
ERROR: Cannot open file 'res://.godot/imported/ko.wav-4513d1018a4a187cb65447b2903b82b6.sample'.
   at: load (core/io/resource_format_binary.cpp:1156)
   GDScript backtrace (most recent call first):
       [0] load_stream (res://scripts/audio/procedural_audio_bank.gd:49)
       [1] preload_launch_bank (res://scripts/audio/procedural_audio_bank.gd:140)
       [2] self_test (res://scripts/audio/procedural_audio_bank.gd:163)
       [3] run (res://tests/smoke_anime_digital_rc.gd:59)
       [4] _invoke (res://tests/smoke_runner.gd:38)
       [5] _run_all (res://tests/smoke_runner.gd:57)
ERROR: Failed loading resource: res://.godot/imported/ko.wav-4513d1018a4a187cb65447b2903b82b6.sample.
   at: _load (core/io/resource_loader.cpp:317)
   GDScript backtrace (most recent call first):
       [0] load_stream (res://scripts/audio/procedural_audio_bank.gd:49)
       [1] preload_launch_bank (res://scripts/audio/procedural_audio_bank.gd:140)
       [2] self_test (res://scripts/audio/procedural_audio_bank.gd:163)
       [3] run (res://tests/smoke_anime_digital_rc.gd:59)
       [4] _invoke (res://tests/smoke_runner.gd:38)
       [5] _run_all (res://tests/smoke_runner.gd:57)
ERROR: Failed loading resource: res://assets/audio/procedural/fighters/kaia-windrow/ko.wav.
   at: _load (core/io/resource_loader.cpp:317)
   GDScript backtrace (most recent call first):
       [0] load_stream (res://scripts/audio/procedural_audio_bank.gd:49)
       [1] preload_launch_bank (res://scripts/audio/procedural_audio_bank.gd:140)
       [2] self_test (res://scripts/audio/procedural_audio_bank.gd:163)
       [3] run (res://tests/smoke_anime_digital_rc.gd:59)
       [4] _invoke (res://tests/smoke_runner.gd:38)
       [5] _run_all (res://tests/smoke_runner.gd:57)
ERROR: Cannot open file 'res://.godot/imported/hit.wav-a67cbd217a8f9b2e3b23628f05ff4d4e.sample'.
   at: load (core/io/resource_format_binary.cpp:1156)
   GDScript backtrace (most recent call first):
       [0] load_stream (res://scripts/audio/procedural_audio_bank.gd:49)
       [1] preload_launch_bank (res://scripts/audio/procedural_audio_bank.gd:140)
       [2] self_test (res://scripts/audio/procedural_audio_bank.gd:163)
       [3] run (res://tests/smoke_anime_digital_rc.gd:59)
       [4] _invoke (res://tests/smoke_runner.gd:38)
       [5] _run_all (res://tests/smoke_runner.gd:57)
ERROR: Failed loading resource: res://.godot/imported/hit.wav-a67cbd217a8f9b2e3b23628f05ff4d4e.sample.
   at: _load (core/io/resource_loader.cpp:317)
   GDScript backtrace (most recent call first):
       [0] load_stream (res://scripts/audio/procedural_audio_bank.gd:49)
       [1] preload_launch_bank (res://scripts/audio/procedural_audio_bank.gd:140)
       [2] self_test (res://scripts/audio/procedural_audio_bank.gd:163)
       [3] run (res://tests/smoke_anime_digital_rc.gd:59)
       [4] _invoke (res://tests/smoke_runner.gd:38)
       [5] _run_all (res://tests/smoke_runner.gd:57)
ERROR: Failed loading resource: res://assets/audio/procedural/fighters/nix-calder/hit.wav.
   at: _load (core/io/resource_loader.cpp:317)
   GDScript backtrace (most recent call first):
       [0] load_stream (res://scripts/audio/procedural_audio_bank.gd:49)
       [1] preload_launch_bank (res://scripts/audio/procedural_audio_bank.gd:140)
       [2] self_test (res://scripts/audio/procedural_audio_bank.gd:163)
       [3] run (res://tests/smoke_anime_digital_rc.gd:59)
       [4] _invoke (res://tests/smoke_runner.gd:38)
       [5] _run_all (res://tests/smoke_runner.gd:57)
ERROR: Cannot open file 'res://.godot/imported/move.wav-4b4bef5ef771516b005bda90fc1a803a.sample'.
   at: load (core/io/resource_format_binary.cpp:1156)
   GDScript backtrace (most recent call first):
       [0] load_stream (res://scripts/audio/procedural_audio_bank.gd:49)
       [1] preload_launch_bank (res://scripts/audio/procedural_audio_bank.gd:140)
       [2] self_test (res://scripts/audio/procedural_audio_bank.gd:163)
       [3] run (res://tests/smoke_anime_digital_rc.gd:59)
       [4] _invoke (res://tests/smoke_runner.gd:38)
       [5] _run_all (res://tests/smoke_runner.gd:57)
ERROR: Failed loading resource: res://.godot/imported/move.wav-4b4bef5ef771516b005bda90fc1a803a.sample.
   at: _load (core/io/resource_loader.cpp:317)
   GDScript backtrace (most recent call first):
       [0] load_stream (res://scripts/audio/procedural_audio_bank.gd:49)
       [1] preload_launch_bank (res://scripts/audio/procedural_audio_bank.gd:140)
       [2] self_test (res://scripts/audio/procedural_audio_bank.gd:163)
       [3] run (res://tests/smoke_anime_digital_rc.gd:59)
       [4] _invoke (res://tests/smoke_runner.gd:38)
       [5] _run_all (res://tests/smoke_runner.gd:57)
ERROR: Failed loading resource: res://assets/audio/procedural/fighters/nix-calder/move.wav.
   at: _load (core/io/resource_loader.cpp:317)
   GDScript backtrace (most recent call first):
       [0] load_stream (res://scripts/audio/procedural_audio_bank.gd:49)
       [1] preload_launch_bank (res://scripts/audio/procedural_audio_bank.gd:140)
       [2] self_test (res://scripts/audio/procedural_audio_bank.gd:163)
       [3] run (res://tests/smoke_anime_digital_rc.gd:59)
       [4] _invoke (res://tests/smoke_runner.gd:38)
       [5] _run_all (res://tests/smoke_runner.gd:57)
ERROR: Cannot open file 'res://.godot/imported/charge.wav-f1f90c7c6a4a90cb176cbae354304907.sample'.
   at: load (core/io/resource_format_binary.cpp:1156)
   GDScript backtrace (most recent call first):
       [0] load_stream (res://scripts/audio/procedural_audio_bank.gd:49)
       [1] preload_launch_bank (res://scripts/audio/procedural_audio_bank.gd:140)
       [2] self_test (res://scripts/audio/procedural_audio_bank.gd:163)
       [3] run (res://tests/smoke_anime_digital_rc.gd:59)
       [4] _invoke (res://tests/smoke_runner.gd:38)
       [5] _run_all (res://tests/smoke_runner.gd:57)
ERROR: Failed loading resource: res://.godot/imported/charge.wav-f1f90c7c6a4a90cb176cbae354304907.sample.
   at: _load (core/io/resource_loader.cpp:317)
   GDScript backtrace (most recent call first):
       [0] load_stream (res://scripts/audio/procedural_audio_bank.gd:49)
       [1] preload_launch_bank (res://scripts/audio/procedural_audio_bank.gd:140)
       [2] self_test (res://scripts/audio/procedural_audio_bank.gd:163)
       [3] run (res://tests/smoke_anime_digital_rc.gd:59)
       [4] _invoke (res://tests/smoke_runner.gd:38)
       [5] _run_all (res://tests/smoke_runner.gd:57)
ERROR: Failed loading resource: res://assets/audio/procedural/fighters/nix-calder/charge.wav.
   at: _load (core/io/resource_loader.cpp:317)
   GDScript backtrace (most recent call first):
       [0] load_stream (res://scripts/audio/procedural_audio_bank.gd:49)
       [1] preload_launch_bank (res://scripts/audio/procedural_audio_bank.gd:140)
       [2] self_test (res://scripts/audio/procedural_audio_bank.gd:163)
       [3] run (res://tests/smoke_anime_digital_rc.gd:59)
       [4] _invoke (res://tests/smoke_runner.gd:38)
       [5] _run_all (res://tests/smoke_runner.gd:57)
ERROR: Cannot open file 'res://.godot/imported/projectile.wav-b571d98d27477edbdce8eb79fc2bc789.sample'.
   at: load (core/io/resource_format_binary.cpp:1156)
   GDScript backtrace (most recent call first):
       [0] load_stream (res://scripts/audio/procedural_audio_bank.gd:49)
       [1] preload_launch_bank (res://scripts/audio/procedural_audio_bank.gd:140)
       [2] self_test (res://scripts/audio/procedural_audio_bank.gd:163)
       [3] run (res://tests/smoke_anime_digital_rc.gd:59)
       [4] _invoke (res://tests/smoke_runner.gd:38)
       [5] _run_all (res://tests/smoke_runner.gd:57)
ERROR: Failed loading resource: res://.godot/imported/projectile.wav-b571d98d27477edbdce8eb79fc2bc789.sample.
   at: _load (core/io/resource_loader.cpp:317)
   GDScript backtrace (most recent call first):
       [0] load_stream (res://scripts/audio/procedural_audio_bank.gd:49)
       [1] preload_launch_bank (res://scripts/audio/procedural_audio_bank.gd:140)
       [2] self_test (res://scripts/audio/procedural_audio_bank.gd:163)
       [3] run (res://tests/smoke_anime_digital_rc.gd:59)
       [4] _invoke (res://tests/smoke_runner.gd:38)
       [5] _run_all (res://tests/smoke_runner.gd:57)
ERROR: Failed loading resource: res://assets/audio/procedural/fighters/nix-calder/projectile.wav.
   at: _load (core/io/resource_loader.cpp:317)
   GDScript backtrace (most recent call first):
       [0] load_stream (res://scripts/audio/procedural_audio_bank.gd:49)
       [1] preload_launch_bank (res://scripts/audio/procedural_audio_bank.gd:140)
       [2] self_test (res://scripts/audio/procedural_audio_bank.gd:163)
       [3] run (res://tests/smoke_anime_digital_rc.gd:59)
       [4] _invoke (res://tests/smoke_runner.gd:38)
       [5] _run_all (res://tests/smoke_runner.gd:57)
ERROR: Cannot open file 'res://.godot/imported/signature.wav-df6b467045fea522f2696273a126a33b.sample'.
   at: load (core/io/resource_format_binary.cpp:1156)
   GDScript backtrace (most recent call first):
       [0] load_stream (res://scripts/audio/procedural_audio_bank.gd:49)
       [1] preload_launch_bank (res://scripts/audio/procedural_audio_bank.gd:140)
       [2] self_test (res://scripts/audio/procedural_audio_bank.gd:163)
       [3] run (res://tests/smoke_anime_digital_rc.gd:59)
       [4] _invoke (res://tests/smoke_runner.gd:38)
       [5] _run_all (res://tests/smoke_runner.gd:57)
ERROR: Failed loading resource: res://.godot/imported/signature.wav-df6b467045fea522f2696273a126a33b.sample.
   at: _load (core/io/resource_loader.cpp:317)
   GDScript backtrace (most recent call first):
       [0] load_stream (res://scripts/audio/procedural_audio_bank.gd:49)
       [1] preload_launch_bank (res://scripts/audio/procedural_audio_bank.gd:140)
       [2] self_test (res://scripts/audio/procedural_audio_bank.gd:163)
       [3] run (res://tests/smoke_anime_digital_rc.gd:59)
       [4] _invoke (res://tests/smoke_runner.gd:38)
       [5] _run_all (res://tests/smoke_runner.gd:57)
ERROR: Failed loading resource: res://assets/audio/procedural/fighters/nix-calder/signature.wav.
   at: _load (core/io/resource_loader.cpp:317)
   GDScript backtrace (most recent call first):
       [0] load_stream (res://scripts/audio/procedural_audio_bank.gd:49)
       [1] preload_launch_bank (res://scripts/audio/procedural_audio_bank.gd:140)
       [2] self_test (res://scripts/audio/procedural_audio_bank.gd:163)
       [3] run (res://tests/smoke_anime_digital_rc.gd:59)
       [4] _invoke (res://tests/smoke_runner.gd:38)
       [5] _run_all (res://tests/smoke_runner.gd:57)
ERROR: Cannot open file 'res://.godot/imported/defense.wav-de9de99abc516119a8802bb679dfb539.sample'.
   at: load (core/io/resource_format_binary.cpp:1156)
   GDScript backtrace (most recent call first):
       [0] load_stream (res://scripts/audio/procedural_audio_bank.gd:49)
       [1] preload_launch_bank (res://scripts/audio/procedural_audio_bank.gd:140)
       [2] self_test (res://scripts/audio/procedural_audio_bank.gd:163)
       [3] run (res://tests/smoke_anime_digital_rc.gd:59)
       [4] _invoke (res://tests/smoke_runner.gd:38)
       [5] _run_all (res://tests/smoke_runner.gd:57)
ERROR: Failed loading resource: res://.godot/imported/defense.wav-de9de99abc516119a8802bb679dfb539.sample.
   at: _load (core/io/resource_loader.cpp:317)
   GDScript backtrace (most recent call first):
       [0] load_stream (res://scripts/audio/procedural_audio_bank.gd:49)
       [1] preload_launch_bank (res://scripts/audio/procedural_audio_bank.gd:140)
       [2] self_test (res://scripts/audio/procedural_audio_bank.gd:163)
       [3] run (res://tests/smoke_anime_digital_rc.gd:59)
       [4] _invoke (res://tests/smoke_runner.gd:38)
       [5] _run_all (res://tests/smoke_runner.gd:57)
ERROR: Failed loading resource: res://assets/audio/procedural/fighters/nix-calder/defense.wav.
   at: _load (core/io/resource_loader.cpp:317)
   GDScript backtrace (most recent call first):
       [0] load_stream (res://scripts/audio/procedural_audio_bank.gd:49)
       [1] preload_launch_bank (res://scripts/audio/procedural_audio_bank.gd:140)
       [2] self_test (res://scripts/audio/procedural_audio_bank.gd:163)
       [3] run (res://tests/smoke_anime_digital_rc.gd:59)
       [4] _invoke (res://tests/smoke_runner.gd:38)
       [5] _run_all (res://tests/smoke_runner.gd:57)
ERROR: Cannot open file 'res://.godot/imported/ko.wav-ee93122690ae23dfd61a4c6de5822d3f.sample'.
   at: load (core/io/resource_format_binary.cpp:1156)
   GDScript backtrace (most recent call first):
       [0] load_stream (res://scripts/audio/procedural_audio_bank.gd:49)
       [1] preload_launch_bank (res://scripts/audio/procedural_audio_bank.gd:140)
       [2] self_test (res://scripts/audio/procedural_audio_bank.gd:163)
       [3] run (res://tests/smoke_anime_digital_rc.gd:59)
       [4] _invoke (res://tests/smoke_runner.gd:38)
       [5] _run_all (res://tests/smoke_runner.gd:57)
ERROR: Failed loading resource: res://.godot/imported/ko.wav-ee93122690ae23dfd61a4c6de5822d3f.sample.
   at: _load (core/io/resource_loader.cpp:317)
   GDScript backtrace (most recent call first):
       [0] load_stream (res://scripts/audio/procedural_audio_bank.gd:49)
       [1] preload_launch_bank (res://scripts/audio/procedural_audio_bank.gd:140)
       [2] self_test (res://scripts/audio/procedural_audio_bank.gd:163)
       [3] run (res://tests/smoke_anime_digital_rc.gd:59)
       [4] _invoke (res://tests/smoke_runner.gd:38)
       [5] _run_all (res://tests/smoke_runner.gd:57)
ERROR: Failed loading resource: res://assets/audio/procedural/fighters/nix-calder/ko.wav.
   at: _load (core/io/resource_loader.cpp:317)
   GDScript backtrace (most recent call first):
       [0] load_stream (res://scripts/audio/procedural_audio_bank.gd:49)
       [1] preload_launch_bank (res://scripts/audio/procedural_audio_bank.gd:140)
       [2] self_test (res://scripts/audio/procedural_audio_bank.gd:163)
       [3] run (res://tests/smoke_anime_digital_rc.gd:59)
       [4] _invoke (res://tests/smoke_runner.gd:38)
       [5] _run_all (res://tests/smoke_runner.gd:57)
ERROR: Cannot open file 'res://.godot/imported/hit.wav-d4e1209187230688aa0960b715761b00.sample'.
   at: load (core/io/resource_format_binary.cpp:1156)
   GDScript backtrace (most recent call first):
       [0] load_stream (res://scripts/audio/procedural_audio_bank.gd:49)
       [1] preload_launch_bank (res://scripts/audio/procedural_audio_bank.gd:140)
       [2] self_test (res://scripts/audio/procedural_audio_bank.gd:163)
       [3] run (res://tests/smoke_anime_digital_rc.gd:59)
       [4] _invoke (res://tests/smoke_runner.gd:38)
       [5] _run_all (res://tests/smoke_runner.gd:57)
ERROR: Failed loading resource: res://.godot/imported/hit.wav-d4e1209187230688aa0960b715761b00.sample.
   at: _load (core/io/resource_loader.cpp:317)
   GDScript backtrace (most recent call first):
       [0] load_stream (res://scripts/audio/procedural_audio_bank.gd:49)
       [1] preload_launch_bank (res://scripts/audio/procedural_audio_bank.gd:140)
       [2] self_test (res://scripts/audio/procedural_audio_bank.gd:163)
       [3] run (res://tests/smoke_anime_digital_rc.gd:59)
       [4] _invoke (res://tests/smoke_runner.gd:38)
       [5] _run_all (res://tests/smoke_runner.gd:57)
ERROR: Failed loading resource: res://assets/audio/procedural/fighters/orion-vell/hit.wav.
   at: _load (core/io/resource_loader.cpp:317)
   GDScript backtrace (most recent call first):
       [0] load_stream (res://scripts/audio/procedural_audio_bank.gd:49)
       [1] preload_launch_bank (res://scripts/audio/procedural_audio_bank.gd:140)
       [2] self_test (res://scripts/audio/procedural_audio_bank.gd:163)
       [3] run (res://tests/smoke_anime_digital_rc.gd:59)
       [4] _invoke (res://tests/smoke_runner.gd:38)
       [5] _run_all (res://tests/smoke_runner.gd:57)
ERROR: Cannot open file 'res://.godot/imported/move.wav-bf694591e9edf78df66c182da24ee055.sample'.
   at: load (core/io/resource_format_binary.cpp:1156)
   GDScript backtrace (most recent call first):
       [0] load_stream (res://scripts/audio/procedural_audio_bank.gd:49)
       [1] preload_launch_bank (res://scripts/audio/procedural_audio_bank.gd:140)
       [2] self_test (res://scripts/audio/procedural_audio_bank.gd:163)
       [3] run (res://tests/smoke_anime_digital_rc.gd:59)
       [4] _invoke (res://tests/smoke_runner.gd:38)
       [5] _run_all (res://tests/smoke_runner.gd:57)
ERROR: Failed loading resource: res://.godot/imported/move.wav-bf694591e9edf78df66c182da24ee055.sample.
   at: _load (core/io/resource_loader.cpp:317)
   GDScript backtrace (most recent call first):
       [0] load_stream (res://scripts/audio/procedural_audio_bank.gd:49)
       [1] preload_launch_bank (res://scripts/audio/procedural_audio_bank.gd:140)
       [2] self_test (res://scripts/audio/procedural_audio_bank.gd:163)
       [3] run (res://tests/smoke_anime_digital_rc.gd:59)
       [4] _invoke (res://tests/smoke_runner.gd:38)
       [5] _run_all (res://tests/smoke_runner.gd:57)
ERROR: Failed loading resource: res://assets/audio/procedural/fighters/orion-vell/move.wav.
   at: _load (core/io/resource_loader.cpp:317)
   GDScript backtrace (most recent call first):
       [0] load_stream (res://scripts/audio/procedural_audio_bank.gd:49)
       [1] preload_launch_bank (res://scripts/audio/procedural_audio_bank.gd:140)
       [2] self_test (res://scripts/audio/procedural_audio_bank.gd:163)
       [3] run (res://tests/smoke_anime_digital_rc.gd:59)
       [4] _invoke (res://tests/smoke_runner.gd:38)
       [5] _run_all (res://tests/smoke_runner.gd:57)
ERROR: Cannot open file 'res://.godot/imported/charge.wav-1ca8b886029f06fc91b5fd33eda30172.sample'.
   at: load (core/io/resource_format_binary.cpp:1156)
   GDScript backtrace (most recent call first):
       [0] load_stream (res://scripts/audio/procedural_audio_bank.gd:49)
       [1] preload_launch_bank (res://scripts/audio/procedural_audio_bank.gd:140)
       [2] self_test (res://scripts/audio/procedural_audio_bank.gd:163)
       [3] run (res://tests/smoke_anime_digital_rc.gd:59)
       [4] _invoke (res://tests/smoke_runner.gd:38)
       [5] _run_all (res://tests/smoke_runner.gd:57)
ERROR: Failed loading resource: res://.godot/imported/charge.wav-1ca8b886029f06fc91b5fd33eda30172.sample.
   at: _load (core/io/resource_loader.cpp:317)
   GDScript backtrace (most recent call first):
       [0] load_stream (res://scripts/audio/procedural_audio_bank.gd:49)
       [1] preload_launch_bank (res://scripts/audio/procedural_audio_bank.gd:140)
       [2] self_test (res://scripts/audio/procedural_audio_bank.gd:163)
       [3] run (res://tests/smoke_anime_digital_rc.gd:59)
       [4] _invoke (res://tests/smoke_runner.gd:38)
       [5] _run_all (res://tests/smoke_runner.gd:57)
ERROR: Failed loading resource: res://assets/audio/procedural/fighters/orion-vell/charge.wav.
   at: _load (core/io/resource_loader.cpp:317)
   GDScript backtrace (most recent call first):
       [0] load_stream (res://scripts/audio/procedural_audio_bank.gd:49)
       [1] preload_launch_bank (res://scripts/audio/procedural_audio_bank.gd:140)
       [2] self_test (res://scripts/audio/procedural_audio_bank.gd:163)
       [3] run (res://tests/smoke_anime_digital_rc.gd:59)
       [4] _invoke (res://tests/smoke_runner.gd:38)
       [5] _run_all (res://tests/smoke_runner.gd:57)
ERROR: Cannot open file 'res://.godot/imported/projectile.wav-7a68f9c7f9088e1ac2183358cd13adf7.sample'.
   at: load (core/io/resource_format_binary.cpp:1156)
   GDScript backtrace (most recent call first):
       [0] load_stream (res://scripts/audio/procedural_audio_bank.gd:49)
       [1] preload_launch_bank (res://scripts/audio/procedural_audio_bank.gd:140)
       [2] self_test (res://scripts/audio/procedural_audio_bank.gd:163)
       [3] run (res://tests/smoke_anime_digital_rc.gd:59)
       [4] _invoke (res://tests/smoke_runner.gd:38)
       [5] _run_all (res://tests/smoke_runner.gd:57)
ERROR: Failed loading resource: res://.godot/imported/projectile.wav-7a68f9c7f9088e1ac2183358cd13adf7.sample.
   at: _load (core/io/resource_loader.cpp:317)
   GDScript backtrace (most recent call first):
       [0] load_stream (res://scripts/audio/procedural_audio_bank.gd:49)
       [1] preload_launch_bank (res://scripts/audio/procedural_audio_bank.gd:140)
       [2] self_test (res://scripts/audio/procedural_audio_bank.gd:163)
       [3] run (res://tests/smoke_anime_digital_rc.gd:59)
       [4] _invoke (res://tests/smoke_runner.gd:38)
       [5] _run_all (res://tests/smoke_runner.gd:57)
ERROR: Failed loading resource: res://assets/audio/procedural/fighters/orion-vell/projectile.wav.
   at: _load (core/io/resource_loader.cpp:317)
   GDScript backtrace (most recent call first):
       [0] load_stream (res://scripts/audio/procedural_audio_bank.gd:49)
       [1] preload_launch_bank (res://scripts/audio/procedural_audio_bank.gd:140)
       [2] self_test (res://scripts/audio/procedural_audio_bank.gd:163)
       [3] run (res://tests/smoke_anime_digital_rc.gd:59)
       [4] _invoke (res://tests/smoke_runner.gd:38)
       [5] _run_all (res://tests/smoke_runner.gd:57)
ERROR: Cannot open file 'res://.godot/imported/signature.wav-e54f6c7b8e31d2211c402902536858cf.sample'.
   at: load (core/io/resource_format_binary.cpp:1156)
   GDScript backtrace (most recent call first):
       [0] load_stream (res://scripts/audio/procedural_audio_bank.gd:49)
       [1] preload_launch_bank (res://scripts/audio/procedural_audio_bank.gd:140)
       [2] self_test (res://scripts/audio/procedural_audio_bank.gd:163)
       [3] run (res://tests/smoke_anime_digital_rc.gd:59)
       [4] _invoke (res://tests/smoke_runner.gd:38)
       [5] _run_all (res://tests/smoke_runner.gd:57)
ERROR: Failed loading resource: res://.godot/imported/signature.wav-e54f6c7b8e31d2211c402902536858cf.sample.
   at: _load (core/io/resource_loader.cpp:317)
   GDScript backtrace (most recent call first):
       [0] load_stream (res://scripts/audio/procedural_audio_bank.gd:49)
       [1] preload_launch_bank (res://scripts/audio/procedural_audio_bank.gd:140)
       [2] self_test (res://scripts/audio/procedural_audio_bank.gd:163)
       [3] run (res://tests/smoke_anime_digital_rc.gd:59)
       [4] _invoke (res://tests/smoke_runner.gd:38)
       [5] _run_all (res://tests/smoke_runner.gd:57)
ERROR: Failed loading resource: res://assets/audio/procedural/fighters/orion-vell/signature.wav.
   at: _load (core/io/resource_loader.cpp:317)
   GDScript backtrace (most recent call first):
       [0] load_stream (res://scripts/audio/procedural_audio_bank.gd:49)
       [1] preload_launch_bank (res://scripts/audio/procedural_audio_bank.gd:140)
       [2] self_test (res://scripts/audio/procedural_audio_bank.gd:163)
       [3] run (res://tests/smoke_anime_digital_rc.gd:59)
       [4] _invoke (res://tests/smoke_runner.gd:38)
       [5] _run_all (res://tests/smoke_runner.gd:57)
ERROR: Cannot open file 'res://.godot/imported/defense.wav-2d1a2c157f0b015ec02e7d42a50227aa.sample'.
   at: load (core/io/resource_format_binary.cpp:1156)
   GDScript backtrace (most recent call first):
       [0] load_stream (res://scripts/audio/procedural_audio_bank.gd:49)
       [1] preload_launch_bank (res://scripts/audio/procedural_audio_bank.gd:140)
       [2] self_test (res://scripts/audio/procedural_audio_bank.gd:163)
       [3] run (res://tests/smoke_anime_digital_rc.gd:59)
       [4] _invoke (res://tests/smoke_runner.gd:38)
       [5] _run_all (res://tests/smoke_runner.gd:57)
ERROR: Failed loading resource: res://.godot/imported/defense.wav-2d1a2c157f0b015ec02e7d42a50227aa.sample.
   at: _load (core/io/resource_loader.cpp:317)
   GDScript backtrace (most recent call first):
       [0] load_stream (res://scripts/audio/procedural_audio_bank.gd:49)
       [1] preload_launch_bank (res://scripts/audio/procedural_audio_bank.gd:140)
       [2] self_test (res://scripts/audio/procedural_audio_bank.gd:163)
       [3] run (res://tests/smoke_anime_digital_rc.gd:59)
       [4] _invoke (res://tests/smoke_runner.gd:38)
       [5] _run_all (res://tests/smoke_runner.gd:57)
ERROR: Failed loading resource: res://assets/audio/procedural/fighters/orion-vell/defense.wav.
   at: _load (core/io/resource_loader.cpp:317)
   GDScript backtrace (most recent call first):
       [0] load_stream (res://scripts/audio/procedural_audio_bank.gd:49)
       [1] preload_launch_bank (res://scripts/audio/procedural_audio_bank.gd:140)
       [2] self_test (res://scripts/audio/procedural_audio_bank.gd:163)
       [3] run (res://tests/smoke_anime_digital_rc.gd:59)
       [4] _invoke (res://tests/smoke_runner.gd:38)
       [5] _run_all (res://tests/smoke_runner.gd:57)
ERROR: Cannot open file 'res://.godot/imported/ko.wav-3555aa8bc3d26503b45d1124537a62b0.sample'.
   at: load (core/io/resource_format_binary.cpp:1156)
   GDScript backtrace (most recent call first):
       [0] load_stream (res://scripts/audio/procedural_audio_bank.gd:49)
       [1] preload_launch_bank (res://scripts/audio/procedural_audio_bank.gd:140)
       [2] self_test (res://scripts/audio/procedural_audio_bank.gd:163)
       [3] run (res://tests/smoke_anime_digital_rc.gd:59)
       [4] _invoke (res://tests/smoke_runner.gd:38)
       [5] _run_all (res://tests/smoke_runner.gd:57)
ERROR: Failed loading resource: res://.godot/imported/ko.wav-3555aa8bc3d26503b45d1124537a62b0.sample.
   at: _load (core/io/resource_loader.cpp:317)
   GDScript backtrace (most recent call first):
       [0] load_stream (res://scripts/audio/procedural_audio_bank.gd:49)
       [1] preload_launch_bank (res://scripts/audio/procedural_audio_bank.gd:140)
       [2] self_test (res://scripts/audio/procedural_audio_bank.gd:163)
       [3] run (res://tests/smoke_anime_digital_rc.gd:59)
       [4] _invoke (res://tests/smoke_runner.gd:38)
       [5] _run_all (res://tests/smoke_runner.gd:57)
ERROR: Failed loading resource: res://assets/audio/procedural/fighters/orion-vell/ko.wav.
   at: _load (core/io/resource_loader.cpp:317)
   GDScript backtrace (most recent call first):
       [0] load_stream (res://scripts/audio/procedural_audio_bank.gd:49)
       [1] preload_launch_bank (res://scripts/audio/procedural_audio_bank.gd:140)
       [2] self_test (res://scripts/audio/procedural_audio_bank.gd:163)
       [3] run (res://tests/smoke_anime_digital_rc.gd:59)
       [4] _invoke (res://tests/smoke_runner.gd:38)
       [5] _run_all (res://tests/smoke_runner.gd:57)
ERROR: Cannot open file 'res://.godot/imported/hit.wav-82d105f4dec11dd08b389b2952734527.sample'.
   at: load (core/io/resource_format_binary.cpp:1156)
   GDScript backtrace (most recent call first):
       [0] load_stream (res://scripts/audio/procedural_audio_bank.gd:49)
       [1] preload_launch_bank (res://scripts/audio/procedural_audio_bank.gd:140)
       [2] self_test (res://scripts/audio/procedural_audio_bank.gd:163)
       [3] run (res://tests/smoke_anime_digital_rc.gd:59)
       [4] _invoke (res://tests/smoke_runner.gd:38)
       [5] _run_all (res://tests/smoke_runner.gd:57)
ERROR: Failed loading resource: res://.godot/imported/hit.wav-82d105f4dec11dd08b389b2952734527.sample.
   at: _load (core/io/resource_loader.cpp:317)
   GDScript backtrace (most recent call first):
       [0] load_stream (res://scripts/audio/procedural_audio_bank.gd:49)
       [1] preload_launch_bank (res://scripts/audio/procedural_audio_bank.gd:140)
       [2] self_test (res://scripts/audio/procedural_audio_bank.gd:163)
       [3] run (res://tests/smoke_anime_digital_rc.gd:59)
       [4] _invoke (res://tests/smoke_runner.gd:38)
       [5] _run_all (res://tests/smoke_runner.gd:57)
ERROR: Failed loading resource: res://assets/audio/procedural/fighters/vesper-nyx/hit.wav.
   at: _load (core/io/resource_loader.cpp:317)
   GDScript backtrace (most recent call first):
       [0] load_stream (res://scripts/audio/procedural_audio_bank.gd:49)
       [1] preload_launch_bank (res://scripts/audio/procedural_audio_bank.gd:140)
       [2] self_test (res://scripts/audio/procedural_audio_bank.gd:163)
       [3] run (res://tests/smoke_anime_digital_rc.gd:59)
       [4] _invoke (res://tests/smoke_runner.gd:38)
       [5] _run_all (res://tests/smoke_runner.gd:57)
ERROR: Cannot open file 'res://.godot/imported/move.wav-9d594b409f118a35ba08b418c4f0ab9f.sample'.
   at: load (core/io/resource_format_binary.cpp:1156)
   GDScript backtrace (most recent call first):
       [0] load_stream (res://scripts/audio/procedural_audio_bank.gd:49)
       [1] preload_launch_bank (res://scripts/audio/procedural_audio_bank.gd:140)
       [2] self_test (res://scripts/audio/procedural_audio_bank.gd:163)
       [3] run (res://tests/smoke_anime_digital_rc.gd:59)
       [4] _invoke (res://tests/smoke_runner.gd:38)
       [5] _run_all (res://tests/smoke_runner.gd:57)
ERROR: Failed loading resource: res://.godot/imported/move.wav-9d594b409f118a35ba08b418c4f0ab9f.sample.
   at: _load (core/io/resource_loader.cpp:317)
   GDScript backtrace (most recent call first):
       [0] load_stream (res://scripts/audio/procedural_audio_bank.gd:49)
       [1] preload_launch_bank (res://scripts/audio/procedural_audio_bank.gd:140)
       [2] self_test (res://scripts/audio/procedural_audio_bank.gd:163)
       [3] run (res://tests/smoke_anime_digital_rc.gd:59)
       [4] _invoke (res://tests/smoke_runner.gd:38)
       [5] _run_all (res://tests/smoke_runner.gd:57)
ERROR: Failed loading resource: res://assets/audio/procedural/fighters/vesper-nyx/move.wav.
   at: _load (core/io/resource_loader.cpp:317)
   GDScript backtrace (most recent call first):
       [0] load_stream (res://scripts/audio/procedural_audio_bank.gd:49)
       [1] preload_launch_bank (res://scripts/audio/procedural_audio_bank.gd:140)
       [2] self_test (res://scripts/audio/procedural_audio_bank.gd:163)
       [3] run (res://tests/smoke_anime_digital_rc.gd:59)
       [4] _invoke (res://tests/smoke_runner.gd:38)
       [5] _run_all (res://tests/smoke_runner.gd:57)
ERROR: Cannot open file 'res://.godot/imported/charge.wav-e95dc4c2b96ac74713af3e4eb33cecd1.sample'.
   at: load (core/io/resource_format_binary.cpp:1156)
   GDScript backtrace (most recent call first):
       [0] load_stream (res://scripts/audio/procedural_audio_bank.gd:49)
       [1] preload_launch_bank (res://scripts/audio/procedural_audio_bank.gd:140)
       [2] self_test (res://scripts/audio/procedural_audio_bank.gd:163)
       [3] run (res://tests/smoke_anime_digital_rc.gd:59)
       [4] _invoke (res://tests/smoke_runner.gd:38)
       [5] _run_all (res://tests/smoke_runner.gd:57)
ERROR: Failed loading resource: res://.godot/imported/charge.wav-e95dc4c2b96ac74713af3e4eb33cecd1.sample.
   at: _load (core/io/resource_loader.cpp:317)
   GDScript backtrace (most recent call first):
       [0] load_stream (res://scripts/audio/procedural_audio_bank.gd:49)
       [1] preload_launch_bank (res://scripts/audio/procedural_audio_bank.gd:140)
       [2] self_test (res://scripts/audio/procedural_audio_bank.gd:163)
       [3] run (res://tests/smoke_anime_digital_rc.gd:59)
       [4] _invoke (res://tests/smoke_runner.gd:38)
       [5] _run_all (res://tests/smoke_runner.gd:57)
ERROR: Failed loading resource: res://assets/audio/procedural/fighters/vesper-nyx/charge.wav.
   at: _load (core/io/resource_loader.cpp:317)
   GDScript backtrace (most recent call first):
       [0] load_stream (res://scripts/audio/procedural_audio_bank.gd:49)
       [1] preload_launch_bank (res://scripts/audio/procedural_audio_bank.gd:140)
       [2] self_test (res://scripts/audio/procedural_audio_bank.gd:163)
       [3] run (res://tests/smoke_anime_digital_rc.gd:59)
       [4] _invoke (res://tests/smoke_runner.gd:38)
       [5] _run_all (res://tests/smoke_runner.gd:57)
ERROR: Cannot open file 'res://.godot/imported/projectile.wav-fb951b69d92e685368b5b532195055b0.sample'.
   at: load (core/io/resource_format_binary.cpp:1156)
   GDScript backtrace (most recent call first):
       [0] load_stream (res://scripts/audio/procedural_audio_bank.gd:49)
       [1] preload_launch_bank (res://scripts/audio/procedural_audio_bank.gd:140)
       [2] self_test (res://scripts/audio/procedural_audio_bank.gd:163)
       [3] run (res://tests/smoke_anime_digital_rc.gd:59)
       [4] _invoke (res://tests/smoke_runner.gd:38)
       [5] _run_all (res://tests/smoke_runner.gd:57)
ERROR: Failed loading resource: res://.godot/imported/projectile.wav-fb951b69d92e685368b5b532195055b0.sample.
   at: _load (core/io/resource_loader.cpp:317)
   GDScript backtrace (most recent call first):
       [0] load_stream (res://scripts/audio/procedural_audio_bank.gd:49)
       [1] preload_launch_bank (res://scripts/audio/procedural_audio_bank.gd:140)
       [2] self_test (res://scripts/audio/procedural_audio_bank.gd:163)
       [3] run (res://tests/smoke_anime_digital_rc.gd:59)
       [4] _invoke (res://tests/smoke_runner.gd:38)
       [5] _run_all (res://tests/smoke_runner.gd:57)
ERROR: Failed loading resource: res://assets/audio/procedural/fighters/vesper-nyx/projectile.wav.
   at: _load (core/io/resource_loader.cpp:317)
   GDScript backtrace (most recent call first):
       [0] load_stream (res://scripts/audio/procedural_audio_bank.gd:49)
       [1] preload_launch_bank (res://scripts/audio/procedural_audio_bank.gd:140)
       [2] self_test (res://scripts/audio/procedural_audio_bank.gd:163)
       [3] run (res://tests/smoke_anime_digital_rc.gd:59)
       [4] _invoke (res://tests/smoke_runner.gd:38)
       [5] _run_all (res://tests/smoke_runner.gd:57)
ERROR: Cannot open file 'res://.godot/imported/signature.wav-7a741f76ae9018dddfb6236861cc23ca.sample'.
   at: load (core/io/resource_format_binary.cpp:1156)
   GDScript backtrace (most recent call first):
       [0] load_stream (res://scripts/audio/procedural_audio_bank.gd:49)
       [1] preload_launch_bank (res://scripts/audio/procedural_audio_bank.gd:140)
       [2] self_test (res://scripts/audio/procedural_audio_bank.gd:163)
       [3] run (res://tests/smoke_anime_digital_rc.gd:59)
       [4] _invoke (res://tests/smoke_runner.gd:38)
       [5] _run_all (res://tests/smoke_runner.gd:57)
ERROR: Failed loading resource: res://.godot/imported/signature.wav-7a741f76ae9018dddfb6236861cc23ca.sample.
   at: _load (core/io/resource_loader.cpp:317)
   GDScript backtrace (most recent call first):
       [0] load_stream (res://scripts/audio/procedural_audio_bank.gd:49)
       [1] preload_launch_bank (res://scripts/audio/procedural_audio_bank.gd:140)
       [2] self_test (res://scripts/audio/procedural_audio_bank.gd:163)
       [3] run (res://tests/smoke_anime_digital_rc.gd:59)
       [4] _invoke (res://tests/smoke_runner.gd:38)
       [5] _run_all (res://tests/smoke_runner.gd:57)
ERROR: Failed loading resource: res://assets/audio/procedural/fighters/vesper-nyx/signature.wav.
   at: _load (core/io/resource_loader.cpp:317)
   GDScript backtrace (most recent call first):
       [0] load_stream (res://scripts/audio/procedural_audio_bank.gd:49)
       [1] preload_launch_bank (res://scripts/audio/procedural_audio_bank.gd:140)
       [2] self_test (res://scripts/audio/procedural_audio_bank.gd:163)
       [3] run (res://tests/smoke_anime_digital_rc.gd:59)
       [4] _invoke (res://tests/smoke_runner.gd:38)
       [5] _run_all (res://tests/smoke_runner.gd:57)
ERROR: Cannot open file 'res://.godot/imported/defense.wav-5e1f295688b89647d2f5f32d8b7a0dc2.sample'.
   at: load (core/io/resource_format_binary.cpp:1156)
   GDScript backtrace (most recent call first):
       [0] load_stream (res://scripts/audio/procedural_audio_bank.gd:49)
       [1] preload_launch_bank (res://scripts/audio/procedural_audio_bank.gd:140)
       [2] self_test (res://scripts/audio/procedural_audio_bank.gd:163)
       [3] run (res://tests/smoke_anime_digital_rc.gd:59)
       [4] _invoke (res://tests/smoke_runner.gd:38)
       [5] _run_all (res://tests/smoke_runner.gd:57)
ERROR: Failed loading resource: res://.godot/imported/defense.wav-5e1f295688b89647d2f5f32d8b7a0dc2.sample.
   at: _load (core/io/resource_loader.cpp:317)
   GDScript backtrace (most recent call first):
       [0] load_stream (res://scripts/audio/procedural_audio_bank.gd:49)
       [1] preload_launch_bank (res://scripts/audio/procedural_audio_bank.gd:140)
       [2] self_test (res://scripts/audio/procedural_audio_bank.gd:163)
       [3] run (res://tests/smoke_anime_digital_rc.gd:59)
       [4] _invoke (res://tests/smoke_runner.gd:38)
       [5] _run_all (res://tests/smoke_runner.gd:57)
ERROR: Failed loading resource: res://assets/audio/procedural/fighters/vesper-nyx/defense.wav.
   at: _load (core/io/resource_loader.cpp:317)
   GDScript backtrace (most recent call first):
       [0] load_stream (res://scripts/audio/procedural_audio_bank.gd:49)
       [1] preload_launch_bank (res://scripts/audio/procedural_audio_bank.gd:140)
       [2] self_test (res://scripts/audio/procedural_audio_bank.gd:163)
       [3] run (res://tests/smoke_anime_digital_rc.gd:59)
       [4] _invoke (res://tests/smoke_runner.gd:38)
       [5] _run_all (res://tests/smoke_runner.gd:57)
ERROR: Cannot open file 'res://.godot/imported/ko.wav-df441b861a23069eca7185716622c9c9.sample'.
   at: load (core/io/resource_format_binary.cpp:1156)
   GDScript backtrace (most recent call first):
       [0] load_stream (res://scripts/audio/procedural_audio_bank.gd:49)
       [1] preload_launch_bank (res://scripts/audio/procedural_audio_bank.gd:140)
       [2] self_test (res://scripts/audio/procedural_audio_bank.gd:163)
       [3] run (res://tests/smoke_anime_digital_rc.gd:59)
       [4] _invoke (res://tests/smoke_runner.gd:38)
       [5] _run_all (res://tests/smoke_runner.gd:57)
ERROR: Failed loading resource: res://.godot/imported/ko.wav-df441b861a23069eca7185716622c9c9.sample.
   at: _load (core/io/resource_loader.cpp:317)
   GDScript backtrace (most recent call first):
       [0] load_stream (res://scripts/audio/procedural_audio_bank.gd:49)
       [1] preload_launch_bank (res://scripts/audio/procedural_audio_bank.gd:140)
       [2] self_test (res://scripts/audio/procedural_audio_bank.gd:163)
       [3] run (res://tests/smoke_anime_digital_rc.gd:59)
       [4] _invoke (res://tests/smoke_runner.gd:38)
       [5] _run_all (res://tests/smoke_runner.gd:57)
ERROR: Failed loading resource: res://assets/audio/procedural/fighters/vesper-nyx/ko.wav.
   at: _load (core/io/resource_loader.cpp:317)
   GDScript backtrace (most recent call first):
       [0] load_stream (res://scripts/audio/procedural_audio_bank.gd:49)
       [1] preload_launch_bank (res://scripts/audio/procedural_audio_bank.gd:140)
       [2] self_test (res://scripts/audio/procedural_audio_bank.gd:163)
       [3] run (res://tests/smoke_anime_digital_rc.gd:59)
       [4] _invoke (res://tests/smoke_runner.gd:38)
       [5] _run_all (res://tests/smoke_runner.gd:57)
ERROR: Cannot open file 'res://.godot/imported/bed.wav-7f70791e3625c3ae9ef6cdf7e3a3b2c2.sample'.
   at: load (core/io/resource_format_binary.cpp:1156)
   GDScript backtrace (most recent call first):
       [0] load_stream (res://scripts/audio/procedural_audio_bank.gd:49)
       [1] preload_launch_bank (res://scripts/audio/procedural_audio_bank.gd:149)
       [2] self_test (res://scripts/audio/procedural_audio_bank.gd:163)
       [3] run (res://tests/smoke_anime_digital_rc.gd:59)
       [4] _invoke (res://tests/smoke_runner.gd:38)
       [5] _run_all (res://tests/smoke_runner.gd:57)
ERROR: Failed loading resource: res://.godot/imported/bed.wav-7f70791e3625c3ae9ef6cdf7e3a3b2c2.sample.
   at: _load (core/io/resource_loader.cpp:317)
   GDScript backtrace (most recent call first):
       [0] load_stream (res://scripts/audio/procedural_audio_bank.gd:49)
       [1] preload_launch_bank (res://scripts/audio/procedural_audio_bank.gd:149)
       [2] self_test (res://scripts/audio/procedural_audio_bank.gd:163)
       [3] run (res://tests/smoke_anime_digital_rc.gd:59)
       [4] _invoke (res://tests/smoke_runner.gd:38)
       [5] _run_all (res://tests/smoke_runner.gd:57)
ERROR: Failed loading resource: res://assets/audio/procedural/stages/skyline-arena/bed.wav.
   at: _load (core/io/resource_loader.cpp:317)
   GDScript backtrace (most recent call first):
       [0] load_stream (res://scripts/audio/procedural_audio_bank.gd:49)
       [1] preload_launch_bank (res://scripts/audio/procedural_audio_bank.gd:149)
       [2] self_test (res://scripts/audio/procedural_audio_bank.gd:163)
       [3] run (res://tests/smoke_anime_digital_rc.gd:59)
       [4] _invoke (res://tests/smoke_runner.gd:38)
       [5] _run_all (res://tests/smoke_runner.gd:57)
ERROR: Cannot open file 'res://.godot/imported/bed.wav-31e784432b3dcc4588f5618853abdbeb.sample'.
   at: load (core/io/resource_format_binary.cpp:1156)
   GDScript backtrace (most recent call first):
       [0] load_stream (res://scripts/audio/procedural_audio_bank.gd:49)
       [1] preload_launch_bank (res://scripts/audio/procedural_audio_bank.gd:149)
       [2] self_test (res://scripts/audio/procedural_audio_bank.gd:163)
       [3] run (res://tests/smoke_anime_digital_rc.gd:59)
       [4] _invoke (res://tests/smoke_runner.gd:38)
       [5] _run_all (res://tests/smoke_runner.gd:57)
ERROR: Failed loading resource: res://.godot/imported/bed.wav-31e784432b3dcc4588f5618853abdbeb.sample.
   at: _load (core/io/resource_loader.cpp:317)
   GDScript backtrace (most recent call first):
       [0] load_stream (res://scripts/audio/procedural_audio_bank.gd:49)
       [1] preload_launch_bank (res://scripts/audio/procedural_audio_bank.gd:149)
       [2] self_test (res://scripts/audio/procedural_audio_bank.gd:163)
       [3] run (res://tests/smoke_anime_digital_rc.gd:59)
       [4] _invoke (res://tests/smoke_runner.gd:38)
       [5] _run_all (res://tests/smoke_runner.gd:57)
ERROR: Failed loading resource: res://assets/audio/procedural/stages/neon-rooftops/bed.wav.
   at: _load (core/io/resource_loader.cpp:317)
   GDScript backtrace (most recent call first):
       [0] load_stream (res://scripts/audio/procedural_audio_bank.gd:49)
       [1] preload_launch_bank (res://scripts/audio/procedural_audio_bank.gd:149)
       [2] self_test (res://scripts/audio/procedural_audio_bank.gd:163)
       [3] run (res://tests/smoke_anime_digital_rc.gd:59)
       [4] _invoke (res://tests/smoke_runner.gd:38)
       [5] _run_all (res://tests/smoke_runner.gd:57)
ERROR: Cannot open file 'res://.godot/imported/bed.wav-c3da1763a1839a782e44d190c317f143.sample'.
   at: load (core/io/resource_format_binary.cpp:1156)
   GDScript backtrace (most recent call first):
       [0] load_stream (res://scripts/audio/procedural_audio_bank.gd:49)
       [1] preload_launch_bank (res://scripts/audio/procedural_audio_bank.gd:149)
       [2] self_test (res://scripts/audio/procedural_audio_bank.gd:163)
       [3] run (res://tests/smoke_anime_digital_rc.gd:59)
       [4] _invoke (res://tests/smoke_runner.gd:38)
       [5] _run_all (res://tests/smoke_runner.gd:57)
ERROR: Failed loading resource: res://.godot/imported/bed.wav-c3da1763a1839a782e44d190c317f143.sample.
   at: _load (core/io/resource_loader.cpp:317)
   GDScript backtrace (most recent call first):
       [0] load_stream (res://scripts/audio/procedural_audio_bank.gd:49)
       [1] preload_launch_bank (res://scripts/audio/procedural_audio_bank.gd:149)
       [2] self_test (res://scripts/audio/procedural_audio_bank.gd:163)
       [3] run (res://tests/smoke_anime_digital_rc.gd:59)
       [4] _invoke (res://tests/smoke_runner.gd:38)
       [5] _run_all (res://tests/smoke_runner.gd:57)
ERROR: Failed loading resource: res://assets/audio/procedural/stages/cascade-foundry/bed.wav.
   at: _load (core/io/resource_loader.cpp:317)
   GDScript backtrace (most recent call first):
       [0] load_stream (res://scripts/audio/procedural_audio_bank.gd:49)
       [1] preload_launch_bank (res://scripts/audio/procedural_audio_bank.gd:149)
       [2] self_test (res://scripts/audio/procedural_audio_bank.gd:163)
       [3] run (res://tests/smoke_anime_digital_rc.gd:59)
       [4] _invoke (res://tests/smoke_runner.gd:38)
       [5] _run_all (res://tests/smoke_runner.gd:57)
ERROR: Cannot open file 'res://.godot/imported/bed.wav-0fb61994b96cd39a68e935d5f259564c.sample'.
   at: load (core/io/resource_format_binary.cpp:1156)
   GDScript backtrace (most recent call first):
       [0] load_stream (res://scripts/audio/procedural_audio_bank.gd:49)
       [1] preload_launch_bank (res://scripts/audio/procedural_audio_bank.gd:149)
       [2] self_test (res://scripts/audio/procedural_audio_bank.gd:163)
       [3] run (res://tests/smoke_anime_digital_rc.gd:59)
       [4] _invoke (res://tests/smoke_runner.gd:38)
       [5] _run_all (res://tests/smoke_runner.gd:57)
ERROR: Failed loading resource: res://.godot/imported/bed.wav-0fb61994b96cd39a68e935d5f259564c.sample.
   at: _load (core/io/resource_loader.cpp:317)
   GDScript backtrace (most recent call first):
       [0] load_stream (res://scripts/audio/procedural_audio_bank.gd:49)
       [1] preload_launch_bank (res://scripts/audio/procedural_audio_bank.gd:149)
       [2] self_test (res://scripts/audio/procedural_audio_bank.gd:163)
       [3] run (res://tests/smoke_anime_digital_rc.gd:59)
       [4] _invoke (res://tests/smoke_runner.gd:38)
       [5] _run_all (res://tests/smoke_runner.gd:57)
ERROR: Failed loading resource: res://assets/audio/procedural/stages/void-pier/bed.wav.
   at: _load (core/io/resource_loader.cpp:317)
   GDScript backtrace (most recent call first):
       [0] load_stream (res://scripts/audio/procedural_audio_bank.gd:49)
       [1] preload_launch_bank (res://scripts/audio/procedural_audio_bank.gd:149)
       [2] self_test (res://scripts/audio/procedural_audio_bank.gd:163)
       [3] run (res://tests/smoke_anime_digital_rc.gd:59)
       [4] _invoke (res://tests/smoke_runner.gd:38)
       [5] _run_all (res://tests/smoke_runner.gd:57)
ERROR: Cannot open file 'res://.godot/imported/bed.wav-1eb80f988f339445cad0dcc6c3b563a9.sample'.
   at: load (core/io/resource_format_binary.cpp:1156)
   GDScript backtrace (most recent call first):
       [0] load_stream (res://scripts/audio/procedural_audio_bank.gd:49)
       [1] preload_launch_bank (res://scripts/audio/procedural_audio_bank.gd:149)
       [2] self_test (res://scripts/audio/procedural_audio_bank.gd:163)
       [3] run (res://tests/smoke_anime_digital_rc.gd:59)
       [4] _invoke (res://tests/smoke_runner.gd:38)
       [5] _run_all (res://tests/smoke_runner.gd:57)
ERROR: Failed loading resource: res://.godot/imported/bed.wav-1eb80f988f339445cad0dcc6c3b563a9.sample.
   at: _load (core/io/resource_loader.cpp:317)
   GDScript backtrace (most recent call first):
       [0] load_stream (res://scripts/audio/procedural_audio_bank.gd:49)
       [1] preload_launch_bank (res://scripts/audio/procedural_audio_bank.gd:149)
       [2] self_test (res://scripts/audio/procedural_audio_bank.gd:163)
       [3] run (res://tests/smoke_anime_digital_rc.gd:59)
       [4] _invoke (res://tests/smoke_runner.gd:38)
       [5] _run_all (res://tests/smoke_runner.gd:57)
ERROR: Failed loading resource: res://assets/audio/procedural/stages/ember-courtyard/bed.wav.
   at: _load (core/io/resource_loader.cpp:317)
   GDScript backtrace (most recent call first):
       [0] load_stream (res://scripts/audio/procedural_audio_bank.gd:49)
       [1] preload_launch_bank (res://scripts/audio/procedural_audio_bank.gd:149)
       [2] self_test (res://scripts/audio/procedural_audio_bank.gd:163)
       [3] run (res://tests/smoke_anime_digital_rc.gd:59)
       [4] _invoke (res://tests/smoke_runner.gd:38)
       [5] _run_all (res://tests/smoke_runner.gd:57)
ERROR: Cannot open file 'res://.godot/imported/bed.wav-bf1688624e3476b73f173107ab092983.sample'.
   at: load (core/io/resource_format_binary.cpp:1156)
   GDScript backtrace (most recent call first):
       [0] load_stream (res://scripts/audio/procedural_audio_bank.gd:49)
       [1] preload_launch_bank (res://scripts/audio/procedural_audio_bank.gd:149)
       [2] self_test (res://scripts/audio/procedural_audio_bank.gd:163)
       [3] run (res://tests/smoke_anime_digital_rc.gd:59)
       [4] _invoke (res://tests/smoke_runner.gd:38)
       [5] _run_all (res://tests/smoke_runner.gd:57)
ERROR: Failed loading resource: res://.godot/imported/bed.wav-bf1688624e3476b73f173107ab092983.sample.
   at: _load (core/io/resource_loader.cpp:317)
   GDScript backtrace (most recent call first):
       [0] load_stream (res://scripts/audio/procedural_audio_bank.gd:49)
       [1] preload_launch_bank (res://scripts/audio/procedural_audio_bank.gd:149)
       [2] self_test (res://scripts/audio/procedural_audio_bank.gd:163)
       [3] run (res://tests/smoke_anime_digital_rc.gd:59)
       [4] _invoke (res://tests/smoke_runner.gd:38)
       [5] _run_all (res://tests/smoke_runner.gd:57)
ERROR: Failed loading resource: res://assets/audio/procedural/stages/training-grid/bed.wav.
   at: _load (core/io/resource_loader.cpp:317)
   GDScript backtrace (most recent call first):
       [0] load_stream (res://scripts/audio/procedural_audio_bank.gd:49)
       [1] preload_launch_bank (res://scripts/audio/procedural_audio_bank.gd:149)
       [2] self_test (res://scripts/audio/procedural_audio_bank.gd:163)
       [3] run (res://tests/smoke_anime_digital_rc.gd:59)
       [4] _invoke (res://tests/smoke_runner.gd:38)
       [5] _run_all (res://tests/smoke_runner.gd:57)
SCRIPT ERROR: Parse Error: Could not find type "CharacterSelectShowcaseFlourish" in the current scope.
          at: GDScript::reload (res://scripts/menus/fighter_select_scene.gd:29)
          GDScript backtrace (most recent call first):
              [0] run (res://tests/smoke_match_loop.gd:29)
              [1] _invoke (res://tests/smoke_runner.gd:38)
              [2] _run_all (res://tests/smoke_runner.gd:57)
ERROR: Failed to load script "res://scripts/menus/fighter_select_scene.gd" with error "Parse error".
   at: load (modules/gdscript/gdscript_resource_format.cpp:46)
   GDScript backtrace (most recent call first):
       [0] run (res://tests/smoke_match_loop.gd:29)
       [1] _invoke (res://tests/smoke_runner.gd:38)
       [2] _run_all (res://tests/smoke_runner.gd:57)
ERROR: smoke_runner: 2 suite(s) failed
   at: push_error (core/variant/variant_utility.cpp:1023)
   GDScript backtrace (most recent call first):
       [0] _run_all (res://tests/smoke_runner.gd:64)
WARNING: 6 ObjectDB instances were leaked at exit (run with `--verbose` for details).
   at: cleanup (core/object/object.cpp:2536)
ERROR: 2 resources still in use at exit (run with --verbose for details).
   at: clear (core/io/resource.cpp:822)
