cue_id,node_id,speaker,phase,event,subtitle,status,temporary_voice,final_approved,voice_seconds,runtime_test_status,ordinary_playthrough_status,production_acting,public_audio_distribution
kaia_windrow_prologue_001,kaia-windrow:prologue,Kaia,pre,encounter_intro,The air remembers every argument.,INTEGRATED_EVENT_BINDING,GENERATED_LOCAL_DEVELOPMENT_ONLY,False,2.827,RUNTIME_PRESENTED_ISOLATED_EVENT_TEST,NOT_ALL_NODES_REPLAYED_AT_THIS_HEAD,PENDING,NOT_CLEARED
kaia_windrow_prologue_002,kaia-windrow:prologue,Kaia,pre,encounter_intro,That does not mean it has to carry one forever.,INTEGRATED_EVENT_BINDING,GENERATED_LOCAL_DEVELOPMENT_ONLY,False,3.759,RUNTIME_PRESENTED_ISOLATED_EVENT_TEST,NOT_ALL_NODES_REPLAYED_AT_THIS_HEAD,PENDING,NOT_CLEARED
kaia_windrow_prologue_003,kaia-windrow:prologue,Yin,pre,encounter_intro,A silence lies beneath every unfinished argument.,INTEGRATED_EVENT_BINDING,GENERATED_LOCAL_DEVELOPMENT_ONLY,False,6.881,RUNTIME_PRESENTED_ISOLATED_EVENT_TEST,NOT_ALL_NODES_REPLAYED_AT_THIS_HEAD,PENDING,NOT_CLEARED
kaia_windrow_prologue_004,kaia-windrow:prologue,Yang,pre,encounter_intro,Every incomplete path can be corrected.,INTEGRATED_EVENT_BINDING,GENERATED_LOCAL_DEVELOPMENT_ONLY,False,3.192,RUNTIME_PRESENTED_ISOLATED_EVENT_TEST,NOT_ALL_NODES_REPLAYED_AT_THIS_HEAD,PENDING,NOT_CLEARED
kaia_windrow_prologue_005,kaia-windrow:prologue,Kaia,mid,combat_contact,"If I wait long enough, surely everyone can agree.",INTEGRATED_EVENT_BINDING,GENERATED_LOCAL_DEVELOPMENT_ONLY,False,4.312,RUNTIME_PRESENTED_ISOLATED_EVENT_TEST,NOT_ALL_NODES_REPLAYED_AT_THIS_HEAD,PENDING,NOT_CLEARED
kaia_windrow_prologue_006,kaia-windrow:prologue,Kaia,post,encounter_success,I want a way where nobody has to surrender themselves.,INTEGRATED_EVENT_BINDING,GENERATED_LOCAL_DEVELOPMENT_ONLY,False,4.618,RUNTIME_PRESENTED_ISOLATED_EVENT_TEST,NOT_ALL_NODES_REPLAYED_AT_THIS_HEAD,PENDING,NOT_CLEARED
kaia_windrow_recruit_juno_spark_001,kaia-windrow:recruit:juno-spark,Juno,pre,encounter_intro,There is a rail storm two blocks ahead. I can get there first.,INTEGRATED_EVENT_BINDING,GENERATED_LOCAL_DEVELOPMENT_ONLY,False,3.553,RUNTIME_PRESENTED_ISOLATED_EVENT_TEST,NOT_ALL_NODES_REPLAYED_AT_THIS_HEAD,PENDING,NOT_CLEARED
kaia_windrow_recruit_juno_spark_002,kaia-windrow:recruit:juno-spark,Kaia,pre,encounter_intro,And who will be there when you arrive?,INTEGRATED_EVENT_BINDING,GENERATED_LOCAL_DEVELOPMENT_ONLY,False,2.787,RUNTIME_PRESENTED_ISOLATED_EVENT_TEST,NOT_ALL_NODES_REPLAYED_AT_THIS_HEAD,PENDING,NOT_CLEARED
kaia_windrow_recruit_juno_spark_003,kaia-windrow:recruit:juno-spark,Juno,mid,combat_contact,...I had not checked.,INTEGRATED_EVENT_BINDING,GENERATED_LOCAL_DEVELOPMENT_ONLY,False,1.235,RUNTIME_PRESENTED_ISOLATED_EVENT_TEST,NOT_ALL_NODES_REPLAYED_AT_THIS_HEAD,PENDING,NOT_CLEARED
kaia_windrow_recruit_juno_spark_004,kaia-windrow:recruit:juno-spark,Kaia,post,encounter_success,Then let us go together. You lead; I watch the crossing.,INTEGRATED_EVENT_BINDING,GENERATED_LOCAL_DEVELOPMENT_ONLY,False,5.361,RUNTIME_PRESENTED_ISOLATED_EVENT_TEST,NOT_ALL_NODES_REPLAYED_AT_THIS_HEAD,PENDING,NOT_CLEARED
kaia_windrow_recruit_juno_spark_005,kaia-windrow:recruit:juno-spark,Juno,post,encounter_success,Okay. First time I have been asked to lead slowly.,INTEGRATED_EVENT_BINDING,GENERATED_LOCAL_DEVELOPMENT_ONLY,False,3.104,RUNTIME_PRESENTED_ISOLATED_EVENT_TEST,NOT_ALL_NODES_REPLAYED_AT_THIS_HEAD,PENDING,NOT_CLEARED
kaia_windrow_recruit_nix_calder_001,kaia-windrow:recruit:nix-calder,Nix,pre,encounter_intro,I can close the storm gate. Everyone inside will be safe.,INTEGRATED_EVENT_BINDING,GENERATED_LOCAL_DEVELOPMENT_ONLY,False,5.11,RUNTIME_PRESENTED_ISOLATED_EVENT_TEST,NOT_ALL_NODES_REPLAYED_AT_THIS_HEAD,PENDING,NOT_CLEARED
kaia_windrow_recruit_nix_calder_002,kaia-windrow:recruit:nix-calder,Kaia,pre,encounter_intro,And the people still outside?,INTEGRATED_EVENT_BINDING,GENERATED_LOCAL_DEVELOPMENT_ONLY,False,2.44,RUNTIME_PRESENTED_ISOLATED_EVENT_TEST,NOT_ALL_NODES_REPLAYED_AT_THIS_HEAD,PENDING,NOT_CLEARED
kaia_windrow_recruit_nix_calder_003,kaia-windrow:recruit:nix-calder,Nix,mid,combat_contact,They are outside the current safety model.,INTEGRATED_EVENT_BINDING,GENERATED_LOCAL_DEVELOPMENT_ONLY,False,3.295,RUNTIME_PRESENTED_ISOLATED_EVENT_TEST,NOT_ALL_NODES_REPLAYED_AT_THIS_HEAD,PENDING,NOT_CLEARED
kaia_windrow_recruit_nix_calder_004,kaia-windrow:recruit:nix-calder,Kaia,post,encounter_success,Then your model needs a door.,INTEGRATED_EVENT_BINDING,GENERATED_LOCAL_DEVELOPMENT_ONLY,False,2.622,RUNTIME_PRESENTED_ISOLATED_EVENT_TEST,NOT_ALL_NODES_REPLAYED_AT_THIS_HEAD,PENDING,NOT_CLEARED
kaia_windrow_recruit_nix_calder_005,kaia-windrow:recruit:nix-calder,Nix,post,encounter_success,A door with a choice of direction. I will design one.,INTEGRATED_EVENT_BINDING,GENERATED_LOCAL_DEVELOPMENT_ONLY,False,4.523,RUNTIME_PRESENTED_ISOLATED_EVENT_TEST,NOT_ALL_NODES_REPLAYED_AT_THIS_HEAD,PENDING,NOT_CLEARED
kaia_windrow_recruit_rook_ironside_001,kaia-windrow:recruit:rook-ironside,Rook,pre,encounter_intro,Stand behind me. The load belongs here.,INTEGRATED_EVENT_BINDING,GENERATED_LOCAL_DEVELOPMENT_ONLY,False,4.513,RUNTIME_PRESENTED_ISOLATED_EVENT_TEST,NOT_ALL_NODES_REPLAYED_AT_THIS_HEAD,PENDING,NOT_CLEARED
kaia_windrow_recruit_rook_ironside_002,kaia-windrow:recruit:rook-ironside,Kaia,pre,encounter_intro,Does it have to belong to only you?,INTEGRATED_EVENT_BINDING,GENERATED_LOCAL_DEVELOPMENT_ONLY,False,3.031,RUNTIME_PRESENTED_ISOLATED_EVENT_TEST,NOT_ALL_NODES_REPLAYED_AT_THIS_HEAD,PENDING,NOT_CLEARED
kaia_windrow_recruit_rook_ironside_003,kaia-windrow:recruit:rook-ironside,Rook,mid,combat_contact,I have never needed anyone else to hold a wall.,INTEGRATED_EVENT_BINDING,GENERATED_LOCAL_DEVELOPMENT_ONLY,False,4.823,RUNTIME_PRESENTED_ISOLATED_EVENT_TEST,NOT_ALL_NODES_REPLAYED_AT_THIS_HEAD,PENDING,NOT_CLEARED
kaia_windrow_recruit_rook_ironside_004,kaia-windrow:recruit:rook-ironside,Kaia,post,encounter_success,We are not asking you to stop being strong. We are asking where to help.,INTEGRATED_EVENT_BINDING,GENERATED_LOCAL_DEVELOPMENT_ONLY,False,6.313,RUNTIME_PRESENTED_ISOLATED_EVENT_TEST,NOT_ALL_NODES_REPLAYED_AT_THIS_HEAD,PENDING,NOT_CLEARED
kaia_windrow_recruit_rook_ironside_005,kaia-windrow:recruit:rook-ironside,Rook,post,encounter_success,Then stand at the seam. I will make room.,INTEGRATED_EVENT_BINDING,GENERATED_LOCAL_DEVELOPMENT_ONLY,False,4.657,RUNTIME_PRESENTED_ISOLATED_EVENT_TEST,NOT_ALL_NODES_REPLAYED_AT_THIS_HEAD,PENDING,NOT_CLEARED
kaia_windrow_recruit_orion_vell_001,kaia-windrow:recruit:orion-vell,Orion,pre,encounter_intro,A sevenfold collaboration has a low probability of stability.,INTEGRATED_EVENT_BINDING,GENERATED_LOCAL_DEVELOPMENT_ONLY,False,5.514,RUNTIME_PRESENTED_ISOLATED_EVENT_TEST,NOT_ALL_NODES_REPLAYED_AT_THIS_HEAD,PENDING,NOT_CLEARED
kaia_windrow_recruit_orion_vell_002,kaia-windrow:recruit:orion-vell,Kaia,pre,encounter_intro,Have you asked any of the seven?,INTEGRATED_EVENT_BINDING,GENERATED_LOCAL_DEVELOPMENT_ONLY,False,2.588,RUNTIME_PRESENTED_ISOLATED_EVENT_TEST,NOT_ALL_NODES_REPLAYED_AT_THIS_HEAD,PENDING,NOT_CLEARED
kaia_windrow_recruit_orion_vell_003,kaia-windrow:recruit:orion-vell,Orion,mid,combat_contact,I made predictions.,INTEGRATED_EVENT_BINDING,GENERATED_LOCAL_DEVELOPMENT_ONLY,False,2.11,RUNTIME_PRESENTED_ISOLATED_EVENT_TEST,NOT_ALL_NODES_REPLAYED_AT_THIS_HEAD,PENDING,NOT_CLEARED
kaia_windrow_recruit_orion_vell_004,kaia-windrow:recruit:orion-vell,Kaia,post,encounter_success,Those are not invitations.,INTEGRATED_EVENT_BINDING,GENERATED_LOCAL_DEVELOPMENT_ONLY,False,2.264,RUNTIME_PRESENTED_ISOLATED_EVENT_TEST,NOT_ALL_NODES_REPLAYED_AT_THIS_HEAD,PENDING,NOT_CLEARED
kaia_windrow_recruit_orion_vell_005,kaia-windrow:recruit:orion-vell,Orion,post,encounter_success,Point taken. May I join you?,INTEGRATED_EVENT_BINDING,GENERATED_LOCAL_DEVELOPMENT_ONLY,False,3.563,RUNTIME_PRESENTED_ISOLATED_EVENT_TEST,NOT_ALL_NODES_REPLAYED_AT_THIS_HEAD,PENDING,NOT_CLEARED
kaia_windrow_recruit_ember_vale_001,kaia-windrow:recruit:ember-vale,Ember,pre,encounter_intro,Give me a wall and I will leave you a path.,INTEGRATED_EVENT_BINDING,GENERATED_LOCAL_DEVELOPMENT_ONLY,False,2.595,RUNTIME_PRESENTED_ISOLATED_EVENT_TEST,NOT_ALL_NODES_REPLAYED_AT_THIS_HEAD,PENDING,NOT_CLEARED
kaia_windrow_recruit_ember_vale_002,kaia-windrow:recruit:ember-vale,Kaia,pre,encounter_intro,What if someone wanted that wall to stay?,INTEGRATED_EVENT_BINDING,GENERATED_LOCAL_DEVELOPMENT_ONLY,False,3.529,RUNTIME_PRESENTED_ISOLATED_EVENT_TEST,NOT_ALL_NODES_REPLAYED_AT_THIS_HEAD,PENDING,NOT_CLEARED
kaia_windrow_recruit_ember_vale_003,kaia-windrow:recruit:ember-vale,Ember,mid,combat_contact,Then they should tell me before the fire.,INTEGRATED_EVENT_BINDING,GENERATED_LOCAL_DEVELOPMENT_ONLY,False,2.47,RUNTIME_PRESENTED_ISOLATED_EVENT_TEST,NOT_ALL_NODES_REPLAYED_AT_THIS_HEAD,PENDING,NOT_CLEARED
kaia_windrow_recruit_ember_vale_004,kaia-windrow:recruit:ember-vale,Kaia,post,encounter_success,I am telling you now.,INTEGRATED_EVENT_BINDING,GENERATED_LOCAL_DEVELOPMENT_ONLY,False,1.93,RUNTIME_PRESENTED_ISOLATED_EVENT_TEST,NOT_ALL_NODES_REPLAYED_AT_THIS_HEAD,PENDING,NOT_CLEARED
kaia_windrow_recruit_ember_vale_005,kaia-windrow:recruit:ember-vale,Ember,post,encounter_success,All right. I can learn to knock first.,INTEGRATED_EVENT_BINDING,GENERATED_LOCAL_DEVELOPMENT_ONLY,False,2.72,RUNTIME_PRESENTED_ISOLATED_EVENT_TEST,NOT_ALL_NODES_REPLAYED_AT_THIS_HEAD,PENDING,NOT_CLEARED
kaia_windrow_recruit_vesper_nyx_001,kaia-windrow:recruit:vesper-nyx,Vesper,pre,encounter_intro,You came for me? Which me?,INTEGRATED_EVENT_BINDING,GENERATED_LOCAL_DEVELOPMENT_ONLY,False,2.579,RUNTIME_PRESENTED_ISOLATED_EVENT_TEST,NOT_ALL_NODES_REPLAYED_AT_THIS_HEAD,PENDING,NOT_CLEARED
kaia_windrow_recruit_vesper_nyx_002,kaia-windrow:recruit:vesper-nyx,Kaia,pre,encounter_intro,The one who is waiting for somebody to ask.,INTEGRATED_EVENT_BINDING,GENERATED_LOCAL_DEVELOPMENT_ONLY,False,3.787,RUNTIME_PRESENTED_ISOLATED_EVENT_TEST,NOT_ALL_NODES_REPLAYED_AT_THIS_HEAD,PENDING,NOT_CLEARED
kaia_windrow_recruit_vesper_nyx_003,kaia-windrow:recruit:vesper-nyx,Vesper,mid,combat_contact,That is an unpleasantly good guess.,INTEGRATED_EVENT_BINDING,GENERATED_LOCAL_DEVELOPMENT_ONLY,False,2.353,RUNTIME_PRESENTED_ISOLATED_EVENT_TEST,NOT_ALL_NODES_REPLAYED_AT_THIS_HEAD,PENDING,NOT_CLEARED
kaia_windrow_recruit_vesper_nyx_004,kaia-windrow:recruit:vesper-nyx,Kaia,post,encounter_success,You can keep your secrets. Just do not make them traps.,INTEGRATED_EVENT_BINDING,GENERATED_LOCAL_DEVELOPMENT_ONLY,False,4.907,RUNTIME_PRESENTED_ISOLATED_EVENT_TEST,NOT_ALL_NODES_REPLAYED_AT_THIS_HEAD,PENDING,NOT_CLEARED
kaia_windrow_recruit_vesper_nyx_005,kaia-windrow:recruit:vesper-nyx,Vesper,post,encounter_success,For you? I can leave one honest sign.,INTEGRATED_EVENT_BINDING,GENERATED_LOCAL_DEVELOPMENT_ONLY,False,3.246,RUNTIME_PRESENTED_ISOLATED_EVENT_TEST,NOT_ALL_NODES_REPLAYED_AT_THIS_HEAD,PENDING,NOT_CLEARED
kaia_windrow_accord_001,kaia-windrow:accord,Kaia,pre,scene_start,"I brought us into one place, not one opinion.",INTEGRATED_EVENT_BINDING,GENERATED_LOCAL_DEVELOPMENT_ONLY,False,4.038,RUNTIME_PRESENTED_ISOLATED_EVENT_TEST,NOT_ALL_NODES_REPLAYED_AT_THIS_HEAD,PENDING,NOT_CLEARED
kaia_windrow_accord_002,kaia-windrow:accord,Ember,pre,scene_start,"Are we actually doing this, or arguing until dawn?",INTEGRATED_EVENT_BINDING,GENERATED_LOCAL_DEVELOPMENT_ONLY,False,3.324,RUNTIME_PRESENTED_ISOLATED_EVENT_TEST,NOT_ALL_NODES_REPLAYED_AT_THIS_HEAD,PENDING,NOT_CLEARED
kaia_windrow_accord_003,kaia-windrow:accord,Nix,pre,scene_start,Those are not mutually exclusive activities.,INTEGRATED_EVENT_BINDING,GENERATED_LOCAL_DEVELOPMENT_ONLY,False,3.642,RUNTIME_PRESENTED_ISOLATED_EVENT_TEST,NOT_ALL_NODES_REPLAYED_AT_THIS_HEAD,PENDING,NOT_CLEARED
kaia_windrow_accord_004,kaia-windrow:accord,Juno,pre,scene_start,"I vote for arguing while walking. Efficient, entertaining.",INTEGRATED_EVENT_BINDING,GENERATED_LOCAL_DEVELOPMENT_ONLY,False,3.609,RUNTIME_PRESENTED_ISOLATED_EVENT_TEST,NOT_ALL_NODES_REPLAYED_AT_THIS_HEAD,PENDING,NOT_CLEARED
kaia_windrow_accord_005,kaia-windrow:accord,Rook,pre,scene_start,Stay where I can see you. Not where I can command you.,INTEGRATED_EVENT_BINDING,GENERATED_LOCAL_DEVELOPMENT_ONLY,False,5.732,RUNTIME_PRESENTED_ISOLATED_EVENT_TEST,NOT_ALL_NODES_REPLAYED_AT_THIS_HEAD,PENDING,NOT_CLEARED
kaia_windrow_accord_006,kaia-windrow:accord,Vesper,pre,scene_start,That sounded almost like trust.,INTEGRATED_EVENT_BINDING,GENERATED_LOCAL_DEVELOPMENT_ONLY,False,2.53,RUNTIME_PRESENTED_ISOLATED_EVENT_TEST,NOT_ALL_NODES_REPLAYED_AT_THIS_HEAD,PENDING,NOT_CLEARED
kaia_windrow_accord_007,kaia-windrow:accord,Orion,pre,scene_start,It is an unfamiliar but testable arrangement.,INTEGRATED_EVENT_BINDING,GENERATED_LOCAL_DEVELOPMENT_ONLY,False,4.106,RUNTIME_PRESENTED_ISOLATED_EVENT_TEST,NOT_ALL_NODES_REPLAYED_AT_THIS_HEAD,PENDING,NOT_CLEARED
kaia_windrow_accord_008,kaia-windrow:accord,Kaia,post,scene_resolution,We have seven answers. We do not need one voice.,INTEGRATED_EVENT_BINDING,GENERATED_LOCAL_DEVELOPMENT_ONLY,False,4.427,RUNTIME_PRESENTED_ISOLATED_EVENT_TEST,NOT_ALL_NODES_REPLAYED_AT_THIS_HEAD,PENDING,NOT_CLEARED
kaia_windrow_accord_009,kaia-windrow:accord,Kaia,post,scene_resolution,"Before we fight for each other, tell each other what you fear losing.",INTEGRATED_EVENT_BINDING,GENERATED_LOCAL_DEVELOPMENT_ONLY,False,5.491,RUNTIME_PRESENTED_ISOLATED_EVENT_TEST,NOT_ALL_NODES_REPLAYED_AT_THIS_HEAD,PENDING,NOT_CLEARED
kaia_windrow_catastrophe_001,kaia-windrow:catastrophe,Yin,pre,scene_start,You cannot wait forever for conflict to become harmless.,INTEGRATED_EVENT_BINDING,GENERATED_LOCAL_DEVELOPMENT_ONLY,False,8.043,RUNTIME_PRESENTED_ISOLATED_EVENT_TEST,NOT_ALL_NODES_REPLAYED_AT_THIS_HEAD,PENDING,NOT_CLEARED
kaia_windrow_catastrophe_002,kaia-windrow:catastrophe,Yang,pre,scene_start,A mediator is merely a design awaiting its final rule.,INTEGRATED_EVENT_BINDING,GENERATED_LOCAL_DEVELOPMENT_ONLY,False,4.373,RUNTIME_PRESENTED_ISOLATED_EVENT_TEST,NOT_ALL_NODES_REPLAYED_AT_THIS_HEAD,PENDING,NOT_CLEARED
kaia_windrow_catastrophe_003,kaia-windrow:catastrophe,Ember,pre,scene_start,Nobody gave you the right to rearrange us.,INTEGRATED_EVENT_BINDING,GENERATED_LOCAL_DEVELOPMENT_ONLY,False,2.613,RUNTIME_PRESENTED_ISOLATED_EVENT_TEST,NOT_ALL_NODES_REPLAYED_AT_THIS_HEAD,PENDING,NOT_CLEARED
kaia_windrow_catastrophe_004,kaia-windrow:catastrophe,Nix,pre,scene_start,Your proposed structure contains no consent pathway.,INTEGRATED_EVENT_BINDING,GENERATED_LOCAL_DEVELOPMENT_ONLY,False,4.399,RUNTIME_PRESENTED_ISOLATED_EVENT_TEST,NOT_ALL_NODES_REPLAYED_AT_THIS_HEAD,PENDING,NOT_CLEARED
kaia_windrow_catastrophe_005,kaia-windrow:catastrophe,Yin,pre,scene_start,Consent requires a self willing to suffer. I offer release.,INTEGRATED_EVENT_BINDING,GENERATED_LOCAL_DEVELOPMENT_ONLY,False,7.22,RUNTIME_PRESENTED_ISOLATED_EVENT_TEST,NOT_ALL_NODES_REPLAYED_AT_THIS_HEAD,PENDING,NOT_CLEARED
kaia_windrow_catastrophe_006,kaia-windrow:catastrophe,Yang,pre,scene_start,Consent is unnecessary when no misunderstanding remains.,INTEGRATED_EVENT_BINDING,GENERATED_LOCAL_DEVELOPMENT_ONLY,False,4.519,RUNTIME_PRESENTED_ISOLATED_EVENT_TEST,NOT_ALL_NODES_REPLAYED_AT_THIS_HEAD,PENDING,NOT_CLEARED
kaia_windrow_catastrophe_007,kaia-windrow:catastrophe,Kaia,mid,scene_turn,"If I wait long enough, surely everyone can agree.",INTEGRATED_EVENT_BINDING,GENERATED_LOCAL_DEVELOPMENT_ONLY,False,4.312,RUNTIME_PRESENTED_ISOLATED_EVENT_TEST,NOT_ALL_NODES_REPLAYED_AT_THIS_HEAD,PENDING,NOT_CLEARED
kaia_windrow_catastrophe_008,kaia-windrow:catastrophe,Kaia,mid,scene_turn,We are not yours to solve.,INTEGRATED_EVENT_BINDING,GENERATED_LOCAL_DEVELOPMENT_ONLY,False,2.5,RUNTIME_PRESENTED_ISOLATED_EVENT_TEST,NOT_ALL_NODES_REPLAYED_AT_THIS_HEAD,PENDING,NOT_CLEARED
kaia_windrow_catastrophe_009,kaia-windrow:catastrophe,Rook,post,scene_resolution,Then we hold together.,INTEGRATED_EVENT_BINDING,GENERATED_LOCAL_DEVELOPMENT_ONLY,False,2.55,RUNTIME_PRESENTED_ISOLATED_EVENT_TEST,NOT_ALL_NODES_REPLAYED_AT_THIS_HEAD,PENDING,NOT_CLEARED
kaia_windrow_catastrophe_010,kaia-windrow:catastrophe,Vesper,post,scene_resolution,"For once, I have nothing clever to add.",INTEGRATED_EVENT_BINDING,GENERATED_LOCAL_DEVELOPMENT_ONLY,False,3.182,RUNTIME_PRESENTED_ISOLATED_EVENT_TEST,NOT_ALL_NODES_REPLAYED_AT_THIS_HEAD,PENDING,NOT_CLEARED
kaia_windrow_impossible_battle_1_001,kaia-windrow:impossible_battle_1,Yang,pre,encounter_intro,You mistake the size of the disagreement for the depth of it.,INTEGRATED_EVENT_BINDING,GENERATED_LOCAL_DEVELOPMENT_ONLY,False,4.075,RUNTIME_PRESENTED_ISOLATED_EVENT_TEST,NOT_ALL_NODES_REPLAYED_AT_THIS_HEAD,PENDING,NOT_CLEARED
kaia_windrow_impossible_battle_1_002,kaia-windrow:impossible_battle_1,Kaia,pre,encounter_intro,Then we are going to test your certainty.,INTEGRATED_EVENT_BINDING,GENERATED_LOCAL_DEVELOPMENT_ONLY,False,3.278,RUNTIME_PRESENTED_ISOLATED_EVENT_TEST,NOT_ALL_NODES_REPLAYED_AT_THIS_HEAD,PENDING,NOT_CLEARED
kaia_windrow_impossible_battle_1_003,kaia-windrow:impossible_battle_1,Yin,mid,cosmic_engaged,Every strike ends. Every heartbeat asks for rest.,INTEGRATED_EVENT_BINDING,GENERATED_LOCAL_DEVELOPMENT_ONLY,False,6.331,RUNTIME_PRESENTED_ISOLATED_EVENT_TEST,NOT_ALL_NODES_REPLAYED_AT_THIS_HEAD,PENDING,NOT_CLEARED
kaia_windrow_impossible_battle_1_004,kaia-windrow:impossible_battle_1,Orion,mid,cosmic_engaged,"Our attacks are changing nothing. The field responds to allegiance, not impact.",INTEGRATED_EVENT_BINDING,GENERATED_LOCAL_DEVELOPMENT_ONLY,False,7.173,RUNTIME_PRESENTED_ISOLATED_EVENT_TEST,NOT_ALL_NODES_REPLAYED_AT_THIS_HEAD,PENDING,NOT_CLEARED
kaia_windrow_impossible_battle_1_005,kaia-windrow:impossible_battle_1,Kaia,post,encounter_success,The fight was never about who hit harder.,INTEGRATED_EVENT_BINDING,GENERATED_LOCAL_DEVELOPMENT_ONLY,False,3.597,RUNTIME_PRESENTED_ISOLATED_EVENT_TEST,NOT_ALL_NODES_REPLAYED_AT_THIS_HEAD,PENDING,NOT_CLEARED
kaia_windrow_impossible_battle_1_006,kaia-windrow:impossible_battle_1,Yang,post,encounter_success,"At last, you have begun to observe.",INTEGRATED_EVENT_BINDING,GENERATED_LOCAL_DEVELOPMENT_ONLY,False,3.266,RUNTIME_PRESENTED_ISOLATED_EVENT_TEST,NOT_ALL_NODES_REPLAYED_AT_THIS_HEAD,PENDING,NOT_CLEARED
kaia_windrow_first_loss_001,kaia-windrow:first_loss,Rook,pre,encounter_intro,The pressure is moving toward them.,INTEGRATED_EVENT_BINDING,GENERATED_LOCAL_DEVELOPMENT_ONLY,False,3.433,RUNTIME_PRESENTED_ISOLATED_EVENT_TEST,NOT_ALL_NODES_REPLAYED_AT_THIS_HEAD,PENDING,NOT_CLEARED
kaia_windrow_first_loss_002,kaia-windrow:first_loss,Kaia,pre,encounter_intro,We can redirect it. Together.,INTEGRATED_EVENT_BINDING,GENERATED_LOCAL_DEVELOPMENT_ONLY,False,2.956,RUNTIME_PRESENTED_ISOLATED_EVENT_TEST,NOT_ALL_NODES_REPLAYED_AT_THIS_HEAD,PENDING,NOT_CLEARED
kaia_windrow_first_loss_003,kaia-windrow:first_loss,Orion,pre,encounter_intro,The field is splitting. Time to failure: seconds.,INTEGRATED_EVENT_BINDING,GENERATED_LOCAL_DEVELOPMENT_ONLY,False,5.192,RUNTIME_PRESENTED_ISOLATED_EVENT_TEST,NOT_ALL_NODES_REPLAYED_AT_THIS_HEAD,PENDING,NOT_CLEARED
kaia_windrow_first_loss_004,kaia-windrow:first_loss,Rook,pre,encounter_intro,I can hold the weight.,INTEGRATED_EVENT_BINDING,GENERATED_LOCAL_DEVELOPMENT_ONLY,False,2.451,RUNTIME_PRESENTED_ISOLATED_EVENT_TEST,NOT_ALL_NODES_REPLAYED_AT_THIS_HEAD,PENDING,NOT_CLEARED
kaia_windrow_first_loss_005,kaia-windrow:first_loss,Kaia,mid,decision_made,You do not have to hold it alone.,INTEGRATED_EVENT_BINDING,GENERATED_LOCAL_DEVELOPMENT_ONLY,False,2.995,RUNTIME_PRESENTED_ISOLATED_EVENT_TEST,NOT_ALL_NODES_REPLAYED_AT_THIS_HEAD,PENDING,NOT_CLEARED
kaia_windrow_first_loss_006,kaia-windrow:first_loss,Rook,mid,decision_made,Then make sure nobody else stands here.,INTEGRATED_EVENT_BINDING,GENERATED_LOCAL_DEVELOPMENT_ONLY,False,4.543,RUNTIME_PRESENTED_ISOLATED_EVENT_TEST,NOT_ALL_NODES_REPLAYED_AT_THIS_HEAD,PENDING,NOT_CLEARED
kaia_windrow_first_loss_007,kaia-windrow:first_loss,Kaia,mid,first_loss_signal,"Rook, wait. I am still looking for another way.",INTEGRATED_EVENT_BINDING,GENERATED_LOCAL_DEVELOPMENT_ONLY,False,4.755,RUNTIME_PRESENTED_ISOLATED_EVENT_TEST,NOT_ALL_NODES_REPLAYED_AT_THIS_HEAD,PENDING,NOT_CLEARED
kaia_windrow_first_loss_008,kaia-windrow:first_loss,Rook,mid,first_loss_signal,Stop looking past the one in front of you.,INTEGRATED_EVENT_BINDING,GENERATED_LOCAL_DEVELOPMENT_ONLY,False,4.549,RUNTIME_PRESENTED_ISOLATED_EVENT_TEST,NOT_ALL_NODES_REPLAYED_AT_THIS_HEAD,PENDING,NOT_CLEARED
kaia_windrow_first_loss_009,kaia-windrow:first_loss,Kaia,post,first_loss_resolved,No— I can come back for you.,INTEGRATED_EVENT_BINDING,GENERATED_LOCAL_DEVELOPMENT_ONLY,False,3.306,RUNTIME_PRESENTED_ISOLATED_EVENT_TEST,NOT_ALL_NODES_REPLAYED_AT_THIS_HEAD,PENDING,NOT_CLEARED
kaia_windrow_first_loss_010,kaia-windrow:first_loss,Rook,post,first_loss_resolved,Go where your choice matters.,INTEGRATED_EVENT_BINDING,GENERATED_LOCAL_DEVELOPMENT_ONLY,False,3.091,RUNTIME_PRESENTED_ISOLATED_EVENT_TEST,NOT_ALL_NODES_REPLAYED_AT_THIS_HEAD,PENDING,NOT_CLEARED
kaia_windrow_first_loss_011,kaia-windrow:first_loss,Kaia,post,first_loss_resolved,I waited until choosing became losing.,INTEGRATED_EVENT_BINDING,GENERATED_LOCAL_DEVELOPMENT_ONLY,False,3.406,RUNTIME_PRESENTED_ISOLATED_EVENT_TEST,NOT_ALL_NODES_REPLAYED_AT_THIS_HEAD,PENDING,NOT_CLEARED
kaia_windrow_first_loss_012,kaia-windrow:first_loss,Rook,post,first_loss_resolved,Then choose now.,INTEGRATED_EVENT_BINDING,GENERATED_LOCAL_DEVELOPMENT_ONLY,False,2.167,RUNTIME_PRESENTED_ISOLATED_EVENT_TEST,NOT_ALL_NODES_REPLAYED_AT_THIS_HEAD,PENDING,NOT_CLEARED
kaia_windrow_first_loss_013,kaia-windrow:first_loss,Kaia,post,first_loss_resolved,I am crossing. I am here. I will carry what you taught me.,INTEGRATED_EVENT_BINDING,GENERATED_LOCAL_DEVELOPMENT_ONLY,False,5.515,RUNTIME_PRESENTED_ISOLATED_EVENT_TEST,NOT_ALL_NODES_REPLAYED_AT_THIS_HEAD,PENDING,NOT_CLEARED
kaia_windrow_first_loss_014,kaia-windrow:first_loss,Yin,post,first_loss_resolved,The burden has found an ending.,INTEGRATED_EVENT_BINDING,GENERATED_LOCAL_DEVELOPMENT_ONLY,False,5.001,RUNTIME_PRESENTED_ISOLATED_EVENT_TEST,NOT_ALL_NODES_REPLAYED_AT_THIS_HEAD,PENDING,NOT_CLEARED
kaia_windrow_first_loss_015,kaia-windrow:first_loss,Yang,post,first_loss_resolved,An incomplete loss can be integrated into a clearer whole.,INTEGRATED_EVENT_BINDING,GENERATED_LOCAL_DEVELOPMENT_ONLY,False,4.47,RUNTIME_PRESENTED_ISOLATED_EVENT_TEST,NOT_ALL_NODES_REPLAYED_AT_THIS_HEAD,PENDING,NOT_CLEARED
kaia_windrow_first_loss_016,kaia-windrow:first_loss,Kaia,post,first_loss_resolved,There was no perfect moment. There was Rook.,INTEGRATED_EVENT_BINDING,GENERATED_LOCAL_DEVELOPMENT_ONLY,False,4.953,RUNTIME_PRESENTED_ISOLATED_EVENT_TEST,NOT_ALL_NODES_REPLAYED_AT_THIS_HEAD,PENDING,NOT_CLEARED
kaia_windrow_puppet_imbalance_001,kaia-windrow:puppet_imbalance,Yin,pre,encounter_intro,A simple world is a quiet world.,INTEGRATED_EVENT_BINDING,GENERATED_LOCAL_DEVELOPMENT_ONLY,False,4.219,RUNTIME_PRESENTED_ISOLATED_EVENT_TEST,NOT_ALL_NODES_REPLAYED_AT_THIS_HEAD,PENDING,NOT_CLEARED
kaia_windrow_puppet_imbalance_002,kaia-windrow:puppet_imbalance,Yang,pre,encounter_intro,An ordered world is a world without mistakes.,INTEGRATED_EVENT_BINDING,GENERATED_LOCAL_DEVELOPMENT_ONLY,False,3.502,RUNTIME_PRESENTED_ISOLATED_EVENT_TEST,NOT_ALL_NODES_REPLAYED_AT_THIS_HEAD,PENDING,NOT_CLEARED
kaia_windrow_puppet_imbalance_003,kaia-windrow:puppet_imbalance,Kaia,pre,encounter_intro,"Rook is gone from this fight, not from what he gave me.",INTEGRATED_EVENT_BINDING,GENERATED_LOCAL_DEVELOPMENT_ONLY,False,4.487,RUNTIME_PRESENTED_ISOLATED_EVENT_TEST,NOT_ALL_NODES_REPLAYED_AT_THIS_HEAD,PENDING,NOT_CLEARED
kaia_windrow_puppet_imbalance_004,kaia-windrow:puppet_imbalance,Kaia,mid,puppet_contact,One side holds three of my friends. I can change that without taking their place.,INTEGRATED_EVENT_BINDING,GENERATED_LOCAL_DEVELOPMENT_ONLY,False,6.981,RUNTIME_PRESENTED_ISOLATED_EVENT_TEST,NOT_ALL_NODES_REPLAYED_AT_THIS_HEAD,PENDING,NOT_CLEARED
kaia_windrow_puppet_imbalance_005,kaia-windrow:puppet_imbalance,Kaia,post,encounter_success,The space he left is where I must choose.,INTEGRATED_EVENT_BINDING,GENERATED_LOCAL_DEVELOPMENT_ONLY,False,3.641,RUNTIME_PRESENTED_ISOLATED_EVENT_TEST,NOT_ALL_NODES_REPLAYED_AT_THIS_HEAD,PENDING,NOT_CLEARED
kaia_windrow_puppet_imbalance_006,kaia-windrow:puppet_imbalance,Vesper,post,encounter_success,"If you find the real me, please do not keep me as a souvenir.",INTEGRATED_EVENT_BINDING,GENERATED_LOCAL_DEVELOPMENT_ONLY,False,4.8,RUNTIME_PRESENTED_ISOLATED_EVENT_TEST,NOT_ALL_NODES_REPLAYED_AT_THIS_HEAD,PENDING,NOT_CLEARED
kaia_windrow_first_release_001,kaia-windrow:first_release,Kaia,pre,encounter_intro,"I can recognize their gesture, but it is not my right to command it.",INTEGRATED_EVENT_BINDING,GENERATED_LOCAL_DEVELOPMENT_ONLY,False,5.548,RUNTIME_PRESENTED_ISOLATED_EVENT_TEST,NOT_ALL_NODES_REPLAYED_AT_THIS_HEAD,PENDING,NOT_CLEARED
kaia_windrow_first_release_002,kaia-windrow:first_release,Yin,pre,encounter_intro,The mask removes the need to decide. How merciful.,INTEGRATED_EVENT_BINDING,GENERATED_LOCAL_DEVELOPMENT_ONLY,False,6.472,RUNTIME_PRESENTED_ISOLATED_EVENT_TEST,NOT_ALL_NODES_REPLAYED_AT_THIS_HEAD,PENDING,NOT_CLEARED
kaia_windrow_first_release_003,kaia-windrow:first_release,Kaia,mid,release_ready,The wind can carry your voice. It cannot speak for you.,INTEGRATED_EVENT_BINDING,GENERATED_LOCAL_DEVELOPMENT_ONLY,False,4.747,RUNTIME_PRESENTED_ISOLATED_EVENT_TEST,NOT_ALL_NODES_REPLAYED_AT_THIS_HEAD,PENDING,NOT_CLEARED
kaia_windrow_first_release_004,kaia-windrow:first_release,Yang,mid,puppet_released,Restored variation is an uncorrected flaw.,INTEGRATED_EVENT_BINDING,GENERATED_LOCAL_DEVELOPMENT_ONLY,False,3.493,RUNTIME_PRESENTED_ISOLATED_EVENT_TEST,NOT_ALL_NODES_REPLAYED_AT_THIS_HEAD,PENDING,NOT_CLEARED
kaia_windrow_first_release_005,kaia-windrow:first_release,Kaia,post,essence_earned,Your first real movement is yours. Keep it.,INTEGRATED_EVENT_BINDING,GENERATED_LOCAL_DEVELOPMENT_ONLY,False,4.105,RUNTIME_PRESENTED_ISOLATED_EVENT_TEST,NOT_ALL_NODES_REPLAYED_AT_THIS_HEAD,PENDING,NOT_CLEARED
kaia_windrow_first_release_006,kaia-windrow:first_release,Kaia,post,essence_earned,One mask down. What matters is who comes back.,INTEGRATED_EVENT_BINDING,GENERATED_LOCAL_DEVELOPMENT_ONLY,False,4.55,RUNTIME_PRESENTED_ISOLATED_EVENT_TEST,NOT_ALL_NODES_REPLAYED_AT_THIS_HEAD,PENDING,NOT_CLEARED
kaia_windrow_equilibrium_001,kaia-windrow:equilibrium,Kaia,pre,encounter_intro,Even the air can settle without growing still.,INTEGRATED_EVENT_BINDING,GENERATED_LOCAL_DEVELOPMENT_ONLY,False,3.543,RUNTIME_PRESENTED_ISOLATED_EVENT_TEST,NOT_ALL_NODES_REPLAYED_AT_THIS_HEAD,PENDING,NOT_CLEARED
kaia_windrow_equilibrium_002,kaia-windrow:equilibrium,Orion,pre,encounter_intro,The competing claims are momentarily equal.,INTEGRATED_EVENT_BINDING,GENERATED_LOCAL_DEVELOPMENT_ONLY,False,3.888,RUNTIME_PRESENTED_ISOLATED_EVENT_TEST,NOT_ALL_NODES_REPLAYED_AT_THIS_HEAD,PENDING,NOT_CLEARED
kaia_windrow_equilibrium_003,kaia-windrow:equilibrium,Kaia,mid,center_guard,Equal numbers. Not equal freedom. We are not done.,INTEGRATED_EVENT_BINDING,GENERATED_LOCAL_DEVELOPMENT_ONLY,False,4.966,RUNTIME_PRESENTED_ISOLATED_EVENT_TEST,NOT_ALL_NODES_REPLAYED_AT_THIS_HEAD,PENDING,NOT_CLEARED
kaia_windrow_equilibrium_004,kaia-windrow:equilibrium,Yin,mid,center_guard,A pause is not defeat. Sometimes it is care.,INTEGRATED_EVENT_BINDING,GENERATED_LOCAL_DEVELOPMENT_ONLY,False,5.924,RUNTIME_PRESENTED_ISOLATED_EVENT_TEST,NOT_ALL_NODES_REPLAYED_AT_THIS_HEAD,PENDING,NOT_CLEARED
kaia_windrow_equilibrium_005,kaia-windrow:equilibrium,Yang,post,encounter_success,Symmetry is only the beginning of completion.,INTEGRATED_EVENT_BINDING,GENERATED_LOCAL_DEVELOPMENT_ONLY,False,3.338,RUNTIME_PRESENTED_ISOLATED_EVENT_TEST,NOT_ALL_NODES_REPLAYED_AT_THIS_HEAD,PENDING,NOT_CLEARED
kaia_windrow_equilibrium_006,kaia-windrow:equilibrium,Kaia,post,encounter_success,Two opposing forces. Four people still waiting for a choice.,INTEGRATED_EVENT_BINDING,GENERATED_LOCAL_DEVELOPMENT_ONLY,False,5.135,RUNTIME_PRESENTED_ISOLATED_EVENT_TEST,NOT_ALL_NODES_REPLAYED_AT_THIS_HEAD,PENDING,NOT_CLEARED
kaia_windrow_dual_release_1_001,kaia-windrow:dual_release_1,Kaia,pre,encounter_intro,Two friends on different sides of the same stolen decision.,INTEGRATED_EVENT_BINDING,GENERATED_LOCAL_DEVELOPMENT_ONLY,False,4.59,RUNTIME_PRESENTED_ISOLATED_EVENT_TEST,NOT_ALL_NODES_REPLAYED_AT_THIS_HEAD,PENDING,NOT_CLEARED
kaia_windrow_dual_release_1_002,kaia-windrow:dual_release_1,Yang,pre,encounter_intro,Partial definition is wasted effort.,INTEGRATED_EVENT_BINDING,GENERATED_LOCAL_DEVELOPMENT_ONLY,False,2.939,RUNTIME_PRESENTED_ISOLATED_EVENT_TEST,NOT_ALL_NODES_REPLAYED_AT_THIS_HEAD,PENDING,NOT_CLEARED
kaia_windrow_dual_release_1_003,kaia-windrow:dual_release_1,Kaia,mid,release_ready,You are not pieces on my board.,INTEGRATED_EVENT_BINDING,GENERATED_LOCAL_DEVELOPMENT_ONLY,False,2.767,RUNTIME_PRESENTED_ISOLATED_EVENT_TEST,NOT_ALL_NODES_REPLAYED_AT_THIS_HEAD,PENDING,NOT_CLEARED
kaia_windrow_dual_release_1_004,kaia-windrow:dual_release_1,Yin,mid,puppet_released,Then allow them the peace of no decision.,INTEGRATED_EVENT_BINDING,GENERATED_LOCAL_DEVELOPMENT_ONLY,False,4.878,RUNTIME_PRESENTED_ISOLATED_EVENT_TEST,NOT_ALL_NODES_REPLAYED_AT_THIS_HEAD,PENDING,NOT_CLEARED
kaia_windrow_dual_release_1_005,kaia-windrow:dual_release_1,Kaia,post,essence_earned,I do not need them to agree. I need them to be free.,INTEGRATED_EVENT_BINDING,GENERATED_LOCAL_DEVELOPMENT_ONLY,False,4.554,RUNTIME_PRESENTED_ISOLATED_EVENT_TEST,NOT_ALL_NODES_REPLAYED_AT_THIS_HEAD,PENDING,NOT_CLEARED
kaia_windrow_dual_release_2_001,kaia-windrow:dual_release_2,Kaia,pre,encounter_intro,The last two. No one has to disappear for balance to hold.,INTEGRATED_EVENT_BINDING,GENERATED_LOCAL_DEVELOPMENT_ONLY,False,5.25,RUNTIME_PRESENTED_ISOLATED_EVENT_TEST,NOT_ALL_NODES_REPLAYED_AT_THIS_HEAD,PENDING,NOT_CLEARED
kaia_windrow_dual_release_2_002,kaia-windrow:dual_release_2,Yin,pre,encounter_intro,To release them is to return their pain.,INTEGRATED_EVENT_BINDING,GENERATED_LOCAL_DEVELOPMENT_ONLY,False,4.679,RUNTIME_PRESENTED_ISOLATED_EVENT_TEST,NOT_ALL_NODES_REPLAYED_AT_THIS_HEAD,PENDING,NOT_CLEARED
kaia_windrow_dual_release_2_003,kaia-windrow:dual_release_2,Kaia,mid,release_ready,And their laughter. Their anger. Their choices.,INTEGRATED_EVENT_BINDING,GENERATED_LOCAL_DEVELOPMENT_ONLY,False,4.214,RUNTIME_PRESENTED_ISOLATED_EVENT_TEST,NOT_ALL_NODES_REPLAYED_AT_THIS_HEAD,PENDING,NOT_CLEARED
kaia_windrow_dual_release_2_004,kaia-windrow:dual_release_2,Yang,mid,puppet_released,You cannot guarantee they will agree afterward.,INTEGRATED_EVENT_BINDING,GENERATED_LOCAL_DEVELOPMENT_ONLY,False,3.22,RUNTIME_PRESENTED_ISOLATED_EVENT_TEST,NOT_ALL_NODES_REPLAYED_AT_THIS_HEAD,PENDING,NOT_CLEARED
kaia_windrow_dual_release_2_005,kaia-windrow:dual_release_2,Kaia,post,essence_earned,I am counting on them not to.,INTEGRATED_EVENT_BINDING,GENERATED_LOCAL_DEVELOPMENT_ONLY,False,2.694,RUNTIME_PRESENTED_ISOLATED_EVENT_TEST,NOT_ALL_NODES_REPLAYED_AT_THIS_HEAD,PENDING,NOT_CLEARED
kaia_windrow_dual_release_2_006,kaia-windrow:dual_release_2,Kaia,post,essence_earned,I am not the center they must orbit. I am a current they may join.,INTEGRATED_EVENT_BINDING,GENERATED_LOCAL_DEVELOPMENT_ONLY,False,5.513,RUNTIME_PRESENTED_ISOLATED_EVENT_TEST,NOT_ALL_NODES_REPLAYED_AT_THIS_HEAD,PENDING,NOT_CLEARED
kaia_windrow_prismatic_gray_001,kaia-windrow:prismatic_gray,Yin,pre,encounter_intro,Every borrowed memory is another weight.,INTEGRATED_EVENT_BINDING,GENERATED_LOCAL_DEVELOPMENT_ONLY,False,3.991,RUNTIME_PRESENTED_ISOLATED_EVENT_TEST,NOT_ALL_NODES_REPLAYED_AT_THIS_HEAD,PENDING,NOT_CLEARED
kaia_windrow_prismatic_gray_002,kaia-windrow:prismatic_gray,Yang,pre,encounter_intro,"If you combine them perfectly, there will be no conflict left.",INTEGRATED_EVENT_BINDING,GENERATED_LOCAL_DEVELOPMENT_ONLY,False,5.105,RUNTIME_PRESENTED_ISOLATED_EVENT_TEST,NOT_ALL_NODES_REPLAYED_AT_THIS_HEAD,PENDING,NOT_CLEARED
kaia_windrow_prismatic_gray_003,kaia-windrow:prismatic_gray,Kaia,pre,encounter_intro,I used to think balance was the space between people.,INTEGRATED_EVENT_BINDING,GENERATED_LOCAL_DEVELOPMENT_ONLY,False,4.105,RUNTIME_PRESENTED_ISOLATED_EVENT_TEST,NOT_ALL_NODES_REPLAYED_AT_THIS_HEAD,PENDING,NOT_CLEARED
kaia_windrow_prismatic_gray_004,kaia-windrow:prismatic_gray,Kaia,mid,gray_signals_collected,Six people. Six choices I could not make for them.,INTEGRATED_EVENT_BINDING,GENERATED_LOCAL_DEVELOPMENT_ONLY,False,4.923,RUNTIME_PRESENTED_ISOLATED_EVENT_TEST,NOT_ALL_NODES_REPLAYED_AT_THIS_HEAD,PENDING,NOT_CLEARED
kaia_windrow_prismatic_gray_005,kaia-windrow:prismatic_gray,Kaia,mid,transformation_started,It is what we choose to make when we stand together.,INTEGRATED_EVENT_BINDING,GENERATED_LOCAL_DEVELOPMENT_ONLY,False,4.006,RUNTIME_PRESENTED_ISOLATED_EVENT_TEST,NOT_ALL_NODES_REPLAYED_AT_THIS_HEAD,PENDING,NOT_CLEARED
kaia_windrow_prismatic_gray_006,kaia-windrow:prismatic_gray,Kaia,post,gray_manifested,You are still yourself. That is the point.,INTEGRATED_EVENT_BINDING,GENERATED_LOCAL_DEVELOPMENT_ONLY,False,3.717,RUNTIME_PRESENTED_ISOLATED_EVENT_TEST,NOT_ALL_NODES_REPLAYED_AT_THIS_HEAD,PENDING,NOT_CLEARED
kaia_windrow_prismatic_gray_007,kaia-windrow:prismatic_gray,Kaia,post,gray_manifested,And this choice is mine.,INTEGRATED_EVENT_BINDING,GENERATED_LOCAL_DEVELOPMENT_ONLY,False,2.292,RUNTIME_PRESENTED_ISOLATED_EVENT_TEST,NOT_ALL_NODES_REPLAYED_AT_THIS_HEAD,PENDING,NOT_CLEARED
kaia_windrow_impossible_battle_2_001,kaia-windrow:impossible_battle_2,Yin,pre,encounter_intro,A question can remain open without becoming a wound.,INTEGRATED_EVENT_BINDING,GENERATED_LOCAL_DEVELOPMENT_ONLY,False,7.678,RUNTIME_PRESENTED_ISOLATED_EVENT_TEST,NOT_ALL_NODES_REPLAYED_AT_THIS_HEAD,PENDING,NOT_CLEARED
kaia_windrow_impossible_battle_2_002,kaia-windrow:impossible_battle_2,Yang,pre,encounter_intro,A system can have rules without closing every path.,INTEGRATED_EVENT_BINDING,GENERATED_LOCAL_DEVELOPMENT_ONLY,False,4.084,RUNTIME_PRESENTED_ISOLATED_EVENT_TEST,NOT_ALL_NODES_REPLAYED_AT_THIS_HEAD,PENDING,NOT_CLEARED
kaia_windrow_impossible_battle_2_003,kaia-windrow:impossible_battle_2,Kaia,pre,encounter_intro,"I will not erase you, Yin.",INTEGRATED_EVENT_BINDING,GENERATED_LOCAL_DEVELOPMENT_ONLY,False,2.613,RUNTIME_PRESENTED_ISOLATED_EVENT_TEST,NOT_ALL_NODES_REPLAYED_AT_THIS_HEAD,PENDING,NOT_CLEARED
kaia_windrow_impossible_battle_2_004,kaia-windrow:impossible_battle_2,Kaia,mid,gray_combat_action,"I will not obey you, Yang.",INTEGRATED_EVENT_BINDING,GENERATED_LOCAL_DEVELOPMENT_ONLY,False,2.815,RUNTIME_PRESENTED_ISOLATED_EVENT_TEST,NOT_ALL_NODES_REPLAYED_AT_THIS_HEAD,PENDING,NOT_CLEARED
kaia_windrow_impossible_battle_2_005,kaia-windrow:impossible_battle_2,Yin,mid,gray_combat_action,Then you accept that someone may be hurt again.,INTEGRATED_EVENT_BINDING,GENERATED_LOCAL_DEVELOPMENT_ONLY,False,5.68,RUNTIME_PRESENTED_ISOLATED_EVENT_TEST,NOT_ALL_NODES_REPLAYED_AT_THIS_HEAD,PENDING,NOT_CLEARED
kaia_windrow_impossible_battle_2_006,kaia-windrow:impossible_battle_2,Kaia,mid,gray_combat_action,I accept that they remain someone who can choose.,INTEGRATED_EVENT_BINDING,GENERATED_LOCAL_DEVELOPMENT_ONLY,False,4.208,RUNTIME_PRESENTED_ISOLATED_EVENT_TEST,NOT_ALL_NODES_REPLAYED_AT_THIS_HEAD,PENDING,NOT_CLEARED
kaia_windrow_impossible_battle_2_007,kaia-windrow:impossible_battle_2,Yang,mid,gray_combat_action,You offer an unfinished design.,INTEGRATED_EVENT_BINDING,GENERATED_LOCAL_DEVELOPMENT_ONLY,False,2.537,RUNTIME_PRESENTED_ISOLATED_EVENT_TEST,NOT_ALL_NODES_REPLAYED_AT_THIS_HEAD,PENDING,NOT_CLEARED
kaia_windrow_impossible_battle_2_008,kaia-windrow:impossible_battle_2,Kaia,post,encounter_success,There is room for an unfinished world.,INTEGRATED_EVENT_BINDING,GENERATED_LOCAL_DEVELOPMENT_ONLY,False,2.903,RUNTIME_PRESENTED_ISOLATED_EVENT_TEST,NOT_ALL_NODES_REPLAYED_AT_THIS_HEAD,PENDING,NOT_CLEARED
kaia_windrow_impossible_battle_2_009,kaia-windrow:impossible_battle_2,Yin,post,encounter_success,A boundary with an opening. Unfamiliar.,INTEGRATED_EVENT_BINDING,GENERATED_LOCAL_DEVELOPMENT_ONLY,False,4.913,RUNTIME_PRESENTED_ISOLATED_EVENT_TEST,NOT_ALL_NODES_REPLAYED_AT_THIS_HEAD,PENDING,NOT_CLEARED
kaia_windrow_impossible_battle_2_010,kaia-windrow:impossible_battle_2,Yang,post,encounter_success,A pattern that may change itself. Unaccounted for.,INTEGRATED_EVENT_BINDING,GENERATED_LOCAL_DEVELOPMENT_ONLY,False,4.54,RUNTIME_PRESENTED_ISOLATED_EVENT_TEST,NOT_ALL_NODES_REPLAYED_AT_THIS_HEAD,PENDING,NOT_CLEARED
kaia_windrow_epilogue_001,kaia-windrow:epilogue,Kaia,pre,scene_start,They still argue. So do I.,INTEGRATED_EVENT_BINDING,GENERATED_LOCAL_DEVELOPMENT_ONLY,False,3.045,RUNTIME_PRESENTED_ISOLATED_EVENT_TEST,NOT_ALL_NODES_REPLAYED_AT_THIS_HEAD,PENDING,NOT_CLEARED
kaia_windrow_epilogue_002,kaia-windrow:epilogue,Juno,pre,scene_start,Do we have to call this a victory? I would prefer food.,INTEGRATED_EVENT_BINDING,GENERATED_LOCAL_DEVELOPMENT_ONLY,False,3.243,RUNTIME_PRESENTED_ISOLATED_EVENT_TEST,NOT_ALL_NODES_REPLAYED_AT_THIS_HEAD,PENDING,NOT_CLEARED
kaia_windrow_epilogue_003,kaia-windrow:epilogue,Nix,pre,scene_start,Food can be scheduled. Argument cannot.,INTEGRATED_EVENT_BINDING,GENERATED_LOCAL_DEVELOPMENT_ONLY,False,3.602,RUNTIME_PRESENTED_ISOLATED_EVENT_TEST,NOT_ALL_NODES_REPLAYED_AT_THIS_HEAD,PENDING,NOT_CLEARED
kaia_windrow_epilogue_004,kaia-windrow:epilogue,Vesper,pre,scene_start,Who says the argument has to end?,INTEGRATED_EVENT_BINDING,GENERATED_LOCAL_DEVELOPMENT_ONLY,False,2.671,RUNTIME_PRESENTED_ISOLATED_EVENT_TEST,NOT_ALL_NODES_REPLAYED_AT_THIS_HEAD,PENDING,NOT_CLEARED
kaia_windrow_epilogue_005,kaia-windrow:epilogue,Kaia,mid,scene_turn,It does not. Just make a space for it.,INTEGRATED_EVENT_BINDING,GENERATED_LOCAL_DEVELOPMENT_ONLY,False,3.609,RUNTIME_PRESENTED_ISOLATED_EVENT_TEST,NOT_ALL_NODES_REPLAYED_AT_THIS_HEAD,PENDING,NOT_CLEARED
kaia_windrow_epilogue_006,kaia-windrow:epilogue,Kaia,post,scene_resolution,"When the next storm comes, we choose again.",INTEGRATED_EVENT_BINDING,GENERATED_LOCAL_DEVELOPMENT_ONLY,False,4.091,RUNTIME_PRESENTED_ISOLATED_EVENT_TEST,NOT_ALL_NODES_REPLAYED_AT_THIS_HEAD,PENDING,NOT_CLEARED
kaia_windrow_epilogue_007,kaia-windrow:epilogue,Kaia,post,scene_resolution,That will do. Until tomorrow.,INTEGRATED_EVENT_BINDING,GENERATED_LOCAL_DEVELOPMENT_ONLY,False,2.829,RUNTIME_PRESENTED_ISOLATED_EVENT_TEST,NOT_ALL_NODES_REPLAYED_AT_THIS_HEAD,PENDING,NOT_CLEARED
kaia_windrow_unlock_001,kaia-windrow:unlock,Kaia,pre,scene_start,"I will remember the choices, not just the outcome.",INTEGRATED_EVENT_BINDING,GENERATED_LOCAL_DEVELOPMENT_ONLY,False,4.131,RUNTIME_PRESENTED_ISOLATED_EVENT_TEST,NOT_ALL_NODES_REPLAYED_AT_THIS_HEAD,PENDING,NOT_CLEARED
kaia_windrow_unlock_002,kaia-windrow:unlock,Kaia,mid,scene_turn,Another color has found its own way to Gray.,INTEGRATED_EVENT_BINDING,GENERATED_LOCAL_DEVELOPMENT_ONLY,False,3.839,RUNTIME_PRESENTED_ISOLATED_EVENT_TEST,NOT_ALL_NODES_REPLAYED_AT_THIS_HEAD,PENDING,NOT_CLEARED
kaia_windrow_unlock_003,kaia-windrow:unlock,Kaia,post,scene_resolution,Let the next story be told in its own voice.,INTEGRATED_EVENT_BINDING,GENERATED_LOCAL_DEVELOPMENT_ONLY,False,4.136,RUNTIME_PRESENTED_ISOLATED_EVENT_TEST,NOT_ALL_NODES_REPLAYED_AT_THIS_HEAD,PENDING,NOT_CLEARED
kaia_windrow_unlock_004,kaia-windrow:unlock,Orion,post,scene_resolution,The result is reproducible. The journey was not inevitable.,INTEGRATED_EVENT_BINDING,GENERATED_LOCAL_DEVELOPMENT_ONLY,False,5.304,RUNTIME_PRESENTED_ISOLATED_EVENT_TEST,NOT_ALL_NODES_REPLAYED_AT_THIS_HEAD,PENDING,NOT_CLEARED
ember_vale_prologue_001,ember-vale:prologue,Ember,pre,encounter_intro,The kiln has been cold too long.,INTEGRATED_EVENT_BINDING,GENERATED_LOCAL_DEVELOPMENT_ONLY,False,2.432,RUNTIME_PRESENTED_ISOLATED_EVENT_TEST,NOT_ALL_NODES_REPLAYED_AT_THIS_HEAD,PENDING,NOT_CLEARED
ember_vale_prologue_002,ember-vale:prologue,Ember,pre,encounter_intro,You want tomorrow? Strike the first spark.,INTEGRATED_EVENT_BINDING,GENERATED_LOCAL_DEVELOPMENT_ONLY,False,2.944,RUNTIME_PRESENTED_ISOLATED_EVENT_TEST,NOT_ALL_NODES_REPLAYED_AT_THIS_HEAD,PENDING,NOT_CLEARED
ember_vale_prologue_003,ember-vale:prologue,Yin,pre,encounter_intro,A silence lies beneath every unfinished argument.,INTEGRATED_EVENT_BINDING,GENERATED_LOCAL_DEVELOPMENT_ONLY,False,6.881,RUNTIME_PRESENTED_ISOLATED_EVENT_TEST,NOT_ALL_NODES_REPLAYED_AT_THIS_HEAD,PENDING,NOT_CLEARED
ember_vale_prologue_004,ember-vale:prologue,Yang,pre,encounter_intro,Every incomplete path can be corrected.,INTEGRATED_EVENT_BINDING,GENERATED_LOCAL_DEVELOPMENT_ONLY,False,3.192,RUNTIME_PRESENTED_ISOLATED_EVENT_TEST,NOT_ALL_NODES_REPLAYED_AT_THIS_HEAD,PENDING,NOT_CLEARED
ember_vale_prologue_005,ember-vale:prologue,Ember,mid,combat_contact,"If I burn brighter, everything will move.",INTEGRATED_EVENT_BINDING,GENERATED_LOCAL_DEVELOPMENT_ONLY,False,2.636,RUNTIME_PRESENTED_ISOLATED_EVENT_TEST,NOT_ALL_NODES_REPLAYED_AT_THIS_HEAD,PENDING,NOT_CLEARED
ember_vale_prologue_006,ember-vale:prologue,Ember,post,encounter_success,"If a road is blocked, I make a door.",INTEGRATED_EVENT_BINDING,GENERATED_LOCAL_DEVELOPMENT_ONLY,False,2.451,RUNTIME_PRESENTED_ISOLATED_EVENT_TEST,NOT_ALL_NODES_REPLAYED_AT_THIS_HEAD,PENDING,NOT_CLEARED
ember_vale_recruit_vesper_nyx_001,ember-vale:recruit:vesper-nyx,Vesper,pre,encounter_intro,How charming. Someone followed the wrong shadow to the right place.,INTEGRATED_EVENT_BINDING,GENERATED_LOCAL_DEVELOPMENT_ONLY,False,4.783,RUNTIME_PRESENTED_ISOLATED_EVENT_TEST,NOT_ALL_NODES_REPLAYED_AT_THIS_HEAD,PENDING,NOT_CLEARED
ember_vale_recruit_vesper_nyx_002,ember-vale:recruit:vesper-nyx,Ember,pre,encounter_intro,Would you still be here if everyone could see you clearly?,INTEGRATED_EVENT_BINDING,GENERATED_LOCAL_DEVELOPMENT_ONLY,False,3.355,RUNTIME_PRESENTED_ISOLATED_EVENT_TEST,NOT_ALL_NODES_REPLAYED_AT_THIS_HEAD,PENDING,NOT_CLEARED
ember_vale_recruit_vesper_nyx_003,ember-vale:recruit:vesper-nyx,Vesper,mid,combat_contact,And what happens when you push straight through someone else?,INTEGRATED_EVENT_BINDING,GENERATED_LOCAL_DEVELOPMENT_ONLY,False,3.801,RUNTIME_PRESENTED_ISOLATED_EVENT_TEST,NOT_ALL_NODES_REPLAYED_AT_THIS_HEAD,PENDING,NOT_CLEARED
ember_vale_recruit_vesper_nyx_004,ember-vale:recruit:vesper-nyx,Ember,mid,combat_contact,Say it plainly. I can take the heat.,INTEGRATED_EVENT_BINDING,GENERATED_LOCAL_DEVELOPMENT_ONLY,False,2.713,RUNTIME_PRESENTED_ISOLATED_EVENT_TEST,NOT_ALL_NODES_REPLAYED_AT_THIS_HEAD,PENDING,NOT_CLEARED
ember_vale_recruit_vesper_nyx_005,ember-vale:recruit:vesper-nyx,Vesper,post,encounter_success,Look at that. An answer with no trapdoor.,INTEGRATED_EVENT_BINDING,GENERATED_LOCAL_DEVELOPMENT_ONLY,False,3.42,RUNTIME_PRESENTED_ISOLATED_EVENT_TEST,NOT_ALL_NODES_REPLAYED_AT_THIS_HEAD,PENDING,NOT_CLEARED
ember_vale_recruit_vesper_nyx_006,ember-vale:recruit:vesper-nyx,Ember,post,encounter_success,I do not need followers. I need people who push back.,INTEGRATED_EVENT_BINDING,GENERATED_LOCAL_DEVELOPMENT_ONLY,False,3.641,RUNTIME_PRESENTED_ISOLATED_EVENT_TEST,NOT_ALL_NODES_REPLAYED_AT_THIS_HEAD,PENDING,NOT_CLEARED
ember_vale_recruit_rook_ironside_001,ember-vale:recruit:rook-ironside,Rook,pre,encounter_intro,I will stand between danger and the people behind me.,INTEGRATED_EVENT_BINDING,GENERATED_LOCAL_DEVELOPMENT_ONLY,False,5.1,RUNTIME_PRESENTED_ISOLATED_EVENT_TEST,NOT_ALL_NODES_REPLAYED_AT_THIS_HEAD,PENDING,NOT_CLEARED
ember_vale_recruit_rook_ironside_002,ember-vale:recruit:rook-ironside,Ember,pre,encounter_intro,What if I do not want to stand behind you?,INTEGRATED_EVENT_BINDING,GENERATED_LOCAL_DEVELOPMENT_ONLY,False,2.725,RUNTIME_PRESENTED_ISOLATED_EVENT_TEST,NOT_ALL_NODES_REPLAYED_AT_THIS_HEAD,PENDING,NOT_CLEARED
ember_vale_recruit_rook_ironside_003,ember-vale:recruit:rook-ironside,Rook,mid,combat_contact,And what happens when you push straight through someone else?,INTEGRATED_EVENT_BINDING,GENERATED_LOCAL_DEVELOPMENT_ONLY,False,4.988,RUNTIME_PRESENTED_ISOLATED_EVENT_TEST,NOT_ALL_NODES_REPLAYED_AT_THIS_HEAD,PENDING,NOT_CLEARED
ember_vale_recruit_rook_ironside_004,ember-vale:recruit:rook-ironside,Ember,mid,combat_contact,Say it plainly. I can take the heat.,INTEGRATED_EVENT_BINDING,GENERATED_LOCAL_DEVELOPMENT_ONLY,False,2.713,RUNTIME_PRESENTED_ISOLATED_EVENT_TEST,NOT_ALL_NODES_REPLAYED_AT_THIS_HEAD,PENDING,NOT_CLEARED
ember_vale_recruit_rook_ironside_005,ember-vale:recruit:rook-ironside,Rook,post,encounter_success,Then take the open side. I will keep it open.,INTEGRATED_EVENT_BINDING,GENERATED_LOCAL_DEVELOPMENT_ONLY,False,5.181,RUNTIME_PRESENTED_ISOLATED_EVENT_TEST,NOT_ALL_NODES_REPLAYED_AT_THIS_HEAD,PENDING,NOT_CLEARED
ember_vale_recruit_rook_ironside_006,ember-vale:recruit:rook-ironside,Ember,post,encounter_success,"If you are joining me, tell me when the flame is too close.",INTEGRATED_EVENT_BINDING,GENERATED_LOCAL_DEVELOPMENT_ONLY,False,3.678,RUNTIME_PRESENTED_ISOLATED_EVENT_TEST,NOT_ALL_NODES_REPLAYED_AT_THIS_HEAD,PENDING,NOT_CLEARED
ember_vale_recruit_orion_vell_001,ember-vale:recruit:orion-vell,Orion,pre,encounter_intro,The vectors overlap. This meeting was statistically probable.,INTEGRATED_EVENT_BINDING,GENERATED_LOCAL_DEVELOPMENT_ONLY,False,5.575,RUNTIME_PRESENTED_ISOLATED_EVENT_TEST,NOT_ALL_NODES_REPLAYED_AT_THIS_HEAD,PENDING,NOT_CLEARED
ember_vale_recruit_orion_vell_002,ember-vale:recruit:orion-vell,Ember,pre,encounter_intro,Have you factored in a choice you do not expect?,INTEGRATED_EVENT_BINDING,GENERATED_LOCAL_DEVELOPMENT_ONLY,False,2.878,RUNTIME_PRESENTED_ISOLATED_EVENT_TEST,NOT_ALL_NODES_REPLAYED_AT_THIS_HEAD,PENDING,NOT_CLEARED
ember_vale_recruit_orion_vell_003,ember-vale:recruit:orion-vell,Orion,mid,combat_contact,And what happens when you push straight through someone else?,INTEGRATED_EVENT_BINDING,GENERATED_LOCAL_DEVELOPMENT_ONLY,False,4.663,RUNTIME_PRESENTED_ISOLATED_EVENT_TEST,NOT_ALL_NODES_REPLAYED_AT_THIS_HEAD,PENDING,NOT_CLEARED
ember_vale_recruit_orion_vell_004,ember-vale:recruit:orion-vell,Ember,mid,combat_contact,Say it plainly. I can take the heat.,INTEGRATED_EVENT_BINDING,GENERATED_LOCAL_DEVELOPMENT_ONLY,False,2.713,RUNTIME_PRESENTED_ISOLATED_EVENT_TEST,NOT_ALL_NODES_REPLAYED_AT_THIS_HEAD,PENDING,NOT_CLEARED
ember_vale_recruit_orion_vell_005,ember-vale:recruit:orion-vell,Orion,post,encounter_success,That variable has my attention now.,INTEGRATED_EVENT_BINDING,GENERATED_LOCAL_DEVELOPMENT_ONLY,False,3.434,RUNTIME_PRESENTED_ISOLATED_EVENT_TEST,NOT_ALL_NODES_REPLAYED_AT_THIS_HEAD,PENDING,NOT_CLEARED
ember_vale_recruit_orion_vell_006,ember-vale:recruit:orion-vell,Ember,post,encounter_success,I will hear you. Even if I hate the answer.,INTEGRATED_EVENT_BINDING,GENERATED_LOCAL_DEVELOPMENT_ONLY,False,2.98,RUNTIME_PRESENTED_ISOLATED_EVENT_TEST,NOT_ALL_NODES_REPLAYED_AT_THIS_HEAD,PENDING,NOT_CLEARED
ember_vale_recruit_juno_spark_001,ember-vale:recruit:juno-spark,Juno,pre,encounter_intro,I spotted three routes. Want the good one or the fast one?,INTEGRATED_EVENT_BINDING,GENERATED_LOCAL_DEVELOPMENT_ONLY,False,3.556,RUNTIME_PRESENTED_ISOLATED_EVENT_TEST,NOT_ALL_NODES_REPLAYED_AT_THIS_HEAD,PENDING,NOT_CLEARED
ember_vale_recruit_juno_spark_002,ember-vale:recruit:juno-spark,Ember,pre,encounter_intro,And if the fast route leaves somebody else stranded?,INTEGRATED_EVENT_BINDING,GENERATED_LOCAL_DEVELOPMENT_ONLY,False,3.281,RUNTIME_PRESENTED_ISOLATED_EVENT_TEST,NOT_ALL_NODES_REPLAYED_AT_THIS_HEAD,PENDING,NOT_CLEARED
ember_vale_recruit_juno_spark_003,ember-vale:recruit:juno-spark,Juno,mid,combat_contact,And what happens when you push straight through someone else?,INTEGRATED_EVENT_BINDING,GENERATED_LOCAL_DEVELOPMENT_ONLY,False,2.974,RUNTIME_PRESENTED_ISOLATED_EVENT_TEST,NOT_ALL_NODES_REPLAYED_AT_THIS_HEAD,PENDING,NOT_CLEARED
ember_vale_recruit_juno_spark_004,ember-vale:recruit:juno-spark,Ember,mid,combat_contact,Say it plainly. I can take the heat.,INTEGRATED_EVENT_BINDING,GENERATED_LOCAL_DEVELOPMENT_ONLY,False,2.713,RUNTIME_PRESENTED_ISOLATED_EVENT_TEST,NOT_ALL_NODES_REPLAYED_AT_THIS_HEAD,PENDING,NOT_CLEARED
ember_vale_recruit_juno_spark_005,ember-vale:recruit:juno-spark,Juno,post,encounter_success,Okay. The good route first. I can still make it fast.,INTEGRATED_EVENT_BINDING,GENERATED_LOCAL_DEVELOPMENT_ONLY,False,3.527,RUNTIME_PRESENTED_ISOLATED_EVENT_TEST,NOT_ALL_NODES_REPLAYED_AT_THIS_HEAD,PENDING,NOT_CLEARED
ember_vale_recruit_juno_spark_006,ember-vale:recruit:juno-spark,Ember,post,encounter_success,I do not need followers. I need people who push back.,INTEGRATED_EVENT_BINDING,GENERATED_LOCAL_DEVELOPMENT_ONLY,False,3.641,RUNTIME_PRESENTED_ISOLATED_EVENT_TEST,NOT_ALL_NODES_REPLAYED_AT_THIS_HEAD,PENDING,NOT_CLEARED
ember_vale_recruit_nix_calder_001,ember-vale:recruit:nix-calder,Nix,pre,encounter_intro,"I can secure this area, provided everyone follows the instructions.",INTEGRATED_EVENT_BINDING,GENERATED_LOCAL_DEVELOPMENT_ONLY,False,5.573,RUNTIME_PRESENTED_ISOLATED_EVENT_TEST,NOT_ALL_NODES_REPLAYED_AT_THIS_HEAD,PENDING,NOT_CLEARED
ember_vale_recruit_nix_calder_002,ember-vale:recruit:nix-calder,Ember,pre,encounter_intro,What if the instructions fail the people they protect?,INTEGRATED_EVENT_BINDING,GENERATED_LOCAL_DEVELOPMENT_ONLY,False,3.237,RUNTIME_PRESENTED_ISOLATED_EVENT_TEST,NOT_ALL_NODES_REPLAYED_AT_THIS_HEAD,PENDING,NOT_CLEARED
ember_vale_recruit_nix_calder_003,ember-vale:recruit:nix-calder,Nix,mid,combat_contact,And what happens when you push straight through someone else?,INTEGRATED_EVENT_BINDING,GENERATED_LOCAL_DEVELOPMENT_ONLY,False,4.221,RUNTIME_PRESENTED_ISOLATED_EVENT_TEST,NOT_ALL_NODES_REPLAYED_AT_THIS_HEAD,PENDING,NOT_CLEARED
ember_vale_recruit_nix_calder_004,ember-vale:recruit:nix-calder,Ember,mid,combat_contact,Say it plainly. I can take the heat.,INTEGRATED_EVENT_BINDING,GENERATED_LOCAL_DEVELOPMENT_ONLY,False,2.713,RUNTIME_PRESENTED_ISOLATED_EVENT_TEST,NOT_ALL_NODES_REPLAYED_AT_THIS_HEAD,PENDING,NOT_CLEARED
ember_vale_recruit_nix_calder_005,ember-vale:recruit:nix-calder,Nix,post,encounter_success,An amended plan is better than a perfect failure.,INTEGRATED_EVENT_BINDING,GENERATED_LOCAL_DEVELOPMENT_ONLY,False,3.828,RUNTIME_PRESENTED_ISOLATED_EVENT_TEST,NOT_ALL_NODES_REPLAYED_AT_THIS_HEAD,PENDING,NOT_CLEARED
ember_vale_recruit_nix_calder_006,ember-vale:recruit:nix-calder,Ember,post,encounter_success,"If you are joining me, tell me when the flame is too close.",INTEGRATED_EVENT_BINDING,GENERATED_LOCAL_DEVELOPMENT_ONLY,False,3.678,RUNTIME_PRESENTED_ISOLATED_EVENT_TEST,NOT_ALL_NODES_REPLAYED_AT_THIS_HEAD,PENDING,NOT_CLEARED
ember_vale_recruit_kaia_windrow_001,ember-vale:recruit:kaia-windrow,Kaia,pre,encounter_intro,"Before we argue, tell me what you are afraid of losing.",INTEGRATED_EVENT_BINDING,GENERATED_LOCAL_DEVELOPMENT_ONLY,False,4.546,RUNTIME_PRESENTED_ISOLATED_EVENT_TEST,NOT_ALL_NODES_REPLAYED_AT_THIS_HEAD,PENDING,NOT_CLEARED
ember_vale_recruit_kaia_windrow_002,ember-vale:recruit:kaia-windrow,Ember,pre,encounter_intro,Listening might cost more time than we have. Is it worth it?,INTEGRATED_EVENT_BINDING,GENERATED_LOCAL_DEVELOPMENT_ONLY,False,3.96,RUNTIME_PRESENTED_ISOLATED_EVENT_TEST,NOT_ALL_NODES_REPLAYED_AT_THIS_HEAD,PENDING,NOT_CLEARED
ember_vale_recruit_kaia_windrow_003,ember-vale:recruit:kaia-windrow,Kaia,mid,combat_contact,And what happens when you push straight through someone else?,INTEGRATED_EVENT_BINDING,GENERATED_LOCAL_DEVELOPMENT_ONLY,False,4.274,RUNTIME_PRESENTED_ISOLATED_EVENT_TEST,NOT_ALL_NODES_REPLAYED_AT_THIS_HEAD,PENDING,NOT_CLEARED
ember_vale_recruit_kaia_windrow_004,ember-vale:recruit:kaia-windrow,Ember,mid,combat_contact,Say it plainly. I can take the heat.,INTEGRATED_EVENT_BINDING,GENERATED_LOCAL_DEVELOPMENT_ONLY,False,2.713,RUNTIME_PRESENTED_ISOLATED_EVENT_TEST,NOT_ALL_NODES_REPLAYED_AT_THIS_HEAD,PENDING,NOT_CLEARED
ember_vale_recruit_kaia_windrow_005,ember-vale:recruit:kaia-windrow,Kaia,post,encounter_success,We can start by disagreeing honestly.,INTEGRATED_EVENT_BINDING,GENERATED_LOCAL_DEVELOPMENT_ONLY,False,2.967,RUNTIME_PRESENTED_ISOLATED_EVENT_TEST,NOT_ALL_NODES_REPLAYED_AT_THIS_HEAD,PENDING,NOT_CLEARED
ember_vale_recruit_kaia_windrow_006,ember-vale:recruit:kaia-windrow,Ember,post,encounter_success,I will hear you. Even if I hate the answer.,INTEGRATED_EVENT_BINDING,GENERATED_LOCAL_DEVELOPMENT_ONLY,False,2.98,RUNTIME_PRESENTED_ISOLATED_EVENT_TEST,NOT_ALL_NODES_REPLAYED_AT_THIS_HEAD,PENDING,NOT_CLEARED
ember_vale_accord_001,ember-vale:accord,Ember,pre,scene_start,We are not a parade behind my fire.,INTEGRATED_EVENT_BINDING,GENERATED_LOCAL_DEVELOPMENT_ONLY,False,2.273,RUNTIME_PRESENTED_ISOLATED_EVENT_TEST,NOT_ALL_NODES_REPLAYED_AT_THIS_HEAD,PENDING,NOT_CLEARED
ember_vale_accord_002,ember-vale:accord,Ember,pre,scene_start,"Are we actually doing this, or arguing until dawn?",INTEGRATED_EVENT_BINDING,GENERATED_LOCAL_DEVELOPMENT_ONLY,False,3.324,RUNTIME_PRESENTED_ISOLATED_EVENT_TEST,NOT_ALL_NODES_REPLAYED_AT_THIS_HEAD,PENDING,NOT_CLEARED
ember_vale_accord_003,ember-vale:accord,Nix,pre,scene_start,Those are not mutually exclusive activities.,INTEGRATED_EVENT_BINDING,GENERATED_LOCAL_DEVELOPMENT_ONLY,False,3.642,RUNTIME_PRESENTED_ISOLATED_EVENT_TEST,NOT_ALL_NODES_REPLAYED_AT_THIS_HEAD,PENDING,NOT_CLEARED
ember_vale_accord_004,ember-vale:accord,Juno,pre,scene_start,"I vote for arguing while walking. Efficient, entertaining.",INTEGRATED_EVENT_BINDING,GENERATED_LOCAL_DEVELOPMENT_ONLY,False,3.609,RUNTIME_PRESENTED_ISOLATED_EVENT_TEST,NOT_ALL_NODES_REPLAYED_AT_THIS_HEAD,PENDING,NOT_CLEARED
ember_vale_accord_005,ember-vale:accord,Rook,pre,scene_start,Stay where I can see you. Not where I can command you.,INTEGRATED_EVENT_BINDING,GENERATED_LOCAL_DEVELOPMENT_ONLY,False,5.732,RUNTIME_PRESENTED_ISOLATED_EVENT_TEST,NOT_ALL_NODES_REPLAYED_AT_THIS_HEAD,PENDING,NOT_CLEARED
ember_vale_accord_006,ember-vale:accord,Vesper,pre,scene_start,That sounded almost like trust.,INTEGRATED_EVENT_BINDING,GENERATED_LOCAL_DEVELOPMENT_ONLY,False,2.53,RUNTIME_PRESENTED_ISOLATED_EVENT_TEST,NOT_ALL_NODES_REPLAYED_AT_THIS_HEAD,PENDING,NOT_CLEARED
ember_vale_accord_007,ember-vale:accord,Orion,pre,scene_start,It is an unfamiliar but testable arrangement.,INTEGRATED_EVENT_BINDING,GENERATED_LOCAL_DEVELOPMENT_ONLY,False,4.106,RUNTIME_PRESENTED_ISOLATED_EVENT_TEST,NOT_ALL_NODES_REPLAYED_AT_THIS_HEAD,PENDING,NOT_CLEARED
ember_vale_accord_008,ember-vale:accord,Kaia,post,scene_resolution,We have seven answers. We do not need one voice.,INTEGRATED_EVENT_BINDING,GENERATED_LOCAL_DEVELOPMENT_ONLY,False,4.427,RUNTIME_PRESENTED_ISOLATED_EVENT_TEST,NOT_ALL_NODES_REPLAYED_AT_THIS_HEAD,PENDING,NOT_CLEARED
ember_vale_accord_009,ember-vale:accord,Ember,post,scene_resolution,"Everybody gets a say. Make it fast, but make it real.",INTEGRATED_EVENT_BINDING,GENERATED_LOCAL_DEVELOPMENT_ONLY,False,3.96,RUNTIME_PRESENTED_ISOLATED_EVENT_TEST,NOT_ALL_NODES_REPLAYED_AT_THIS_HEAD,PENDING,NOT_CLEARED
ember_vale_catastrophe_001,ember-vale:catastrophe,Yin,pre,scene_start,Your fire is tired. Put it down where it can do no harm.,INTEGRATED_EVENT_BINDING,GENERATED_LOCAL_DEVELOPMENT_ONLY,False,10.38,RUNTIME_PRESENTED_ISOLATED_EVENT_TEST,NOT_ALL_NODES_REPLAYED_AT_THIS_HEAD,PENDING,NOT_CLEARED
ember_vale_catastrophe_002,ember-vale:catastrophe,Yang,pre,scene_start,Your force could power a perfect order if you stopped wasting it.,INTEGRATED_EVENT_BINDING,GENERATED_LOCAL_DEVELOPMENT_ONLY,False,5.038,RUNTIME_PRESENTED_ISOLATED_EVENT_TEST,NOT_ALL_NODES_REPLAYED_AT_THIS_HEAD,PENDING,NOT_CLEARED
ember_vale_catastrophe_003,ember-vale:catastrophe,Ember,pre,scene_start,Nobody gave you the right to rearrange us.,INTEGRATED_EVENT_BINDING,GENERATED_LOCAL_DEVELOPMENT_ONLY,False,2.613,RUNTIME_PRESENTED_ISOLATED_EVENT_TEST,NOT_ALL_NODES_REPLAYED_AT_THIS_HEAD,PENDING,NOT_CLEARED
ember_vale_catastrophe_004,ember-vale:catastrophe,Nix,pre,scene_start,Your proposed structure contains no consent pathway.,INTEGRATED_EVENT_BINDING,GENERATED_LOCAL_DEVELOPMENT_ONLY,False,4.399,RUNTIME_PRESENTED_ISOLATED_EVENT_TEST,NOT_ALL_NODES_REPLAYED_AT_THIS_HEAD,PENDING,NOT_CLEARED
ember_vale_catastrophe_005,ember-vale:catastrophe,Yin,pre,scene_start,Consent requires a self willing to suffer. I offer release.,INTEGRATED_EVENT_BINDING,GENERATED_LOCAL_DEVELOPMENT_ONLY,False,7.22,RUNTIME_PRESENTED_ISOLATED_EVENT_TEST,NOT_ALL_NODES_REPLAYED_AT_THIS_HEAD,PENDING,NOT_CLEARED
ember_vale_catastrophe_006,ember-vale:catastrophe,Yang,pre,scene_start,Consent is unnecessary when no misunderstanding remains.,INTEGRATED_EVENT_BINDING,GENERATED_LOCAL_DEVELOPMENT_ONLY,False,4.519,RUNTIME_PRESENTED_ISOLATED_EVENT_TEST,NOT_ALL_NODES_REPLAYED_AT_THIS_HEAD,PENDING,NOT_CLEARED
ember_vale_catastrophe_007,ember-vale:catastrophe,Ember,mid,scene_turn,"If I burn brighter, everything will move.",INTEGRATED_EVENT_BINDING,GENERATED_LOCAL_DEVELOPMENT_ONLY,False,2.636,RUNTIME_PRESENTED_ISOLATED_EVENT_TEST,NOT_ALL_NODES_REPLAYED_AT_THIS_HEAD,PENDING,NOT_CLEARED
ember_vale_catastrophe_008,ember-vale:catastrophe,Kaia,mid,scene_turn,We are not yours to solve.,INTEGRATED_EVENT_BINDING,GENERATED_LOCAL_DEVELOPMENT_ONLY,False,2.5,RUNTIME_PRESENTED_ISOLATED_EVENT_TEST,NOT_ALL_NODES_REPLAYED_AT_THIS_HEAD,PENDING,NOT_CLEARED
ember_vale_catastrophe_009,ember-vale:catastrophe,Rook,post,scene_resolution,Then we hold together.,INTEGRATED_EVENT_BINDING,GENERATED_LOCAL_DEVELOPMENT_ONLY,False,2.55,RUNTIME_PRESENTED_ISOLATED_EVENT_TEST,NOT_ALL_NODES_REPLAYED_AT_THIS_HEAD,PENDING,NOT_CLEARED
ember_vale_catastrophe_010,ember-vale:catastrophe,Vesper,post,scene_resolution,"For once, I have nothing clever to add.",INTEGRATED_EVENT_BINDING,GENERATED_LOCAL_DEVELOPMENT_ONLY,False,3.182,RUNTIME_PRESENTED_ISOLATED_EVENT_TEST,NOT_ALL_NODES_REPLAYED_AT_THIS_HEAD,PENDING,NOT_CLEARED
ember_vale_impossible_battle_1_001,ember-vale:impossible_battle_1,Yang,pre,encounter_intro,You mistake the size of the disagreement for the depth of it.,INTEGRATED_EVENT_BINDING,GENERATED_LOCAL_DEVELOPMENT_ONLY,False,4.075,RUNTIME_PRESENTED_ISOLATED_EVENT_TEST,NOT_ALL_NODES_REPLAYED_AT_THIS_HEAD,PENDING,NOT_CLEARED
ember_vale_impossible_battle_1_002,ember-vale:impossible_battle_1,Ember,pre,encounter_intro,Then we are going to test your certainty.,INTEGRATED_EVENT_BINDING,GENERATED_LOCAL_DEVELOPMENT_ONLY,False,2.482,RUNTIME_PRESENTED_ISOLATED_EVENT_TEST,NOT_ALL_NODES_REPLAYED_AT_THIS_HEAD,PENDING,NOT_CLEARED
ember_vale_impossible_battle_1_003,ember-vale:impossible_battle_1,Yin,mid,cosmic_engaged,Every strike ends. Every heartbeat asks for rest.,INTEGRATED_EVENT_BINDING,GENERATED_LOCAL_DEVELOPMENT_ONLY,False,6.331,RUNTIME_PRESENTED_ISOLATED_EVENT_TEST,NOT_ALL_NODES_REPLAYED_AT_THIS_HEAD,PENDING,NOT_CLEARED
ember_vale_impossible_battle_1_004,ember-vale:impossible_battle_1,Orion,mid,cosmic_engaged,"Our attacks are changing nothing. The field responds to allegiance, not impact.",INTEGRATED_EVENT_BINDING,GENERATED_LOCAL_DEVELOPMENT_ONLY,False,7.173,RUNTIME_PRESENTED_ISOLATED_EVENT_TEST,NOT_ALL_NODES_REPLAYED_AT_THIS_HEAD,PENDING,NOT_CLEARED
ember_vale_impossible_battle_1_005,ember-vale:impossible_battle_1,Ember,post,encounter_success,The fight was never about who hit harder.,INTEGRATED_EVENT_BINDING,GENERATED_LOCAL_DEVELOPMENT_ONLY,False,2.734,RUNTIME_PRESENTED_ISOLATED_EVENT_TEST,NOT_ALL_NODES_REPLAYED_AT_THIS_HEAD,PENDING,NOT_CLEARED
ember_vale_impossible_battle_1_006,ember-vale:impossible_battle_1,Yang,post,encounter_success,"At last, you have begun to observe.",INTEGRATED_EVENT_BINDING,GENERATED_LOCAL_DEVELOPMENT_ONLY,False,3.266,RUNTIME_PRESENTED_ISOLATED_EVENT_TEST,NOT_ALL_NODES_REPLAYED_AT_THIS_HEAD,PENDING,NOT_CLEARED
ember_vale_first_loss_001,ember-vale:first_loss,Nix,pre,encounter_intro,Please hold the corridor. Do not heat the seals.,INTEGRATED_EVENT_BINDING,GENERATED_LOCAL_DEVELOPMENT_ONLY,False,4.241,RUNTIME_PRESENTED_ISOLATED_EVENT_TEST,NOT_ALL_NODES_REPLAYED_AT_THIS_HEAD,PENDING,NOT_CLEARED
ember_vale_first_loss_002,ember-vale:first_loss,Ember,pre,encounter_intro,I can burn through the obstruction.,INTEGRATED_EVENT_BINDING,GENERATED_LOCAL_DEVELOPMENT_ONLY,False,2.04,RUNTIME_PRESENTED_ISOLATED_EVENT_TEST,NOT_ALL_NODES_REPLAYED_AT_THIS_HEAD,PENDING,NOT_CLEARED
ember_vale_first_loss_003,ember-vale:first_loss,Nix,pre,encounter_intro,Then the pressure will take the people beyond it.,INTEGRATED_EVENT_BINDING,GENERATED_LOCAL_DEVELOPMENT_ONLY,False,3.632,RUNTIME_PRESENTED_ISOLATED_EVENT_TEST,NOT_ALL_NODES_REPLAYED_AT_THIS_HEAD,PENDING,NOT_CLEARED
ember_vale_first_loss_004,ember-vale:first_loss,Ember,pre,encounter_intro,I have always saved time by pushing.,INTEGRATED_EVENT_BINDING,GENERATED_LOCAL_DEVELOPMENT_ONLY,False,2.507,RUNTIME_PRESENTED_ISOLATED_EVENT_TEST,NOT_ALL_NODES_REPLAYED_AT_THIS_HEAD,PENDING,NOT_CLEARED
ember_vale_first_loss_005,ember-vale:first_loss,Nix,mid,decision_made,Not this time. Give me room.,INTEGRATED_EVENT_BINDING,GENERATED_LOCAL_DEVELOPMENT_ONLY,False,3.305,RUNTIME_PRESENTED_ISOLATED_EVENT_TEST,NOT_ALL_NODES_REPLAYED_AT_THIS_HEAD,PENDING,NOT_CLEARED
ember_vale_first_loss_006,ember-vale:first_loss,Ember,mid,decision_made,There. My hands are still. Why is it still collapsing?,INTEGRATED_EVENT_BINDING,GENERATED_LOCAL_DEVELOPMENT_ONLY,False,4.352,RUNTIME_PRESENTED_ISOLATED_EVENT_TEST,NOT_ALL_NODES_REPLAYED_AT_THIS_HEAD,PENDING,NOT_CLEARED
ember_vale_first_loss_007,ember-vale:first_loss,Nix,mid,first_loss_signal,Because the damage was already inside the walls.,INTEGRATED_EVENT_BINDING,GENERATED_LOCAL_DEVELOPMENT_ONLY,False,3.975,RUNTIME_PRESENTED_ISOLATED_EVENT_TEST,NOT_ALL_NODES_REPLAYED_AT_THIS_HEAD,PENDING,NOT_CLEARED
ember_vale_first_loss_008,ember-vale:first_loss,Ember,mid,first_loss_signal,Let me take your place.,INTEGRATED_EVENT_BINDING,GENERATED_LOCAL_DEVELOPMENT_ONLY,False,1.86,RUNTIME_PRESENTED_ISOLATED_EVENT_TEST,NOT_ALL_NODES_REPLAYED_AT_THIS_HEAD,PENDING,NOT_CLEARED
ember_vale_first_loss_009,ember-vale:first_loss,Nix,post,first_loss_resolved,The interval is yours to protect. My route is already committed.,INTEGRATED_EVENT_BINDING,GENERATED_LOCAL_DEVELOPMENT_ONLY,False,5.618,RUNTIME_PRESENTED_ISOLATED_EVENT_TEST,NOT_ALL_NODES_REPLAYED_AT_THIS_HEAD,PENDING,NOT_CLEARED
ember_vale_first_loss_010,ember-vale:first_loss,Ember,post,first_loss_resolved,I heard your warning as a challenge.,INTEGRATED_EVENT_BINDING,GENERATED_LOCAL_DEVELOPMENT_ONLY,False,2.278,RUNTIME_PRESENTED_ISOLATED_EVENT_TEST,NOT_ALL_NODES_REPLAYED_AT_THIS_HEAD,PENDING,NOT_CLEARED
ember_vale_first_loss_011,ember-vale:first_loss,Nix,post,first_loss_resolved,Then let it become a lesson.,INTEGRATED_EVENT_BINDING,GENERATED_LOCAL_DEVELOPMENT_ONLY,False,2.606,RUNTIME_PRESENTED_ISOLATED_EVENT_TEST,NOT_ALL_NODES_REPLAYED_AT_THIS_HEAD,PENDING,NOT_CLEARED
ember_vale_first_loss_012,ember-vale:first_loss,Ember,post,first_loss_resolved,I will hold this gap. You will not vanish into my fire.,INTEGRATED_EVENT_BINDING,GENERATED_LOCAL_DEVELOPMENT_ONLY,False,3.965,RUNTIME_PRESENTED_ISOLATED_EVENT_TEST,NOT_ALL_NODES_REPLAYED_AT_THIS_HEAD,PENDING,NOT_CLEARED
ember_vale_first_loss_013,ember-vale:first_loss,Yin,post,first_loss_resolved,The burden has found an ending.,INTEGRATED_EVENT_BINDING,GENERATED_LOCAL_DEVELOPMENT_ONLY,False,5.001,RUNTIME_PRESENTED_ISOLATED_EVENT_TEST,NOT_ALL_NODES_REPLAYED_AT_THIS_HEAD,PENDING,NOT_CLEARED
ember_vale_first_loss_014,ember-vale:first_loss,Yang,post,first_loss_resolved,An incomplete loss can be integrated into a clearer whole.,INTEGRATED_EVENT_BINDING,GENERATED_LOCAL_DEVELOPMENT_ONLY,False,4.47,RUNTIME_PRESENTED_ISOLATED_EVENT_TEST,NOT_ALL_NODES_REPLAYED_AT_THIS_HEAD,PENDING,NOT_CLEARED
ember_vale_first_loss_015,ember-vale:first_loss,Ember,post,first_loss_resolved,I can still feel the shape of the space I did not leave.,INTEGRATED_EVENT_BINDING,GENERATED_LOCAL_DEVELOPMENT_ONLY,False,4.325,RUNTIME_PRESENTED_ISOLATED_EVENT_TEST,NOT_ALL_NODES_REPLAYED_AT_THIS_HEAD,PENDING,NOT_CLEARED
ember_vale_puppet_imbalance_001,ember-vale:puppet_imbalance,Yin,pre,encounter_intro,A simple world is a quiet world.,INTEGRATED_EVENT_BINDING,GENERATED_LOCAL_DEVELOPMENT_ONLY,False,4.219,RUNTIME_PRESENTED_ISOLATED_EVENT_TEST,NOT_ALL_NODES_REPLAYED_AT_THIS_HEAD,PENDING,NOT_CLEARED
ember_vale_puppet_imbalance_002,ember-vale:puppet_imbalance,Yang,pre,encounter_intro,An ordered world is a world without mistakes.,INTEGRATED_EVENT_BINDING,GENERATED_LOCAL_DEVELOPMENT_ONLY,False,3.502,RUNTIME_PRESENTED_ISOLATED_EVENT_TEST,NOT_ALL_NODES_REPLAYED_AT_THIS_HEAD,PENDING,NOT_CLEARED
ember_vale_puppet_imbalance_003,ember-vale:puppet_imbalance,Ember,pre,encounter_intro,A blow will not fix a stolen choice. I finally get that.,INTEGRATED_EVENT_BINDING,GENERATED_LOCAL_DEVELOPMENT_ONLY,False,3.903,RUNTIME_PRESENTED_ISOLATED_EVENT_TEST,NOT_ALL_NODES_REPLAYED_AT_THIS_HEAD,PENDING,NOT_CLEARED
ember_vale_puppet_imbalance_004,ember-vale:puppet_imbalance,Ember,mid,puppet_contact,One side holds three of my friends. I can change that without taking their place.,INTEGRATED_EVENT_BINDING,GENERATED_LOCAL_DEVELOPMENT_ONLY,False,5.379,RUNTIME_PRESENTED_ISOLATED_EVENT_TEST,NOT_ALL_NODES_REPLAYED_AT_THIS_HEAD,PENDING,NOT_CLEARED
ember_vale_puppet_imbalance_005,ember-vale:puppet_imbalance,Ember,post,encounter_success,I will make space where my fire once took it.,INTEGRATED_EVENT_BINDING,GENERATED_LOCAL_DEVELOPMENT_ONLY,False,3.058,RUNTIME_PRESENTED_ISOLATED_EVENT_TEST,NOT_ALL_NODES_REPLAYED_AT_THIS_HEAD,PENDING,NOT_CLEARED
ember_vale_puppet_imbalance_006,ember-vale:puppet_imbalance,Vesper,post,encounter_success,"If you find the real me, please do not keep me as a souvenir.",INTEGRATED_EVENT_BINDING,GENERATED_LOCAL_DEVELOPMENT_ONLY,False,4.8,RUNTIME_PRESENTED_ISOLATED_EVENT_TEST,NOT_ALL_NODES_REPLAYED_AT_THIS_HEAD,PENDING,NOT_CLEARED
ember_vale_first_release_001,ember-vale:first_release,Ember,pre,encounter_intro,I can pull my fist before it lands. Maybe I can pull them home.,INTEGRATED_EVENT_BINDING,GENERATED_LOCAL_DEVELOPMENT_ONLY,False,4.412,RUNTIME_PRESENTED_ISOLATED_EVENT_TEST,NOT_ALL_NODES_REPLAYED_AT_THIS_HEAD,PENDING,NOT_CLEARED
ember_vale_first_release_002,ember-vale:first_release,Yin,pre,encounter_intro,The mask removes the need to decide. How merciful.,INTEGRATED_EVENT_BINDING,GENERATED_LOCAL_DEVELOPMENT_ONLY,False,6.472,RUNTIME_PRESENTED_ISOLATED_EVENT_TEST,NOT_ALL_NODES_REPLAYED_AT_THIS_HEAD,PENDING,NOT_CLEARED
ember_vale_first_release_003,ember-vale:first_release,Ember,mid,release_ready,Take your own breath. I will hold back the flame.,INTEGRATED_EVENT_BINDING,GENERATED_LOCAL_DEVELOPMENT_ONLY,False,3.285,RUNTIME_PRESENTED_ISOLATED_EVENT_TEST,NOT_ALL_NODES_REPLAYED_AT_THIS_HEAD,PENDING,NOT_CLEARED
ember_vale_first_release_004,ember-vale:first_release,Yang,mid,puppet_released,Restored variation is an uncorrected flaw.,INTEGRATED_EVENT_BINDING,GENERATED_LOCAL_DEVELOPMENT_ONLY,False,3.493,RUNTIME_PRESENTED_ISOLATED_EVENT_TEST,NOT_ALL_NODES_REPLAYED_AT_THIS_HEAD,PENDING,NOT_CLEARED
ember_vale_first_release_005,ember-vale:first_release,Ember,post,essence_earned,Your first real movement is yours. Keep it.,INTEGRATED_EVENT_BINDING,GENERATED_LOCAL_DEVELOPMENT_ONLY,False,3.14,RUNTIME_PRESENTED_ISOLATED_EVENT_TEST,NOT_ALL_NODES_REPLAYED_AT_THIS_HEAD,PENDING,NOT_CLEARED
ember_vale_first_release_006,ember-vale:first_release,Ember,post,essence_earned,You move first. I will not drag you into my victory.,INTEGRATED_EVENT_BINDING,GENERATED_LOCAL_DEVELOPMENT_ONLY,False,3.517,RUNTIME_PRESENTED_ISOLATED_EVENT_TEST,NOT_ALL_NODES_REPLAYED_AT_THIS_HEAD,PENDING,NOT_CLEARED
ember_vale_equilibrium_001,ember-vale:equilibrium,Ember,pre,encounter_intro,The pressure is even. Nobody is safe yet.,INTEGRATED_EVENT_BINDING,GENERATED_LOCAL_DEVELOPMENT_ONLY,False,3.039,RUNTIME_PRESENTED_ISOLATED_EVENT_TEST,NOT_ALL_NODES_REPLAYED_AT_THIS_HEAD,PENDING,NOT_CLEARED
ember_vale_equilibrium_002,ember-vale:equilibrium,Orion,pre,encounter_intro,The competing claims are momentarily equal.,INTEGRATED_EVENT_BINDING,GENERATED_LOCAL_DEVELOPMENT_ONLY,False,3.888,RUNTIME_PRESENTED_ISOLATED_EVENT_TEST,NOT_ALL_NODES_REPLAYED_AT_THIS_HEAD,PENDING,NOT_CLEARED
ember_vale_equilibrium_003,ember-vale:equilibrium,Ember,mid,center_guard,I can hold the line without setting the line on fire.,INTEGRATED_EVENT_BINDING,GENERATED_LOCAL_DEVELOPMENT_ONLY,False,3.318,RUNTIME_PRESENTED_ISOLATED_EVENT_TEST,NOT_ALL_NODES_REPLAYED_AT_THIS_HEAD,PENDING,NOT_CLEARED
ember_vale_equilibrium_004,ember-vale:equilibrium,Yin,mid,center_guard,A pause is not defeat. Sometimes it is care.,INTEGRATED_EVENT_BINDING,GENERATED_LOCAL_DEVELOPMENT_ONLY,False,5.924,RUNTIME_PRESENTED_ISOLATED_EVENT_TEST,NOT_ALL_NODES_REPLAYED_AT_THIS_HEAD,PENDING,NOT_CLEARED
ember_vale_equilibrium_005,ember-vale:equilibrium,Yang,post,encounter_success,Symmetry is only the beginning of completion.,INTEGRATED_EVENT_BINDING,GENERATED_LOCAL_DEVELOPMENT_ONLY,False,3.338,RUNTIME_PRESENTED_ISOLATED_EVENT_TEST,NOT_ALL_NODES_REPLAYED_AT_THIS_HEAD,PENDING,NOT_CLEARED
ember_vale_equilibrium_006,ember-vale:equilibrium,Ember,post,encounter_success,I will keep this flame low enough for somebody else to speak.,INTEGRATED_EVENT_BINDING,GENERATED_LOCAL_DEVELOPMENT_ONLY,False,3.749,RUNTIME_PRESENTED_ISOLATED_EVENT_TEST,NOT_ALL_NODES_REPLAYED_AT_THIS_HEAD,PENDING,NOT_CLEARED
ember_vale_dual_release_1_001,ember-vale:dual_release_1,Ember,pre,encounter_intro,Two masks. I will not burn the people inside.,INTEGRATED_EVENT_BINDING,GENERATED_LOCAL_DEVELOPMENT_ONLY,False,3.267,RUNTIME_PRESENTED_ISOLATED_EVENT_TEST,NOT_ALL_NODES_REPLAYED_AT_THIS_HEAD,PENDING,NOT_CLEARED
ember_vale_dual_release_1_002,ember-vale:dual_release_1,Yang,pre,encounter_intro,Partial definition is wasted effort.,INTEGRATED_EVENT_BINDING,GENERATED_LOCAL_DEVELOPMENT_ONLY,False,2.939,RUNTIME_PRESENTED_ISOLATED_EVENT_TEST,NOT_ALL_NODES_REPLAYED_AT_THIS_HEAD,PENDING,NOT_CLEARED
ember_vale_dual_release_1_003,ember-vale:dual_release_1,Ember,mid,release_ready,You are not pieces on my board.,INTEGRATED_EVENT_BINDING,GENERATED_LOCAL_DEVELOPMENT_ONLY,False,2.068,RUNTIME_PRESENTED_ISOLATED_EVENT_TEST,NOT_ALL_NODES_REPLAYED_AT_THIS_HEAD,PENDING,NOT_CLEARED
ember_vale_dual_release_1_004,ember-vale:dual_release_1,Yin,mid,puppet_released,Then allow them the peace of no decision.,INTEGRATED_EVENT_BINDING,GENERATED_LOCAL_DEVELOPMENT_ONLY,False,4.878,RUNTIME_PRESENTED_ISOLATED_EVENT_TEST,NOT_ALL_NODES_REPLAYED_AT_THIS_HEAD,PENDING,NOT_CLEARED
ember_vale_dual_release_1_005,ember-vale:dual_release_1,Ember,post,essence_earned,Hold the opening. Let each of them choose a way out.,INTEGRATED_EVENT_BINDING,GENERATED_LOCAL_DEVELOPMENT_ONLY,False,3.596,RUNTIME_PRESENTED_ISOLATED_EVENT_TEST,NOT_ALL_NODES_REPLAYED_AT_THIS_HEAD,PENDING,NOT_CLEARED
ember_vale_dual_release_2_001,ember-vale:dual_release_2,Ember,pre,encounter_intro,The last two are not a target. They are coming home.,INTEGRATED_EVENT_BINDING,GENERATED_LOCAL_DEVELOPMENT_ONLY,False,3.392,RUNTIME_PRESENTED_ISOLATED_EVENT_TEST,NOT_ALL_NODES_REPLAYED_AT_THIS_HEAD,PENDING,NOT_CLEARED
ember_vale_dual_release_2_002,ember-vale:dual_release_2,Yin,pre,encounter_intro,To release them is to return their pain.,INTEGRATED_EVENT_BINDING,GENERATED_LOCAL_DEVELOPMENT_ONLY,False,4.679,RUNTIME_PRESENTED_ISOLATED_EVENT_TEST,NOT_ALL_NODES_REPLAYED_AT_THIS_HEAD,PENDING,NOT_CLEARED
ember_vale_dual_release_2_003,ember-vale:dual_release_2,Ember,mid,release_ready,And their laughter. Their anger. Their choices.,INTEGRATED_EVENT_BINDING,GENERATED_LOCAL_DEVELOPMENT_ONLY,False,3.255,RUNTIME_PRESENTED_ISOLATED_EVENT_TEST,NOT_ALL_NODES_REPLAYED_AT_THIS_HEAD,PENDING,NOT_CLEARED
ember_vale_dual_release_2_004,ember-vale:dual_release_2,Yang,mid,puppet_released,You cannot guarantee they will agree afterward.,INTEGRATED_EVENT_BINDING,GENERATED_LOCAL_DEVELOPMENT_ONLY,False,3.22,RUNTIME_PRESENTED_ISOLATED_EVENT_TEST,NOT_ALL_NODES_REPLAYED_AT_THIS_HEAD,PENDING,NOT_CLEARED
ember_vale_dual_release_2_005,ember-vale:dual_release_2,Ember,post,essence_earned,I am counting on them not to.,INTEGRATED_EVENT_BINDING,GENERATED_LOCAL_DEVELOPMENT_ONLY,False,2.048,RUNTIME_PRESENTED_ISOLATED_EVENT_TEST,NOT_ALL_NODES_REPLAYED_AT_THIS_HEAD,PENDING,NOT_CLEARED
ember_vale_dual_release_2_006,ember-vale:dual_release_2,Ember,post,essence_earned,Nix would call this a structural solution. I call it listening.,INTEGRATED_EVENT_BINDING,GENERATED_LOCAL_DEVELOPMENT_ONLY,False,4.157,RUNTIME_PRESENTED_ISOLATED_EVENT_TEST,NOT_ALL_NODES_REPLAYED_AT_THIS_HEAD,PENDING,NOT_CLEARED
ember_vale_prismatic_gray_001,ember-vale:prismatic_gray,Yin,pre,encounter_intro,Every borrowed memory is another weight.,INTEGRATED_EVENT_BINDING,GENERATED_LOCAL_DEVELOPMENT_ONLY,False,3.991,RUNTIME_PRESENTED_ISOLATED_EVENT_TEST,NOT_ALL_NODES_REPLAYED_AT_THIS_HEAD,PENDING,NOT_CLEARED
ember_vale_prismatic_gray_002,ember-vale:prismatic_gray,Yang,pre,encounter_intro,"If you combine them perfectly, there will be no conflict left.",INTEGRATED_EVENT_BINDING,GENERATED_LOCAL_DEVELOPMENT_ONLY,False,5.105,RUNTIME_PRESENTED_ISOLATED_EVENT_TEST,NOT_ALL_NODES_REPLAYED_AT_THIS_HEAD,PENDING,NOT_CLEARED
ember_vale_prismatic_gray_003,ember-vale:prismatic_gray,Ember,pre,encounter_intro,The fire is still mine.,INTEGRATED_EVENT_BINDING,GENERATED_LOCAL_DEVELOPMENT_ONLY,False,1.736,RUNTIME_PRESENTED_ISOLATED_EVENT_TEST,NOT_ALL_NODES_REPLAYED_AT_THIS_HEAD,PENDING,NOT_CLEARED
ember_vale_prismatic_gray_004,ember-vale:prismatic_gray,Ember,mid,gray_signals_collected,Six people. Six choices I could not make for them.,INTEGRATED_EVENT_BINDING,GENERATED_LOCAL_DEVELOPMENT_ONLY,False,3.794,RUNTIME_PRESENTED_ISOLATED_EVENT_TEST,NOT_ALL_NODES_REPLAYED_AT_THIS_HEAD,PENDING,NOT_CLEARED
ember_vale_prismatic_gray_005,ember-vale:prismatic_gray,Ember,mid,transformation_started,But now I know when it should light the way instead of clearing it.,INTEGRATED_EVENT_BINDING,GENERATED_LOCAL_DEVELOPMENT_ONLY,False,3.948,RUNTIME_PRESENTED_ISOLATED_EVENT_TEST,NOT_ALL_NODES_REPLAYED_AT_THIS_HEAD,PENDING,NOT_CLEARED
ember_vale_prismatic_gray_006,ember-vale:prismatic_gray,Kaia,post,gray_manifested,You are still yourself. That is the point.,INTEGRATED_EVENT_BINDING,GENERATED_LOCAL_DEVELOPMENT_ONLY,False,3.717,RUNTIME_PRESENTED_ISOLATED_EVENT_TEST,NOT_ALL_NODES_REPLAYED_AT_THIS_HEAD,PENDING,NOT_CLEARED
ember_vale_prismatic_gray_007,ember-vale:prismatic_gray,Ember,post,gray_manifested,And this choice is mine.,INTEGRATED_EVENT_BINDING,GENERATED_LOCAL_DEVELOPMENT_ONLY,False,1.724,RUNTIME_PRESENTED_ISOLATED_EVENT_TEST,NOT_ALL_NODES_REPLAYED_AT_THIS_HEAD,PENDING,NOT_CLEARED
ember_vale_impossible_battle_2_001,ember-vale:impossible_battle_2,Yin,pre,encounter_intro,A fire can stop without being extinguished forever.,INTEGRATED_EVENT_BINDING,GENERATED_LOCAL_DEVELOPMENT_ONLY,False,7.361,RUNTIME_PRESENTED_ISOLATED_EVENT_TEST,NOT_ALL_NODES_REPLAYED_AT_THIS_HEAD,PENDING,NOT_CLEARED
ember_vale_impossible_battle_2_002,ember-vale:impossible_battle_2,Yang,pre,encounter_intro,A flame can illuminate without obeying a pattern.,INTEGRATED_EVENT_BINDING,GENERATED_LOCAL_DEVELOPMENT_ONLY,False,3.642,RUNTIME_PRESENTED_ISOLATED_EVENT_TEST,NOT_ALL_NODES_REPLAYED_AT_THIS_HEAD,PENDING,NOT_CLEARED
ember_vale_impossible_battle_2_003,ember-vale:impossible_battle_2,Ember,pre,encounter_intro,"Yin, even a flame needs to rest.",INTEGRATED_EVENT_BINDING,GENERATED_LOCAL_DEVELOPMENT_ONLY,False,2.532,RUNTIME_PRESENTED_ISOLATED_EVENT_TEST,NOT_ALL_NODES_REPLAYED_AT_THIS_HEAD,PENDING,NOT_CLEARED
ember_vale_impossible_battle_2_004,ember-vale:impossible_battle_2,Ember,mid,gray_combat_action,"Yang, even a flame needs room to dance.",INTEGRATED_EVENT_BINDING,GENERATED_LOCAL_DEVELOPMENT_ONLY,False,2.931,RUNTIME_PRESENTED_ISOLATED_EVENT_TEST,NOT_ALL_NODES_REPLAYED_AT_THIS_HEAD,PENDING,NOT_CLEARED
ember_vale_impossible_battle_2_005,ember-vale:impossible_battle_2,Yin,mid,gray_combat_action,Then you accept that someone may be hurt again.,INTEGRATED_EVENT_BINDING,GENERATED_LOCAL_DEVELOPMENT_ONLY,False,5.68,RUNTIME_PRESENTED_ISOLATED_EVENT_TEST,NOT_ALL_NODES_REPLAYED_AT_THIS_HEAD,PENDING,NOT_CLEARED
ember_vale_impossible_battle_2_006,ember-vale:impossible_battle_2,Ember,mid,gray_combat_action,I accept that they remain someone who can choose.,INTEGRATED_EVENT_BINDING,GENERATED_LOCAL_DEVELOPMENT_ONLY,False,3.198,RUNTIME_PRESENTED_ISOLATED_EVENT_TEST,NOT_ALL_NODES_REPLAYED_AT_THIS_HEAD,PENDING,NOT_CLEARED
ember_vale_impossible_battle_2_007,ember-vale:impossible_battle_2,Yang,mid,gray_combat_action,You offer an unfinished design.,INTEGRATED_EVENT_BINDING,GENERATED_LOCAL_DEVELOPMENT_ONLY,False,2.537,RUNTIME_PRESENTED_ISOLATED_EVENT_TEST,NOT_ALL_NODES_REPLAYED_AT_THIS_HEAD,PENDING,NOT_CLEARED
ember_vale_impossible_battle_2_008,ember-vale:impossible_battle_2,Ember,post,encounter_success,Neither of you gets to command its shape.,INTEGRATED_EVENT_BINDING,GENERATED_LOCAL_DEVELOPMENT_ONLY,False,2.565,RUNTIME_PRESENTED_ISOLATED_EVENT_TEST,NOT_ALL_NODES_REPLAYED_AT_THIS_HEAD,PENDING,NOT_CLEARED
ember_vale_impossible_battle_2_009,ember-vale:impossible_battle_2,Yin,post,encounter_success,A boundary with an opening. Unfamiliar.,INTEGRATED_EVENT_BINDING,GENERATED_LOCAL_DEVELOPMENT_ONLY,False,4.913,RUNTIME_PRESENTED_ISOLATED_EVENT_TEST,NOT_ALL_NODES_REPLAYED_AT_THIS_HEAD,PENDING,NOT_CLEARED
ember_vale_impossible_battle_2_010,ember-vale:impossible_battle_2,Yang,post,encounter_success,A pattern that may change itself. Unaccounted for.,INTEGRATED_EVENT_BINDING,GENERATED_LOCAL_DEVELOPMENT_ONLY,False,4.54,RUNTIME_PRESENTED_ISOLATED_EVENT_TEST,NOT_ALL_NODES_REPLAYED_AT_THIS_HEAD,PENDING,NOT_CLEARED
ember_vale_epilogue_001,ember-vale:epilogue,Ember,pre,scene_start,"We built a hearth, not a weapon.",INTEGRATED_EVENT_BINDING,GENERATED_LOCAL_DEVELOPMENT_ONLY,False,2.152,RUNTIME_PRESENTED_ISOLATED_EVENT_TEST,NOT_ALL_NODES_REPLAYED_AT_THIS_HEAD,PENDING,NOT_CLEARED
ember_vale_epilogue_002,ember-vale:epilogue,Juno,pre,scene_start,Do we have to call this a victory? I would prefer food.,INTEGRATED_EVENT_BINDING,GENERATED_LOCAL_DEVELOPMENT_ONLY,False,3.243,RUNTIME_PRESENTED_ISOLATED_EVENT_TEST,NOT_ALL_NODES_REPLAYED_AT_THIS_HEAD,PENDING,NOT_CLEARED
ember_vale_epilogue_003,ember-vale:epilogue,Ember,pre,scene_start,Food can be scheduled. Argument cannot.,INTEGRATED_EVENT_BINDING,GENERATED_LOCAL_DEVELOPMENT_ONLY,False,2.928,RUNTIME_PRESENTED_ISOLATED_EVENT_TEST,NOT_ALL_NODES_REPLAYED_AT_THIS_HEAD,PENDING,NOT_CLEARED
ember_vale_epilogue_004,ember-vale:epilogue,Vesper,pre,scene_start,Who says the argument has to end?,INTEGRATED_EVENT_BINDING,GENERATED_LOCAL_DEVELOPMENT_ONLY,False,2.671,RUNTIME_PRESENTED_ISOLATED_EVENT_TEST,NOT_ALL_NODES_REPLAYED_AT_THIS_HEAD,PENDING,NOT_CLEARED
ember_vale_epilogue_005,ember-vale:epilogue,Rook,mid,scene_turn,It does not. Just make a space for it.,INTEGRATED_EVENT_BINDING,GENERATED_LOCAL_DEVELOPMENT_ONLY,False,4.248,RUNTIME_PRESENTED_ISOLATED_EVENT_TEST,NOT_ALL_NODES_REPLAYED_AT_THIS_HEAD,PENDING,NOT_CLEARED
ember_vale_epilogue_006,ember-vale:epilogue,Ember,post,scene_resolution,Come argue with me tomorrow. Bring your best idea.,INTEGRATED_EVENT_BINDING,GENERATED_LOCAL_DEVELOPMENT_ONLY,False,3.422,RUNTIME_PRESENTED_ISOLATED_EVENT_TEST,NOT_ALL_NODES_REPLAYED_AT_THIS_HEAD,PENDING,NOT_CLEARED
ember_vale_epilogue_007,ember-vale:epilogue,Kaia,post,scene_resolution,That will do. Until tomorrow.,INTEGRATED_EVENT_BINDING,GENERATED_LOCAL_DEVELOPMENT_ONLY,False,2.829,RUNTIME_PRESENTED_ISOLATED_EVENT_TEST,NOT_ALL_NODES_REPLAYED_AT_THIS_HEAD,PENDING,NOT_CLEARED
ember_vale_unlock_001,ember-vale:unlock,Ember,pre,scene_start,"I will remember the choices, not just the outcome.",INTEGRATED_EVENT_BINDING,GENERATED_LOCAL_DEVELOPMENT_ONLY,False,3.156,RUNTIME_PRESENTED_ISOLATED_EVENT_TEST,NOT_ALL_NODES_REPLAYED_AT_THIS_HEAD,PENDING,NOT_CLEARED
ember_vale_unlock_002,ember-vale:unlock,Kaia,mid,scene_turn,Another color has found its own way to Gray.,INTEGRATED_EVENT_BINDING,GENERATED_LOCAL_DEVELOPMENT_ONLY,False,3.839,RUNTIME_PRESENTED_ISOLATED_EVENT_TEST,NOT_ALL_NODES_REPLAYED_AT_THIS_HEAD,PENDING,NOT_CLEARED
ember_vale_unlock_003,ember-vale:unlock,Ember,post,scene_resolution,Let the next story be told in its own voice.,INTEGRATED_EVENT_BINDING,GENERATED_LOCAL_DEVELOPMENT_ONLY,False,3.108,RUNTIME_PRESENTED_ISOLATED_EVENT_TEST,NOT_ALL_NODES_REPLAYED_AT_THIS_HEAD,PENDING,NOT_CLEARED
ember_vale_unlock_004,ember-vale:unlock,Orion,post,scene_resolution,The result is reproducible. The journey was not inevitable.,INTEGRATED_EVENT_BINDING,GENERATED_LOCAL_DEVELOPMENT_ONLY,False,5.304,RUNTIME_PRESENTED_ISOLATED_EVENT_TEST,NOT_ALL_NODES_REPLAYED_AT_THIS_HEAD,PENDING,NOT_CLEARED
rook_ironside_prologue_001,rook-ironside:prologue,Rook,pre,encounter_intro,The wall is steady.,INTEGRATED_EVENT_BINDING,GENERATED_LOCAL_DEVELOPMENT_ONLY,False,2.125,RUNTIME_PRESENTED_ISOLATED_EVENT_TEST,NOT_ALL_NODES_REPLAYED_AT_THIS_HEAD,PENDING,NOT_CLEARED
rook_ironside_prologue_002,rook-ironside:prologue,Rook,pre,encounter_intro,I have held worse.,INTEGRATED_EVENT_BINDING,GENERATED_LOCAL_DEVELOPMENT_ONLY,False,2.17,RUNTIME_PRESENTED_ISOLATED_EVENT_TEST,NOT_ALL_NODES_REPLAYED_AT_THIS_HEAD,PENDING,NOT_CLEARED
rook_ironside_prologue_003,rook-ironside:prologue,Yin,pre,encounter_intro,A silence lies beneath every unfinished argument.,INTEGRATED_EVENT_BINDING,GENERATED_LOCAL_DEVELOPMENT_ONLY,False,6.881,RUNTIME_PRESENTED_ISOLATED_EVENT_TEST,NOT_ALL_NODES_REPLAYED_AT_THIS_HEAD,PENDING,NOT_CLEARED
rook_ironside_prologue_004,rook-ironside:prologue,Yang,pre,encounter_intro,Every incomplete path can be corrected.,INTEGRATED_EVENT_BINDING,GENERATED_LOCAL_DEVELOPMENT_ONLY,False,3.192,RUNTIME_PRESENTED_ISOLATED_EVENT_TEST,NOT_ALL_NODES_REPLAYED_AT_THIS_HEAD,PENDING,NOT_CLEARED
rook_ironside_prologue_005,rook-ironside:prologue,Rook,mid,combat_contact,"If I carry it alone, nobody else gets hurt.",INTEGRATED_EVENT_BINDING,GENERATED_LOCAL_DEVELOPMENT_ONLY,False,4.771,RUNTIME_PRESENTED_ISOLATED_EVENT_TEST,NOT_ALL_NODES_REPLAYED_AT_THIS_HEAD,PENDING,NOT_CLEARED
rook_ironside_prologue_006,rook-ironside:prologue,Rook,post,encounter_success,I can take the weight.,INTEGRATED_EVENT_BINDING,GENERATED_LOCAL_DEVELOPMENT_ONLY,False,2.381,RUNTIME_PRESENTED_ISOLATED_EVENT_TEST,NOT_ALL_NODES_REPLAYED_AT_THIS_HEAD,PENDING,NOT_CLEARED
rook_ironside_recruit_ember_vale_001,rook-ironside:recruit:ember-vale,Ember,pre,encounter_intro,I would rather lose a fight than a chance to act.,INTEGRATED_EVENT_BINDING,GENERATED_LOCAL_DEVELOPMENT_ONLY,False,2.889,RUNTIME_PRESENTED_ISOLATED_EVENT_TEST,NOT_ALL_NODES_REPLAYED_AT_THIS_HEAD,PENDING,NOT_CLEARED
rook_ironside_recruit_ember_vale_002,rook-ironside:recruit:ember-vale,Rook,pre,encounter_intro,And what happens when you push straight through someone else?,INTEGRATED_EVENT_BINDING,GENERATED_LOCAL_DEVELOPMENT_ONLY,False,4.988,RUNTIME_PRESENTED_ISOLATED_EVENT_TEST,NOT_ALL_NODES_REPLAYED_AT_THIS_HEAD,PENDING,NOT_CLEARED
rook_ironside_recruit_ember_vale_003,rook-ironside:recruit:ember-vale,Ember,mid,combat_contact,What if I do not want to stand behind you?,INTEGRATED_EVENT_BINDING,GENERATED_LOCAL_DEVELOPMENT_ONLY,False,2.725,RUNTIME_PRESENTED_ISOLATED_EVENT_TEST,NOT_ALL_NODES_REPLAYED_AT_THIS_HEAD,PENDING,NOT_CLEARED
rook_ironside_recruit_ember_vale_004,rook-ironside:recruit:ember-vale,Rook,mid,combat_contact,I hear you. I will move if you ask.,INTEGRATED_EVENT_BINDING,GENERATED_LOCAL_DEVELOPMENT_ONLY,False,4.366,RUNTIME_PRESENTED_ISOLATED_EVENT_TEST,NOT_ALL_NODES_REPLAYED_AT_THIS_HEAD,PENDING,NOT_CLEARED
rook_ironside_recruit_ember_vale_005,rook-ironside:recruit:ember-vale,Ember,post,encounter_success,Fine. I will follow as long as we keep moving.,INTEGRATED_EVENT_BINDING,GENERATED_LOCAL_DEVELOPMENT_ONLY,False,3.412,RUNTIME_PRESENTED_ISOLATED_EVENT_TEST,NOT_ALL_NODES_REPLAYED_AT_THIS_HEAD,PENDING,NOT_CLEARED
rook_ironside_recruit_ember_vale_006,rook-ironside:recruit:ember-vale,Rook,post,encounter_success,I have space at my side.,INTEGRATED_EVENT_BINDING,GENERATED_LOCAL_DEVELOPMENT_ONLY,False,2.839,RUNTIME_PRESENTED_ISOLATED_EVENT_TEST,NOT_ALL_NODES_REPLAYED_AT_THIS_HEAD,PENDING,NOT_CLEARED
rook_ironside_recruit_juno_spark_001,rook-ironside:recruit:juno-spark,Juno,pre,encounter_intro,I spotted three routes. Want the good one or the fast one?,INTEGRATED_EVENT_BINDING,GENERATED_LOCAL_DEVELOPMENT_ONLY,False,3.556,RUNTIME_PRESENTED_ISOLATED_EVENT_TEST,NOT_ALL_NODES_REPLAYED_AT_THIS_HEAD,PENDING,NOT_CLEARED
rook_ironside_recruit_juno_spark_002,rook-ironside:recruit:juno-spark,Rook,pre,encounter_intro,And if the fast route leaves somebody else stranded?,INTEGRATED_EVENT_BINDING,GENERATED_LOCAL_DEVELOPMENT_ONLY,False,4.902,RUNTIME_PRESENTED_ISOLATED_EVENT_TEST,NOT_ALL_NODES_REPLAYED_AT_THIS_HEAD,PENDING,NOT_CLEARED
rook_ironside_recruit_juno_spark_003,rook-ironside:recruit:juno-spark,Juno,mid,combat_contact,What if I do not want to stand behind you?,INTEGRATED_EVENT_BINDING,GENERATED_LOCAL_DEVELOPMENT_ONLY,False,2.452,RUNTIME_PRESENTED_ISOLATED_EVENT_TEST,NOT_ALL_NODES_REPLAYED_AT_THIS_HEAD,PENDING,NOT_CLEARED
rook_ironside_recruit_juno_spark_004,rook-ironside:recruit:juno-spark,Rook,mid,combat_contact,I hear you. I will move if you ask.,INTEGRATED_EVENT_BINDING,GENERATED_LOCAL_DEVELOPMENT_ONLY,False,4.366,RUNTIME_PRESENTED_ISOLATED_EVENT_TEST,NOT_ALL_NODES_REPLAYED_AT_THIS_HEAD,PENDING,NOT_CLEARED
rook_ironside_recruit_juno_spark_005,rook-ironside:recruit:juno-spark,Juno,post,encounter_success,Okay. The good route first. I can still make it fast.,INTEGRATED_EVENT_BINDING,GENERATED_LOCAL_DEVELOPMENT_ONLY,False,3.527,RUNTIME_PRESENTED_ISOLATED_EVENT_TEST,NOT_ALL_NODES_REPLAYED_AT_THIS_HEAD,PENDING,NOT_CLEARED
rook_ironside_recruit_juno_spark_006,rook-ironside:recruit:juno-spark,Rook,post,encounter_success,You decide where to stand.,INTEGRATED_EVENT_BINDING,GENERATED_LOCAL_DEVELOPMENT_ONLY,False,2.862,RUNTIME_PRESENTED_ISOLATED_EVENT_TEST,NOT_ALL_NODES_REPLAYED_AT_THIS_HEAD,PENDING,NOT_CLEARED
rook_ironside_recruit_vesper_nyx_001,rook-ironside:recruit:vesper-nyx,Vesper,pre,encounter_intro,How charming. Someone followed the wrong shadow to the right place.,INTEGRATED_EVENT_BINDING,GENERATED_LOCAL_DEVELOPMENT_ONLY,False,4.783,RUNTIME_PRESENTED_ISOLATED_EVENT_TEST,NOT_ALL_NODES_REPLAYED_AT_THIS_HEAD,PENDING,NOT_CLEARED
rook_ironside_recruit_vesper_nyx_002,rook-ironside:recruit:vesper-nyx,Rook,pre,encounter_intro,Would you still be here if everyone could see you clearly?,INTEGRATED_EVENT_BINDING,GENERATED_LOCAL_DEVELOPMENT_ONLY,False,5.261,RUNTIME_PRESENTED_ISOLATED_EVENT_TEST,NOT_ALL_NODES_REPLAYED_AT_THIS_HEAD,PENDING,NOT_CLEARED
rook_ironside_recruit_vesper_nyx_003,rook-ironside:recruit:vesper-nyx,Vesper,mid,combat_contact,What if I do not want to stand behind you?,INTEGRATED_EVENT_BINDING,GENERATED_LOCAL_DEVELOPMENT_ONLY,False,3.165,RUNTIME_PRESENTED_ISOLATED_EVENT_TEST,NOT_ALL_NODES_REPLAYED_AT_THIS_HEAD,PENDING,NOT_CLEARED
rook_ironside_recruit_vesper_nyx_004,rook-ironside:recruit:vesper-nyx,Rook,mid,combat_contact,I hear you. I will move if you ask.,INTEGRATED_EVENT_BINDING,GENERATED_LOCAL_DEVELOPMENT_ONLY,False,4.366,RUNTIME_PRESENTED_ISOLATED_EVENT_TEST,NOT_ALL_NODES_REPLAYED_AT_THIS_HEAD,PENDING,NOT_CLEARED
rook_ironside_recruit_vesper_nyx_005,rook-ironside:recruit:vesper-nyx,Vesper,post,encounter_success,Look at that. An answer with no trapdoor.,INTEGRATED_EVENT_BINDING,GENERATED_LOCAL_DEVELOPMENT_ONLY,False,3.42,RUNTIME_PRESENTED_ISOLATED_EVENT_TEST,NOT_ALL_NODES_REPLAYED_AT_THIS_HEAD,PENDING,NOT_CLEARED
rook_ironside_recruit_vesper_nyx_006,rook-ironside:recruit:vesper-nyx,Rook,post,encounter_success,I can protect a choice I did not make.,INTEGRATED_EVENT_BINDING,GENERATED_LOCAL_DEVELOPMENT_ONLY,False,3.944,RUNTIME_PRESENTED_ISOLATED_EVENT_TEST,NOT_ALL_NODES_REPLAYED_AT_THIS_HEAD,PENDING,NOT_CLEARED
rook_ironside_recruit_kaia_windrow_001,rook-ironside:recruit:kaia-windrow,Kaia,pre,encounter_intro,"Before we argue, tell me what you are afraid of losing.",INTEGRATED_EVENT_BINDING,GENERATED_LOCAL_DEVELOPMENT_ONLY,False,4.546,RUNTIME_PRESENTED_ISOLATED_EVENT_TEST,NOT_ALL_NODES_REPLAYED_AT_THIS_HEAD,PENDING,NOT_CLEARED
rook_ironside_recruit_kaia_windrow_002,rook-ironside:recruit:kaia-windrow,Rook,pre,encounter_intro,Listening might cost more time than we have. Is it worth it?,INTEGRATED_EVENT_BINDING,GENERATED_LOCAL_DEVELOPMENT_ONLY,False,6.15,RUNTIME_PRESENTED_ISOLATED_EVENT_TEST,NOT_ALL_NODES_REPLAYED_AT_THIS_HEAD,PENDING,NOT_CLEARED
rook_ironside_recruit_kaia_windrow_003,rook-ironside:recruit:kaia-windrow,Kaia,mid,combat_contact,What if I do not want to stand behind you?,INTEGRATED_EVENT_BINDING,GENERATED_LOCAL_DEVELOPMENT_ONLY,False,3.581,RUNTIME_PRESENTED_ISOLATED_EVENT_TEST,NOT_ALL_NODES_REPLAYED_AT_THIS_HEAD,PENDING,NOT_CLEARED
rook_ironside_recruit_kaia_windrow_004,rook-ironside:recruit:kaia-windrow,Rook,mid,combat_contact,I hear you. I will move if you ask.,INTEGRATED_EVENT_BINDING,GENERATED_LOCAL_DEVELOPMENT_ONLY,False,4.366,RUNTIME_PRESENTED_ISOLATED_EVENT_TEST,NOT_ALL_NODES_REPLAYED_AT_THIS_HEAD,PENDING,NOT_CLEARED
rook_ironside_recruit_kaia_windrow_005,rook-ironside:recruit:kaia-windrow,Kaia,post,encounter_success,We can start by disagreeing honestly.,INTEGRATED_EVENT_BINDING,GENERATED_LOCAL_DEVELOPMENT_ONLY,False,2.967,RUNTIME_PRESENTED_ISOLATED_EVENT_TEST,NOT_ALL_NODES_REPLAYED_AT_THIS_HEAD,PENDING,NOT_CLEARED
rook_ironside_recruit_kaia_windrow_006,rook-ironside:recruit:kaia-windrow,Rook,post,encounter_success,I have space at my side.,INTEGRATED_EVENT_BINDING,GENERATED_LOCAL_DEVELOPMENT_ONLY,False,2.839,RUNTIME_PRESENTED_ISOLATED_EVENT_TEST,NOT_ALL_NODES_REPLAYED_AT_THIS_HEAD,PENDING,NOT_CLEARED
rook_ironside_recruit_orion_vell_001,rook-ironside:recruit:orion-vell,Orion,pre,encounter_intro,The vectors overlap. This meeting was statistically probable.,INTEGRATED_EVENT_BINDING,GENERATED_LOCAL_DEVELOPMENT_ONLY,False,5.575,RUNTIME_PRESENTED_ISOLATED_EVENT_TEST,NOT_ALL_NODES_REPLAYED_AT_THIS_HEAD,PENDING,NOT_CLEARED
rook_ironside_recruit_orion_vell_002,rook-ironside:recruit:orion-vell,Rook,pre,encounter_intro,Have you factored in a choice you do not expect?,INTEGRATED_EVENT_BINDING,GENERATED_LOCAL_DEVELOPMENT_ONLY,False,4.498,RUNTIME_PRESENTED_ISOLATED_EVENT_TEST,NOT_ALL_NODES_REPLAYED_AT_THIS_HEAD,PENDING,NOT_CLEARED
rook_ironside_recruit_orion_vell_003,rook-ironside:recruit:orion-vell,Orion,mid,combat_contact,What if I do not want to stand behind you?,INTEGRATED_EVENT_BINDING,GENERATED_LOCAL_DEVELOPMENT_ONLY,False,3.933,RUNTIME_PRESENTED_ISOLATED_EVENT_TEST,NOT_ALL_NODES_REPLAYED_AT_THIS_HEAD,PENDING,NOT_CLEARED
rook_ironside_recruit_orion_vell_004,rook-ironside:recruit:orion-vell,Rook,mid,combat_contact,I hear you. I will move if you ask.,INTEGRATED_EVENT_BINDING,GENERATED_LOCAL_DEVELOPMENT_ONLY,False,4.366,RUNTIME_PRESENTED_ISOLATED_EVENT_TEST,NOT_ALL_NODES_REPLAYED_AT_THIS_HEAD,PENDING,NOT_CLEARED
rook_ironside_recruit_orion_vell_005,rook-ironside:recruit:orion-vell,Orion,post,encounter_success,That variable has my attention now.,INTEGRATED_EVENT_BINDING,GENERATED_LOCAL_DEVELOPMENT_ONLY,False,3.434,RUNTIME_PRESENTED_ISOLATED_EVENT_TEST,NOT_ALL_NODES_REPLAYED_AT_THIS_HEAD,PENDING,NOT_CLEARED
rook_ironside_recruit_orion_vell_006,rook-ironside:recruit:orion-vell,Rook,post,encounter_success,You decide where to stand.,INTEGRATED_EVENT_BINDING,GENERATED_LOCAL_DEVELOPMENT_ONLY,False,2.862,RUNTIME_PRESENTED_ISOLATED_EVENT_TEST,NOT_ALL_NODES_REPLAYED_AT_THIS_HEAD,PENDING,NOT_CLEARED
rook_ironside_recruit_nix_calder_001,rook-ironside:recruit:nix-calder,Nix,pre,encounter_intro,"I can secure this area, provided everyone follows the instructions.",INTEGRATED_EVENT_BINDING,GENERATED_LOCAL_DEVELOPMENT_ONLY,False,5.573,RUNTIME_PRESENTED_ISOLATED_EVENT_TEST,NOT_ALL_NODES_REPLAYED_AT_THIS_HEAD,PENDING,NOT_CLEARED
rook_ironside_recruit_nix_calder_002,rook-ironside:recruit:nix-calder,Rook,pre,encounter_intro,What if the instructions fail the people they protect?,INTEGRATED_EVENT_BINDING,GENERATED_LOCAL_DEVELOPMENT_ONLY,False,4.872,RUNTIME_PRESENTED_ISOLATED_EVENT_TEST,NOT_ALL_NODES_REPLAYED_AT_THIS_HEAD,PENDING,NOT_CLEARED
rook_ironside_recruit_nix_calder_003,rook-ironside:recruit:nix-calder,Nix,mid,combat_contact,What if I do not want to stand behind you?,INTEGRATED_EVENT_BINDING,GENERATED_LOCAL_DEVELOPMENT_ONLY,False,3.537,RUNTIME_PRESENTED_ISOLATED_EVENT_TEST,NOT_ALL_NODES_REPLAYED_AT_THIS_HEAD,PENDING,NOT_CLEARED
rook_ironside_recruit_nix_calder_004,rook-ironside:recruit:nix-calder,Rook,mid,combat_contact,I hear you. I will move if you ask.,INTEGRATED_EVENT_BINDING,GENERATED_LOCAL_DEVELOPMENT_ONLY,False,4.366,RUNTIME_PRESENTED_ISOLATED_EVENT_TEST,NOT_ALL_NODES_REPLAYED_AT_THIS_HEAD,PENDING,NOT_CLEARED
rook_ironside_recruit_nix_calder_005,rook-ironside:recruit:nix-calder,Nix,post,encounter_success,An amended plan is better than a perfect failure.,INTEGRATED_EVENT_BINDING,GENERATED_LOCAL_DEVELOPMENT_ONLY,False,3.828,RUNTIME_PRESENTED_ISOLATED_EVENT_TEST,NOT_ALL_NODES_REPLAYED_AT_THIS_HEAD,PENDING,NOT_CLEARED
rook_ironside_recruit_nix_calder_006,rook-ironside:recruit:nix-calder,Rook,post,encounter_success,I can protect a choice I did not make.,INTEGRATED_EVENT_BINDING,GENERATED_LOCAL_DEVELOPMENT_ONLY,False,3.944,RUNTIME_PRESENTED_ISOLATED_EVENT_TEST,NOT_ALL_NODES_REPLAYED_AT_THIS_HEAD,PENDING,NOT_CLEARED
rook_ironside_accord_001,rook-ironside:accord,Rook,pre,scene_start,I counted six people behind me.,INTEGRATED_EVENT_BINDING,GENERATED_LOCAL_DEVELOPMENT_ONLY,False,3.609,RUNTIME_PRESENTED_ISOLATED_EVENT_TEST,NOT_ALL_NODES_REPLAYED_AT_THIS_HEAD,PENDING,NOT_CLEARED
rook_ironside_accord_002,rook-ironside:accord,Ember,pre,scene_start,"Are we actually doing this, or arguing until dawn?",INTEGRATED_EVENT_BINDING,GENERATED_LOCAL_DEVELOPMENT_ONLY,False,3.324,RUNTIME_PRESENTED_ISOLATED_EVENT_TEST,NOT_ALL_NODES_REPLAYED_AT_THIS_HEAD,PENDING,NOT_CLEARED
rook_ironside_accord_003,rook-ironside:accord,Nix,pre,scene_start,Those are not mutually exclusive activities.,INTEGRATED_EVENT_BINDING,GENERATED_LOCAL_DEVELOPMENT_ONLY,False,3.642,RUNTIME_PRESENTED_ISOLATED_EVENT_TEST,NOT_ALL_NODES_REPLAYED_AT_THIS_HEAD,PENDING,NOT_CLEARED
rook_ironside_accord_004,rook-ironside:accord,Juno,pre,scene_start,"I vote for arguing while walking. Efficient, entertaining.",INTEGRATED_EVENT_BINDING,GENERATED_LOCAL_DEVELOPMENT_ONLY,False,3.609,RUNTIME_PRESENTED_ISOLATED_EVENT_TEST,NOT_ALL_NODES_REPLAYED_AT_THIS_HEAD,PENDING,NOT_CLEARED
rook_ironside_accord_005,rook-ironside:accord,Rook,pre,scene_start,Stay where I can see you. Not where I can command you.,INTEGRATED_EVENT_BINDING,GENERATED_LOCAL_DEVELOPMENT_ONLY,False,5.732,RUNTIME_PRESENTED_ISOLATED_EVENT_TEST,NOT_ALL_NODES_REPLAYED_AT_THIS_HEAD,PENDING,NOT_CLEARED
rook_ironside_accord_006,rook-ironside:accord,Vesper,pre,scene_start,That sounded almost like trust.,INTEGRATED_EVENT_BINDING,GENERATED_LOCAL_DEVELOPMENT_ONLY,False,2.53,RUNTIME_PRESENTED_ISOLATED_EVENT_TEST,NOT_ALL_NODES_REPLAYED_AT_THIS_HEAD,PENDING,NOT_CLEARED
rook_ironside_accord_007,rook-ironside:accord,Orion,pre,scene_start,It is an unfamiliar but testable arrangement.,INTEGRATED_EVENT_BINDING,GENERATED_LOCAL_DEVELOPMENT_ONLY,False,4.106,RUNTIME_PRESENTED_ISOLATED_EVENT_TEST,NOT_ALL_NODES_REPLAYED_AT_THIS_HEAD,PENDING,NOT_CLEARED
rook_ironside_accord_008,rook-ironside:accord,Kaia,post,scene_resolution,We have seven answers. We do not need one voice.,INTEGRATED_EVENT_BINDING,GENERATED_LOCAL_DEVELOPMENT_ONLY,False,4.427,RUNTIME_PRESENTED_ISOLATED_EVENT_TEST,NOT_ALL_NODES_REPLAYED_AT_THIS_HEAD,PENDING,NOT_CLEARED
rook_ironside_accord_009,rook-ironside:accord,Rook,post,scene_resolution,They were never behind me. They were beside me.,INTEGRATED_EVENT_BINDING,GENERATED_LOCAL_DEVELOPMENT_ONLY,False,4.85,RUNTIME_PRESENTED_ISOLATED_EVENT_TEST,NOT_ALL_NODES_REPLAYED_AT_THIS_HEAD,PENDING,NOT_CLEARED
rook_ironside_catastrophe_001,rook-ironside:catastrophe,Yin,pre,scene_start,The weight will not end while you insist on carrying it.,INTEGRATED_EVENT_BINDING,GENERATED_LOCAL_DEVELOPMENT_ONLY,False,7.902,RUNTIME_PRESENTED_ISOLATED_EVENT_TEST,NOT_ALL_NODES_REPLAYED_AT_THIS_HEAD,PENDING,NOT_CLEARED
rook_ironside_catastrophe_002,rook-ironside:catastrophe,Yang,pre,scene_start,A single shield can be integrated into one seamless wall.,INTEGRATED_EVENT_BINDING,GENERATED_LOCAL_DEVELOPMENT_ONLY,False,4.599,RUNTIME_PRESENTED_ISOLATED_EVENT_TEST,NOT_ALL_NODES_REPLAYED_AT_THIS_HEAD,PENDING,NOT_CLEARED
rook_ironside_catastrophe_003,rook-ironside:catastrophe,Ember,pre,scene_start,Nobody gave you the right to rearrange us.,INTEGRATED_EVENT_BINDING,GENERATED_LOCAL_DEVELOPMENT_ONLY,False,2.613,RUNTIME_PRESENTED_ISOLATED_EVENT_TEST,NOT_ALL_NODES_REPLAYED_AT_THIS_HEAD,PENDING,NOT_CLEARED
rook_ironside_catastrophe_004,rook-ironside:catastrophe,Nix,pre,scene_start,Your proposed structure contains no consent pathway.,INTEGRATED_EVENT_BINDING,GENERATED_LOCAL_DEVELOPMENT_ONLY,False,4.399,RUNTIME_PRESENTED_ISOLATED_EVENT_TEST,NOT_ALL_NODES_REPLAYED_AT_THIS_HEAD,PENDING,NOT_CLEARED
rook_ironside_catastrophe_005,rook-ironside:catastrophe,Yin,pre,scene_start,Consent requires a self willing to suffer. I offer release.,INTEGRATED_EVENT_BINDING,GENERATED_LOCAL_DEVELOPMENT_ONLY,False,7.22,RUNTIME_PRESENTED_ISOLATED_EVENT_TEST,NOT_ALL_NODES_REPLAYED_AT_THIS_HEAD,PENDING,NOT_CLEARED
rook_ironside_catastrophe_006,rook-ironside:catastrophe,Yang,pre,scene_start,Consent is unnecessary when no misunderstanding remains.,INTEGRATED_EVENT_BINDING,GENERATED_LOCAL_DEVELOPMENT_ONLY,False,4.519,RUNTIME_PRESENTED_ISOLATED_EVENT_TEST,NOT_ALL_NODES_REPLAYED_AT_THIS_HEAD,PENDING,NOT_CLEARED
rook_ironside_catastrophe_007,rook-ironside:catastrophe,Rook,mid,scene_turn,"If I carry it alone, nobody else gets hurt.",INTEGRATED_EVENT_BINDING,GENERATED_LOCAL_DEVELOPMENT_ONLY,False,4.771,RUNTIME_PRESENTED_ISOLATED_EVENT_TEST,NOT_ALL_NODES_REPLAYED_AT_THIS_HEAD,PENDING,NOT_CLEARED
rook_ironside_catastrophe_008,rook-ironside:catastrophe,Kaia,mid,scene_turn,We are not yours to solve.,INTEGRATED_EVENT_BINDING,GENERATED_LOCAL_DEVELOPMENT_ONLY,False,2.5,RUNTIME_PRESENTED_ISOLATED_EVENT_TEST,NOT_ALL_NODES_REPLAYED_AT_THIS_HEAD,PENDING,NOT_CLEARED
rook_ironside_catastrophe_009,rook-ironside:catastrophe,Rook,post,scene_resolution,Then we hold together.,INTEGRATED_EVENT_BINDING,GENERATED_LOCAL_DEVELOPMENT_ONLY,False,2.55,RUNTIME_PRESENTED_ISOLATED_EVENT_TEST,NOT_ALL_NODES_REPLAYED_AT_THIS_HEAD,PENDING,NOT_CLEARED
rook_ironside_catastrophe_010,rook-ironside:catastrophe,Vesper,post,scene_resolution,"For once, I have nothing clever to add.",INTEGRATED_EVENT_BINDING,GENERATED_LOCAL_DEVELOPMENT_ONLY,False,3.182,RUNTIME_PRESENTED_ISOLATED_EVENT_TEST,NOT_ALL_NODES_REPLAYED_AT_THIS_HEAD,PENDING,NOT_CLEARED
rook_ironside_impossible_battle_1_001,rook-ironside:impossible_battle_1,Yang,pre,encounter_intro,You mistake the size of the disagreement for the depth of it.,INTEGRATED_EVENT_BINDING,GENERATED_LOCAL_DEVELOPMENT_ONLY,False,4.075,RUNTIME_PRESENTED_ISOLATED_EVENT_TEST,NOT_ALL_NODES_REPLAYED_AT_THIS_HEAD,PENDING,NOT_CLEARED
rook_ironside_impossible_battle_1_002,rook-ironside:impossible_battle_1,Rook,pre,encounter_intro,Then we are going to test your certainty.,INTEGRATED_EVENT_BINDING,GENERATED_LOCAL_DEVELOPMENT_ONLY,False,3.914,RUNTIME_PRESENTED_ISOLATED_EVENT_TEST,NOT_ALL_NODES_REPLAYED_AT_THIS_HEAD,PENDING,NOT_CLEARED
rook_ironside_impossible_battle_1_003,rook-ironside:impossible_battle_1,Yin,mid,cosmic_engaged,Every strike ends. Every heartbeat asks for rest.,INTEGRATED_EVENT_BINDING,GENERATED_LOCAL_DEVELOPMENT_ONLY,False,6.331,RUNTIME_PRESENTED_ISOLATED_EVENT_TEST,NOT_ALL_NODES_REPLAYED_AT_THIS_HEAD,PENDING,NOT_CLEARED
rook_ironside_impossible_battle_1_004,rook-ironside:impossible_battle_1,Orion,mid,cosmic_engaged,"Our attacks are changing nothing. The field responds to allegiance, not impact.",INTEGRATED_EVENT_BINDING,GENERATED_LOCAL_DEVELOPMENT_ONLY,False,7.173,RUNTIME_PRESENTED_ISOLATED_EVENT_TEST,NOT_ALL_NODES_REPLAYED_AT_THIS_HEAD,PENDING,NOT_CLEARED
rook_ironside_impossible_battle_1_005,rook-ironside:impossible_battle_1,Rook,post,encounter_success,The fight was never about who hit harder.,INTEGRATED_EVENT_BINDING,GENERATED_LOCAL_DEVELOPMENT_ONLY,False,4.261,RUNTIME_PRESENTED_ISOLATED_EVENT_TEST,NOT_ALL_NODES_REPLAYED_AT_THIS_HEAD,PENDING,NOT_CLEARED
rook_ironside_impossible_battle_1_006,rook-ironside:impossible_battle_1,Yang,post,encounter_success,"At last, you have begun to observe.",INTEGRATED_EVENT_BINDING,GENERATED_LOCAL_DEVELOPMENT_ONLY,False,3.266,RUNTIME_PRESENTED_ISOLATED_EVENT_TEST,NOT_ALL_NODES_REPLAYED_AT_THIS_HEAD,PENDING,NOT_CLEARED
rook_ironside_first_loss_001,rook-ironside:first_loss,Rook,pre,encounter_intro,"Juno, behind me. This passage is not safe.",INTEGRATED_EVENT_BINDING,GENERATED_LOCAL_DEVELOPMENT_ONLY,False,5.513,RUNTIME_PRESENTED_ISOLATED_EVENT_TEST,NOT_ALL_NODES_REPLAYED_AT_THIS_HEAD,PENDING,NOT_CLEARED
rook_ironside_first_loss_002,rook-ironside:first_loss,Juno,pre,encounter_intro,I can run the far line. There are people over there.,INTEGRATED_EVENT_BINDING,GENERATED_LOCAL_DEVELOPMENT_ONLY,False,3.091,RUNTIME_PRESENTED_ISOLATED_EVENT_TEST,NOT_ALL_NODES_REPLAYED_AT_THIS_HEAD,PENDING,NOT_CLEARED
rook_ironside_first_loss_003,rook-ironside:first_loss,Rook,pre,encounter_intro,Not without cover.,INTEGRATED_EVENT_BINDING,GENERATED_LOCAL_DEVELOPMENT_ONLY,False,2.096,RUNTIME_PRESENTED_ISOLATED_EVENT_TEST,NOT_ALL_NODES_REPLAYED_AT_THIS_HEAD,PENDING,NOT_CLEARED
rook_ironside_first_loss_004,rook-ironside:first_loss,Juno,pre,encounter_intro,Cover me from your side. Do not choose my feet.,INTEGRATED_EVENT_BINDING,GENERATED_LOCAL_DEVELOPMENT_ONLY,False,2.865,RUNTIME_PRESENTED_ISOLATED_EVENT_TEST,NOT_ALL_NODES_REPLAYED_AT_THIS_HEAD,PENDING,NOT_CLEARED
rook_ironside_first_loss_005,rook-ironside:first_loss,Rook,mid,decision_made,"If I block this entire path, nobody can be lost.",INTEGRATED_EVENT_BINDING,GENERATED_LOCAL_DEVELOPMENT_ONLY,False,5.57,RUNTIME_PRESENTED_ISOLATED_EVENT_TEST,NOT_ALL_NODES_REPLAYED_AT_THIS_HEAD,PENDING,NOT_CLEARED
rook_ironside_first_loss_006,rook-ironside:first_loss,Juno,mid,decision_made,Then nobody gets through.,INTEGRATED_EVENT_BINDING,GENERATED_LOCAL_DEVELOPMENT_ONLY,False,1.68,RUNTIME_PRESENTED_ISOLATED_EVENT_TEST,NOT_ALL_NODES_REPLAYED_AT_THIS_HEAD,PENDING,NOT_CLEARED
rook_ironside_first_loss_007,rook-ironside:first_loss,Rook,mid,first_loss_signal,I cannot move the wall in time.,INTEGRATED_EVENT_BINDING,GENERATED_LOCAL_DEVELOPMENT_ONLY,False,3.673,RUNTIME_PRESENTED_ISOLATED_EVENT_TEST,NOT_ALL_NODES_REPLAYED_AT_THIS_HEAD,PENDING,NOT_CLEARED
rook_ironside_first_loss_008,rook-ironside:first_loss,Juno,mid,first_loss_signal,You can leave a door. I can take it.,INTEGRATED_EVENT_BINDING,GENERATED_LOCAL_DEVELOPMENT_ONLY,False,2.481,RUNTIME_PRESENTED_ISOLATED_EVENT_TEST,NOT_ALL_NODES_REPLAYED_AT_THIS_HEAD,PENDING,NOT_CLEARED
rook_ironside_first_loss_009,rook-ironside:first_loss,Rook,post,first_loss_resolved,I built my strength to make sure you never had to risk this.,INTEGRATED_EVENT_BINDING,GENERATED_LOCAL_DEVELOPMENT_ONLY,False,6.167,RUNTIME_PRESENTED_ISOLATED_EVENT_TEST,NOT_ALL_NODES_REPLAYED_AT_THIS_HEAD,PENDING,NOT_CLEARED
rook_ironside_first_loss_010,rook-ironside:first_loss,Juno,post,first_loss_resolved,And I learned to run so I could choose a risk worth taking.,INTEGRATED_EVENT_BINDING,GENERATED_LOCAL_DEVELOPMENT_ONLY,False,3.332,RUNTIME_PRESENTED_ISOLATED_EVENT_TEST,NOT_ALL_NODES_REPLAYED_AT_THIS_HEAD,PENDING,NOT_CLEARED
rook_ironside_first_loss_011,rook-ironside:first_loss,Rook,post,first_loss_resolved,Juno— I am opening the path.,INTEGRATED_EVENT_BINDING,GENERATED_LOCAL_DEVELOPMENT_ONLY,False,3.821,RUNTIME_PRESENTED_ISOLATED_EVENT_TEST,NOT_ALL_NODES_REPLAYED_AT_THIS_HEAD,PENDING,NOT_CLEARED
rook_ironside_first_loss_012,rook-ironside:first_loss,Juno,post,first_loss_resolved,That is all I needed.,INTEGRATED_EVENT_BINDING,GENERATED_LOCAL_DEVELOPMENT_ONLY,False,1.434,RUNTIME_PRESENTED_ISOLATED_EVENT_TEST,NOT_ALL_NODES_REPLAYED_AT_THIS_HEAD,PENDING,NOT_CLEARED
rook_ironside_first_loss_013,rook-ironside:first_loss,Rook,post,first_loss_resolved,I should have stood beside you from the start.,INTEGRATED_EVENT_BINDING,GENERATED_LOCAL_DEVELOPMENT_ONLY,False,4.027,RUNTIME_PRESENTED_ISOLATED_EVENT_TEST,NOT_ALL_NODES_REPLAYED_AT_THIS_HEAD,PENDING,NOT_CLEARED
rook_ironside_first_loss_014,rook-ironside:first_loss,Yin,post,first_loss_resolved,The burden has found an ending.,INTEGRATED_EVENT_BINDING,GENERATED_LOCAL_DEVELOPMENT_ONLY,False,5.001,RUNTIME_PRESENTED_ISOLATED_EVENT_TEST,NOT_ALL_NODES_REPLAYED_AT_THIS_HEAD,PENDING,NOT_CLEARED
rook_ironside_first_loss_015,rook-ironside:first_loss,Yang,post,first_loss_resolved,An incomplete loss can be integrated into a clearer whole.,INTEGRATED_EVENT_BINDING,GENERATED_LOCAL_DEVELOPMENT_ONLY,False,4.47,RUNTIME_PRESENTED_ISOLATED_EVENT_TEST,NOT_ALL_NODES_REPLAYED_AT_THIS_HEAD,PENDING,NOT_CLEARED
rook_ironside_first_loss_016,rook-ironside:first_loss,Rook,post,first_loss_resolved,Juno found a path I could not control.,INTEGRATED_EVENT_BINDING,GENERATED_LOCAL_DEVELOPMENT_ONLY,False,5.691,RUNTIME_PRESENTED_ISOLATED_EVENT_TEST,NOT_ALL_NODES_REPLAYED_AT_THIS_HEAD,PENDING,NOT_CLEARED
rook_ironside_puppet_imbalance_001,rook-ironside:puppet_imbalance,Yin,pre,encounter_intro,A simple world is a quiet world.,INTEGRATED_EVENT_BINDING,GENERATED_LOCAL_DEVELOPMENT_ONLY,False,4.219,RUNTIME_PRESENTED_ISOLATED_EVENT_TEST,NOT_ALL_NODES_REPLAYED_AT_THIS_HEAD,PENDING,NOT_CLEARED
rook_ironside_puppet_imbalance_002,rook-ironside:puppet_imbalance,Yang,pre,encounter_intro,An ordered world is a world without mistakes.,INTEGRATED_EVENT_BINDING,GENERATED_LOCAL_DEVELOPMENT_ONLY,False,3.502,RUNTIME_PRESENTED_ISOLATED_EVENT_TEST,NOT_ALL_NODES_REPLAYED_AT_THIS_HEAD,PENDING,NOT_CLEARED
rook_ironside_puppet_imbalance_003,rook-ironside:puppet_imbalance,Rook,pre,encounter_intro,I can hold the rupture. I cannot decide what the others do with the time.,INTEGRATED_EVENT_BINDING,GENERATED_LOCAL_DEVELOPMENT_ONLY,False,7.14,RUNTIME_PRESENTED_ISOLATED_EVENT_TEST,NOT_ALL_NODES_REPLAYED_AT_THIS_HEAD,PENDING,NOT_CLEARED
rook_ironside_puppet_imbalance_004,rook-ironside:puppet_imbalance,Rook,mid,puppet_contact,One side holds three of my friends. I can change that without taking their place.,INTEGRATED_EVENT_BINDING,GENERATED_LOCAL_DEVELOPMENT_ONLY,False,8.101,RUNTIME_PRESENTED_ISOLATED_EVENT_TEST,NOT_ALL_NODES_REPLAYED_AT_THIS_HEAD,PENDING,NOT_CLEARED
rook_ironside_puppet_imbalance_005,rook-ironside:puppet_imbalance,Rook,post,encounter_success,A wall is only useful if it lets someone pass.,INTEGRATED_EVENT_BINDING,GENERATED_LOCAL_DEVELOPMENT_ONLY,False,5.027,RUNTIME_PRESENTED_ISOLATED_EVENT_TEST,NOT_ALL_NODES_REPLAYED_AT_THIS_HEAD,PENDING,NOT_CLEARED
rook_ironside_puppet_imbalance_006,rook-ironside:puppet_imbalance,Vesper,post,encounter_success,"If you find the real me, please do not keep me as a souvenir.",INTEGRATED_EVENT_BINDING,GENERATED_LOCAL_DEVELOPMENT_ONLY,False,4.8,RUNTIME_PRESENTED_ISOLATED_EVENT_TEST,NOT_ALL_NODES_REPLAYED_AT_THIS_HEAD,PENDING,NOT_CLEARED
rook_ironside_first_release_001,rook-ironside:first_release,Rook,pre,encounter_intro,There is still a person behind that mask. I can make room.,INTEGRATED_EVENT_BINDING,GENERATED_LOCAL_DEVELOPMENT_ONLY,False,6.053,RUNTIME_PRESENTED_ISOLATED_EVENT_TEST,NOT_ALL_NODES_REPLAYED_AT_THIS_HEAD,PENDING,NOT_CLEARED
rook_ironside_first_release_002,rook-ironside:first_release,Yin,pre,encounter_intro,The mask removes the need to decide. How merciful.,INTEGRATED_EVENT_BINDING,GENERATED_LOCAL_DEVELOPMENT_ONLY,False,6.472,RUNTIME_PRESENTED_ISOLATED_EVENT_TEST,NOT_ALL_NODES_REPLAYED_AT_THIS_HEAD,PENDING,NOT_CLEARED
rook_ironside_first_release_003,rook-ironside:first_release,Rook,mid,release_ready,Your feet. Your decision. I will not take either.,INTEGRATED_EVENT_BINDING,GENERATED_LOCAL_DEVELOPMENT_ONLY,False,5.273,RUNTIME_PRESENTED_ISOLATED_EVENT_TEST,NOT_ALL_NODES_REPLAYED_AT_THIS_HEAD,PENDING,NOT_CLEARED
rook_ironside_first_release_004,rook-ironside:first_release,Yang,mid,puppet_released,Restored variation is an uncorrected flaw.,INTEGRATED_EVENT_BINDING,GENERATED_LOCAL_DEVELOPMENT_ONLY,False,3.493,RUNTIME_PRESENTED_ISOLATED_EVENT_TEST,NOT_ALL_NODES_REPLAYED_AT_THIS_HEAD,PENDING,NOT_CLEARED
rook_ironside_first_release_005,rook-ironside:first_release,Rook,post,essence_earned,Your first real movement is yours. Keep it.,INTEGRATED_EVENT_BINDING,GENERATED_LOCAL_DEVELOPMENT_ONLY,False,4.71,RUNTIME_PRESENTED_ISOLATED_EVENT_TEST,NOT_ALL_NODES_REPLAYED_AT_THIS_HEAD,PENDING,NOT_CLEARED
rook_ironside_first_release_006,rook-ironside:first_release,Rook,post,essence_earned,Come out when you are ready. My shield will stay here.,INTEGRATED_EVENT_BINDING,GENERATED_LOCAL_DEVELOPMENT_ONLY,False,5.504,RUNTIME_PRESENTED_ISOLATED_EVENT_TEST,NOT_ALL_NODES_REPLAYED_AT_THIS_HEAD,PENDING,NOT_CLEARED
rook_ironside_equilibrium_001,rook-ironside:equilibrium,Rook,pre,encounter_intro,Weight is shared. The center is holding.,INTEGRATED_EVENT_BINDING,GENERATED_LOCAL_DEVELOPMENT_ONLY,False,4.263,RUNTIME_PRESENTED_ISOLATED_EVENT_TEST,NOT_ALL_NODES_REPLAYED_AT_THIS_HEAD,PENDING,NOT_CLEARED
rook_ironside_equilibrium_002,rook-ironside:equilibrium,Orion,pre,encounter_intro,The competing claims are momentarily equal.,INTEGRATED_EVENT_BINDING,GENERATED_LOCAL_DEVELOPMENT_ONLY,False,3.888,RUNTIME_PRESENTED_ISOLATED_EVENT_TEST,NOT_ALL_NODES_REPLAYED_AT_THIS_HEAD,PENDING,NOT_CLEARED
rook_ironside_equilibrium_003,rook-ironside:equilibrium,Rook,mid,center_guard,A wall can make a doorway.,INTEGRATED_EVENT_BINDING,GENERATED_LOCAL_DEVELOPMENT_ONLY,False,2.732,RUNTIME_PRESENTED_ISOLATED_EVENT_TEST,NOT_ALL_NODES_REPLAYED_AT_THIS_HEAD,PENDING,NOT_CLEARED
rook_ironside_equilibrium_004,rook-ironside:equilibrium,Yin,mid,center_guard,A pause is not defeat. Sometimes it is care.,INTEGRATED_EVENT_BINDING,GENERATED_LOCAL_DEVELOPMENT_ONLY,False,5.924,RUNTIME_PRESENTED_ISOLATED_EVENT_TEST,NOT_ALL_NODES_REPLAYED_AT_THIS_HEAD,PENDING,NOT_CLEARED
rook_ironside_equilibrium_005,rook-ironside:equilibrium,Yang,post,encounter_success,Symmetry is only the beginning of completion.,INTEGRATED_EVENT_BINDING,GENERATED_LOCAL_DEVELOPMENT_ONLY,False,3.338,RUNTIME_PRESENTED_ISOLATED_EVENT_TEST,NOT_ALL_NODES_REPLAYED_AT_THIS_HEAD,PENDING,NOT_CLEARED
rook_ironside_equilibrium_006,rook-ironside:equilibrium,Rook,post,encounter_success,It will take more than holding to free them.,INTEGRATED_EVENT_BINDING,GENERATED_LOCAL_DEVELOPMENT_ONLY,False,4.212,RUNTIME_PRESENTED_ISOLATED_EVENT_TEST,NOT_ALL_NODES_REPLAYED_AT_THIS_HEAD,PENDING,NOT_CLEARED
rook_ironside_dual_release_1_001,rook-ironside:dual_release_1,Rook,pre,encounter_intro,I keep the opening. Their feet do the rest.,INTEGRATED_EVENT_BINDING,GENERATED_LOCAL_DEVELOPMENT_ONLY,False,4.738,RUNTIME_PRESENTED_ISOLATED_EVENT_TEST,NOT_ALL_NODES_REPLAYED_AT_THIS_HEAD,PENDING,NOT_CLEARED
rook_ironside_dual_release_1_002,rook-ironside:dual_release_1,Yang,pre,encounter_intro,Partial definition is wasted effort.,INTEGRATED_EVENT_BINDING,GENERATED_LOCAL_DEVELOPMENT_ONLY,False,2.939,RUNTIME_PRESENTED_ISOLATED_EVENT_TEST,NOT_ALL_NODES_REPLAYED_AT_THIS_HEAD,PENDING,NOT_CLEARED
rook_ironside_dual_release_1_003,rook-ironside:dual_release_1,Rook,mid,release_ready,You are not pieces on my board.,INTEGRATED_EVENT_BINDING,GENERATED_LOCAL_DEVELOPMENT_ONLY,False,3.324,RUNTIME_PRESENTED_ISOLATED_EVENT_TEST,NOT_ALL_NODES_REPLAYED_AT_THIS_HEAD,PENDING,NOT_CLEARED
rook_ironside_dual_release_1_004,rook-ironside:dual_release_1,Yin,mid,puppet_released,Then allow them the peace of no decision.,INTEGRATED_EVENT_BINDING,GENERATED_LOCAL_DEVELOPMENT_ONLY,False,4.878,RUNTIME_PRESENTED_ISOLATED_EVENT_TEST,NOT_ALL_NODES_REPLAYED_AT_THIS_HEAD,PENDING,NOT_CLEARED
rook_ironside_dual_release_1_005,rook-ironside:dual_release_1,Rook,post,essence_earned,No walls around their choices.,INTEGRATED_EVENT_BINDING,GENERATED_LOCAL_DEVELOPMENT_ONLY,False,3.121,RUNTIME_PRESENTED_ISOLATED_EVENT_TEST,NOT_ALL_NODES_REPLAYED_AT_THIS_HEAD,PENDING,NOT_CLEARED
rook_ironside_dual_release_2_001,rook-ironside:dual_release_2,Rook,pre,encounter_intro,Last pair. No one is falling behind me.,INTEGRATED_EVENT_BINDING,GENERATED_LOCAL_DEVELOPMENT_ONLY,False,4.561,RUNTIME_PRESENTED_ISOLATED_EVENT_TEST,NOT_ALL_NODES_REPLAYED_AT_THIS_HEAD,PENDING,NOT_CLEARED
rook_ironside_dual_release_2_002,rook-ironside:dual_release_2,Yin,pre,encounter_intro,To release them is to return their pain.,INTEGRATED_EVENT_BINDING,GENERATED_LOCAL_DEVELOPMENT_ONLY,False,4.679,RUNTIME_PRESENTED_ISOLATED_EVENT_TEST,NOT_ALL_NODES_REPLAYED_AT_THIS_HEAD,PENDING,NOT_CLEARED
rook_ironside_dual_release_2_003,rook-ironside:dual_release_2,Rook,mid,release_ready,And their laughter. Their anger. Their choices.,INTEGRATED_EVENT_BINDING,GENERATED_LOCAL_DEVELOPMENT_ONLY,False,4.953,RUNTIME_PRESENTED_ISOLATED_EVENT_TEST,NOT_ALL_NODES_REPLAYED_AT_THIS_HEAD,PENDING,NOT_CLEARED
rook_ironside_dual_release_2_004,rook-ironside:dual_release_2,Yang,mid,puppet_released,You cannot guarantee they will agree afterward.,INTEGRATED_EVENT_BINDING,GENERATED_LOCAL_DEVELOPMENT_ONLY,False,3.22,RUNTIME_PRESENTED_ISOLATED_EVENT_TEST,NOT_ALL_NODES_REPLAYED_AT_THIS_HEAD,PENDING,NOT_CLEARED
rook_ironside_dual_release_2_005,rook-ironside:dual_release_2,Rook,post,essence_earned,I am counting on them not to.,INTEGRATED_EVENT_BINDING,GENERATED_LOCAL_DEVELOPMENT_ONLY,False,3.216,RUNTIME_PRESENTED_ISOLATED_EVENT_TEST,NOT_ALL_NODES_REPLAYED_AT_THIS_HEAD,PENDING,NOT_CLEARED
rook_ironside_dual_release_2_006,rook-ironside:dual_release_2,Rook,post,essence_earned,I can carry this weight because I am not alone.,INTEGRATED_EVENT_BINDING,GENERATED_LOCAL_DEVELOPMENT_ONLY,False,4.561,RUNTIME_PRESENTED_ISOLATED_EVENT_TEST,NOT_ALL_NODES_REPLAYED_AT_THIS_HEAD,PENDING,NOT_CLEARED
rook_ironside_prismatic_gray_001,rook-ironside:prismatic_gray,Yin,pre,encounter_intro,Every borrowed memory is another weight.,INTEGRATED_EVENT_BINDING,GENERATED_LOCAL_DEVELOPMENT_ONLY,False,3.991,RUNTIME_PRESENTED_ISOLATED_EVENT_TEST,NOT_ALL_NODES_REPLAYED_AT_THIS_HEAD,PENDING,NOT_CLEARED
rook_ironside_prismatic_gray_002,rook-ironside:prismatic_gray,Yang,pre,encounter_intro,"If you combine them perfectly, there will be no conflict left.",INTEGRATED_EVENT_BINDING,GENERATED_LOCAL_DEVELOPMENT_ONLY,False,5.105,RUNTIME_PRESENTED_ISOLATED_EVENT_TEST,NOT_ALL_NODES_REPLAYED_AT_THIS_HEAD,PENDING,NOT_CLEARED
rook_ironside_prismatic_gray_003,rook-ironside:prismatic_gray,Rook,pre,encounter_intro,I thought strength meant never leaning.,INTEGRATED_EVENT_BINDING,GENERATED_LOCAL_DEVELOPMENT_ONLY,False,3.51,RUNTIME_PRESENTED_ISOLATED_EVENT_TEST,NOT_ALL_NODES_REPLAYED_AT_THIS_HEAD,PENDING,NOT_CLEARED
rook_ironside_prismatic_gray_004,rook-ironside:prismatic_gray,Rook,mid,gray_signals_collected,Six people. Six choices I could not make for them.,INTEGRATED_EVENT_BINDING,GENERATED_LOCAL_DEVELOPMENT_ONLY,False,5.802,RUNTIME_PRESENTED_ISOLATED_EVENT_TEST,NOT_ALL_NODES_REPLAYED_AT_THIS_HEAD,PENDING,NOT_CLEARED
rook_ironside_prismatic_gray_005,rook-ironside:prismatic_gray,Rook,mid,transformation_started,It means trusting someone to hold me when I do.,INTEGRATED_EVENT_BINDING,GENERATED_LOCAL_DEVELOPMENT_ONLY,False,4.832,RUNTIME_PRESENTED_ISOLATED_EVENT_TEST,NOT_ALL_NODES_REPLAYED_AT_THIS_HEAD,PENDING,NOT_CLEARED
rook_ironside_prismatic_gray_006,rook-ironside:prismatic_gray,Kaia,post,gray_manifested,You are still yourself. That is the point.,INTEGRATED_EVENT_BINDING,GENERATED_LOCAL_DEVELOPMENT_ONLY,False,3.717,RUNTIME_PRESENTED_ISOLATED_EVENT_TEST,NOT_ALL_NODES_REPLAYED_AT_THIS_HEAD,PENDING,NOT_CLEARED
rook_ironside_prismatic_gray_007,rook-ironside:prismatic_gray,Rook,post,gray_manifested,And this choice is mine.,INTEGRATED_EVENT_BINDING,GENERATED_LOCAL_DEVELOPMENT_ONLY,False,2.639,RUNTIME_PRESENTED_ISOLATED_EVENT_TEST,NOT_ALL_NODES_REPLAYED_AT_THIS_HEAD,PENDING,NOT_CLEARED
rook_ironside_impossible_battle_2_001,rook-ironside:impossible_battle_2,Yin,pre,encounter_intro,Rest is welcome when someone may rise again.,INTEGRATED_EVENT_BINDING,GENERATED_LOCAL_DEVELOPMENT_ONLY,False,6.854,RUNTIME_PRESENTED_ISOLATED_EVENT_TEST,NOT_ALL_NODES_REPLAYED_AT_THIS_HEAD,PENDING,NOT_CLEARED
rook_ironside_impossible_battle_2_002,rook-ironside:impossible_battle_2,Yang,pre,encounter_intro,Structure is welcome when someone may walk through it.,INTEGRATED_EVENT_BINDING,GENERATED_LOCAL_DEVELOPMENT_ONLY,False,4.103,RUNTIME_PRESENTED_ISOLATED_EVENT_TEST,NOT_ALL_NODES_REPLAYED_AT_THIS_HEAD,PENDING,NOT_CLEARED
rook_ironside_impossible_battle_2_003,rook-ironside:impossible_battle_2,Rook,pre,encounter_intro,"Yin, you may offer rest. Not silence by force.",INTEGRATED_EVENT_BINDING,GENERATED_LOCAL_DEVELOPMENT_ONLY,False,5.42,RUNTIME_PRESENTED_ISOLATED_EVENT_TEST,NOT_ALL_NODES_REPLAYED_AT_THIS_HEAD,PENDING,NOT_CLEARED
rook_ironside_impossible_battle_2_004,rook-ironside:impossible_battle_2,Rook,mid,gray_combat_action,"Yang, you may offer structure. Not obedience.",INTEGRATED_EVENT_BINDING,GENERATED_LOCAL_DEVELOPMENT_ONLY,False,5.135,RUNTIME_PRESENTED_ISOLATED_EVENT_TEST,NOT_ALL_NODES_REPLAYED_AT_THIS_HEAD,PENDING,NOT_CLEARED
rook_ironside_impossible_battle_2_005,rook-ironside:impossible_battle_2,Yin,mid,gray_combat_action,Then you accept that someone may be hurt again.,INTEGRATED_EVENT_BINDING,GENERATED_LOCAL_DEVELOPMENT_ONLY,False,5.68,RUNTIME_PRESENTED_ISOLATED_EVENT_TEST,NOT_ALL_NODES_REPLAYED_AT_THIS_HEAD,PENDING,NOT_CLEARED
rook_ironside_impossible_battle_2_006,rook-ironside:impossible_battle_2,Rook,mid,gray_combat_action,I accept that they remain someone who can choose.,INTEGRATED_EVENT_BINDING,GENERATED_LOCAL_DEVELOPMENT_ONLY,False,4.95,RUNTIME_PRESENTED_ISOLATED_EVENT_TEST,NOT_ALL_NODES_REPLAYED_AT_THIS_HEAD,PENDING,NOT_CLEARED
rook_ironside_impossible_battle_2_007,rook-ironside:impossible_battle_2,Yang,mid,gray_combat_action,You offer an unfinished design.,INTEGRATED_EVENT_BINDING,GENERATED_LOCAL_DEVELOPMENT_ONLY,False,2.537,RUNTIME_PRESENTED_ISOLATED_EVENT_TEST,NOT_ALL_NODES_REPLAYED_AT_THIS_HEAD,PENDING,NOT_CLEARED
rook_ironside_impossible_battle_2_008,rook-ironside:impossible_battle_2,Rook,post,encounter_success,"Yang, you may offer structure. Not obedience.",INTEGRATED_EVENT_BINDING,GENERATED_LOCAL_DEVELOPMENT_ONLY,False,5.135,RUNTIME_PRESENTED_ISOLATED_EVENT_TEST,NOT_ALL_NODES_REPLAYED_AT_THIS_HEAD,PENDING,NOT_CLEARED
rook_ironside_impossible_battle_2_009,rook-ironside:impossible_battle_2,Yin,post,encounter_success,A boundary with an opening. Unfamiliar.,INTEGRATED_EVENT_BINDING,GENERATED_LOCAL_DEVELOPMENT_ONLY,False,4.913,RUNTIME_PRESENTED_ISOLATED_EVENT_TEST,NOT_ALL_NODES_REPLAYED_AT_THIS_HEAD,PENDING,NOT_CLEARED
rook_ironside_impossible_battle_2_010,rook-ironside:impossible_battle_2,Yang,post,encounter_success,A pattern that may change itself. Unaccounted for.,INTEGRATED_EVENT_BINDING,GENERATED_LOCAL_DEVELOPMENT_ONLY,False,4.54,RUNTIME_PRESENTED_ISOLATED_EVENT_TEST,NOT_ALL_NODES_REPLAYED_AT_THIS_HEAD,PENDING,NOT_CLEARED
rook_ironside_epilogue_001,rook-ironside:epilogue,Rook,pre,scene_start,Still standing.,INTEGRATED_EVENT_BINDING,GENERATED_LOCAL_DEVELOPMENT_ONLY,False,1.74,RUNTIME_PRESENTED_ISOLATED_EVENT_TEST,NOT_ALL_NODES_REPLAYED_AT_THIS_HEAD,PENDING,NOT_CLEARED
rook_ironside_epilogue_002,rook-ironside:epilogue,Rook,pre,scene_start,Do we have to call this a victory? I would prefer food.,INTEGRATED_EVENT_BINDING,GENERATED_LOCAL_DEVELOPMENT_ONLY,False,5.845,RUNTIME_PRESENTED_ISOLATED_EVENT_TEST,NOT_ALL_NODES_REPLAYED_AT_THIS_HEAD,PENDING,NOT_CLEARED
rook_ironside_epilogue_003,rook-ironside:epilogue,Nix,pre,scene_start,Food can be scheduled. Argument cannot.,INTEGRATED_EVENT_BINDING,GENERATED_LOCAL_DEVELOPMENT_ONLY,False,3.602,RUNTIME_PRESENTED_ISOLATED_EVENT_TEST,NOT_ALL_NODES_REPLAYED_AT_THIS_HEAD,PENDING,NOT_CLEARED
rook_ironside_epilogue_004,rook-ironside:epilogue,Vesper,pre,scene_start,Who says the argument has to end?,INTEGRATED_EVENT_BINDING,GENERATED_LOCAL_DEVELOPMENT_ONLY,False,2.671,RUNTIME_PRESENTED_ISOLATED_EVENT_TEST,NOT_ALL_NODES_REPLAYED_AT_THIS_HEAD,PENDING,NOT_CLEARED
rook_ironside_epilogue_005,rook-ironside:epilogue,Rook,mid,scene_turn,It does not. Just make a space for it.,INTEGRATED_EVENT_BINDING,GENERATED_LOCAL_DEVELOPMENT_ONLY,False,4.248,RUNTIME_PRESENTED_ISOLATED_EVENT_TEST,NOT_ALL_NODES_REPLAYED_AT_THIS_HEAD,PENDING,NOT_CLEARED
rook_ironside_epilogue_006,rook-ironside:epilogue,Rook,post,scene_resolution,Not alone.,INTEGRATED_EVENT_BINDING,GENERATED_LOCAL_DEVELOPMENT_ONLY,False,1.504,RUNTIME_PRESENTED_ISOLATED_EVENT_TEST,NOT_ALL_NODES_REPLAYED_AT_THIS_HEAD,PENDING,NOT_CLEARED
rook_ironside_epilogue_007,rook-ironside:epilogue,Kaia,post,scene_resolution,That will do. Until tomorrow.,INTEGRATED_EVENT_BINDING,GENERATED_LOCAL_DEVELOPMENT_ONLY,False,2.829,RUNTIME_PRESENTED_ISOLATED_EVENT_TEST,NOT_ALL_NODES_REPLAYED_AT_THIS_HEAD,PENDING,NOT_CLEARED
rook_ironside_unlock_001,rook-ironside:unlock,Rook,pre,scene_start,"I will remember the choices, not just the outcome.",INTEGRATED_EVENT_BINDING,GENERATED_LOCAL_DEVELOPMENT_ONLY,False,4.873,RUNTIME_PRESENTED_ISOLATED_EVENT_TEST,NOT_ALL_NODES_REPLAYED_AT_THIS_HEAD,PENDING,NOT_CLEARED
rook_ironside_unlock_002,rook-ironside:unlock,Kaia,mid,scene_turn,Another color has found its own way to Gray.,INTEGRATED_EVENT_BINDING,GENERATED_LOCAL_DEVELOPMENT_ONLY,False,3.839,RUNTIME_PRESENTED_ISOLATED_EVENT_TEST,NOT_ALL_NODES_REPLAYED_AT_THIS_HEAD,PENDING,NOT_CLEARED
rook_ironside_unlock_003,rook-ironside:unlock,Rook,post,scene_resolution,Let the next story be told in its own voice.,INTEGRATED_EVENT_BINDING,GENERATED_LOCAL_DEVELOPMENT_ONLY,False,4.799,RUNTIME_PRESENTED_ISOLATED_EVENT_TEST,NOT_ALL_NODES_REPLAYED_AT_THIS_HEAD,PENDING,NOT_CLEARED
rook_ironside_unlock_004,rook-ironside:unlock,Orion,post,scene_resolution,The result is reproducible. The journey was not inevitable.,INTEGRATED_EVENT_BINDING,GENERATED_LOCAL_DEVELOPMENT_ONLY,False,5.304,RUNTIME_PRESENTED_ISOLATED_EVENT_TEST,NOT_ALL_NODES_REPLAYED_AT_THIS_HEAD,PENDING,NOT_CLEARED
juno_spark_prologue_001,juno-spark:prologue,Juno,pre,encounter_intro,Good news: I found the route.,INTEGRATED_EVENT_BINDING,GENERATED_LOCAL_DEVELOPMENT_ONLY,False,2.022,RUNTIME_PRESENTED_ISOLATED_EVENT_TEST,NOT_ALL_NODES_REPLAYED_AT_THIS_HEAD,PENDING,NOT_CLEARED
juno_spark_prologue_002,juno-spark:prologue,Juno,pre,encounter_intro,Bad news: I found six routes and already took the wrong one.,INTEGRATED_EVENT_BINDING,GENERATED_LOCAL_DEVELOPMENT_ONLY,False,3.807,RUNTIME_PRESENTED_ISOLATED_EVENT_TEST,NOT_ALL_NODES_REPLAYED_AT_THIS_HEAD,PENDING,NOT_CLEARED
juno_spark_prologue_003,juno-spark:prologue,Yin,pre,encounter_intro,A silence lies beneath every unfinished argument.,INTEGRATED_EVENT_BINDING,GENERATED_LOCAL_DEVELOPMENT_ONLY,False,6.881,RUNTIME_PRESENTED_ISOLATED_EVENT_TEST,NOT_ALL_NODES_REPLAYED_AT_THIS_HEAD,PENDING,NOT_CLEARED
juno_spark_prologue_004,juno-spark:prologue,Yang,pre,encounter_intro,Every incomplete path can be corrected.,INTEGRATED_EVENT_BINDING,GENERATED_LOCAL_DEVELOPMENT_ONLY,False,3.192,RUNTIME_PRESENTED_ISOLATED_EVENT_TEST,NOT_ALL_NODES_REPLAYED_AT_THIS_HEAD,PENDING,NOT_CLEARED
juno_spark_prologue_005,juno-spark:prologue,Juno,mid,combat_contact,Speed is how I prove I am helping.,INTEGRATED_EVENT_BINDING,GENERATED_LOCAL_DEVELOPMENT_ONLY,False,1.996,RUNTIME_PRESENTED_ISOLATED_EVENT_TEST,NOT_ALL_NODES_REPLAYED_AT_THIS_HEAD,PENDING,NOT_CLEARED
juno_spark_prologue_006,juno-spark:prologue,Juno,post,encounter_success,I can get there before the problem knows I am coming.,INTEGRATED_EVENT_BINDING,GENERATED_LOCAL_DEVELOPMENT_ONLY,False,2.616,RUNTIME_PRESENTED_ISOLATED_EVENT_TEST,NOT_ALL_NODES_REPLAYED_AT_THIS_HEAD,PENDING,NOT_CLEARED
juno_spark_recruit_rook_ironside_001,juno-spark:recruit:rook-ironside,Rook,pre,encounter_intro,I will stand between danger and the people behind me.,INTEGRATED_EVENT_BINDING,GENERATED_LOCAL_DEVELOPMENT_ONLY,False,5.1,RUNTIME_PRESENTED_ISOLATED_EVENT_TEST,NOT_ALL_NODES_REPLAYED_AT_THIS_HEAD,PENDING,NOT_CLEARED
juno_spark_recruit_rook_ironside_002,juno-spark:recruit:rook-ironside,Juno,pre,encounter_intro,What if I do not want to stand behind you?,INTEGRATED_EVENT_BINDING,GENERATED_LOCAL_DEVELOPMENT_ONLY,False,2.452,RUNTIME_PRESENTED_ISOLATED_EVENT_TEST,NOT_ALL_NODES_REPLAYED_AT_THIS_HEAD,PENDING,NOT_CLEARED
juno_spark_recruit_rook_ironside_003,juno-spark:recruit:rook-ironside,Rook,mid,combat_contact,And if the fast route leaves somebody else stranded?,INTEGRATED_EVENT_BINDING,GENERATED_LOCAL_DEVELOPMENT_ONLY,False,4.902,RUNTIME_PRESENTED_ISOLATED_EVENT_TEST,NOT_ALL_NODES_REPLAYED_AT_THIS_HEAD,PENDING,NOT_CLEARED
juno_spark_recruit_rook_ironside_004,juno-spark:recruit:rook-ironside,Juno,mid,combat_contact,Wait. That changes the whole route.,INTEGRATED_EVENT_BINDING,GENERATED_LOCAL_DEVELOPMENT_ONLY,False,2.358,RUNTIME_PRESENTED_ISOLATED_EVENT_TEST,NOT_ALL_NODES_REPLAYED_AT_THIS_HEAD,PENDING,NOT_CLEARED
juno_spark_recruit_rook_ironside_005,juno-spark:recruit:rook-ironside,Rook,post,encounter_success,Then take the open side. I will keep it open.,INTEGRATED_EVENT_BINDING,GENERATED_LOCAL_DEVELOPMENT_ONLY,False,5.181,RUNTIME_PRESENTED_ISOLATED_EVENT_TEST,NOT_ALL_NODES_REPLAYED_AT_THIS_HEAD,PENDING,NOT_CLEARED
juno_spark_recruit_rook_ironside_006,juno-spark:recruit:rook-ironside,Juno,post,encounter_success,"Race you to the point. Actually, no. Tell me where we are going first.",INTEGRATED_EVENT_BINDING,GENERATED_LOCAL_DEVELOPMENT_ONLY,False,4.475,RUNTIME_PRESENTED_ISOLATED_EVENT_TEST,NOT_ALL_NODES_REPLAYED_AT_THIS_HEAD,PENDING,NOT_CLEARED
juno_spark_recruit_kaia_windrow_001,juno-spark:recruit:kaia-windrow,Kaia,pre,encounter_intro,"Before we argue, tell me what you are afraid of losing.",INTEGRATED_EVENT_BINDING,GENERATED_LOCAL_DEVELOPMENT_ONLY,False,4.546,RUNTIME_PRESENTED_ISOLATED_EVENT_TEST,NOT_ALL_NODES_REPLAYED_AT_THIS_HEAD,PENDING,NOT_CLEARED
juno_spark_recruit_kaia_windrow_002,juno-spark:recruit:kaia-windrow,Juno,pre,encounter_intro,Listening might cost more time than we have. Is it worth it?,INTEGRATED_EVENT_BINDING,GENERATED_LOCAL_DEVELOPMENT_ONLY,False,3.529,RUNTIME_PRESENTED_ISOLATED_EVENT_TEST,NOT_ALL_NODES_REPLAYED_AT_THIS_HEAD,PENDING,NOT_CLEARED
juno_spark_recruit_kaia_windrow_003,juno-spark:recruit:kaia-windrow,Kaia,mid,combat_contact,And if the fast route leaves somebody else stranded?,INTEGRATED_EVENT_BINDING,GENERATED_LOCAL_DEVELOPMENT_ONLY,False,4.244,RUNTIME_PRESENTED_ISOLATED_EVENT_TEST,NOT_ALL_NODES_REPLAYED_AT_THIS_HEAD,PENDING,NOT_CLEARED
juno_spark_recruit_kaia_windrow_004,juno-spark:recruit:kaia-windrow,Juno,mid,combat_contact,Wait. That changes the whole route.,INTEGRATED_EVENT_BINDING,GENERATED_LOCAL_DEVELOPMENT_ONLY,False,2.358,RUNTIME_PRESENTED_ISOLATED_EVENT_TEST,NOT_ALL_NODES_REPLAYED_AT_THIS_HEAD,PENDING,NOT_CLEARED
juno_spark_recruit_kaia_windrow_005,juno-spark:recruit:kaia-windrow,Kaia,post,encounter_success,We can start by disagreeing honestly.,INTEGRATED_EVENT_BINDING,GENERATED_LOCAL_DEVELOPMENT_ONLY,False,2.967,RUNTIME_PRESENTED_ISOLATED_EVENT_TEST,NOT_ALL_NODES_REPLAYED_AT_THIS_HEAD,PENDING,NOT_CLEARED
juno_spark_recruit_kaia_windrow_006,juno-spark:recruit:kaia-windrow,Juno,post,encounter_success,This time I am listening before the countdown.,INTEGRATED_EVENT_BINDING,GENERATED_LOCAL_DEVELOPMENT_ONLY,False,2.372,RUNTIME_PRESENTED_ISOLATED_EVENT_TEST,NOT_ALL_NODES_REPLAYED_AT_THIS_HEAD,PENDING,NOT_CLEARED
juno_spark_recruit_ember_vale_001,juno-spark:recruit:ember-vale,Ember,pre,encounter_intro,I would rather lose a fight than a chance to act.,INTEGRATED_EVENT_BINDING,GENERATED_LOCAL_DEVELOPMENT_ONLY,False,2.889,RUNTIME_PRESENTED_ISOLATED_EVENT_TEST,NOT_ALL_NODES_REPLAYED_AT_THIS_HEAD,PENDING,NOT_CLEARED
juno_spark_recruit_ember_vale_002,juno-spark:recruit:ember-vale,Juno,pre,encounter_intro,And what happens when you push straight through someone else?,INTEGRATED_EVENT_BINDING,GENERATED_LOCAL_DEVELOPMENT_ONLY,False,2.974,RUNTIME_PRESENTED_ISOLATED_EVENT_TEST,NOT_ALL_NODES_REPLAYED_AT_THIS_HEAD,PENDING,NOT_CLEARED
juno_spark_recruit_ember_vale_003,juno-spark:recruit:ember-vale,Ember,mid,combat_contact,And if the fast route leaves somebody else stranded?,INTEGRATED_EVENT_BINDING,GENERATED_LOCAL_DEVELOPMENT_ONLY,False,3.281,RUNTIME_PRESENTED_ISOLATED_EVENT_TEST,NOT_ALL_NODES_REPLAYED_AT_THIS_HEAD,PENDING,NOT_CLEARED
juno_spark_recruit_ember_vale_004,juno-spark:recruit:ember-vale,Juno,mid,combat_contact,Wait. That changes the whole route.,INTEGRATED_EVENT_BINDING,GENERATED_LOCAL_DEVELOPMENT_ONLY,False,2.358,RUNTIME_PRESENTED_ISOLATED_EVENT_TEST,NOT_ALL_NODES_REPLAYED_AT_THIS_HEAD,PENDING,NOT_CLEARED
juno_spark_recruit_ember_vale_005,juno-spark:recruit:ember-vale,Ember,post,encounter_success,Fine. I will follow as long as we keep moving.,INTEGRATED_EVENT_BINDING,GENERATED_LOCAL_DEVELOPMENT_ONLY,False,3.412,RUNTIME_PRESENTED_ISOLATED_EVENT_TEST,NOT_ALL_NODES_REPLAYED_AT_THIS_HEAD,PENDING,NOT_CLEARED
juno_spark_recruit_ember_vale_006,juno-spark:recruit:ember-vale,Juno,post,encounter_success,"I still get to make the entrance, right?",INTEGRATED_EVENT_BINDING,GENERATED_LOCAL_DEVELOPMENT_ONLY,False,2.374,RUNTIME_PRESENTED_ISOLATED_EVENT_TEST,NOT_ALL_NODES_REPLAYED_AT_THIS_HEAD,PENDING,NOT_CLEARED
juno_spark_recruit_nix_calder_001,juno-spark:recruit:nix-calder,Nix,pre,encounter_intro,"I can secure this area, provided everyone follows the instructions.",INTEGRATED_EVENT_BINDING,GENERATED_LOCAL_DEVELOPMENT_ONLY,False,5.573,RUNTIME_PRESENTED_ISOLATED_EVENT_TEST,NOT_ALL_NODES_REPLAYED_AT_THIS_HEAD,PENDING,NOT_CLEARED
juno_spark_recruit_nix_calder_002,juno-spark:recruit:nix-calder,Juno,pre,encounter_intro,What if the instructions fail the people they protect?,INTEGRATED_EVENT_BINDING,GENERATED_LOCAL_DEVELOPMENT_ONLY,False,2.896,RUNTIME_PRESENTED_ISOLATED_EVENT_TEST,NOT_ALL_NODES_REPLAYED_AT_THIS_HEAD,PENDING,NOT_CLEARED
juno_spark_recruit_nix_calder_003,juno-spark:recruit:nix-calder,Nix,mid,combat_contact,And if the fast route leaves somebody else stranded?,INTEGRATED_EVENT_BINDING,GENERATED_LOCAL_DEVELOPMENT_ONLY,False,4.081,RUNTIME_PRESENTED_ISOLATED_EVENT_TEST,NOT_ALL_NODES_REPLAYED_AT_THIS_HEAD,PENDING,NOT_CLEARED
juno_spark_recruit_nix_calder_004,juno-spark:recruit:nix-calder,Juno,mid,combat_contact,Wait. That changes the whole route.,INTEGRATED_EVENT_BINDING,GENERATED_LOCAL_DEVELOPMENT_ONLY,False,2.358,RUNTIME_PRESENTED_ISOLATED_EVENT_TEST,NOT_ALL_NODES_REPLAYED_AT_THIS_HEAD,PENDING,NOT_CLEARED
juno_spark_recruit_nix_calder_005,juno-spark:recruit:nix-calder,Nix,post,encounter_success,An amended plan is better than a perfect failure.,INTEGRATED_EVENT_BINDING,GENERATED_LOCAL_DEVELOPMENT_ONLY,False,3.828,RUNTIME_PRESENTED_ISOLATED_EVENT_TEST,NOT_ALL_NODES_REPLAYED_AT_THIS_HEAD,PENDING,NOT_CLEARED
juno_spark_recruit_nix_calder_006,juno-spark:recruit:nix-calder,Juno,post,encounter_success,"Race you to the point. Actually, no. Tell me where we are going first.",INTEGRATED_EVENT_BINDING,GENERATED_LOCAL_DEVELOPMENT_ONLY,False,4.475,RUNTIME_PRESENTED_ISOLATED_EVENT_TEST,NOT_ALL_NODES_REPLAYED_AT_THIS_HEAD,PENDING,NOT_CLEARED
juno_spark_recruit_vesper_nyx_001,juno-spark:recruit:vesper-nyx,Vesper,pre,encounter_intro,How charming. Someone followed the wrong shadow to the right place.,INTEGRATED_EVENT_BINDING,GENERATED_LOCAL_DEVELOPMENT_ONLY,False,4.783,RUNTIME_PRESENTED_ISOLATED_EVENT_TEST,NOT_ALL_NODES_REPLAYED_AT_THIS_HEAD,PENDING,NOT_CLEARED
juno_spark_recruit_vesper_nyx_002,juno-spark:recruit:vesper-nyx,Juno,pre,encounter_intro,Would you still be here if everyone could see you clearly?,INTEGRATED_EVENT_BINDING,GENERATED_LOCAL_DEVELOPMENT_ONLY,False,3.005,RUNTIME_PRESENTED_ISOLATED_EVENT_TEST,NOT_ALL_NODES_REPLAYED_AT_THIS_HEAD,PENDING,NOT_CLEARED
juno_spark_recruit_vesper_nyx_003,juno-spark:recruit:vesper-nyx,Vesper,mid,combat_contact,And if the fast route leaves somebody else stranded?,INTEGRATED_EVENT_BINDING,GENERATED_LOCAL_DEVELOPMENT_ONLY,False,3.694,RUNTIME_PRESENTED_ISOLATED_EVENT_TEST,NOT_ALL_NODES_REPLAYED_AT_THIS_HEAD,PENDING,NOT_CLEARED
juno_spark_recruit_vesper_nyx_004,juno-spark:recruit:vesper-nyx,Juno,mid,combat_contact,Wait. That changes the whole route.,INTEGRATED_EVENT_BINDING,GENERATED_LOCAL_DEVELOPMENT_ONLY,False,2.358,RUNTIME_PRESENTED_ISOLATED_EVENT_TEST,NOT_ALL_NODES_REPLAYED_AT_THIS_HEAD,PENDING,NOT_CLEARED
juno_spark_recruit_vesper_nyx_005,juno-spark:recruit:vesper-nyx,Vesper,post,encounter_success,Look at that. An answer with no trapdoor.,INTEGRATED_EVENT_BINDING,GENERATED_LOCAL_DEVELOPMENT_ONLY,False,3.42,RUNTIME_PRESENTED_ISOLATED_EVENT_TEST,NOT_ALL_NODES_REPLAYED_AT_THIS_HEAD,PENDING,NOT_CLEARED
juno_spark_recruit_vesper_nyx_006,juno-spark:recruit:vesper-nyx,Juno,post,encounter_success,This time I am listening before the countdown.,INTEGRATED_EVENT_BINDING,GENERATED_LOCAL_DEVELOPMENT_ONLY,False,2.372,RUNTIME_PRESENTED_ISOLATED_EVENT_TEST,NOT_ALL_NODES_REPLAYED_AT_THIS_HEAD,PENDING,NOT_CLEARED
juno_spark_recruit_orion_vell_001,juno-spark:recruit:orion-vell,Orion,pre,encounter_intro,The vectors overlap. This meeting was statistically probable.,INTEGRATED_EVENT_BINDING,GENERATED_LOCAL_DEVELOPMENT_ONLY,False,5.575,RUNTIME_PRESENTED_ISOLATED_EVENT_TEST,NOT_ALL_NODES_REPLAYED_AT_THIS_HEAD,PENDING,NOT_CLEARED
juno_spark_recruit_orion_vell_002,juno-spark:recruit:orion-vell,Juno,pre,encounter_intro,Have you factored in a choice you do not expect?,INTEGRATED_EVENT_BINDING,GENERATED_LOCAL_DEVELOPMENT_ONLY,False,2.547,RUNTIME_PRESENTED_ISOLATED_EVENT_TEST,NOT_ALL_NODES_REPLAYED_AT_THIS_HEAD,PENDING,NOT_CLEARED
juno_spark_recruit_orion_vell_003,juno-spark:recruit:orion-vell,Orion,mid,combat_contact,And if the fast route leaves somebody else stranded?,INTEGRATED_EVENT_BINDING,GENERATED_LOCAL_DEVELOPMENT_ONLY,False,4.538,RUNTIME_PRESENTED_ISOLATED_EVENT_TEST,NOT_ALL_NODES_REPLAYED_AT_THIS_HEAD,PENDING,NOT_CLEARED
juno_spark_recruit_orion_vell_004,juno-spark:recruit:orion-vell,Juno,mid,combat_contact,Wait. That changes the whole route.,INTEGRATED_EVENT_BINDING,GENERATED_LOCAL_DEVELOPMENT_ONLY,False,2.358,RUNTIME_PRESENTED_ISOLATED_EVENT_TEST,NOT_ALL_NODES_REPLAYED_AT_THIS_HEAD,PENDING,NOT_CLEARED
juno_spark_recruit_orion_vell_005,juno-spark:recruit:orion-vell,Orion,post,encounter_success,That variable has my attention now.,INTEGRATED_EVENT_BINDING,GENERATED_LOCAL_DEVELOPMENT_ONLY,False,3.434,RUNTIME_PRESENTED_ISOLATED_EVENT_TEST,NOT_ALL_NODES_REPLAYED_AT_THIS_HEAD,PENDING,NOT_CLEARED
juno_spark_recruit_orion_vell_006,juno-spark:recruit:orion-vell,Juno,post,encounter_success,"I still get to make the entrance, right?",INTEGRATED_EVENT_BINDING,GENERATED_LOCAL_DEVELOPMENT_ONLY,False,2.374,RUNTIME_PRESENTED_ISOLATED_EVENT_TEST,NOT_ALL_NODES_REPLAYED_AT_THIS_HEAD,PENDING,NOT_CLEARED
juno_spark_accord_001,juno-spark:accord,Juno,pre,scene_start,We are a beautiful mess.,INTEGRATED_EVENT_BINDING,GENERATED_LOCAL_DEVELOPMENT_ONLY,False,1.362,RUNTIME_PRESENTED_ISOLATED_EVENT_TEST,NOT_ALL_NODES_REPLAYED_AT_THIS_HEAD,PENDING,NOT_CLEARED
juno_spark_accord_002,juno-spark:accord,Ember,pre,scene_start,"Are we actually doing this, or arguing until dawn?",INTEGRATED_EVENT_BINDING,GENERATED_LOCAL_DEVELOPMENT_ONLY,False,3.324,RUNTIME_PRESENTED_ISOLATED_EVENT_TEST,NOT_ALL_NODES_REPLAYED_AT_THIS_HEAD,PENDING,NOT_CLEARED
juno_spark_accord_003,juno-spark:accord,Nix,pre,scene_start,Those are not mutually exclusive activities.,INTEGRATED_EVENT_BINDING,GENERATED_LOCAL_DEVELOPMENT_ONLY,False,3.642,RUNTIME_PRESENTED_ISOLATED_EVENT_TEST,NOT_ALL_NODES_REPLAYED_AT_THIS_HEAD,PENDING,NOT_CLEARED
juno_spark_accord_004,juno-spark:accord,Juno,pre,scene_start,"I vote for arguing while walking. Efficient, entertaining.",INTEGRATED_EVENT_BINDING,GENERATED_LOCAL_DEVELOPMENT_ONLY,False,3.609,RUNTIME_PRESENTED_ISOLATED_EVENT_TEST,NOT_ALL_NODES_REPLAYED_AT_THIS_HEAD,PENDING,NOT_CLEARED
juno_spark_accord_005,juno-spark:accord,Rook,pre,scene_start,Stay where I can see you. Not where I can command you.,INTEGRATED_EVENT_BINDING,GENERATED_LOCAL_DEVELOPMENT_ONLY,False,5.732,RUNTIME_PRESENTED_ISOLATED_EVENT_TEST,NOT_ALL_NODES_REPLAYED_AT_THIS_HEAD,PENDING,NOT_CLEARED
juno_spark_accord_006,juno-spark:accord,Vesper,pre,scene_start,That sounded almost like trust.,INTEGRATED_EVENT_BINDING,GENERATED_LOCAL_DEVELOPMENT_ONLY,False,2.53,RUNTIME_PRESENTED_ISOLATED_EVENT_TEST,NOT_ALL_NODES_REPLAYED_AT_THIS_HEAD,PENDING,NOT_CLEARED
juno_spark_accord_007,juno-spark:accord,Orion,pre,scene_start,It is an unfamiliar but testable arrangement.,INTEGRATED_EVENT_BINDING,GENERATED_LOCAL_DEVELOPMENT_ONLY,False,4.106,RUNTIME_PRESENTED_ISOLATED_EVENT_TEST,NOT_ALL_NODES_REPLAYED_AT_THIS_HEAD,PENDING,NOT_CLEARED
juno_spark_accord_008,juno-spark:accord,Kaia,post,scene_resolution,We have seven answers. We do not need one voice.,INTEGRATED_EVENT_BINDING,GENERATED_LOCAL_DEVELOPMENT_ONLY,False,4.427,RUNTIME_PRESENTED_ISOLATED_EVENT_TEST,NOT_ALL_NODES_REPLAYED_AT_THIS_HEAD,PENDING,NOT_CLEARED
juno_spark_accord_009,juno-spark:accord,Juno,post,scene_resolution,"If we stay a mess together, at least we can see who needs help.",INTEGRATED_EVENT_BINDING,GENERATED_LOCAL_DEVELOPMENT_ONLY,False,3.861,RUNTIME_PRESENTED_ISOLATED_EVENT_TEST,NOT_ALL_NODES_REPLAYED_AT_THIS_HEAD,PENDING,NOT_CLEARED
juno_spark_catastrophe_001,juno-spark:catastrophe,Yin,pre,scene_start,Your running is another way to flee a world that hurts.,INTEGRATED_EVENT_BINDING,GENERATED_LOCAL_DEVELOPMENT_ONLY,False,8.282,RUNTIME_PRESENTED_ISOLATED_EVENT_TEST,NOT_ALL_NODES_REPLAYED_AT_THIS_HEAD,PENDING,NOT_CLEARED
juno_spark_catastrophe_002,juno-spark:catastrophe,Yang,pre,scene_start,Every route can be assigned a purpose before you take a step.,INTEGRATED_EVENT_BINDING,GENERATED_LOCAL_DEVELOPMENT_ONLY,False,4.554,RUNTIME_PRESENTED_ISOLATED_EVENT_TEST,NOT_ALL_NODES_REPLAYED_AT_THIS_HEAD,PENDING,NOT_CLEARED
juno_spark_catastrophe_003,juno-spark:catastrophe,Ember,pre,scene_start,Nobody gave you the right to rearrange us.,INTEGRATED_EVENT_BINDING,GENERATED_LOCAL_DEVELOPMENT_ONLY,False,2.613,RUNTIME_PRESENTED_ISOLATED_EVENT_TEST,NOT_ALL_NODES_REPLAYED_AT_THIS_HEAD,PENDING,NOT_CLEARED
juno_spark_catastrophe_004,juno-spark:catastrophe,Nix,pre,scene_start,Your proposed structure contains no consent pathway.,INTEGRATED_EVENT_BINDING,GENERATED_LOCAL_DEVELOPMENT_ONLY,False,4.399,RUNTIME_PRESENTED_ISOLATED_EVENT_TEST,NOT_ALL_NODES_REPLAYED_AT_THIS_HEAD,PENDING,NOT_CLEARED
juno_spark_catastrophe_005,juno-spark:catastrophe,Yin,pre,scene_start,Consent requires a self willing to suffer. I offer release.,INTEGRATED_EVENT_BINDING,GENERATED_LOCAL_DEVELOPMENT_ONLY,False,7.22,RUNTIME_PRESENTED_ISOLATED_EVENT_TEST,NOT_ALL_NODES_REPLAYED_AT_THIS_HEAD,PENDING,NOT_CLEARED
juno_spark_catastrophe_006,juno-spark:catastrophe,Yang,pre,scene_start,Consent is unnecessary when no misunderstanding remains.,INTEGRATED_EVENT_BINDING,GENERATED_LOCAL_DEVELOPMENT_ONLY,False,4.519,RUNTIME_PRESENTED_ISOLATED_EVENT_TEST,NOT_ALL_NODES_REPLAYED_AT_THIS_HEAD,PENDING,NOT_CLEARED
juno_spark_catastrophe_007,juno-spark:catastrophe,Juno,mid,scene_turn,Speed is how I prove I am helping.,INTEGRATED_EVENT_BINDING,GENERATED_LOCAL_DEVELOPMENT_ONLY,False,1.996,RUNTIME_PRESENTED_ISOLATED_EVENT_TEST,NOT_ALL_NODES_REPLAYED_AT_THIS_HEAD,PENDING,NOT_CLEARED
juno_spark_catastrophe_008,juno-spark:catastrophe,Kaia,mid,scene_turn,We are not yours to solve.,INTEGRATED_EVENT_BINDING,GENERATED_LOCAL_DEVELOPMENT_ONLY,False,2.5,RUNTIME_PRESENTED_ISOLATED_EVENT_TEST,NOT_ALL_NODES_REPLAYED_AT_THIS_HEAD,PENDING,NOT_CLEARED
juno_spark_catastrophe_009,juno-spark:catastrophe,Rook,post,scene_resolution,Then we hold together.,INTEGRATED_EVENT_BINDING,GENERATED_LOCAL_DEVELOPMENT_ONLY,False,2.55,RUNTIME_PRESENTED_ISOLATED_EVENT_TEST,NOT_ALL_NODES_REPLAYED_AT_THIS_HEAD,PENDING,NOT_CLEARED
juno_spark_catastrophe_010,juno-spark:catastrophe,Vesper,post,scene_resolution,"For once, I have nothing clever to add.",INTEGRATED_EVENT_BINDING,GENERATED_LOCAL_DEVELOPMENT_ONLY,False,3.182,RUNTIME_PRESENTED_ISOLATED_EVENT_TEST,NOT_ALL_NODES_REPLAYED_AT_THIS_HEAD,PENDING,NOT_CLEARED
juno_spark_impossible_battle_1_001,juno-spark:impossible_battle_1,Yang,pre,encounter_intro,You mistake the size of the disagreement for the depth of it.,INTEGRATED_EVENT_BINDING,GENERATED_LOCAL_DEVELOPMENT_ONLY,False,4.075,RUNTIME_PRESENTED_ISOLATED_EVENT_TEST,NOT_ALL_NODES_REPLAYED_AT_THIS_HEAD,PENDING,NOT_CLEARED
juno_spark_impossible_battle_1_002,juno-spark:impossible_battle_1,Juno,pre,encounter_intro,Then we are going to test your certainty.,INTEGRATED_EVENT_BINDING,GENERATED_LOCAL_DEVELOPMENT_ONLY,False,2.179,RUNTIME_PRESENTED_ISOLATED_EVENT_TEST,NOT_ALL_NODES_REPLAYED_AT_THIS_HEAD,PENDING,NOT_CLEARED
juno_spark_impossible_battle_1_003,juno-spark:impossible_battle_1,Yin,mid,cosmic_engaged,Every strike ends. Every heartbeat asks for rest.,INTEGRATED_EVENT_BINDING,GENERATED_LOCAL_DEVELOPMENT_ONLY,False,6.331,RUNTIME_PRESENTED_ISOLATED_EVENT_TEST,NOT_ALL_NODES_REPLAYED_AT_THIS_HEAD,PENDING,NOT_CLEARED
juno_spark_impossible_battle_1_004,juno-spark:impossible_battle_1,Orion,mid,cosmic_engaged,"Our attacks are changing nothing. The field responds to allegiance, not impact.",INTEGRATED_EVENT_BINDING,GENERATED_LOCAL_DEVELOPMENT_ONLY,False,7.173,RUNTIME_PRESENTED_ISOLATED_EVENT_TEST,NOT_ALL_NODES_REPLAYED_AT_THIS_HEAD,PENDING,NOT_CLEARED
juno_spark_impossible_battle_1_005,juno-spark:impossible_battle_1,Juno,post,encounter_success,The fight was never about who hit harder.,INTEGRATED_EVENT_BINDING,GENERATED_LOCAL_DEVELOPMENT_ONLY,False,2.392,RUNTIME_PRESENTED_ISOLATED_EVENT_TEST,NOT_ALL_NODES_REPLAYED_AT_THIS_HEAD,PENDING,NOT_CLEARED
juno_spark_impossible_battle_1_006,juno-spark:impossible_battle_1,Yang,post,encounter_success,"At last, you have begun to observe.",INTEGRATED_EVENT_BINDING,GENERATED_LOCAL_DEVELOPMENT_ONLY,False,3.266,RUNTIME_PRESENTED_ISOLATED_EVENT_TEST,NOT_ALL_NODES_REPLAYED_AT_THIS_HEAD,PENDING,NOT_CLEARED
juno_spark_first_loss_001,juno-spark:first_loss,Juno,pre,encounter_intro,I found four exits. Five if I break the north rail.,INTEGRATED_EVENT_BINDING,GENERATED_LOCAL_DEVELOPMENT_ONLY,False,3.488,RUNTIME_PRESENTED_ISOLATED_EVENT_TEST,NOT_ALL_NODES_REPLAYED_AT_THIS_HEAD,PENDING,NOT_CLEARED
juno_spark_first_loss_002,juno-spark:first_loss,Orion,pre,encounter_intro,Every exit collapses before the last group clears.,INTEGRATED_EVENT_BINDING,GENERATED_LOCAL_DEVELOPMENT_ONLY,False,4.679,RUNTIME_PRESENTED_ISOLATED_EVENT_TEST,NOT_ALL_NODES_REPLAYED_AT_THIS_HEAD,PENDING,NOT_CLEARED
juno_spark_first_loss_003,juno-spark:first_loss,Juno,pre,encounter_intro,Then I will run it twice as fast.,INTEGRATED_EVENT_BINDING,GENERATED_LOCAL_DEVELOPMENT_ONLY,False,2.126,RUNTIME_PRESENTED_ISOLATED_EVENT_TEST,NOT_ALL_NODES_REPLAYED_AT_THIS_HEAD,PENDING,NOT_CLEARED
juno_spark_first_loss_004,juno-spark:first_loss,Orion,pre,encounter_intro,A faster arrival will not create a second stable passage.,INTEGRATED_EVENT_BINDING,GENERATED_LOCAL_DEVELOPMENT_ONLY,False,5.141,RUNTIME_PRESENTED_ISOLATED_EVENT_TEST,NOT_ALL_NODES_REPLAYED_AT_THIS_HEAD,PENDING,NOT_CLEARED
juno_spark_first_loss_005,juno-spark:first_loss,Juno,pre,encounter_intro,You are not saying what I think you are saying.,INTEGRATED_EVENT_BINDING,GENERATED_LOCAL_DEVELOPMENT_ONLY,False,2.303,RUNTIME_PRESENTED_ISOLATED_EVENT_TEST,NOT_ALL_NODES_REPLAYED_AT_THIS_HEAD,PENDING,NOT_CLEARED
juno_spark_first_loss_006,juno-spark:first_loss,Orion,mid,decision_made,I can hold one vector long enough for them.,INTEGRATED_EVENT_BINDING,GENERATED_LOCAL_DEVELOPMENT_ONLY,False,4.473,RUNTIME_PRESENTED_ISOLATED_EVENT_TEST,NOT_ALL_NODES_REPLAYED_AT_THIS_HEAD,PENDING,NOT_CLEARED
juno_spark_first_loss_007,juno-spark:first_loss,Juno,mid,decision_made,Not if you stay. No. We run together.,INTEGRATED_EVENT_BINDING,GENERATED_LOCAL_DEVELOPMENT_ONLY,False,3.08,RUNTIME_PRESENTED_ISOLATED_EVENT_TEST,NOT_ALL_NODES_REPLAYED_AT_THIS_HEAD,PENDING,NOT_CLEARED
juno_spark_first_loss_008,juno-spark:first_loss,Orion,mid,decision_made,I used to treat people as positions inside a model.,INTEGRATED_EVENT_BINDING,GENERATED_LOCAL_DEVELOPMENT_ONLY,False,5.312,RUNTIME_PRESENTED_ISOLATED_EVENT_TEST,NOT_ALL_NODES_REPLAYED_AT_THIS_HEAD,PENDING,NOT_CLEARED
juno_spark_first_loss_009,juno-spark:first_loss,Juno,mid,first_loss_signal,Orion. Please.,INTEGRATED_EVENT_BINDING,GENERATED_LOCAL_DEVELOPMENT_ONLY,False,1.827,RUNTIME_PRESENTED_ISOLATED_EVENT_TEST,NOT_ALL_NODES_REPLAYED_AT_THIS_HEAD,PENDING,NOT_CLEARED
juno_spark_first_loss_010,juno-spark:first_loss,Orion,mid,first_loss_signal,You were never a position. I am choosing this because you can choose what comes next.,INTEGRATED_EVENT_BINDING,GENERATED_LOCAL_DEVELOPMENT_ONLY,False,8.046,RUNTIME_PRESENTED_ISOLATED_EVENT_TEST,NOT_ALL_NODES_REPLAYED_AT_THIS_HEAD,PENDING,NOT_CLEARED
juno_spark_first_loss_011,juno-spark:first_loss,Juno,mid,first_loss_signal,I can turn back before the field shuts.,INTEGRATED_EVENT_BINDING,GENERATED_LOCAL_DEVELOPMENT_ONLY,False,2.46,RUNTIME_PRESENTED_ISOLATED_EVENT_TEST,NOT_ALL_NODES_REPLAYED_AT_THIS_HEAD,PENDING,NOT_CLEARED
juno_spark_first_loss_012,juno-spark:first_loss,Orion,post,first_loss_resolved,And those behind you would lose their passage.,INTEGRATED_EVENT_BINDING,GENERATED_LOCAL_DEVELOPMENT_ONLY,False,3.997,RUNTIME_PRESENTED_ISOLATED_EVENT_TEST,NOT_ALL_NODES_REPLAYED_AT_THIS_HEAD,PENDING,NOT_CLEARED
juno_spark_first_loss_013,juno-spark:first_loss,Juno,post,first_loss_resolved,I hate this direction.,INTEGRATED_EVENT_BINDING,GENERATED_LOCAL_DEVELOPMENT_ONLY,False,1.474,RUNTIME_PRESENTED_ISOLATED_EVENT_TEST,NOT_ALL_NODES_REPLAYED_AT_THIS_HEAD,PENDING,NOT_CLEARED
juno_spark_first_loss_014,juno-spark:first_loss,Orion,post,first_loss_resolved,You do not have to like it. Only decide.,INTEGRATED_EVENT_BINDING,GENERATED_LOCAL_DEVELOPMENT_ONLY,False,4.372,RUNTIME_PRESENTED_ISOLATED_EVENT_TEST,NOT_ALL_NODES_REPLAYED_AT_THIS_HEAD,PENDING,NOT_CLEARED
juno_spark_first_loss_015,juno-spark:first_loss,Juno,post,first_loss_resolved,All right. Everyone with me. We are getting through.,INTEGRATED_EVENT_BINDING,GENERATED_LOCAL_DEVELOPMENT_ONLY,False,3.353,RUNTIME_PRESENTED_ISOLATED_EVENT_TEST,NOT_ALL_NODES_REPLAYED_AT_THIS_HEAD,PENDING,NOT_CLEARED
juno_spark_first_loss_016,juno-spark:first_loss,Orion,post,first_loss_resolved,"That is your vector, Juno.",INTEGRATED_EVENT_BINDING,GENERATED_LOCAL_DEVELOPMENT_ONLY,False,3.236,RUNTIME_PRESENTED_ISOLATED_EVENT_TEST,NOT_ALL_NODES_REPLAYED_AT_THIS_HEAD,PENDING,NOT_CLEARED
juno_spark_first_loss_017,juno-spark:first_loss,Juno,post,first_loss_resolved,I am going forward. I will make it mean something.,INTEGRATED_EVENT_BINDING,GENERATED_LOCAL_DEVELOPMENT_ONLY,False,3.091,RUNTIME_PRESENTED_ISOLATED_EVENT_TEST,NOT_ALL_NODES_REPLAYED_AT_THIS_HEAD,PENDING,NOT_CLEARED
juno_spark_first_loss_018,juno-spark:first_loss,Yin,post,first_loss_resolved,The burden has found an ending.,INTEGRATED_EVENT_BINDING,GENERATED_LOCAL_DEVELOPMENT_ONLY,False,5.001,RUNTIME_PRESENTED_ISOLATED_EVENT_TEST,NOT_ALL_NODES_REPLAYED_AT_THIS_HEAD,PENDING,NOT_CLEARED
juno_spark_first_loss_019,juno-spark:first_loss,Yang,post,first_loss_resolved,An incomplete loss can be integrated into a clearer whole.,INTEGRATED_EVENT_BINDING,GENERATED_LOCAL_DEVELOPMENT_ONLY,False,4.47,RUNTIME_PRESENTED_ISOLATED_EVENT_TEST,NOT_ALL_NODES_REPLAYED_AT_THIS_HEAD,PENDING,NOT_CLEARED
juno_spark_first_loss_020,juno-spark:first_loss,Juno,post,first_loss_resolved,He knew exactly where I would run. He trusted me to choose differently.,INTEGRATED_EVENT_BINDING,GENERATED_LOCAL_DEVELOPMENT_ONLY,False,5.292,RUNTIME_PRESENTED_ISOLATED_EVENT_TEST,NOT_ALL_NODES_REPLAYED_AT_THIS_HEAD,PENDING,NOT_CLEARED
juno_spark_puppet_imbalance_001,juno-spark:puppet_imbalance,Yin,pre,encounter_intro,A simple world is a quiet world.,INTEGRATED_EVENT_BINDING,GENERATED_LOCAL_DEVELOPMENT_ONLY,False,4.219,RUNTIME_PRESENTED_ISOLATED_EVENT_TEST,NOT_ALL_NODES_REPLAYED_AT_THIS_HEAD,PENDING,NOT_CLEARED
juno_spark_puppet_imbalance_002,juno-spark:puppet_imbalance,Yang,pre,encounter_intro,An ordered world is a world without mistakes.,INTEGRATED_EVENT_BINDING,GENERATED_LOCAL_DEVELOPMENT_ONLY,False,3.502,RUNTIME_PRESENTED_ISOLATED_EVENT_TEST,NOT_ALL_NODES_REPLAYED_AT_THIS_HEAD,PENDING,NOT_CLEARED
juno_spark_puppet_imbalance_003,juno-spark:puppet_imbalance,Juno,pre,encounter_intro,Three against two. I can count; I am not that reckless.,INTEGRATED_EVENT_BINDING,GENERATED_LOCAL_DEVELOPMENT_ONLY,False,3.489,RUNTIME_PRESENTED_ISOLATED_EVENT_TEST,NOT_ALL_NODES_REPLAYED_AT_THIS_HEAD,PENDING,NOT_CLEARED
juno_spark_puppet_imbalance_004,juno-spark:puppet_imbalance,Juno,mid,puppet_contact,One side holds three of my friends. I can change that without taking their place.,INTEGRATED_EVENT_BINDING,GENERATED_LOCAL_DEVELOPMENT_ONLY,False,4.86,RUNTIME_PRESENTED_ISOLATED_EVENT_TEST,NOT_ALL_NODES_REPLAYED_AT_THIS_HEAD,PENDING,NOT_CLEARED
juno_spark_puppet_imbalance_005,juno-spark:puppet_imbalance,Juno,post,encounter_success,"If I dive in blind, I leave another person behind.",INTEGRATED_EVENT_BINDING,GENERATED_LOCAL_DEVELOPMENT_ONLY,False,3.151,RUNTIME_PRESENTED_ISOLATED_EVENT_TEST,NOT_ALL_NODES_REPLAYED_AT_THIS_HEAD,PENDING,NOT_CLEARED
juno_spark_puppet_imbalance_006,juno-spark:puppet_imbalance,Vesper,post,encounter_success,"If you find the real me, please do not keep me as a souvenir.",INTEGRATED_EVENT_BINDING,GENERATED_LOCAL_DEVELOPMENT_ONLY,False,4.8,RUNTIME_PRESENTED_ISOLATED_EVENT_TEST,NOT_ALL_NODES_REPLAYED_AT_THIS_HEAD,PENDING,NOT_CLEARED
juno_spark_first_release_001,juno-spark:first_release,Juno,pre,encounter_intro,The mask does not get to choose their direction.,INTEGRATED_EVENT_BINDING,GENERATED_LOCAL_DEVELOPMENT_ONLY,False,2.343,RUNTIME_PRESENTED_ISOLATED_EVENT_TEST,NOT_ALL_NODES_REPLAYED_AT_THIS_HEAD,PENDING,NOT_CLEARED
juno_spark_first_release_002,juno-spark:first_release,Yin,pre,encounter_intro,The mask removes the need to decide. How merciful.,INTEGRATED_EVENT_BINDING,GENERATED_LOCAL_DEVELOPMENT_ONLY,False,6.472,RUNTIME_PRESENTED_ISOLATED_EVENT_TEST,NOT_ALL_NODES_REPLAYED_AT_THIS_HEAD,PENDING,NOT_CLEARED
juno_spark_first_release_003,juno-spark:first_release,Juno,mid,release_ready,No loops. No shortcuts. Tell me where you want to go.,INTEGRATED_EVENT_BINDING,GENERATED_LOCAL_DEVELOPMENT_ONLY,False,3.95,RUNTIME_PRESENTED_ISOLATED_EVENT_TEST,NOT_ALL_NODES_REPLAYED_AT_THIS_HEAD,PENDING,NOT_CLEARED
juno_spark_first_release_004,juno-spark:first_release,Yang,mid,puppet_released,Restored variation is an uncorrected flaw.,INTEGRATED_EVENT_BINDING,GENERATED_LOCAL_DEVELOPMENT_ONLY,False,3.493,RUNTIME_PRESENTED_ISOLATED_EVENT_TEST,NOT_ALL_NODES_REPLAYED_AT_THIS_HEAD,PENDING,NOT_CLEARED
juno_spark_first_release_005,juno-spark:first_release,Juno,post,essence_earned,Your first real movement is yours. Keep it.,INTEGRATED_EVENT_BINDING,GENERATED_LOCAL_DEVELOPMENT_ONLY,False,2.833,RUNTIME_PRESENTED_ISOLATED_EVENT_TEST,NOT_ALL_NODES_REPLAYED_AT_THIS_HEAD,PENDING,NOT_CLEARED
juno_spark_first_release_006,juno-spark:first_release,Juno,post,essence_earned,"I will follow your signal, not lead your feet.",INTEGRATED_EVENT_BINDING,GENERATED_LOCAL_DEVELOPMENT_ONLY,False,2.557,RUNTIME_PRESENTED_ISOLATED_EVENT_TEST,NOT_ALL_NODES_REPLAYED_AT_THIS_HEAD,PENDING,NOT_CLEARED
juno_spark_equilibrium_001,juno-spark:equilibrium,Juno,pre,encounter_intro,Okay. Two and two. I can stay in this lane.,INTEGRATED_EVENT_BINDING,GENERATED_LOCAL_DEVELOPMENT_ONLY,False,3.107,RUNTIME_PRESENTED_ISOLATED_EVENT_TEST,NOT_ALL_NODES_REPLAYED_AT_THIS_HEAD,PENDING,NOT_CLEARED
juno_spark_equilibrium_002,juno-spark:equilibrium,Juno,pre,encounter_intro,The competing claims are momentarily equal.,INTEGRATED_EVENT_BINDING,GENERATED_LOCAL_DEVELOPMENT_ONLY,False,2.49,RUNTIME_PRESENTED_ISOLATED_EVENT_TEST,NOT_ALL_NODES_REPLAYED_AT_THIS_HEAD,PENDING,NOT_CLEARED
juno_spark_equilibrium_003,juno-spark:equilibrium,Juno,mid,center_guard,I stayed still long enough to understand it.,INTEGRATED_EVENT_BINDING,GENERATED_LOCAL_DEVELOPMENT_ONLY,False,2.52,RUNTIME_PRESENTED_ISOLATED_EVENT_TEST,NOT_ALL_NODES_REPLAYED_AT_THIS_HEAD,PENDING,NOT_CLEARED
juno_spark_equilibrium_004,juno-spark:equilibrium,Yin,mid,center_guard,A pause is not defeat. Sometimes it is care.,INTEGRATED_EVENT_BINDING,GENERATED_LOCAL_DEVELOPMENT_ONLY,False,5.924,RUNTIME_PRESENTED_ISOLATED_EVENT_TEST,NOT_ALL_NODES_REPLAYED_AT_THIS_HEAD,PENDING,NOT_CLEARED
juno_spark_equilibrium_005,juno-spark:equilibrium,Yang,post,encounter_success,Symmetry is only the beginning of completion.,INTEGRATED_EVENT_BINDING,GENERATED_LOCAL_DEVELOPMENT_ONLY,False,3.338,RUNTIME_PRESENTED_ISOLATED_EVENT_TEST,NOT_ALL_NODES_REPLAYED_AT_THIS_HEAD,PENDING,NOT_CLEARED
juno_spark_equilibrium_006,juno-spark:equilibrium,Juno,post,encounter_success,Look at that: patience with actual results.,INTEGRATED_EVENT_BINDING,GENERATED_LOCAL_DEVELOPMENT_ONLY,False,2.897,RUNTIME_PRESENTED_ISOLATED_EVENT_TEST,NOT_ALL_NODES_REPLAYED_AT_THIS_HEAD,PENDING,NOT_CLEARED
juno_spark_dual_release_1_001,juno-spark:dual_release_1,Juno,pre,encounter_intro,"Opposite masks. Same problem. Let us take both, on purpose.",INTEGRATED_EVENT_BINDING,GENERATED_LOCAL_DEVELOPMENT_ONLY,False,4.425,RUNTIME_PRESENTED_ISOLATED_EVENT_TEST,NOT_ALL_NODES_REPLAYED_AT_THIS_HEAD,PENDING,NOT_CLEARED
juno_spark_dual_release_1_002,juno-spark:dual_release_1,Yang,pre,encounter_intro,Partial definition is wasted effort.,INTEGRATED_EVENT_BINDING,GENERATED_LOCAL_DEVELOPMENT_ONLY,False,2.939,RUNTIME_PRESENTED_ISOLATED_EVENT_TEST,NOT_ALL_NODES_REPLAYED_AT_THIS_HEAD,PENDING,NOT_CLEARED
juno_spark_dual_release_1_003,juno-spark:dual_release_1,Juno,mid,release_ready,You are not pieces on my board.,INTEGRATED_EVENT_BINDING,GENERATED_LOCAL_DEVELOPMENT_ONLY,False,1.809,RUNTIME_PRESENTED_ISOLATED_EVENT_TEST,NOT_ALL_NODES_REPLAYED_AT_THIS_HEAD,PENDING,NOT_CLEARED
juno_spark_dual_release_1_004,juno-spark:dual_release_1,Yin,mid,puppet_released,Then allow them the peace of no decision.,INTEGRATED_EVENT_BINDING,GENERATED_LOCAL_DEVELOPMENT_ONLY,False,4.878,RUNTIME_PRESENTED_ISOLATED_EVENT_TEST,NOT_ALL_NODES_REPLAYED_AT_THIS_HEAD,PENDING,NOT_CLEARED
juno_spark_dual_release_1_005,juno-spark:dual_release_1,Juno,post,essence_earned,The fast route is not always the right one.,INTEGRATED_EVENT_BINDING,GENERATED_LOCAL_DEVELOPMENT_ONLY,False,2.431,RUNTIME_PRESENTED_ISOLATED_EVENT_TEST,NOT_ALL_NODES_REPLAYED_AT_THIS_HEAD,PENDING,NOT_CLEARED
juno_spark_dual_release_2_001,juno-spark:dual_release_2,Juno,pre,encounter_intro,Orion would ask where the last two need to land.,INTEGRATED_EVENT_BINDING,GENERATED_LOCAL_DEVELOPMENT_ONLY,False,3.092,RUNTIME_PRESENTED_ISOLATED_EVENT_TEST,NOT_ALL_NODES_REPLAYED_AT_THIS_HEAD,PENDING,NOT_CLEARED
juno_spark_dual_release_2_002,juno-spark:dual_release_2,Yin,pre,encounter_intro,To release them is to return their pain.,INTEGRATED_EVENT_BINDING,GENERATED_LOCAL_DEVELOPMENT_ONLY,False,4.679,RUNTIME_PRESENTED_ISOLATED_EVENT_TEST,NOT_ALL_NODES_REPLAYED_AT_THIS_HEAD,PENDING,NOT_CLEARED
juno_spark_dual_release_2_003,juno-spark:dual_release_2,Juno,mid,release_ready,And their laughter. Their anger. Their choices.,INTEGRATED_EVENT_BINDING,GENERATED_LOCAL_DEVELOPMENT_ONLY,False,2.925,RUNTIME_PRESENTED_ISOLATED_EVENT_TEST,NOT_ALL_NODES_REPLAYED_AT_THIS_HEAD,PENDING,NOT_CLEARED
juno_spark_dual_release_2_004,juno-spark:dual_release_2,Yang,mid,puppet_released,You cannot guarantee they will agree afterward.,INTEGRATED_EVENT_BINDING,GENERATED_LOCAL_DEVELOPMENT_ONLY,False,3.22,RUNTIME_PRESENTED_ISOLATED_EVENT_TEST,NOT_ALL_NODES_REPLAYED_AT_THIS_HEAD,PENDING,NOT_CLEARED
juno_spark_dual_release_2_005,juno-spark:dual_release_2,Juno,post,essence_earned,I am counting on them not to.,INTEGRATED_EVENT_BINDING,GENERATED_LOCAL_DEVELOPMENT_ONLY,False,1.81,RUNTIME_PRESENTED_ISOLATED_EVENT_TEST,NOT_ALL_NODES_REPLAYED_AT_THIS_HEAD,PENDING,NOT_CLEARED
juno_spark_dual_release_2_006,juno-spark:dual_release_2,Juno,post,essence_earned,"I am asking, not guessing. This is new.",INTEGRATED_EVENT_BINDING,GENERATED_LOCAL_DEVELOPMENT_ONLY,False,2.549,RUNTIME_PRESENTED_ISOLATED_EVENT_TEST,NOT_ALL_NODES_REPLAYED_AT_THIS_HEAD,PENDING,NOT_CLEARED
juno_spark_prismatic_gray_001,juno-spark:prismatic_gray,Yin,pre,encounter_intro,Every borrowed memory is another weight.,INTEGRATED_EVENT_BINDING,GENERATED_LOCAL_DEVELOPMENT_ONLY,False,3.991,RUNTIME_PRESENTED_ISOLATED_EVENT_TEST,NOT_ALL_NODES_REPLAYED_AT_THIS_HEAD,PENDING,NOT_CLEARED
juno_spark_prismatic_gray_002,juno-spark:prismatic_gray,Yang,pre,encounter_intro,"If you combine them perfectly, there will be no conflict left.",INTEGRATED_EVENT_BINDING,GENERATED_LOCAL_DEVELOPMENT_ONLY,False,5.105,RUNTIME_PRESENTED_ISOLATED_EVENT_TEST,NOT_ALL_NODES_REPLAYED_AT_THIS_HEAD,PENDING,NOT_CLEARED
juno_spark_prismatic_gray_003,juno-spark:prismatic_gray,Juno,pre,encounter_intro,There are a thousand ways to be fast.,INTEGRATED_EVENT_BINDING,GENERATED_LOCAL_DEVELOPMENT_ONLY,False,2.018,RUNTIME_PRESENTED_ISOLATED_EVENT_TEST,NOT_ALL_NODES_REPLAYED_AT_THIS_HEAD,PENDING,NOT_CLEARED
juno_spark_prismatic_gray_004,juno-spark:prismatic_gray,Juno,mid,gray_signals_collected,Six people. Six choices I could not make for them.,INTEGRATED_EVENT_BINDING,GENERATED_LOCAL_DEVELOPMENT_ONLY,False,3.433,RUNTIME_PRESENTED_ISOLATED_EVENT_TEST,NOT_ALL_NODES_REPLAYED_AT_THIS_HEAD,PENDING,NOT_CLEARED
juno_spark_prismatic_gray_005,juno-spark:prismatic_gray,Juno,mid,transformation_started,There is only one reason I chose this path.,INTEGRATED_EVENT_BINDING,GENERATED_LOCAL_DEVELOPMENT_ONLY,False,2.43,RUNTIME_PRESENTED_ISOLATED_EVENT_TEST,NOT_ALL_NODES_REPLAYED_AT_THIS_HEAD,PENDING,NOT_CLEARED
juno_spark_prismatic_gray_006,juno-spark:prismatic_gray,Kaia,post,gray_manifested,You are still yourself. That is the point.,INTEGRATED_EVENT_BINDING,GENERATED_LOCAL_DEVELOPMENT_ONLY,False,3.717,RUNTIME_PRESENTED_ISOLATED_EVENT_TEST,NOT_ALL_NODES_REPLAYED_AT_THIS_HEAD,PENDING,NOT_CLEARED
juno_spark_prismatic_gray_007,juno-spark:prismatic_gray,Juno,post,gray_manifested,And this choice is mine.,INTEGRATED_EVENT_BINDING,GENERATED_LOCAL_DEVELOPMENT_ONLY,False,1.566,RUNTIME_PRESENTED_ISOLATED_EVENT_TEST,NOT_ALL_NODES_REPLAYED_AT_THIS_HEAD,PENDING,NOT_CLEARED
juno_spark_impossible_battle_2_001,juno-spark:impossible_battle_2,Yin,pre,encounter_intro,A pause matters because I get to choose it.,INTEGRATED_EVENT_BINDING,GENERATED_LOCAL_DEVELOPMENT_ONLY,False,6.843,RUNTIME_PRESENTED_ISOLATED_EVENT_TEST,NOT_ALL_NODES_REPLAYED_AT_THIS_HEAD,PENDING,NOT_CLEARED
juno_spark_impossible_battle_2_002,juno-spark:impossible_battle_2,Yang,pre,encounter_intro,A route matters because I can change my mind.,INTEGRATED_EVENT_BINDING,GENERATED_LOCAL_DEVELOPMENT_ONLY,False,3.995,RUNTIME_PRESENTED_ISOLATED_EVENT_TEST,NOT_ALL_NODES_REPLAYED_AT_THIS_HEAD,PENDING,NOT_CLEARED
juno_spark_impossible_battle_2_003,juno-spark:impossible_battle_2,Juno,pre,encounter_intro,"Yin, stopping is a choice. Do not make it for us.",INTEGRATED_EVENT_BINDING,GENERATED_LOCAL_DEVELOPMENT_ONLY,False,3.23,RUNTIME_PRESENTED_ISOLATED_EVENT_TEST,NOT_ALL_NODES_REPLAYED_AT_THIS_HEAD,PENDING,NOT_CLEARED
juno_spark_impossible_battle_2_004,juno-spark:impossible_battle_2,Juno,mid,gray_combat_action,"Yang, a map is not a destination.",INTEGRATED_EVENT_BINDING,GENERATED_LOCAL_DEVELOPMENT_ONLY,False,2.277,RUNTIME_PRESENTED_ISOLATED_EVENT_TEST,NOT_ALL_NODES_REPLAYED_AT_THIS_HEAD,PENDING,NOT_CLEARED
juno_spark_impossible_battle_2_005,juno-spark:impossible_battle_2,Yin,mid,gray_combat_action,Then you accept that someone may be hurt again.,INTEGRATED_EVENT_BINDING,GENERATED_LOCAL_DEVELOPMENT_ONLY,False,5.68,RUNTIME_PRESENTED_ISOLATED_EVENT_TEST,NOT_ALL_NODES_REPLAYED_AT_THIS_HEAD,PENDING,NOT_CLEARED
juno_spark_impossible_battle_2_006,juno-spark:impossible_battle_2,Juno,mid,gray_combat_action,I accept that they remain someone who can choose.,INTEGRATED_EVENT_BINDING,GENERATED_LOCAL_DEVELOPMENT_ONLY,False,2.775,RUNTIME_PRESENTED_ISOLATED_EVENT_TEST,NOT_ALL_NODES_REPLAYED_AT_THIS_HEAD,PENDING,NOT_CLEARED
juno_spark_impossible_battle_2_007,juno-spark:impossible_battle_2,Yang,mid,gray_combat_action,You offer an unfinished design.,INTEGRATED_EVENT_BINDING,GENERATED_LOCAL_DEVELOPMENT_ONLY,False,2.537,RUNTIME_PRESENTED_ISOLATED_EVENT_TEST,NOT_ALL_NODES_REPLAYED_AT_THIS_HEAD,PENDING,NOT_CLEARED
juno_spark_impossible_battle_2_008,juno-spark:impossible_battle_2,Juno,post,encounter_success,"Yang, a map is not a destination.",INTEGRATED_EVENT_BINDING,GENERATED_LOCAL_DEVELOPMENT_ONLY,False,2.277,RUNTIME_PRESENTED_ISOLATED_EVENT_TEST,NOT_ALL_NODES_REPLAYED_AT_THIS_HEAD,PENDING,NOT_CLEARED
juno_spark_impossible_battle_2_009,juno-spark:impossible_battle_2,Yin,post,encounter_success,A boundary with an opening. Unfamiliar.,INTEGRATED_EVENT_BINDING,GENERATED_LOCAL_DEVELOPMENT_ONLY,False,4.913,RUNTIME_PRESENTED_ISOLATED_EVENT_TEST,NOT_ALL_NODES_REPLAYED_AT_THIS_HEAD,PENDING,NOT_CLEARED
juno_spark_impossible_battle_2_010,juno-spark:impossible_battle_2,Yang,post,encounter_success,A pattern that may change itself. Unaccounted for.,INTEGRATED_EVENT_BINDING,GENERATED_LOCAL_DEVELOPMENT_ONLY,False,4.54,RUNTIME_PRESENTED_ISOLATED_EVENT_TEST,NOT_ALL_NODES_REPLAYED_AT_THIS_HEAD,PENDING,NOT_CLEARED
juno_spark_epilogue_001,juno-spark:epilogue,Juno,pre,scene_start,That was the longest second of my life.,INTEGRATED_EVENT_BINDING,GENERATED_LOCAL_DEVELOPMENT_ONLY,False,2.239,RUNTIME_PRESENTED_ISOLATED_EVENT_TEST,NOT_ALL_NODES_REPLAYED_AT_THIS_HEAD,PENDING,NOT_CLEARED
juno_spark_epilogue_002,juno-spark:epilogue,Juno,pre,scene_start,Do we have to call this a victory? I would prefer food.,INTEGRATED_EVENT_BINDING,GENERATED_LOCAL_DEVELOPMENT_ONLY,False,3.243,RUNTIME_PRESENTED_ISOLATED_EVENT_TEST,NOT_ALL_NODES_REPLAYED_AT_THIS_HEAD,PENDING,NOT_CLEARED
juno_spark_epilogue_003,juno-spark:epilogue,Nix,pre,scene_start,Food can be scheduled. Argument cannot.,INTEGRATED_EVENT_BINDING,GENERATED_LOCAL_DEVELOPMENT_ONLY,False,3.602,RUNTIME_PRESENTED_ISOLATED_EVENT_TEST,NOT_ALL_NODES_REPLAYED_AT_THIS_HEAD,PENDING,NOT_CLEARED
juno_spark_epilogue_004,juno-spark:epilogue,Vesper,pre,scene_start,Who says the argument has to end?,INTEGRATED_EVENT_BINDING,GENERATED_LOCAL_DEVELOPMENT_ONLY,False,2.671,RUNTIME_PRESENTED_ISOLATED_EVENT_TEST,NOT_ALL_NODES_REPLAYED_AT_THIS_HEAD,PENDING,NOT_CLEARED
juno_spark_epilogue_005,juno-spark:epilogue,Rook,mid,scene_turn,It does not. Just make a space for it.,INTEGRATED_EVENT_BINDING,GENERATED_LOCAL_DEVELOPMENT_ONLY,False,4.248,RUNTIME_PRESENTED_ISOLATED_EVENT_TEST,NOT_ALL_NODES_REPLAYED_AT_THIS_HEAD,PENDING,NOT_CLEARED
juno_spark_epilogue_006,juno-spark:epilogue,Juno,post,scene_resolution,I would take it again.,INTEGRATED_EVENT_BINDING,GENERATED_LOCAL_DEVELOPMENT_ONLY,False,1.368,RUNTIME_PRESENTED_ISOLATED_EVENT_TEST,NOT_ALL_NODES_REPLAYED_AT_THIS_HEAD,PENDING,NOT_CLEARED
juno_spark_epilogue_007,juno-spark:epilogue,Kaia,post,scene_resolution,That will do. Until tomorrow.,INTEGRATED_EVENT_BINDING,GENERATED_LOCAL_DEVELOPMENT_ONLY,False,2.829,RUNTIME_PRESENTED_ISOLATED_EVENT_TEST,NOT_ALL_NODES_REPLAYED_AT_THIS_HEAD,PENDING,NOT_CLEARED
juno_spark_unlock_001,juno-spark:unlock,Juno,pre,scene_start,"I will remember the choices, not just the outcome.",INTEGRATED_EVENT_BINDING,GENERATED_LOCAL_DEVELOPMENT_ONLY,False,2.81,RUNTIME_PRESENTED_ISOLATED_EVENT_TEST,NOT_ALL_NODES_REPLAYED_AT_THIS_HEAD,PENDING,NOT_CLEARED
juno_spark_unlock_002,juno-spark:unlock,Kaia,mid,scene_turn,Another color has found its own way to Gray.,INTEGRATED_EVENT_BINDING,GENERATED_LOCAL_DEVELOPMENT_ONLY,False,3.839,RUNTIME_PRESENTED_ISOLATED_EVENT_TEST,NOT_ALL_NODES_REPLAYED_AT_THIS_HEAD,PENDING,NOT_CLEARED
juno_spark_unlock_003,juno-spark:unlock,Juno,post,scene_resolution,Let the next story be told in its own voice.,INTEGRATED_EVENT_BINDING,GENERATED_LOCAL_DEVELOPMENT_ONLY,False,2.818,RUNTIME_PRESENTED_ISOLATED_EVENT_TEST,NOT_ALL_NODES_REPLAYED_AT_THIS_HEAD,PENDING,NOT_CLEARED
juno_spark_unlock_004,juno-spark:unlock,Juno,post,scene_resolution,The result is reproducible. The journey was not inevitable.,INTEGRATED_EVENT_BINDING,GENERATED_LOCAL_DEVELOPMENT_ONLY,False,3.26,RUNTIME_PRESENTED_ISOLATED_EVENT_TEST,NOT_ALL_NODES_REPLAYED_AT_THIS_HEAD,PENDING,NOT_CLEARED
nix_calder_prologue_001,nix-calder:prologue,Nix,pre,encounter_intro,The lattice is within tolerance.,INTEGRATED_EVENT_BINDING,GENERATED_LOCAL_DEVELOPMENT_ONLY,False,2.527,RUNTIME_PRESENTED_ISOLATED_EVENT_TEST,NOT_ALL_NODES_REPLAYED_AT_THIS_HEAD,PENDING,NOT_CLEARED
nix_calder_prologue_002,nix-calder:prologue,Nix,pre,encounter_intro,Every exit has a reason.,INTEGRATED_EVENT_BINDING,GENERATED_LOCAL_DEVELOPMENT_ONLY,False,2.337,RUNTIME_PRESENTED_ISOLATED_EVENT_TEST,NOT_ALL_NODES_REPLAYED_AT_THIS_HEAD,PENDING,NOT_CLEARED
nix_calder_prologue_003,nix-calder:prologue,Yin,pre,encounter_intro,A silence lies beneath every unfinished argument.,INTEGRATED_EVENT_BINDING,GENERATED_LOCAL_DEVELOPMENT_ONLY,False,6.881,RUNTIME_PRESENTED_ISOLATED_EVENT_TEST,NOT_ALL_NODES_REPLAYED_AT_THIS_HEAD,PENDING,NOT_CLEARED
nix_calder_prologue_004,nix-calder:prologue,Yang,pre,encounter_intro,Every incomplete path can be corrected.,INTEGRATED_EVENT_BINDING,GENERATED_LOCAL_DEVELOPMENT_ONLY,False,3.192,RUNTIME_PRESENTED_ISOLATED_EVENT_TEST,NOT_ALL_NODES_REPLAYED_AT_THIS_HEAD,PENDING,NOT_CLEARED
nix_calder_prologue_005,nix-calder:prologue,Nix,mid,combat_contact,"If I can close every gap, nobody can be harmed.",INTEGRATED_EVENT_BINDING,GENERATED_LOCAL_DEVELOPMENT_ONLY,False,4.311,RUNTIME_PRESENTED_ISOLATED_EVENT_TEST,NOT_ALL_NODES_REPLAYED_AT_THIS_HEAD,PENDING,NOT_CLEARED
nix_calder_prologue_006,nix-calder:prologue,Nix,post,encounter_success,A secure structure lets people survive the storm.,INTEGRATED_EVENT_BINDING,GENERATED_LOCAL_DEVELOPMENT_ONLY,False,4.132,RUNTIME_PRESENTED_ISOLATED_EVENT_TEST,NOT_ALL_NODES_REPLAYED_AT_THIS_HEAD,PENDING,NOT_CLEARED
nix_calder_recruit_kaia_windrow_001,nix-calder:recruit:kaia-windrow,Kaia,pre,encounter_intro,"Before we argue, tell me what you are afraid of losing.",INTEGRATED_EVENT_BINDING,GENERATED_LOCAL_DEVELOPMENT_ONLY,False,4.546,RUNTIME_PRESENTED_ISOLATED_EVENT_TEST,NOT_ALL_NODES_REPLAYED_AT_THIS_HEAD,PENDING,NOT_CLEARED
nix_calder_recruit_kaia_windrow_002,nix-calder:recruit:kaia-windrow,Nix,pre,encounter_intro,Listening might cost more time than we have. Is it worth it?,INTEGRATED_EVENT_BINDING,GENERATED_LOCAL_DEVELOPMENT_ONLY,False,5.107,RUNTIME_PRESENTED_ISOLATED_EVENT_TEST,NOT_ALL_NODES_REPLAYED_AT_THIS_HEAD,PENDING,NOT_CLEARED
nix_calder_recruit_kaia_windrow_003,nix-calder:recruit:kaia-windrow,Kaia,mid,combat_contact,What if the instructions fail the people they protect?,INTEGRATED_EVENT_BINDING,GENERATED_LOCAL_DEVELOPMENT_ONLY,False,4.151,RUNTIME_PRESENTED_ISOLATED_EVENT_TEST,NOT_ALL_NODES_REPLAYED_AT_THIS_HEAD,PENDING,NOT_CLEARED
nix_calder_recruit_kaia_windrow_004,nix-calder:recruit:kaia-windrow,Nix,mid,combat_contact,That is a valid objection. Let me revise.,INTEGRATED_EVENT_BINDING,GENERATED_LOCAL_DEVELOPMENT_ONLY,False,4.039,RUNTIME_PRESENTED_ISOLATED_EVENT_TEST,NOT_ALL_NODES_REPLAYED_AT_THIS_HEAD,PENDING,NOT_CLEARED
nix_calder_recruit_kaia_windrow_005,nix-calder:recruit:kaia-windrow,Kaia,post,encounter_success,We can start by disagreeing honestly.,INTEGRATED_EVENT_BINDING,GENERATED_LOCAL_DEVELOPMENT_ONLY,False,2.967,RUNTIME_PRESENTED_ISOLATED_EVENT_TEST,NOT_ALL_NODES_REPLAYED_AT_THIS_HEAD,PENDING,NOT_CLEARED
nix_calder_recruit_kaia_windrow_006,nix-calder:recruit:kaia-windrow,Nix,post,encounter_success,I will give you a plan and an exit.,INTEGRATED_EVENT_BINDING,GENERATED_LOCAL_DEVELOPMENT_ONLY,False,3.109,RUNTIME_PRESENTED_ISOLATED_EVENT_TEST,NOT_ALL_NODES_REPLAYED_AT_THIS_HEAD,PENDING,NOT_CLEARED
nix_calder_recruit_orion_vell_001,nix-calder:recruit:orion-vell,Orion,pre,encounter_intro,The vectors overlap. This meeting was statistically probable.,INTEGRATED_EVENT_BINDING,GENERATED_LOCAL_DEVELOPMENT_ONLY,False,5.575,RUNTIME_PRESENTED_ISOLATED_EVENT_TEST,NOT_ALL_NODES_REPLAYED_AT_THIS_HEAD,PENDING,NOT_CLEARED
nix_calder_recruit_orion_vell_002,nix-calder:recruit:orion-vell,Nix,pre,encounter_intro,Have you factored in a choice you do not expect?,INTEGRATED_EVENT_BINDING,GENERATED_LOCAL_DEVELOPMENT_ONLY,False,3.644,RUNTIME_PRESENTED_ISOLATED_EVENT_TEST,NOT_ALL_NODES_REPLAYED_AT_THIS_HEAD,PENDING,NOT_CLEARED
nix_calder_recruit_orion_vell_003,nix-calder:recruit:orion-vell,Orion,mid,combat_contact,What if the instructions fail the people they protect?,INTEGRATED_EVENT_BINDING,GENERATED_LOCAL_DEVELOPMENT_ONLY,False,4.629,RUNTIME_PRESENTED_ISOLATED_EVENT_TEST,NOT_ALL_NODES_REPLAYED_AT_THIS_HEAD,PENDING,NOT_CLEARED
nix_calder_recruit_orion_vell_004,nix-calder:recruit:orion-vell,Nix,mid,combat_contact,That is a valid objection. Let me revise.,INTEGRATED_EVENT_BINDING,GENERATED_LOCAL_DEVELOPMENT_ONLY,False,4.039,RUNTIME_PRESENTED_ISOLATED_EVENT_TEST,NOT_ALL_NODES_REPLAYED_AT_THIS_HEAD,PENDING,NOT_CLEARED
nix_calder_recruit_orion_vell_005,nix-calder:recruit:orion-vell,Orion,post,encounter_success,That variable has my attention now.,INTEGRATED_EVENT_BINDING,GENERATED_LOCAL_DEVELOPMENT_ONLY,False,3.434,RUNTIME_PRESENTED_ISOLATED_EVENT_TEST,NOT_ALL_NODES_REPLAYED_AT_THIS_HEAD,PENDING,NOT_CLEARED
nix_calder_recruit_orion_vell_006,nix-calder:recruit:orion-vell,Nix,post,encounter_success,Not because I expect betrayal. Because freedom requires one.,INTEGRATED_EVENT_BINDING,GENERATED_LOCAL_DEVELOPMENT_ONLY,False,5.277,RUNTIME_PRESENTED_ISOLATED_EVENT_TEST,NOT_ALL_NODES_REPLAYED_AT_THIS_HEAD,PENDING,NOT_CLEARED
nix_calder_recruit_juno_spark_001,nix-calder:recruit:juno-spark,Juno,pre,encounter_intro,I spotted three routes. Want the good one or the fast one?,INTEGRATED_EVENT_BINDING,GENERATED_LOCAL_DEVELOPMENT_ONLY,False,3.556,RUNTIME_PRESENTED_ISOLATED_EVENT_TEST,NOT_ALL_NODES_REPLAYED_AT_THIS_HEAD,PENDING,NOT_CLEARED
nix_calder_recruit_juno_spark_002,nix-calder:recruit:juno-spark,Nix,pre,encounter_intro,And if the fast route leaves somebody else stranded?,INTEGRATED_EVENT_BINDING,GENERATED_LOCAL_DEVELOPMENT_ONLY,False,4.081,RUNTIME_PRESENTED_ISOLATED_EVENT_TEST,NOT_ALL_NODES_REPLAYED_AT_THIS_HEAD,PENDING,NOT_CLEARED
nix_calder_recruit_juno_spark_003,nix-calder:recruit:juno-spark,Juno,mid,combat_contact,What if the instructions fail the people they protect?,INTEGRATED_EVENT_BINDING,GENERATED_LOCAL_DEVELOPMENT_ONLY,False,2.896,RUNTIME_PRESENTED_ISOLATED_EVENT_TEST,NOT_ALL_NODES_REPLAYED_AT_THIS_HEAD,PENDING,NOT_CLEARED
nix_calder_recruit_juno_spark_004,nix-calder:recruit:juno-spark,Nix,mid,combat_contact,That is a valid objection. Let me revise.,INTEGRATED_EVENT_BINDING,GENERATED_LOCAL_DEVELOPMENT_ONLY,False,4.039,RUNTIME_PRESENTED_ISOLATED_EVENT_TEST,NOT_ALL_NODES_REPLAYED_AT_THIS_HEAD,PENDING,NOT_CLEARED
nix_calder_recruit_juno_spark_005,nix-calder:recruit:juno-spark,Juno,post,encounter_success,Okay. The good route first. I can still make it fast.,INTEGRATED_EVENT_BINDING,GENERATED_LOCAL_DEVELOPMENT_ONLY,False,3.527,RUNTIME_PRESENTED_ISOLATED_EVENT_TEST,NOT_ALL_NODES_REPLAYED_AT_THIS_HEAD,PENDING,NOT_CLEARED
nix_calder_recruit_juno_spark_006,nix-calder:recruit:juno-spark,Nix,post,encounter_success,You can revise the plan. I will mark the change.,INTEGRATED_EVENT_BINDING,GENERATED_LOCAL_DEVELOPMENT_ONLY,False,4.401,RUNTIME_PRESENTED_ISOLATED_EVENT_TEST,NOT_ALL_NODES_REPLAYED_AT_THIS_HEAD,PENDING,NOT_CLEARED
nix_calder_recruit_vesper_nyx_001,nix-calder:recruit:vesper-nyx,Vesper,pre,encounter_intro,How charming. Someone followed the wrong shadow to the right place.,INTEGRATED_EVENT_BINDING,GENERATED_LOCAL_DEVELOPMENT_ONLY,False,4.783,RUNTIME_PRESENTED_ISOLATED_EVENT_TEST,NOT_ALL_NODES_REPLAYED_AT_THIS_HEAD,PENDING,NOT_CLEARED
nix_calder_recruit_vesper_nyx_002,nix-calder:recruit:vesper-nyx,Nix,pre,encounter_intro,Would you still be here if everyone could see you clearly?,INTEGRATED_EVENT_BINDING,GENERATED_LOCAL_DEVELOPMENT_ONLY,False,4.455,RUNTIME_PRESENTED_ISOLATED_EVENT_TEST,NOT_ALL_NODES_REPLAYED_AT_THIS_HEAD,PENDING,NOT_CLEARED
nix_calder_recruit_vesper_nyx_003,nix-calder:recruit:vesper-nyx,Vesper,mid,combat_contact,What if the instructions fail the people they protect?,INTEGRATED_EVENT_BINDING,GENERATED_LOCAL_DEVELOPMENT_ONLY,False,3.802,RUNTIME_PRESENTED_ISOLATED_EVENT_TEST,NOT_ALL_NODES_REPLAYED_AT_THIS_HEAD,PENDING,NOT_CLEARED
nix_calder_recruit_vesper_nyx_004,nix-calder:recruit:vesper-nyx,Nix,mid,combat_contact,That is a valid objection. Let me revise.,INTEGRATED_EVENT_BINDING,GENERATED_LOCAL_DEVELOPMENT_ONLY,False,4.039,RUNTIME_PRESENTED_ISOLATED_EVENT_TEST,NOT_ALL_NODES_REPLAYED_AT_THIS_HEAD,PENDING,NOT_CLEARED
nix_calder_recruit_vesper_nyx_005,nix-calder:recruit:vesper-nyx,Vesper,post,encounter_success,Look at that. An answer with no trapdoor.,INTEGRATED_EVENT_BINDING,GENERATED_LOCAL_DEVELOPMENT_ONLY,False,3.42,RUNTIME_PRESENTED_ISOLATED_EVENT_TEST,NOT_ALL_NODES_REPLAYED_AT_THIS_HEAD,PENDING,NOT_CLEARED
nix_calder_recruit_vesper_nyx_006,nix-calder:recruit:vesper-nyx,Nix,post,encounter_success,I will give you a plan and an exit.,INTEGRATED_EVENT_BINDING,GENERATED_LOCAL_DEVELOPMENT_ONLY,False,3.109,RUNTIME_PRESENTED_ISOLATED_EVENT_TEST,NOT_ALL_NODES_REPLAYED_AT_THIS_HEAD,PENDING,NOT_CLEARED
nix_calder_recruit_rook_ironside_001,nix-calder:recruit:rook-ironside,Rook,pre,encounter_intro,I will stand between danger and the people behind me.,INTEGRATED_EVENT_BINDING,GENERATED_LOCAL_DEVELOPMENT_ONLY,False,5.1,RUNTIME_PRESENTED_ISOLATED_EVENT_TEST,NOT_ALL_NODES_REPLAYED_AT_THIS_HEAD,PENDING,NOT_CLEARED
nix_calder_recruit_rook_ironside_002,nix-calder:recruit:rook-ironside,Nix,pre,encounter_intro,What if I do not want to stand behind you?,INTEGRATED_EVENT_BINDING,GENERATED_LOCAL_DEVELOPMENT_ONLY,False,3.537,RUNTIME_PRESENTED_ISOLATED_EVENT_TEST,NOT_ALL_NODES_REPLAYED_AT_THIS_HEAD,PENDING,NOT_CLEARED
nix_calder_recruit_rook_ironside_003,nix-calder:recruit:rook-ironside,Rook,mid,combat_contact,What if the instructions fail the people they protect?,INTEGRATED_EVENT_BINDING,GENERATED_LOCAL_DEVELOPMENT_ONLY,False,4.872,RUNTIME_PRESENTED_ISOLATED_EVENT_TEST,NOT_ALL_NODES_REPLAYED_AT_THIS_HEAD,PENDING,NOT_CLEARED
nix_calder_recruit_rook_ironside_004,nix-calder:recruit:rook-ironside,Nix,mid,combat_contact,That is a valid objection. Let me revise.,INTEGRATED_EVENT_BINDING,GENERATED_LOCAL_DEVELOPMENT_ONLY,False,4.039,RUNTIME_PRESENTED_ISOLATED_EVENT_TEST,NOT_ALL_NODES_REPLAYED_AT_THIS_HEAD,PENDING,NOT_CLEARED
nix_calder_recruit_rook_ironside_005,nix-calder:recruit:rook-ironside,Rook,post,encounter_success,Then take the open side. I will keep it open.,INTEGRATED_EVENT_BINDING,GENERATED_LOCAL_DEVELOPMENT_ONLY,False,5.181,RUNTIME_PRESENTED_ISOLATED_EVENT_TEST,NOT_ALL_NODES_REPLAYED_AT_THIS_HEAD,PENDING,NOT_CLEARED
nix_calder_recruit_rook_ironside_006,nix-calder:recruit:rook-ironside,Nix,post,encounter_success,Not because I expect betrayal. Because freedom requires one.,INTEGRATED_EVENT_BINDING,GENERATED_LOCAL_DEVELOPMENT_ONLY,False,5.277,RUNTIME_PRESENTED_ISOLATED_EVENT_TEST,NOT_ALL_NODES_REPLAYED_AT_THIS_HEAD,PENDING,NOT_CLEARED
nix_calder_recruit_ember_vale_001,nix-calder:recruit:ember-vale,Ember,pre,encounter_intro,I would rather lose a fight than a chance to act.,INTEGRATED_EVENT_BINDING,GENERATED_LOCAL_DEVELOPMENT_ONLY,False,2.889,RUNTIME_PRESENTED_ISOLATED_EVENT_TEST,NOT_ALL_NODES_REPLAYED_AT_THIS_HEAD,PENDING,NOT_CLEARED
nix_calder_recruit_ember_vale_002,nix-calder:recruit:ember-vale,Nix,pre,encounter_intro,And what happens when you push straight through someone else?,INTEGRATED_EVENT_BINDING,GENERATED_LOCAL_DEVELOPMENT_ONLY,False,4.221,RUNTIME_PRESENTED_ISOLATED_EVENT_TEST,NOT_ALL_NODES_REPLAYED_AT_THIS_HEAD,PENDING,NOT_CLEARED
nix_calder_recruit_ember_vale_003,nix-calder:recruit:ember-vale,Ember,mid,combat_contact,What if the instructions fail the people they protect?,INTEGRATED_EVENT_BINDING,GENERATED_LOCAL_DEVELOPMENT_ONLY,False,3.237,RUNTIME_PRESENTED_ISOLATED_EVENT_TEST,NOT_ALL_NODES_REPLAYED_AT_THIS_HEAD,PENDING,NOT_CLEARED
nix_calder_recruit_ember_vale_004,nix-calder:recruit:ember-vale,Nix,mid,combat_contact,That is a valid objection. Let me revise.,INTEGRATED_EVENT_BINDING,GENERATED_LOCAL_DEVELOPMENT_ONLY,False,4.039,RUNTIME_PRESENTED_ISOLATED_EVENT_TEST,NOT_ALL_NODES_REPLAYED_AT_THIS_HEAD,PENDING,NOT_CLEARED
nix_calder_recruit_ember_vale_005,nix-calder:recruit:ember-vale,Ember,post,encounter_success,Fine. I will follow as long as we keep moving.,INTEGRATED_EVENT_BINDING,GENERATED_LOCAL_DEVELOPMENT_ONLY,False,3.412,RUNTIME_PRESENTED_ISOLATED_EVENT_TEST,NOT_ALL_NODES_REPLAYED_AT_THIS_HEAD,PENDING,NOT_CLEARED
nix_calder_recruit_ember_vale_006,nix-calder:recruit:ember-vale,Nix,post,encounter_success,You can revise the plan. I will mark the change.,INTEGRATED_EVENT_BINDING,GENERATED_LOCAL_DEVELOPMENT_ONLY,False,4.401,RUNTIME_PRESENTED_ISOLATED_EVENT_TEST,NOT_ALL_NODES_REPLAYED_AT_THIS_HEAD,PENDING,NOT_CLEARED
nix_calder_accord_001,nix-calder:accord,Nix,pre,scene_start,Seven distinct failure modes.,INTEGRATED_EVENT_BINDING,GENERATED_LOCAL_DEVELOPMENT_ONLY,False,2.702,RUNTIME_PRESENTED_ISOLATED_EVENT_TEST,NOT_ALL_NODES_REPLAYED_AT_THIS_HEAD,PENDING,NOT_CLEARED
nix_calder_accord_002,nix-calder:accord,Ember,pre,scene_start,"Are we actually doing this, or arguing until dawn?",INTEGRATED_EVENT_BINDING,GENERATED_LOCAL_DEVELOPMENT_ONLY,False,3.324,RUNTIME_PRESENTED_ISOLATED_EVENT_TEST,NOT_ALL_NODES_REPLAYED_AT_THIS_HEAD,PENDING,NOT_CLEARED
nix_calder_accord_003,nix-calder:accord,Nix,pre,scene_start,Those are not mutually exclusive activities.,INTEGRATED_EVENT_BINDING,GENERATED_LOCAL_DEVELOPMENT_ONLY,False,3.642,RUNTIME_PRESENTED_ISOLATED_EVENT_TEST,NOT_ALL_NODES_REPLAYED_AT_THIS_HEAD,PENDING,NOT_CLEARED
nix_calder_accord_004,nix-calder:accord,Juno,pre,scene_start,"I vote for arguing while walking. Efficient, entertaining.",INTEGRATED_EVENT_BINDING,GENERATED_LOCAL_DEVELOPMENT_ONLY,False,3.609,RUNTIME_PRESENTED_ISOLATED_EVENT_TEST,NOT_ALL_NODES_REPLAYED_AT_THIS_HEAD,PENDING,NOT_CLEARED
nix_calder_accord_005,nix-calder:accord,Rook,pre,scene_start,Stay where I can see you. Not where I can command you.,INTEGRATED_EVENT_BINDING,GENERATED_LOCAL_DEVELOPMENT_ONLY,False,5.732,RUNTIME_PRESENTED_ISOLATED_EVENT_TEST,NOT_ALL_NODES_REPLAYED_AT_THIS_HEAD,PENDING,NOT_CLEARED
nix_calder_accord_006,nix-calder:accord,Vesper,pre,scene_start,That sounded almost like trust.,INTEGRATED_EVENT_BINDING,GENERATED_LOCAL_DEVELOPMENT_ONLY,False,2.53,RUNTIME_PRESENTED_ISOLATED_EVENT_TEST,NOT_ALL_NODES_REPLAYED_AT_THIS_HEAD,PENDING,NOT_CLEARED
nix_calder_accord_007,nix-calder:accord,Orion,pre,scene_start,It is an unfamiliar but testable arrangement.,INTEGRATED_EVENT_BINDING,GENERATED_LOCAL_DEVELOPMENT_ONLY,False,4.106,RUNTIME_PRESENTED_ISOLATED_EVENT_TEST,NOT_ALL_NODES_REPLAYED_AT_THIS_HEAD,PENDING,NOT_CLEARED
nix_calder_accord_008,nix-calder:accord,Kaia,post,scene_resolution,We have seven answers. We do not need one voice.,INTEGRATED_EVENT_BINDING,GENERATED_LOCAL_DEVELOPMENT_ONLY,False,4.427,RUNTIME_PRESENTED_ISOLATED_EVENT_TEST,NOT_ALL_NODES_REPLAYED_AT_THIS_HEAD,PENDING,NOT_CLEARED
nix_calder_accord_009,nix-calder:accord,Nix,post,scene_resolution,Perhaps a system should be judged by whether people can change it.,INTEGRATED_EVENT_BINDING,GENERATED_LOCAL_DEVELOPMENT_ONLY,False,5.09,RUNTIME_PRESENTED_ISOLATED_EVENT_TEST,NOT_ALL_NODES_REPLAYED_AT_THIS_HEAD,PENDING,NOT_CLEARED
nix_calder_catastrophe_001,nix-calder:catastrophe,Yin,pre,scene_start,No boundary can guarantee you will never lose anyone.,INTEGRATED_EVENT_BINDING,GENERATED_LOCAL_DEVELOPMENT_ONLY,False,7.668,RUNTIME_PRESENTED_ISOLATED_EVENT_TEST,NOT_ALL_NODES_REPLAYED_AT_THIS_HEAD,PENDING,NOT_CLEARED
nix_calder_catastrophe_002,nix-calder:catastrophe,Yang,pre,scene_start,Your skill could build a perfectly closed city.,INTEGRATED_EVENT_BINDING,GENERATED_LOCAL_DEVELOPMENT_ONLY,False,3.745,RUNTIME_PRESENTED_ISOLATED_EVENT_TEST,NOT_ALL_NODES_REPLAYED_AT_THIS_HEAD,PENDING,NOT_CLEARED
nix_calder_catastrophe_003,nix-calder:catastrophe,Ember,pre,scene_start,Nobody gave you the right to rearrange us.,INTEGRATED_EVENT_BINDING,GENERATED_LOCAL_DEVELOPMENT_ONLY,False,2.613,RUNTIME_PRESENTED_ISOLATED_EVENT_TEST,NOT_ALL_NODES_REPLAYED_AT_THIS_HEAD,PENDING,NOT_CLEARED
nix_calder_catastrophe_004,nix-calder:catastrophe,Nix,pre,scene_start,Your proposed structure contains no consent pathway.,INTEGRATED_EVENT_BINDING,GENERATED_LOCAL_DEVELOPMENT_ONLY,False,4.399,RUNTIME_PRESENTED_ISOLATED_EVENT_TEST,NOT_ALL_NODES_REPLAYED_AT_THIS_HEAD,PENDING,NOT_CLEARED
nix_calder_catastrophe_005,nix-calder:catastrophe,Yin,pre,scene_start,Consent requires a self willing to suffer. I offer release.,INTEGRATED_EVENT_BINDING,GENERATED_LOCAL_DEVELOPMENT_ONLY,False,7.22,RUNTIME_PRESENTED_ISOLATED_EVENT_TEST,NOT_ALL_NODES_REPLAYED_AT_THIS_HEAD,PENDING,NOT_CLEARED
nix_calder_catastrophe_006,nix-calder:catastrophe,Yang,pre,scene_start,Consent is unnecessary when no misunderstanding remains.,INTEGRATED_EVENT_BINDING,GENERATED_LOCAL_DEVELOPMENT_ONLY,False,4.519,RUNTIME_PRESENTED_ISOLATED_EVENT_TEST,NOT_ALL_NODES_REPLAYED_AT_THIS_HEAD,PENDING,NOT_CLEARED
nix_calder_catastrophe_007,nix-calder:catastrophe,Nix,mid,scene_turn,"If I can close every gap, nobody can be harmed.",INTEGRATED_EVENT_BINDING,GENERATED_LOCAL_DEVELOPMENT_ONLY,False,4.311,RUNTIME_PRESENTED_ISOLATED_EVENT_TEST,NOT_ALL_NODES_REPLAYED_AT_THIS_HEAD,PENDING,NOT_CLEARED
nix_calder_catastrophe_008,nix-calder:catastrophe,Kaia,mid,scene_turn,We are not yours to solve.,INTEGRATED_EVENT_BINDING,GENERATED_LOCAL_DEVELOPMENT_ONLY,False,2.5,RUNTIME_PRESENTED_ISOLATED_EVENT_TEST,NOT_ALL_NODES_REPLAYED_AT_THIS_HEAD,PENDING,NOT_CLEARED
nix_calder_catastrophe_009,nix-calder:catastrophe,Rook,post,scene_resolution,Then we hold together.,INTEGRATED_EVENT_BINDING,GENERATED_LOCAL_DEVELOPMENT_ONLY,False,2.55,RUNTIME_PRESENTED_ISOLATED_EVENT_TEST,NOT_ALL_NODES_REPLAYED_AT_THIS_HEAD,PENDING,NOT_CLEARED
nix_calder_catastrophe_010,nix-calder:catastrophe,Vesper,post,scene_resolution,"For once, I have nothing clever to add.",INTEGRATED_EVENT_BINDING,GENERATED_LOCAL_DEVELOPMENT_ONLY,False,3.182,RUNTIME_PRESENTED_ISOLATED_EVENT_TEST,NOT_ALL_NODES_REPLAYED_AT_THIS_HEAD,PENDING,NOT_CLEARED
nix_calder_impossible_battle_1_001,nix-calder:impossible_battle_1,Yang,pre,encounter_intro,You mistake the size of the disagreement for the depth of it.,INTEGRATED_EVENT_BINDING,GENERATED_LOCAL_DEVELOPMENT_ONLY,False,4.075,RUNTIME_PRESENTED_ISOLATED_EVENT_TEST,NOT_ALL_NODES_REPLAYED_AT_THIS_HEAD,PENDING,NOT_CLEARED
nix_calder_impossible_battle_1_002,nix-calder:impossible_battle_1,Nix,pre,encounter_intro,Then we are going to test your certainty.,INTEGRATED_EVENT_BINDING,GENERATED_LOCAL_DEVELOPMENT_ONLY,False,3.285,RUNTIME_PRESENTED_ISOLATED_EVENT_TEST,NOT_ALL_NODES_REPLAYED_AT_THIS_HEAD,PENDING,NOT_CLEARED
nix_calder_impossible_battle_1_003,nix-calder:impossible_battle_1,Yin,mid,cosmic_engaged,Every strike ends. Every heartbeat asks for rest.,INTEGRATED_EVENT_BINDING,GENERATED_LOCAL_DEVELOPMENT_ONLY,False,6.331,RUNTIME_PRESENTED_ISOLATED_EVENT_TEST,NOT_ALL_NODES_REPLAYED_AT_THIS_HEAD,PENDING,NOT_CLEARED
nix_calder_impossible_battle_1_004,nix-calder:impossible_battle_1,Orion,mid,cosmic_engaged,"Our attacks are changing nothing. The field responds to allegiance, not impact.",INTEGRATED_EVENT_BINDING,GENERATED_LOCAL_DEVELOPMENT_ONLY,False,7.173,RUNTIME_PRESENTED_ISOLATED_EVENT_TEST,NOT_ALL_NODES_REPLAYED_AT_THIS_HEAD,PENDING,NOT_CLEARED
nix_calder_impossible_battle_1_005,nix-calder:impossible_battle_1,Nix,post,encounter_success,The fight was never about who hit harder.,INTEGRATED_EVENT_BINDING,GENERATED_LOCAL_DEVELOPMENT_ONLY,False,3.608,RUNTIME_PRESENTED_ISOLATED_EVENT_TEST,NOT_ALL_NODES_REPLAYED_AT_THIS_HEAD,PENDING,NOT_CLEARED
nix_calder_impossible_battle_1_006,nix-calder:impossible_battle_1,Yang,post,encounter_success,"At last, you have begun to observe.",INTEGRATED_EVENT_BINDING,GENERATED_LOCAL_DEVELOPMENT_ONLY,False,3.266,RUNTIME_PRESENTED_ISOLATED_EVENT_TEST,NOT_ALL_NODES_REPLAYED_AT_THIS_HEAD,PENDING,NOT_CLEARED
nix_calder_first_loss_001,nix-calder:first_loss,Nix,pre,encounter_intro,The boundary is secure. No one can enter or leave without my permission.,INTEGRATED_EVENT_BINDING,GENERATED_LOCAL_DEVELOPMENT_ONLY,False,5.929,RUNTIME_PRESENTED_ISOLATED_EVENT_TEST,NOT_ALL_NODES_REPLAYED_AT_THIS_HEAD,PENDING,NOT_CLEARED
nix_calder_first_loss_002,nix-calder:first_loss,Vesper,pre,encounter_intro,You say that like a kindness.,INTEGRATED_EVENT_BINDING,GENERATED_LOCAL_DEVELOPMENT_ONLY,False,2.372,RUNTIME_PRESENTED_ISOLATED_EVENT_TEST,NOT_ALL_NODES_REPLAYED_AT_THIS_HEAD,PENDING,NOT_CLEARED
nix_calder_first_loss_003,nix-calder:first_loss,Nix,pre,encounter_intro,I am preventing harm.,INTEGRATED_EVENT_BINDING,GENERATED_LOCAL_DEVELOPMENT_ONLY,False,1.983,RUNTIME_PRESENTED_ISOLATED_EVENT_TEST,NOT_ALL_NODES_REPLAYED_AT_THIS_HEAD,PENDING,NOT_CLEARED
nix_calder_first_loss_004,nix-calder:first_loss,Vesper,pre,encounter_intro,You are also preventing me from telling you where I want to go.,INTEGRATED_EVENT_BINDING,GENERATED_LOCAL_DEVELOPMENT_ONLY,False,4.611,RUNTIME_PRESENTED_ISOLATED_EVENT_TEST,NOT_ALL_NODES_REPLAYED_AT_THIS_HEAD,PENDING,NOT_CLEARED
nix_calder_first_loss_005,nix-calder:first_loss,Nix,mid,decision_made,The locks are calculated to survive this impact.,INTEGRATED_EVENT_BINDING,GENERATED_LOCAL_DEVELOPMENT_ONLY,False,4.345,RUNTIME_PRESENTED_ISOLATED_EVENT_TEST,NOT_ALL_NODES_REPLAYED_AT_THIS_HEAD,PENDING,NOT_CLEARED
nix_calder_first_loss_006,nix-calder:first_loss,Vesper,mid,decision_made,They will. That is what scares me.,INTEGRATED_EVENT_BINDING,GENERATED_LOCAL_DEVELOPMENT_ONLY,False,3.09,RUNTIME_PRESENTED_ISOLATED_EVENT_TEST,NOT_ALL_NODES_REPLAYED_AT_THIS_HEAD,PENDING,NOT_CLEARED
nix_calder_first_loss_007,nix-calder:first_loss,Nix,mid,first_loss_signal,Open the east hatch. Override— denied?,INTEGRATED_EVENT_BINDING,GENERATED_LOCAL_DEVELOPMENT_ONLY,False,4.159,RUNTIME_PRESENTED_ISOLATED_EVENT_TEST,NOT_ALL_NODES_REPLAYED_AT_THIS_HEAD,PENDING,NOT_CLEARED
nix_calder_first_loss_008,nix-calder:first_loss,Vesper,mid,first_loss_signal,Too late for a new rule.,INTEGRATED_EVENT_BINDING,GENERATED_LOCAL_DEVELOPMENT_ONLY,False,2.192,RUNTIME_PRESENTED_ISOLATED_EVENT_TEST,NOT_ALL_NODES_REPLAYED_AT_THIS_HEAD,PENDING,NOT_CLEARED
nix_calder_first_loss_009,nix-calder:first_loss,Nix,post,first_loss_resolved,I measured the wall. I did not measure what you needed.,INTEGRATED_EVENT_BINDING,GENERATED_LOCAL_DEVELOPMENT_ONLY,False,4.586,RUNTIME_PRESENTED_ISOLATED_EVENT_TEST,NOT_ALL_NODES_REPLAYED_AT_THIS_HEAD,PENDING,NOT_CLEARED
nix_calder_first_loss_010,nix-calder:first_loss,Vesper,post,first_loss_resolved,You could have asked.,INTEGRATED_EVENT_BINDING,GENERATED_LOCAL_DEVELOPMENT_ONLY,False,1.614,RUNTIME_PRESENTED_ISOLATED_EVENT_TEST,NOT_ALL_NODES_REPLAYED_AT_THIS_HEAD,PENDING,NOT_CLEARED
nix_calder_first_loss_011,nix-calder:first_loss,Nix,post,first_loss_resolved,I am opening the boundary. From your side. Not mine.,INTEGRATED_EVENT_BINDING,GENERATED_LOCAL_DEVELOPMENT_ONLY,False,5.27,RUNTIME_PRESENTED_ISOLATED_EVENT_TEST,NOT_ALL_NODES_REPLAYED_AT_THIS_HEAD,PENDING,NOT_CLEARED
nix_calder_first_loss_012,nix-calder:first_loss,Vesper,post,first_loss_resolved,"Good. Keep it that way, even if you cannot see me afterward.",INTEGRATED_EVENT_BINDING,GENERATED_LOCAL_DEVELOPMENT_ONLY,False,5.266,RUNTIME_PRESENTED_ISOLATED_EVENT_TEST,NOT_ALL_NODES_REPLAYED_AT_THIS_HEAD,PENDING,NOT_CLEARED
nix_calder_first_loss_013,nix-calder:first_loss,Yin,post,first_loss_resolved,The burden has found an ending.,INTEGRATED_EVENT_BINDING,GENERATED_LOCAL_DEVELOPMENT_ONLY,False,5.001,RUNTIME_PRESENTED_ISOLATED_EVENT_TEST,NOT_ALL_NODES_REPLAYED_AT_THIS_HEAD,PENDING,NOT_CLEARED
nix_calder_first_loss_014,nix-calder:first_loss,Yang,post,first_loss_resolved,An incomplete loss can be integrated into a clearer whole.,INTEGRATED_EVENT_BINDING,GENERATED_LOCAL_DEVELOPMENT_ONLY,False,4.47,RUNTIME_PRESENTED_ISOLATED_EVENT_TEST,NOT_ALL_NODES_REPLAYED_AT_THIS_HEAD,PENDING,NOT_CLEARED
nix_calder_first_loss_015,nix-calder:first_loss,Nix,post,first_loss_resolved,A complete enclosure can be a complete failure.,INTEGRATED_EVENT_BINDING,GENERATED_LOCAL_DEVELOPMENT_ONLY,False,4.806,RUNTIME_PRESENTED_ISOLATED_EVENT_TEST,NOT_ALL_NODES_REPLAYED_AT_THIS_HEAD,PENDING,NOT_CLEARED
nix_calder_puppet_imbalance_001,nix-calder:puppet_imbalance,Yin,pre,encounter_intro,A simple world is a quiet world.,INTEGRATED_EVENT_BINDING,GENERATED_LOCAL_DEVELOPMENT_ONLY,False,4.219,RUNTIME_PRESENTED_ISOLATED_EVENT_TEST,NOT_ALL_NODES_REPLAYED_AT_THIS_HEAD,PENDING,NOT_CLEARED
nix_calder_puppet_imbalance_002,nix-calder:puppet_imbalance,Yang,pre,encounter_intro,An ordered world is a world without mistakes.,INTEGRATED_EVENT_BINDING,GENERATED_LOCAL_DEVELOPMENT_ONLY,False,3.502,RUNTIME_PRESENTED_ISOLATED_EVENT_TEST,NOT_ALL_NODES_REPLAYED_AT_THIS_HEAD,PENDING,NOT_CLEARED
nix_calder_puppet_imbalance_003,nix-calder:puppet_imbalance,Nix,pre,encounter_intro,A lopsided control structure is collapsing under its own coercion.,INTEGRATED_EVENT_BINDING,GENERATED_LOCAL_DEVELOPMENT_ONLY,False,5.457,RUNTIME_PRESENTED_ISOLATED_EVENT_TEST,NOT_ALL_NODES_REPLAYED_AT_THIS_HEAD,PENDING,NOT_CLEARED
nix_calder_puppet_imbalance_004,nix-calder:puppet_imbalance,Nix,mid,puppet_contact,One side holds three of my friends. I can change that without taking their place.,INTEGRATED_EVENT_BINDING,GENERATED_LOCAL_DEVELOPMENT_ONLY,False,6.812,RUNTIME_PRESENTED_ISOLATED_EVENT_TEST,NOT_ALL_NODES_REPLAYED_AT_THIS_HEAD,PENDING,NOT_CLEARED
nix_calder_puppet_imbalance_005,nix-calder:puppet_imbalance,Nix,post,encounter_success,"I am revising the objective: access, not possession.",INTEGRATED_EVENT_BINDING,GENERATED_LOCAL_DEVELOPMENT_ONLY,False,4.496,RUNTIME_PRESENTED_ISOLATED_EVENT_TEST,NOT_ALL_NODES_REPLAYED_AT_THIS_HEAD,PENDING,NOT_CLEARED
nix_calder_puppet_imbalance_006,nix-calder:puppet_imbalance,Nix,post,encounter_success,The repair is not another lock. It is an opening.,INTEGRATED_EVENT_BINDING,GENERATED_LOCAL_DEVELOPMENT_ONLY,False,4.238,RUNTIME_PRESENTED_ISOLATED_EVENT_TEST,NOT_ALL_NODES_REPLAYED_AT_THIS_HEAD,PENDING,NOT_CLEARED
nix_calder_first_release_001,nix-calder:first_release,Nix,pre,encounter_intro,Residual color confirmed. Agency not yet restored.,INTEGRATED_EVENT_BINDING,GENERATED_LOCAL_DEVELOPMENT_ONLY,False,4.563,RUNTIME_PRESENTED_ISOLATED_EVENT_TEST,NOT_ALL_NODES_REPLAYED_AT_THIS_HEAD,PENDING,NOT_CLEARED
nix_calder_first_release_002,nix-calder:first_release,Yin,pre,encounter_intro,The mask removes the need to decide. How merciful.,INTEGRATED_EVENT_BINDING,GENERATED_LOCAL_DEVELOPMENT_ONLY,False,6.472,RUNTIME_PRESENTED_ISOLATED_EVENT_TEST,NOT_ALL_NODES_REPLAYED_AT_THIS_HEAD,PENDING,NOT_CLEARED
nix_calder_first_release_003,nix-calder:first_release,Nix,mid,release_ready,The door opens from your side. Always.,INTEGRATED_EVENT_BINDING,GENERATED_LOCAL_DEVELOPMENT_ONLY,False,3.708,RUNTIME_PRESENTED_ISOLATED_EVENT_TEST,NOT_ALL_NODES_REPLAYED_AT_THIS_HEAD,PENDING,NOT_CLEARED
nix_calder_first_release_004,nix-calder:first_release,Yang,mid,puppet_released,Restored variation is an uncorrected flaw.,INTEGRATED_EVENT_BINDING,GENERATED_LOCAL_DEVELOPMENT_ONLY,False,3.493,RUNTIME_PRESENTED_ISOLATED_EVENT_TEST,NOT_ALL_NODES_REPLAYED_AT_THIS_HEAD,PENDING,NOT_CLEARED
nix_calder_first_release_005,nix-calder:first_release,Nix,post,essence_earned,Your first real movement is yours. Keep it.,INTEGRATED_EVENT_BINDING,GENERATED_LOCAL_DEVELOPMENT_ONLY,False,4.135,RUNTIME_PRESENTED_ISOLATED_EVENT_TEST,NOT_ALL_NODES_REPLAYED_AT_THIS_HEAD,PENDING,NOT_CLEARED
nix_calder_first_release_006,nix-calder:first_release,Nix,post,essence_earned,The exit is accessible from their side; that is the requirement.,INTEGRATED_EVENT_BINDING,GENERATED_LOCAL_DEVELOPMENT_ONLY,False,5.189,RUNTIME_PRESENTED_ISOLATED_EVENT_TEST,NOT_ALL_NODES_REPLAYED_AT_THIS_HEAD,PENDING,NOT_CLEARED
nix_calder_equilibrium_001,nix-calder:equilibrium,Nix,pre,encounter_intro,Two against two. Balanced forces do not equal consenting people.,INTEGRATED_EVENT_BINDING,GENERATED_LOCAL_DEVELOPMENT_ONLY,False,5.441,RUNTIME_PRESENTED_ISOLATED_EVENT_TEST,NOT_ALL_NODES_REPLAYED_AT_THIS_HEAD,PENDING,NOT_CLEARED
nix_calder_equilibrium_002,nix-calder:equilibrium,Orion,pre,encounter_intro,The competing claims are momentarily equal.,INTEGRATED_EVENT_BINDING,GENERATED_LOCAL_DEVELOPMENT_ONLY,False,3.888,RUNTIME_PRESENTED_ISOLATED_EVENT_TEST,NOT_ALL_NODES_REPLAYED_AT_THIS_HEAD,PENDING,NOT_CLEARED
nix_calder_equilibrium_003,nix-calder:equilibrium,Nix,mid,center_guard,Symmetry is useful. Consent is essential.,INTEGRATED_EVENT_BINDING,GENERATED_LOCAL_DEVELOPMENT_ONLY,False,3.756,RUNTIME_PRESENTED_ISOLATED_EVENT_TEST,NOT_ALL_NODES_REPLAYED_AT_THIS_HEAD,PENDING,NOT_CLEARED
nix_calder_equilibrium_004,nix-calder:equilibrium,Yin,mid,center_guard,A pause is not defeat. Sometimes it is care.,INTEGRATED_EVENT_BINDING,GENERATED_LOCAL_DEVELOPMENT_ONLY,False,5.924,RUNTIME_PRESENTED_ISOLATED_EVENT_TEST,NOT_ALL_NODES_REPLAYED_AT_THIS_HEAD,PENDING,NOT_CLEARED
nix_calder_equilibrium_005,nix-calder:equilibrium,Yang,post,encounter_success,Symmetry is only the beginning of completion.,INTEGRATED_EVENT_BINDING,GENERATED_LOCAL_DEVELOPMENT_ONLY,False,3.338,RUNTIME_PRESENTED_ISOLATED_EVENT_TEST,NOT_ALL_NODES_REPLAYED_AT_THIS_HEAD,PENDING,NOT_CLEARED
nix_calder_equilibrium_006,nix-calder:equilibrium,Nix,post,encounter_success,Maintain the opening. Keep the escape path reversible.,INTEGRATED_EVENT_BINDING,GENERATED_LOCAL_DEVELOPMENT_ONLY,False,4.765,RUNTIME_PRESENTED_ISOLATED_EVENT_TEST,NOT_ALL_NODES_REPLAYED_AT_THIS_HEAD,PENDING,NOT_CLEARED
nix_calder_dual_release_1_001,nix-calder:dual_release_1,Nix,pre,encounter_intro,Two controlled souls. Release them without converting their agency to mine.,INTEGRATED_EVENT_BINDING,GENERATED_LOCAL_DEVELOPMENT_ONLY,False,6.225,RUNTIME_PRESENTED_ISOLATED_EVENT_TEST,NOT_ALL_NODES_REPLAYED_AT_THIS_HEAD,PENDING,NOT_CLEARED
nix_calder_dual_release_1_002,nix-calder:dual_release_1,Yang,pre,encounter_intro,Partial definition is wasted effort.,INTEGRATED_EVENT_BINDING,GENERATED_LOCAL_DEVELOPMENT_ONLY,False,2.939,RUNTIME_PRESENTED_ISOLATED_EVENT_TEST,NOT_ALL_NODES_REPLAYED_AT_THIS_HEAD,PENDING,NOT_CLEARED
nix_calder_dual_release_1_003,nix-calder:dual_release_1,Nix,mid,release_ready,You are not pieces on my board.,INTEGRATED_EVENT_BINDING,GENERATED_LOCAL_DEVELOPMENT_ONLY,False,2.713,RUNTIME_PRESENTED_ISOLATED_EVENT_TEST,NOT_ALL_NODES_REPLAYED_AT_THIS_HEAD,PENDING,NOT_CLEARED
nix_calder_dual_release_1_004,nix-calder:dual_release_1,Yin,mid,puppet_released,Then allow them the peace of no decision.,INTEGRATED_EVENT_BINDING,GENERATED_LOCAL_DEVELOPMENT_ONLY,False,4.878,RUNTIME_PRESENTED_ISOLATED_EVENT_TEST,NOT_ALL_NODES_REPLAYED_AT_THIS_HEAD,PENDING,NOT_CLEARED
nix_calder_dual_release_1_005,nix-calder:dual_release_1,Nix,post,essence_earned,The model now includes an exit I cannot close.,INTEGRATED_EVENT_BINDING,GENERATED_LOCAL_DEVELOPMENT_ONLY,False,4.192,RUNTIME_PRESENTED_ISOLATED_EVENT_TEST,NOT_ALL_NODES_REPLAYED_AT_THIS_HEAD,PENDING,NOT_CLEARED
nix_calder_dual_release_2_001,nix-calder:dual_release_2,Nix,pre,encounter_intro,Vesper would hate my usual idea of a rescue.,INTEGRATED_EVENT_BINDING,GENERATED_LOCAL_DEVELOPMENT_ONLY,False,3.97,RUNTIME_PRESENTED_ISOLATED_EVENT_TEST,NOT_ALL_NODES_REPLAYED_AT_THIS_HEAD,PENDING,NOT_CLEARED
nix_calder_dual_release_2_002,nix-calder:dual_release_2,Yin,pre,encounter_intro,To release them is to return their pain.,INTEGRATED_EVENT_BINDING,GENERATED_LOCAL_DEVELOPMENT_ONLY,False,4.679,RUNTIME_PRESENTED_ISOLATED_EVENT_TEST,NOT_ALL_NODES_REPLAYED_AT_THIS_HEAD,PENDING,NOT_CLEARED
nix_calder_dual_release_2_003,nix-calder:dual_release_2,Nix,mid,release_ready,And their laughter. Their anger. Their choices.,INTEGRATED_EVENT_BINDING,GENERATED_LOCAL_DEVELOPMENT_ONLY,False,4.062,RUNTIME_PRESENTED_ISOLATED_EVENT_TEST,NOT_ALL_NODES_REPLAYED_AT_THIS_HEAD,PENDING,NOT_CLEARED
nix_calder_dual_release_2_004,nix-calder:dual_release_2,Yang,mid,puppet_released,You cannot guarantee they will agree afterward.,INTEGRATED_EVENT_BINDING,GENERATED_LOCAL_DEVELOPMENT_ONLY,False,3.22,RUNTIME_PRESENTED_ISOLATED_EVENT_TEST,NOT_ALL_NODES_REPLAYED_AT_THIS_HEAD,PENDING,NOT_CLEARED
nix_calder_dual_release_2_005,nix-calder:dual_release_2,Nix,post,essence_earned,I am counting on them not to.,INTEGRATED_EVENT_BINDING,GENERATED_LOCAL_DEVELOPMENT_ONLY,False,2.62,RUNTIME_PRESENTED_ISOLATED_EVENT_TEST,NOT_ALL_NODES_REPLAYED_AT_THIS_HEAD,PENDING,NOT_CLEARED
nix_calder_dual_release_2_006,nix-calder:dual_release_2,Nix,post,essence_earned,This time the design protects the right to leave.,INTEGRATED_EVENT_BINDING,GENERATED_LOCAL_DEVELOPMENT_ONLY,False,4.033,RUNTIME_PRESENTED_ISOLATED_EVENT_TEST,NOT_ALL_NODES_REPLAYED_AT_THIS_HEAD,PENDING,NOT_CLEARED
nix_calder_prismatic_gray_001,nix-calder:prismatic_gray,Yin,pre,encounter_intro,Every borrowed memory is another weight.,INTEGRATED_EVENT_BINDING,GENERATED_LOCAL_DEVELOPMENT_ONLY,False,3.991,RUNTIME_PRESENTED_ISOLATED_EVENT_TEST,NOT_ALL_NODES_REPLAYED_AT_THIS_HEAD,PENDING,NOT_CLEARED
nix_calder_prismatic_gray_002,nix-calder:prismatic_gray,Yang,pre,encounter_intro,"If you combine them perfectly, there will be no conflict left.",INTEGRATED_EVENT_BINDING,GENERATED_LOCAL_DEVELOPMENT_ONLY,False,5.105,RUNTIME_PRESENTED_ISOLATED_EVENT_TEST,NOT_ALL_NODES_REPLAYED_AT_THIS_HEAD,PENDING,NOT_CLEARED
nix_calder_prismatic_gray_003,nix-calder:prismatic_gray,Nix,pre,encounter_intro,I have not abandoned structure.,INTEGRATED_EVENT_BINDING,GENERATED_LOCAL_DEVELOPMENT_ONLY,False,2.433,RUNTIME_PRESENTED_ISOLATED_EVENT_TEST,NOT_ALL_NODES_REPLAYED_AT_THIS_HEAD,PENDING,NOT_CLEARED
nix_calder_prismatic_gray_004,nix-calder:prismatic_gray,Nix,mid,gray_signals_collected,Six people. Six choices I could not make for them.,INTEGRATED_EVENT_BINDING,GENERATED_LOCAL_DEVELOPMENT_ONLY,False,4.841,RUNTIME_PRESENTED_ISOLATED_EVENT_TEST,NOT_ALL_NODES_REPLAYED_AT_THIS_HEAD,PENDING,NOT_CLEARED
nix_calder_prismatic_gray_005,nix-calder:prismatic_gray,Nix,mid,transformation_started,I have redesigned it so no one needs my permission to live.,INTEGRATED_EVENT_BINDING,GENERATED_LOCAL_DEVELOPMENT_ONLY,False,4.771,RUNTIME_PRESENTED_ISOLATED_EVENT_TEST,NOT_ALL_NODES_REPLAYED_AT_THIS_HEAD,PENDING,NOT_CLEARED
nix_calder_prismatic_gray_006,nix-calder:prismatic_gray,Kaia,post,gray_manifested,You are still yourself. That is the point.,INTEGRATED_EVENT_BINDING,GENERATED_LOCAL_DEVELOPMENT_ONLY,False,3.717,RUNTIME_PRESENTED_ISOLATED_EVENT_TEST,NOT_ALL_NODES_REPLAYED_AT_THIS_HEAD,PENDING,NOT_CLEARED
nix_calder_prismatic_gray_007,nix-calder:prismatic_gray,Nix,post,gray_manifested,And this choice is mine.,INTEGRATED_EVENT_BINDING,GENERATED_LOCAL_DEVELOPMENT_ONLY,False,2.192,RUNTIME_PRESENTED_ISOLATED_EVENT_TEST,NOT_ALL_NODES_REPLAYED_AT_THIS_HEAD,PENDING,NOT_CLEARED
nix_calder_impossible_battle_2_001,nix-calder:impossible_battle_2,Yin,pre,encounter_intro,"Privacy is a boundary, not disappearance.",INTEGRATED_EVENT_BINDING,GENERATED_LOCAL_DEVELOPMENT_ONLY,False,6.233,RUNTIME_PRESENTED_ISOLATED_EVENT_TEST,NOT_ALL_NODES_REPLAYED_AT_THIS_HEAD,PENDING,NOT_CLEARED
nix_calder_impossible_battle_2_002,nix-calder:impossible_battle_2,Yang,pre,encounter_intro,A valid structure is one its inhabitants can revise.,INTEGRATED_EVENT_BINDING,GENERATED_LOCAL_DEVELOPMENT_ONLY,False,4.602,RUNTIME_PRESENTED_ISOLATED_EVENT_TEST,NOT_ALL_NODES_REPLAYED_AT_THIS_HEAD,PENDING,NOT_CLEARED
nix_calder_impossible_battle_2_003,nix-calder:impossible_battle_2,Nix,pre,encounter_intro,"Yin, a boundary requires an inside and an outside.",INTEGRATED_EVENT_BINDING,GENERATED_LOCAL_DEVELOPMENT_ONLY,False,4.521,RUNTIME_PRESENTED_ISOLATED_EVENT_TEST,NOT_ALL_NODES_REPLAYED_AT_THIS_HEAD,PENDING,NOT_CLEARED
nix_calder_impossible_battle_2_004,nix-calder:impossible_battle_2,Nix,mid,gray_combat_action,"Yang, a pattern requires the freedom to redraw it.",INTEGRATED_EVENT_BINDING,GENERATED_LOCAL_DEVELOPMENT_ONLY,False,4.343,RUNTIME_PRESENTED_ISOLATED_EVENT_TEST,NOT_ALL_NODES_REPLAYED_AT_THIS_HEAD,PENDING,NOT_CLEARED
nix_calder_impossible_battle_2_005,nix-calder:impossible_battle_2,Yin,mid,gray_combat_action,Then you accept that someone may be hurt again.,INTEGRATED_EVENT_BINDING,GENERATED_LOCAL_DEVELOPMENT_ONLY,False,5.68,RUNTIME_PRESENTED_ISOLATED_EVENT_TEST,NOT_ALL_NODES_REPLAYED_AT_THIS_HEAD,PENDING,NOT_CLEARED
nix_calder_impossible_battle_2_006,nix-calder:impossible_battle_2,Nix,mid,gray_combat_action,I accept that they remain someone who can choose.,INTEGRATED_EVENT_BINDING,GENERATED_LOCAL_DEVELOPMENT_ONLY,False,4.235,RUNTIME_PRESENTED_ISOLATED_EVENT_TEST,NOT_ALL_NODES_REPLAYED_AT_THIS_HEAD,PENDING,NOT_CLEARED
nix_calder_impossible_battle_2_007,nix-calder:impossible_battle_2,Yang,mid,gray_combat_action,You offer an unfinished design.,INTEGRATED_EVENT_BINDING,GENERATED_LOCAL_DEVELOPMENT_ONLY,False,2.537,RUNTIME_PRESENTED_ISOLATED_EVENT_TEST,NOT_ALL_NODES_REPLAYED_AT_THIS_HEAD,PENDING,NOT_CLEARED
nix_calder_impossible_battle_2_008,nix-calder:impossible_battle_2,Nix,post,encounter_success,"Yang, a pattern requires the freedom to redraw it.",INTEGRATED_EVENT_BINDING,GENERATED_LOCAL_DEVELOPMENT_ONLY,False,4.343,RUNTIME_PRESENTED_ISOLATED_EVENT_TEST,NOT_ALL_NODES_REPLAYED_AT_THIS_HEAD,PENDING,NOT_CLEARED
nix_calder_impossible_battle_2_009,nix-calder:impossible_battle_2,Yin,post,encounter_success,A boundary with an opening. Unfamiliar.,INTEGRATED_EVENT_BINDING,GENERATED_LOCAL_DEVELOPMENT_ONLY,False,4.913,RUNTIME_PRESENTED_ISOLATED_EVENT_TEST,NOT_ALL_NODES_REPLAYED_AT_THIS_HEAD,PENDING,NOT_CLEARED
nix_calder_impossible_battle_2_010,nix-calder:impossible_battle_2,Yang,post,encounter_success,A pattern that may change itself. Unaccounted for.,INTEGRATED_EVENT_BINDING,GENERATED_LOCAL_DEVELOPMENT_ONLY,False,4.54,RUNTIME_PRESENTED_ISOLATED_EVENT_TEST,NOT_ALL_NODES_REPLAYED_AT_THIS_HEAD,PENDING,NOT_CLEARED
nix_calder_epilogue_001,nix-calder:epilogue,Nix,pre,scene_start,The lattice is unfinished.,INTEGRATED_EVENT_BINDING,GENERATED_LOCAL_DEVELOPMENT_ONLY,False,2.053,RUNTIME_PRESENTED_ISOLATED_EVENT_TEST,NOT_ALL_NODES_REPLAYED_AT_THIS_HEAD,PENDING,NOT_CLEARED
nix_calder_epilogue_002,nix-calder:epilogue,Juno,pre,scene_start,Do we have to call this a victory? I would prefer food.,INTEGRATED_EVENT_BINDING,GENERATED_LOCAL_DEVELOPMENT_ONLY,False,3.243,RUNTIME_PRESENTED_ISOLATED_EVENT_TEST,NOT_ALL_NODES_REPLAYED_AT_THIS_HEAD,PENDING,NOT_CLEARED
nix_calder_epilogue_003,nix-calder:epilogue,Nix,pre,scene_start,Food can be scheduled. Argument cannot.,INTEGRATED_EVENT_BINDING,GENERATED_LOCAL_DEVELOPMENT_ONLY,False,3.602,RUNTIME_PRESENTED_ISOLATED_EVENT_TEST,NOT_ALL_NODES_REPLAYED_AT_THIS_HEAD,PENDING,NOT_CLEARED
nix_calder_epilogue_004,nix-calder:epilogue,Nix,pre,scene_start,Who says the argument has to end?,INTEGRATED_EVENT_BINDING,GENERATED_LOCAL_DEVELOPMENT_ONLY,False,2.974,RUNTIME_PRESENTED_ISOLATED_EVENT_TEST,NOT_ALL_NODES_REPLAYED_AT_THIS_HEAD,PENDING,NOT_CLEARED
nix_calder_epilogue_005,nix-calder:epilogue,Rook,mid,scene_turn,It does not. Just make a space for it.,INTEGRATED_EVENT_BINDING,GENERATED_LOCAL_DEVELOPMENT_ONLY,False,4.248,RUNTIME_PRESENTED_ISOLATED_EVENT_TEST,NOT_ALL_NODES_REPLAYED_AT_THIS_HEAD,PENDING,NOT_CLEARED
nix_calder_epilogue_006,nix-calder:epilogue,Nix,post,scene_resolution,"For once, that is the feature.",INTEGRATED_EVENT_BINDING,GENERATED_LOCAL_DEVELOPMENT_ONLY,False,2.716,RUNTIME_PRESENTED_ISOLATED_EVENT_TEST,NOT_ALL_NODES_REPLAYED_AT_THIS_HEAD,PENDING,NOT_CLEARED
nix_calder_epilogue_007,nix-calder:epilogue,Kaia,post,scene_resolution,That will do. Until tomorrow.,INTEGRATED_EVENT_BINDING,GENERATED_LOCAL_DEVELOPMENT_ONLY,False,2.829,RUNTIME_PRESENTED_ISOLATED_EVENT_TEST,NOT_ALL_NODES_REPLAYED_AT_THIS_HEAD,PENDING,NOT_CLEARED
nix_calder_unlock_001,nix-calder:unlock,Nix,pre,scene_start,"I will remember the choices, not just the outcome.",INTEGRATED_EVENT_BINDING,GENERATED_LOCAL_DEVELOPMENT_ONLY,False,4.017,RUNTIME_PRESENTED_ISOLATED_EVENT_TEST,NOT_ALL_NODES_REPLAYED_AT_THIS_HEAD,PENDING,NOT_CLEARED
nix_calder_unlock_002,nix-calder:unlock,Kaia,mid,scene_turn,Another color has found its own way to Gray.,INTEGRATED_EVENT_BINDING,GENERATED_LOCAL_DEVELOPMENT_ONLY,False,3.839,RUNTIME_PRESENTED_ISOLATED_EVENT_TEST,NOT_ALL_NODES_REPLAYED_AT_THIS_HEAD,PENDING,NOT_CLEARED
nix_calder_unlock_003,nix-calder:unlock,Nix,post,scene_resolution,Let the next story be told in its own voice.,INTEGRATED_EVENT_BINDING,GENERATED_LOCAL_DEVELOPMENT_ONLY,False,3.978,RUNTIME_PRESENTED_ISOLATED_EVENT_TEST,NOT_ALL_NODES_REPLAYED_AT_THIS_HEAD,PENDING,NOT_CLEARED
nix_calder_unlock_004,nix-calder:unlock,Orion,post,scene_resolution,The result is reproducible. The journey was not inevitable.,INTEGRATED_EVENT_BINDING,GENERATED_LOCAL_DEVELOPMENT_ONLY,False,5.304,RUNTIME_PRESENTED_ISOLATED_EVENT_TEST,NOT_ALL_NODES_REPLAYED_AT_THIS_HEAD,PENDING,NOT_CLEARED
orion_vell_prologue_001,orion-vell:prologue,Orion,pre,encounter_intro,Six possible futures cross this orbit.,INTEGRATED_EVENT_BINDING,GENERATED_LOCAL_DEVELOPMENT_ONLY,False,3.721,RUNTIME_PRESENTED_ISOLATED_EVENT_TEST,NOT_ALL_NODES_REPLAYED_AT_THIS_HEAD,PENDING,NOT_CLEARED
orion_vell_prologue_002,orion-vell:prologue,Orion,pre,encounter_intro,I selected the most stable.,INTEGRATED_EVENT_BINDING,GENERATED_LOCAL_DEVELOPMENT_ONLY,False,2.836,RUNTIME_PRESENTED_ISOLATED_EVENT_TEST,NOT_ALL_NODES_REPLAYED_AT_THIS_HEAD,PENDING,NOT_CLEARED
orion_vell_prologue_003,orion-vell:prologue,Yin,pre,encounter_intro,A silence lies beneath every unfinished argument.,INTEGRATED_EVENT_BINDING,GENERATED_LOCAL_DEVELOPMENT_ONLY,False,6.881,RUNTIME_PRESENTED_ISOLATED_EVENT_TEST,NOT_ALL_NODES_REPLAYED_AT_THIS_HEAD,PENDING,NOT_CLEARED
orion_vell_prologue_004,orion-vell:prologue,Yang,pre,encounter_intro,Every incomplete path can be corrected.,INTEGRATED_EVENT_BINDING,GENERATED_LOCAL_DEVELOPMENT_ONLY,False,3.192,RUNTIME_PRESENTED_ISOLATED_EVENT_TEST,NOT_ALL_NODES_REPLAYED_AT_THIS_HEAD,PENDING,NOT_CLEARED
orion_vell_prologue_005,orion-vell:prologue,Orion,mid,combat_contact,"If I predict an outcome, I have done enough.",INTEGRATED_EVENT_BINDING,GENERATED_LOCAL_DEVELOPMENT_ONLY,False,4.215,RUNTIME_PRESENTED_ISOLATED_EVENT_TEST,NOT_ALL_NODES_REPLAYED_AT_THIS_HEAD,PENDING,NOT_CLEARED
orion_vell_prologue_006,orion-vell:prologue,Orion,post,encounter_success,Every motion has a consequence we can understand.,INTEGRATED_EVENT_BINDING,GENERATED_LOCAL_DEVELOPMENT_ONLY,False,4.471,RUNTIME_PRESENTED_ISOLATED_EVENT_TEST,NOT_ALL_NODES_REPLAYED_AT_THIS_HEAD,PENDING,NOT_CLEARED
orion_vell_recruit_nix_calder_001,orion-vell:recruit:nix-calder,Nix,pre,encounter_intro,"I can secure this area, provided everyone follows the instructions.",INTEGRATED_EVENT_BINDING,GENERATED_LOCAL_DEVELOPMENT_ONLY,False,5.573,RUNTIME_PRESENTED_ISOLATED_EVENT_TEST,NOT_ALL_NODES_REPLAYED_AT_THIS_HEAD,PENDING,NOT_CLEARED
orion_vell_recruit_nix_calder_002,orion-vell:recruit:nix-calder,Orion,pre,encounter_intro,What if the instructions fail the people they protect?,INTEGRATED_EVENT_BINDING,GENERATED_LOCAL_DEVELOPMENT_ONLY,False,4.629,RUNTIME_PRESENTED_ISOLATED_EVENT_TEST,NOT_ALL_NODES_REPLAYED_AT_THIS_HEAD,PENDING,NOT_CLEARED
orion_vell_recruit_nix_calder_003,orion-vell:recruit:nix-calder,Nix,mid,combat_contact,Have you factored in a choice you do not expect?,INTEGRATED_EVENT_BINDING,GENERATED_LOCAL_DEVELOPMENT_ONLY,False,3.644,RUNTIME_PRESENTED_ISOLATED_EVENT_TEST,NOT_ALL_NODES_REPLAYED_AT_THIS_HEAD,PENDING,NOT_CLEARED
orion_vell_recruit_nix_calder_004,orion-vell:recruit:nix-calder,Orion,mid,combat_contact,I had not considered what that would feel like.,INTEGRATED_EVENT_BINDING,GENERATED_LOCAL_DEVELOPMENT_ONLY,False,4.013,RUNTIME_PRESENTED_ISOLATED_EVENT_TEST,NOT_ALL_NODES_REPLAYED_AT_THIS_HEAD,PENDING,NOT_CLEARED
orion_vell_recruit_nix_calder_005,orion-vell:recruit:nix-calder,Nix,post,encounter_success,An amended plan is better than a perfect failure.,INTEGRATED_EVENT_BINDING,GENERATED_LOCAL_DEVELOPMENT_ONLY,False,3.828,RUNTIME_PRESENTED_ISOLATED_EVENT_TEST,NOT_ALL_NODES_REPLAYED_AT_THIS_HEAD,PENDING,NOT_CLEARED
orion_vell_recruit_nix_calder_006,orion-vell:recruit:nix-calder,Orion,post,encounter_success,My model predicts our cooperation.,INTEGRATED_EVENT_BINDING,GENERATED_LOCAL_DEVELOPMENT_ONLY,False,3.441,RUNTIME_PRESENTED_ISOLATED_EVENT_TEST,NOT_ALL_NODES_REPLAYED_AT_THIS_HEAD,PENDING,NOT_CLEARED
orion_vell_recruit_vesper_nyx_001,orion-vell:recruit:vesper-nyx,Vesper,pre,encounter_intro,How charming. Someone followed the wrong shadow to the right place.,INTEGRATED_EVENT_BINDING,GENERATED_LOCAL_DEVELOPMENT_ONLY,False,4.783,RUNTIME_PRESENTED_ISOLATED_EVENT_TEST,NOT_ALL_NODES_REPLAYED_AT_THIS_HEAD,PENDING,NOT_CLEARED
orion_vell_recruit_vesper_nyx_002,orion-vell:recruit:vesper-nyx,Orion,pre,encounter_intro,Would you still be here if everyone could see you clearly?,INTEGRATED_EVENT_BINDING,GENERATED_LOCAL_DEVELOPMENT_ONLY,False,4.963,RUNTIME_PRESENTED_ISOLATED_EVENT_TEST,NOT_ALL_NODES_REPLAYED_AT_THIS_HEAD,PENDING,NOT_CLEARED
orion_vell_recruit_vesper_nyx_003,orion-vell:recruit:vesper-nyx,Vesper,mid,combat_contact,Have you factored in a choice you do not expect?,INTEGRATED_EVENT_BINDING,GENERATED_LOCAL_DEVELOPMENT_ONLY,False,3.286,RUNTIME_PRESENTED_ISOLATED_EVENT_TEST,NOT_ALL_NODES_REPLAYED_AT_THIS_HEAD,PENDING,NOT_CLEARED
orion_vell_recruit_vesper_nyx_004,orion-vell:recruit:vesper-nyx,Orion,mid,combat_contact,I had not considered what that would feel like.,INTEGRATED_EVENT_BINDING,GENERATED_LOCAL_DEVELOPMENT_ONLY,False,4.013,RUNTIME_PRESENTED_ISOLATED_EVENT_TEST,NOT_ALL_NODES_REPLAYED_AT_THIS_HEAD,PENDING,NOT_CLEARED
orion_vell_recruit_vesper_nyx_005,orion-vell:recruit:vesper-nyx,Vesper,post,encounter_success,Look at that. An answer with no trapdoor.,INTEGRATED_EVENT_BINDING,GENERATED_LOCAL_DEVELOPMENT_ONLY,False,3.42,RUNTIME_PRESENTED_ISOLATED_EVENT_TEST,NOT_ALL_NODES_REPLAYED_AT_THIS_HEAD,PENDING,NOT_CLEARED
orion_vell_recruit_vesper_nyx_006,orion-vell:recruit:vesper-nyx,Orion,post,encounter_success,But I would rather hear your answer.,INTEGRATED_EVENT_BINDING,GENERATED_LOCAL_DEVELOPMENT_ONLY,False,3.194,RUNTIME_PRESENTED_ISOLATED_EVENT_TEST,NOT_ALL_NODES_REPLAYED_AT_THIS_HEAD,PENDING,NOT_CLEARED
orion_vell_recruit_kaia_windrow_001,orion-vell:recruit:kaia-windrow,Kaia,pre,encounter_intro,"Before we argue, tell me what you are afraid of losing.",INTEGRATED_EVENT_BINDING,GENERATED_LOCAL_DEVELOPMENT_ONLY,False,4.546,RUNTIME_PRESENTED_ISOLATED_EVENT_TEST,NOT_ALL_NODES_REPLAYED_AT_THIS_HEAD,PENDING,NOT_CLEARED
orion_vell_recruit_kaia_windrow_002,orion-vell:recruit:kaia-windrow,Orion,pre,encounter_intro,Listening might cost more time than we have. Is it worth it?,INTEGRATED_EVENT_BINDING,GENERATED_LOCAL_DEVELOPMENT_ONLY,False,5.707,RUNTIME_PRESENTED_ISOLATED_EVENT_TEST,NOT_ALL_NODES_REPLAYED_AT_THIS_HEAD,PENDING,NOT_CLEARED
orion_vell_recruit_kaia_windrow_003,orion-vell:recruit:kaia-windrow,Kaia,mid,combat_contact,Have you factored in a choice you do not expect?,INTEGRATED_EVENT_BINDING,GENERATED_LOCAL_DEVELOPMENT_ONLY,False,3.742,RUNTIME_PRESENTED_ISOLATED_EVENT_TEST,NOT_ALL_NODES_REPLAYED_AT_THIS_HEAD,PENDING,NOT_CLEARED
orion_vell_recruit_kaia_windrow_004,orion-vell:recruit:kaia-windrow,Orion,mid,combat_contact,I had not considered what that would feel like.,INTEGRATED_EVENT_BINDING,GENERATED_LOCAL_DEVELOPMENT_ONLY,False,4.013,RUNTIME_PRESENTED_ISOLATED_EVENT_TEST,NOT_ALL_NODES_REPLAYED_AT_THIS_HEAD,PENDING,NOT_CLEARED
orion_vell_recruit_kaia_windrow_005,orion-vell:recruit:kaia-windrow,Kaia,post,encounter_success,We can start by disagreeing honestly.,INTEGRATED_EVENT_BINDING,GENERATED_LOCAL_DEVELOPMENT_ONLY,False,2.967,RUNTIME_PRESENTED_ISOLATED_EVENT_TEST,NOT_ALL_NODES_REPLAYED_AT_THIS_HEAD,PENDING,NOT_CLEARED
orion_vell_recruit_kaia_windrow_006,orion-vell:recruit:kaia-windrow,Orion,post,encounter_success,Which risk matters to you?,INTEGRATED_EVENT_BINDING,GENERATED_LOCAL_DEVELOPMENT_ONLY,False,2.407,RUNTIME_PRESENTED_ISOLATED_EVENT_TEST,NOT_ALL_NODES_REPLAYED_AT_THIS_HEAD,PENDING,NOT_CLEARED
orion_vell_recruit_ember_vale_001,orion-vell:recruit:ember-vale,Ember,pre,encounter_intro,I would rather lose a fight than a chance to act.,INTEGRATED_EVENT_BINDING,GENERATED_LOCAL_DEVELOPMENT_ONLY,False,2.889,RUNTIME_PRESENTED_ISOLATED_EVENT_TEST,NOT_ALL_NODES_REPLAYED_AT_THIS_HEAD,PENDING,NOT_CLEARED
orion_vell_recruit_ember_vale_002,orion-vell:recruit:ember-vale,Orion,pre,encounter_intro,And what happens when you push straight through someone else?,INTEGRATED_EVENT_BINDING,GENERATED_LOCAL_DEVELOPMENT_ONLY,False,4.663,RUNTIME_PRESENTED_ISOLATED_EVENT_TEST,NOT_ALL_NODES_REPLAYED_AT_THIS_HEAD,PENDING,NOT_CLEARED
orion_vell_recruit_ember_vale_003,orion-vell:recruit:ember-vale,Ember,mid,combat_contact,Have you factored in a choice you do not expect?,INTEGRATED_EVENT_BINDING,GENERATED_LOCAL_DEVELOPMENT_ONLY,False,2.878,RUNTIME_PRESENTED_ISOLATED_EVENT_TEST,NOT_ALL_NODES_REPLAYED_AT_THIS_HEAD,PENDING,NOT_CLEARED
orion_vell_recruit_ember_vale_004,orion-vell:recruit:ember-vale,Orion,mid,combat_contact,I had not considered what that would feel like.,INTEGRATED_EVENT_BINDING,GENERATED_LOCAL_DEVELOPMENT_ONLY,False,4.013,RUNTIME_PRESENTED_ISOLATED_EVENT_TEST,NOT_ALL_NODES_REPLAYED_AT_THIS_HEAD,PENDING,NOT_CLEARED
orion_vell_recruit_ember_vale_005,orion-vell:recruit:ember-vale,Ember,post,encounter_success,Fine. I will follow as long as we keep moving.,INTEGRATED_EVENT_BINDING,GENERATED_LOCAL_DEVELOPMENT_ONLY,False,3.412,RUNTIME_PRESENTED_ISOLATED_EVENT_TEST,NOT_ALL_NODES_REPLAYED_AT_THIS_HEAD,PENDING,NOT_CLEARED
orion_vell_recruit_ember_vale_006,orion-vell:recruit:ember-vale,Orion,post,encounter_success,My model predicts our cooperation.,INTEGRATED_EVENT_BINDING,GENERATED_LOCAL_DEVELOPMENT_ONLY,False,3.441,RUNTIME_PRESENTED_ISOLATED_EVENT_TEST,NOT_ALL_NODES_REPLAYED_AT_THIS_HEAD,PENDING,NOT_CLEARED
orion_vell_recruit_juno_spark_001,orion-vell:recruit:juno-spark,Juno,pre,encounter_intro,I spotted three routes. Want the good one or the fast one?,INTEGRATED_EVENT_BINDING,GENERATED_LOCAL_DEVELOPMENT_ONLY,False,3.556,RUNTIME_PRESENTED_ISOLATED_EVENT_TEST,NOT_ALL_NODES_REPLAYED_AT_THIS_HEAD,PENDING,NOT_CLEARED
orion_vell_recruit_juno_spark_002,orion-vell:recruit:juno-spark,Orion,pre,encounter_intro,And if the fast route leaves somebody else stranded?,INTEGRATED_EVENT_BINDING,GENERATED_LOCAL_DEVELOPMENT_ONLY,False,4.538,RUNTIME_PRESENTED_ISOLATED_EVENT_TEST,NOT_ALL_NODES_REPLAYED_AT_THIS_HEAD,PENDING,NOT_CLEARED
orion_vell_recruit_juno_spark_003,orion-vell:recruit:juno-spark,Juno,mid,combat_contact,Have you factored in a choice you do not expect?,INTEGRATED_EVENT_BINDING,GENERATED_LOCAL_DEVELOPMENT_ONLY,False,2.547,RUNTIME_PRESENTED_ISOLATED_EVENT_TEST,NOT_ALL_NODES_REPLAYED_AT_THIS_HEAD,PENDING,NOT_CLEARED
orion_vell_recruit_juno_spark_004,orion-vell:recruit:juno-spark,Orion,mid,combat_contact,I had not considered what that would feel like.,INTEGRATED_EVENT_BINDING,GENERATED_LOCAL_DEVELOPMENT_ONLY,False,4.013,RUNTIME_PRESENTED_ISOLATED_EVENT_TEST,NOT_ALL_NODES_REPLAYED_AT_THIS_HEAD,PENDING,NOT_CLEARED
orion_vell_recruit_juno_spark_005,orion-vell:recruit:juno-spark,Juno,post,encounter_success,Okay. The good route first. I can still make it fast.,INTEGRATED_EVENT_BINDING,GENERATED_LOCAL_DEVELOPMENT_ONLY,False,3.527,RUNTIME_PRESENTED_ISOLATED_EVENT_TEST,NOT_ALL_NODES_REPLAYED_AT_THIS_HEAD,PENDING,NOT_CLEARED
orion_vell_recruit_juno_spark_006,orion-vell:recruit:juno-spark,Orion,post,encounter_success,But I would rather hear your answer.,INTEGRATED_EVENT_BINDING,GENERATED_LOCAL_DEVELOPMENT_ONLY,False,3.194,RUNTIME_PRESENTED_ISOLATED_EVENT_TEST,NOT_ALL_NODES_REPLAYED_AT_THIS_HEAD,PENDING,NOT_CLEARED
orion_vell_recruit_rook_ironside_001,orion-vell:recruit:rook-ironside,Rook,pre,encounter_intro,I will stand between danger and the people behind me.,INTEGRATED_EVENT_BINDING,GENERATED_LOCAL_DEVELOPMENT_ONLY,False,5.1,RUNTIME_PRESENTED_ISOLATED_EVENT_TEST,NOT_ALL_NODES_REPLAYED_AT_THIS_HEAD,PENDING,NOT_CLEARED
orion_vell_recruit_rook_ironside_002,orion-vell:recruit:rook-ironside,Orion,pre,encounter_intro,What if I do not want to stand behind you?,INTEGRATED_EVENT_BINDING,GENERATED_LOCAL_DEVELOPMENT_ONLY,False,3.933,RUNTIME_PRESENTED_ISOLATED_EVENT_TEST,NOT_ALL_NODES_REPLAYED_AT_THIS_HEAD,PENDING,NOT_CLEARED
orion_vell_recruit_rook_ironside_003,orion-vell:recruit:rook-ironside,Rook,mid,combat_contact,Have you factored in a choice you do not expect?,INTEGRATED_EVENT_BINDING,GENERATED_LOCAL_DEVELOPMENT_ONLY,False,4.498,RUNTIME_PRESENTED_ISOLATED_EVENT_TEST,NOT_ALL_NODES_REPLAYED_AT_THIS_HEAD,PENDING,NOT_CLEARED
orion_vell_recruit_rook_ironside_004,orion-vell:recruit:rook-ironside,Orion,mid,combat_contact,I had not considered what that would feel like.,INTEGRATED_EVENT_BINDING,GENERATED_LOCAL_DEVELOPMENT_ONLY,False,4.013,RUNTIME_PRESENTED_ISOLATED_EVENT_TEST,NOT_ALL_NODES_REPLAYED_AT_THIS_HEAD,PENDING,NOT_CLEARED
orion_vell_recruit_rook_ironside_005,orion-vell:recruit:rook-ironside,Rook,post,encounter_success,Then take the open side. I will keep it open.,INTEGRATED_EVENT_BINDING,GENERATED_LOCAL_DEVELOPMENT_ONLY,False,5.181,RUNTIME_PRESENTED_ISOLATED_EVENT_TEST,NOT_ALL_NODES_REPLAYED_AT_THIS_HEAD,PENDING,NOT_CLEARED
orion_vell_recruit_rook_ironside_006,orion-vell:recruit:rook-ironside,Orion,post,encounter_success,Which risk matters to you?,INTEGRATED_EVENT_BINDING,GENERATED_LOCAL_DEVELOPMENT_ONLY,False,2.407,RUNTIME_PRESENTED_ISOLATED_EVENT_TEST,NOT_ALL_NODES_REPLAYED_AT_THIS_HEAD,PENDING,NOT_CLEARED
orion_vell_accord_001,orion-vell:accord,Orion,pre,scene_start,I have drawn everyone's trajectories.,INTEGRATED_EVENT_BINDING,GENERATED_LOCAL_DEVELOPMENT_ONLY,False,3.276,RUNTIME_PRESENTED_ISOLATED_EVENT_TEST,NOT_ALL_NODES_REPLAYED_AT_THIS_HEAD,PENDING,NOT_CLEARED
orion_vell_accord_002,orion-vell:accord,Ember,pre,scene_start,"Are we actually doing this, or arguing until dawn?",INTEGRATED_EVENT_BINDING,GENERATED_LOCAL_DEVELOPMENT_ONLY,False,3.324,RUNTIME_PRESENTED_ISOLATED_EVENT_TEST,NOT_ALL_NODES_REPLAYED_AT_THIS_HEAD,PENDING,NOT_CLEARED
orion_vell_accord_003,orion-vell:accord,Nix,pre,scene_start,Those are not mutually exclusive activities.,INTEGRATED_EVENT_BINDING,GENERATED_LOCAL_DEVELOPMENT_ONLY,False,3.642,RUNTIME_PRESENTED_ISOLATED_EVENT_TEST,NOT_ALL_NODES_REPLAYED_AT_THIS_HEAD,PENDING,NOT_CLEARED
orion_vell_accord_004,orion-vell:accord,Juno,pre,scene_start,"I vote for arguing while walking. Efficient, entertaining.",INTEGRATED_EVENT_BINDING,GENERATED_LOCAL_DEVELOPMENT_ONLY,False,3.609,RUNTIME_PRESENTED_ISOLATED_EVENT_TEST,NOT_ALL_NODES_REPLAYED_AT_THIS_HEAD,PENDING,NOT_CLEARED
orion_vell_accord_005,orion-vell:accord,Rook,pre,scene_start,Stay where I can see you. Not where I can command you.,INTEGRATED_EVENT_BINDING,GENERATED_LOCAL_DEVELOPMENT_ONLY,False,5.732,RUNTIME_PRESENTED_ISOLATED_EVENT_TEST,NOT_ALL_NODES_REPLAYED_AT_THIS_HEAD,PENDING,NOT_CLEARED
orion_vell_accord_006,orion-vell:accord,Vesper,pre,scene_start,That sounded almost like trust.,INTEGRATED_EVENT_BINDING,GENERATED_LOCAL_DEVELOPMENT_ONLY,False,2.53,RUNTIME_PRESENTED_ISOLATED_EVENT_TEST,NOT_ALL_NODES_REPLAYED_AT_THIS_HEAD,PENDING,NOT_CLEARED
orion_vell_accord_007,orion-vell:accord,Orion,pre,scene_start,It is an unfamiliar but testable arrangement.,INTEGRATED_EVENT_BINDING,GENERATED_LOCAL_DEVELOPMENT_ONLY,False,4.106,RUNTIME_PRESENTED_ISOLATED_EVENT_TEST,NOT_ALL_NODES_REPLAYED_AT_THIS_HEAD,PENDING,NOT_CLEARED
orion_vell_accord_008,orion-vell:accord,Kaia,post,scene_resolution,We have seven answers. We do not need one voice.,INTEGRATED_EVENT_BINDING,GENERATED_LOCAL_DEVELOPMENT_ONLY,False,4.427,RUNTIME_PRESENTED_ISOLATED_EVENT_TEST,NOT_ALL_NODES_REPLAYED_AT_THIS_HEAD,PENDING,NOT_CLEARED
orion_vell_accord_009,orion-vell:accord,Orion,post,scene_resolution,That omission is mine.,INTEGRATED_EVENT_BINDING,GENERATED_LOCAL_DEVELOPMENT_ONLY,False,2.246,RUNTIME_PRESENTED_ISOLATED_EVENT_TEST,NOT_ALL_NODES_REPLAYED_AT_THIS_HEAD,PENDING,NOT_CLEARED
orion_vell_catastrophe_001,orion-vell:catastrophe,Yin,pre,scene_start,There is relief in a universe you need not calculate.,INTEGRATED_EVENT_BINDING,GENERATED_LOCAL_DEVELOPMENT_ONLY,False,7.801,RUNTIME_PRESENTED_ISOLATED_EVENT_TEST,NOT_ALL_NODES_REPLAYED_AT_THIS_HEAD,PENDING,NOT_CLEARED
orion_vell_catastrophe_002,orion-vell:catastrophe,Yang,pre,scene_start,All possible paths can become one correct trajectory.,INTEGRATED_EVENT_BINDING,GENERATED_LOCAL_DEVELOPMENT_ONLY,False,4.369,RUNTIME_PRESENTED_ISOLATED_EVENT_TEST,NOT_ALL_NODES_REPLAYED_AT_THIS_HEAD,PENDING,NOT_CLEARED
orion_vell_catastrophe_003,orion-vell:catastrophe,Ember,pre,scene_start,Nobody gave you the right to rearrange us.,INTEGRATED_EVENT_BINDING,GENERATED_LOCAL_DEVELOPMENT_ONLY,False,2.613,RUNTIME_PRESENTED_ISOLATED_EVENT_TEST,NOT_ALL_NODES_REPLAYED_AT_THIS_HEAD,PENDING,NOT_CLEARED
orion_vell_catastrophe_004,orion-vell:catastrophe,Nix,pre,scene_start,Your proposed structure contains no consent pathway.,INTEGRATED_EVENT_BINDING,GENERATED_LOCAL_DEVELOPMENT_ONLY,False,4.399,RUNTIME_PRESENTED_ISOLATED_EVENT_TEST,NOT_ALL_NODES_REPLAYED_AT_THIS_HEAD,PENDING,NOT_CLEARED
orion_vell_catastrophe_005,orion-vell:catastrophe,Yin,pre,scene_start,Consent requires a self willing to suffer. I offer release.,INTEGRATED_EVENT_BINDING,GENERATED_LOCAL_DEVELOPMENT_ONLY,False,7.22,RUNTIME_PRESENTED_ISOLATED_EVENT_TEST,NOT_ALL_NODES_REPLAYED_AT_THIS_HEAD,PENDING,NOT_CLEARED
orion_vell_catastrophe_006,orion-vell:catastrophe,Yang,pre,scene_start,Consent is unnecessary when no misunderstanding remains.,INTEGRATED_EVENT_BINDING,GENERATED_LOCAL_DEVELOPMENT_ONLY,False,4.519,RUNTIME_PRESENTED_ISOLATED_EVENT_TEST,NOT_ALL_NODES_REPLAYED_AT_THIS_HEAD,PENDING,NOT_CLEARED
orion_vell_catastrophe_007,orion-vell:catastrophe,Orion,mid,scene_turn,"If I predict an outcome, I have done enough.",INTEGRATED_EVENT_BINDING,GENERATED_LOCAL_DEVELOPMENT_ONLY,False,4.215,RUNTIME_PRESENTED_ISOLATED_EVENT_TEST,NOT_ALL_NODES_REPLAYED_AT_THIS_HEAD,PENDING,NOT_CLEARED
orion_vell_catastrophe_008,orion-vell:catastrophe,Kaia,mid,scene_turn,We are not yours to solve.,INTEGRATED_EVENT_BINDING,GENERATED_LOCAL_DEVELOPMENT_ONLY,False,2.5,RUNTIME_PRESENTED_ISOLATED_EVENT_TEST,NOT_ALL_NODES_REPLAYED_AT_THIS_HEAD,PENDING,NOT_CLEARED
orion_vell_catastrophe_009,orion-vell:catastrophe,Rook,post,scene_resolution,Then we hold together.,INTEGRATED_EVENT_BINDING,GENERATED_LOCAL_DEVELOPMENT_ONLY,False,2.55,RUNTIME_PRESENTED_ISOLATED_EVENT_TEST,NOT_ALL_NODES_REPLAYED_AT_THIS_HEAD,PENDING,NOT_CLEARED
orion_vell_catastrophe_010,orion-vell:catastrophe,Vesper,post,scene_resolution,"For once, I have nothing clever to add.",INTEGRATED_EVENT_BINDING,GENERATED_LOCAL_DEVELOPMENT_ONLY,False,3.182,RUNTIME_PRESENTED_ISOLATED_EVENT_TEST,NOT_ALL_NODES_REPLAYED_AT_THIS_HEAD,PENDING,NOT_CLEARED
orion_vell_impossible_battle_1_001,orion-vell:impossible_battle_1,Yang,pre,encounter_intro,You mistake the size of the disagreement for the depth of it.,INTEGRATED_EVENT_BINDING,GENERATED_LOCAL_DEVELOPMENT_ONLY,False,4.075,RUNTIME_PRESENTED_ISOLATED_EVENT_TEST,NOT_ALL_NODES_REPLAYED_AT_THIS_HEAD,PENDING,NOT_CLEARED
orion_vell_impossible_battle_1_002,orion-vell:impossible_battle_1,Orion,pre,encounter_intro,Then we are going to test your certainty.,INTEGRATED_EVENT_BINDING,GENERATED_LOCAL_DEVELOPMENT_ONLY,False,3.671,RUNTIME_PRESENTED_ISOLATED_EVENT_TEST,NOT_ALL_NODES_REPLAYED_AT_THIS_HEAD,PENDING,NOT_CLEARED
orion_vell_impossible_battle_1_003,orion-vell:impossible_battle_1,Yin,mid,cosmic_engaged,Every strike ends. Every heartbeat asks for rest.,INTEGRATED_EVENT_BINDING,GENERATED_LOCAL_DEVELOPMENT_ONLY,False,6.331,RUNTIME_PRESENTED_ISOLATED_EVENT_TEST,NOT_ALL_NODES_REPLAYED_AT_THIS_HEAD,PENDING,NOT_CLEARED
orion_vell_impossible_battle_1_004,orion-vell:impossible_battle_1,Orion,mid,cosmic_engaged,"Our attacks are changing nothing. The field responds to allegiance, not impact.",INTEGRATED_EVENT_BINDING,GENERATED_LOCAL_DEVELOPMENT_ONLY,False,7.173,RUNTIME_PRESENTED_ISOLATED_EVENT_TEST,NOT_ALL_NODES_REPLAYED_AT_THIS_HEAD,PENDING,NOT_CLEARED
orion_vell_impossible_battle_1_005,orion-vell:impossible_battle_1,Orion,post,encounter_success,The fight was never about who hit harder.,INTEGRATED_EVENT_BINDING,GENERATED_LOCAL_DEVELOPMENT_ONLY,False,4.049,RUNTIME_PRESENTED_ISOLATED_EVENT_TEST,NOT_ALL_NODES_REPLAYED_AT_THIS_HEAD,PENDING,NOT_CLEARED
orion_vell_impossible_battle_1_006,orion-vell:impossible_battle_1,Yang,post,encounter_success,"At last, you have begun to observe.",INTEGRATED_EVENT_BINDING,GENERATED_LOCAL_DEVELOPMENT_ONLY,False,3.266,RUNTIME_PRESENTED_ISOLATED_EVENT_TEST,NOT_ALL_NODES_REPLAYED_AT_THIS_HEAD,PENDING,NOT_CLEARED
orion_vell_first_loss_001,orion-vell:first_loss,Orion,pre,encounter_intro,"Kaia, the optimal position is behind the lower vector.",INTEGRATED_EVENT_BINDING,GENERATED_LOCAL_DEVELOPMENT_ONLY,False,5.328,RUNTIME_PRESENTED_ISOLATED_EVENT_TEST,NOT_ALL_NODES_REPLAYED_AT_THIS_HEAD,PENDING,NOT_CLEARED
orion_vell_first_loss_002,orion-vell:first_loss,Kaia,pre,encounter_intro,Someone is calling from the center.,INTEGRATED_EVENT_BINDING,GENERATED_LOCAL_DEVELOPMENT_ONLY,False,2.749,RUNTIME_PRESENTED_ISOLATED_EVENT_TEST,NOT_ALL_NODES_REPLAYED_AT_THIS_HEAD,PENDING,NOT_CLEARED
orion_vell_first_loss_003,orion-vell:first_loss,Orion,pre,encounter_intro,That point is excluded from the stable model.,INTEGRATED_EVENT_BINDING,GENERATED_LOCAL_DEVELOPMENT_ONLY,False,4.059,RUNTIME_PRESENTED_ISOLATED_EVENT_TEST,NOT_ALL_NODES_REPLAYED_AT_THIS_HEAD,PENDING,NOT_CLEARED
orion_vell_first_loss_004,orion-vell:first_loss,Kaia,pre,encounter_intro,A person is not an excluded point.,INTEGRATED_EVENT_BINDING,GENERATED_LOCAL_DEVELOPMENT_ONLY,False,3.178,RUNTIME_PRESENTED_ISOLATED_EVENT_TEST,NOT_ALL_NODES_REPLAYED_AT_THIS_HEAD,PENDING,NOT_CLEARED
orion_vell_first_loss_005,orion-vell:first_loss,Orion,mid,decision_made,"If you change direction, I cannot guarantee the outcome.",INTEGRATED_EVENT_BINDING,GENERATED_LOCAL_DEVELOPMENT_ONLY,False,5.25,RUNTIME_PRESENTED_ISOLATED_EVENT_TEST,NOT_ALL_NODES_REPLAYED_AT_THIS_HEAD,PENDING,NOT_CLEARED
orion_vell_first_loss_006,orion-vell:first_loss,Kaia,mid,decision_made,I was not asking for a guarantee.,INTEGRATED_EVENT_BINDING,GENERATED_LOCAL_DEVELOPMENT_ONLY,False,2.886,RUNTIME_PRESENTED_ISOLATED_EVENT_TEST,NOT_ALL_NODES_REPLAYED_AT_THIS_HEAD,PENDING,NOT_CLEARED
orion_vell_first_loss_007,orion-vell:first_loss,Orion,mid,first_loss_signal,You knew the risk and chose to answer anyway.,INTEGRATED_EVENT_BINDING,GENERATED_LOCAL_DEVELOPMENT_ONLY,False,4.544,RUNTIME_PRESENTED_ISOLATED_EVENT_TEST,NOT_ALL_NODES_REPLAYED_AT_THIS_HEAD,PENDING,NOT_CLEARED
orion_vell_first_loss_008,orion-vell:first_loss,Kaia,mid,first_loss_signal,Would you have answered if your numbers said not to?,INTEGRATED_EVENT_BINDING,GENERATED_LOCAL_DEVELOPMENT_ONLY,False,4.32,RUNTIME_PRESENTED_ISOLATED_EVENT_TEST,NOT_ALL_NODES_REPLAYED_AT_THIS_HEAD,PENDING,NOT_CLEARED
orion_vell_first_loss_009,orion-vell:first_loss,Orion,post,first_loss_resolved,I was so certain about the world that I never asked what you needed.,INTEGRATED_EVENT_BINDING,GENERATED_LOCAL_DEVELOPMENT_ONLY,False,6.377,RUNTIME_PRESENTED_ISOLATED_EVENT_TEST,NOT_ALL_NODES_REPLAYED_AT_THIS_HEAD,PENDING,NOT_CLEARED
orion_vell_first_loss_010,orion-vell:first_loss,Kaia,post,first_loss_resolved,Ask now. There is still time to help them.,INTEGRATED_EVENT_BINDING,GENERATED_LOCAL_DEVELOPMENT_ONLY,False,4.58,RUNTIME_PRESENTED_ISOLATED_EVENT_TEST,NOT_ALL_NODES_REPLAYED_AT_THIS_HEAD,PENDING,NOT_CLEARED
orion_vell_first_loss_011,orion-vell:first_loss,Orion,post,first_loss_resolved,"Kaia, what do you need?",INTEGRATED_EVENT_BINDING,GENERATED_LOCAL_DEVELOPMENT_ONLY,False,3.248,RUNTIME_PRESENTED_ISOLATED_EVENT_TEST,NOT_ALL_NODES_REPLAYED_AT_THIS_HEAD,PENDING,NOT_CLEARED
orion_vell_first_loss_012,orion-vell:first_loss,Kaia,post,first_loss_resolved,Someone to trust my choice.,INTEGRATED_EVENT_BINDING,GENERATED_LOCAL_DEVELOPMENT_ONLY,False,2.681,RUNTIME_PRESENTED_ISOLATED_EVENT_TEST,NOT_ALL_NODES_REPLAYED_AT_THIS_HEAD,PENDING,NOT_CLEARED
orion_vell_first_loss_013,orion-vell:first_loss,Orion,post,first_loss_resolved,"Then I will protect the path you chose, not the one I assigned.",INTEGRATED_EVENT_BINDING,GENERATED_LOCAL_DEVELOPMENT_ONLY,False,6.235,RUNTIME_PRESENTED_ISOLATED_EVENT_TEST,NOT_ALL_NODES_REPLAYED_AT_THIS_HEAD,PENDING,NOT_CLEARED
orion_vell_first_loss_014,orion-vell:first_loss,Yin,post,first_loss_resolved,The burden has found an ending.,INTEGRATED_EVENT_BINDING,GENERATED_LOCAL_DEVELOPMENT_ONLY,False,5.001,RUNTIME_PRESENTED_ISOLATED_EVENT_TEST,NOT_ALL_NODES_REPLAYED_AT_THIS_HEAD,PENDING,NOT_CLEARED
orion_vell_first_loss_015,orion-vell:first_loss,Yang,post,first_loss_resolved,An incomplete loss can be integrated into a clearer whole.,INTEGRATED_EVENT_BINDING,GENERATED_LOCAL_DEVELOPMENT_ONLY,False,4.47,RUNTIME_PRESENTED_ISOLATED_EVENT_TEST,NOT_ALL_NODES_REPLAYED_AT_THIS_HEAD,PENDING,NOT_CLEARED
orion_vell_first_loss_016,orion-vell:first_loss,Orion,post,first_loss_resolved,I called that an error. I should have called it a person.,INTEGRATED_EVENT_BINDING,GENERATED_LOCAL_DEVELOPMENT_ONLY,False,6.763,RUNTIME_PRESENTED_ISOLATED_EVENT_TEST,NOT_ALL_NODES_REPLAYED_AT_THIS_HEAD,PENDING,NOT_CLEARED
orion_vell_puppet_imbalance_001,orion-vell:puppet_imbalance,Yin,pre,encounter_intro,A simple world is a quiet world.,INTEGRATED_EVENT_BINDING,GENERATED_LOCAL_DEVELOPMENT_ONLY,False,4.219,RUNTIME_PRESENTED_ISOLATED_EVENT_TEST,NOT_ALL_NODES_REPLAYED_AT_THIS_HEAD,PENDING,NOT_CLEARED
orion_vell_puppet_imbalance_002,orion-vell:puppet_imbalance,Yang,pre,encounter_intro,An ordered world is a world without mistakes.,INTEGRATED_EVENT_BINDING,GENERATED_LOCAL_DEVELOPMENT_ONLY,False,3.502,RUNTIME_PRESENTED_ISOLATED_EVENT_TEST,NOT_ALL_NODES_REPLAYED_AT_THIS_HEAD,PENDING,NOT_CLEARED
orion_vell_puppet_imbalance_003,orion-vell:puppet_imbalance,Orion,pre,encounter_intro,The imbalance is measurable. The stolen choices are not reducible to the measure.,INTEGRATED_EVENT_BINDING,GENERATED_LOCAL_DEVELOPMENT_ONLY,False,6.89,RUNTIME_PRESENTED_ISOLATED_EVENT_TEST,NOT_ALL_NODES_REPLAYED_AT_THIS_HEAD,PENDING,NOT_CLEARED
orion_vell_puppet_imbalance_004,orion-vell:puppet_imbalance,Orion,mid,puppet_contact,One side holds three of my friends. I can change that without taking their place.,INTEGRATED_EVENT_BINDING,GENERATED_LOCAL_DEVELOPMENT_ONLY,False,7.579,RUNTIME_PRESENTED_ISOLATED_EVENT_TEST,NOT_ALL_NODES_REPLAYED_AT_THIS_HEAD,PENDING,NOT_CLEARED
orion_vell_puppet_imbalance_005,orion-vell:puppet_imbalance,Orion,post,encounter_success,"I will ask, then act. Not merely predict.",INTEGRATED_EVENT_BINDING,GENERATED_LOCAL_DEVELOPMENT_ONLY,False,4.459,RUNTIME_PRESENTED_ISOLATED_EVENT_TEST,NOT_ALL_NODES_REPLAYED_AT_THIS_HEAD,PENDING,NOT_CLEARED
orion_vell_puppet_imbalance_006,orion-vell:puppet_imbalance,Vesper,post,encounter_success,"If you find the real me, please do not keep me as a souvenir.",INTEGRATED_EVENT_BINDING,GENERATED_LOCAL_DEVELOPMENT_ONLY,False,4.8,RUNTIME_PRESENTED_ISOLATED_EVENT_TEST,NOT_ALL_NODES_REPLAYED_AT_THIS_HEAD,PENDING,NOT_CLEARED
orion_vell_first_release_001,orion-vell:first_release,Orion,pre,encounter_intro,Their motion is still inside the mask.,INTEGRATED_EVENT_BINDING,GENERATED_LOCAL_DEVELOPMENT_ONLY,False,3.549,RUNTIME_PRESENTED_ISOLATED_EVENT_TEST,NOT_ALL_NODES_REPLAYED_AT_THIS_HEAD,PENDING,NOT_CLEARED
orion_vell_first_release_002,orion-vell:first_release,Yin,pre,encounter_intro,The mask removes the need to decide. How merciful.,INTEGRATED_EVENT_BINDING,GENERATED_LOCAL_DEVELOPMENT_ONLY,False,6.472,RUNTIME_PRESENTED_ISOLATED_EVENT_TEST,NOT_ALL_NODES_REPLAYED_AT_THIS_HEAD,PENDING,NOT_CLEARED
orion_vell_first_release_003,orion-vell:first_release,Orion,mid,release_ready,The vector is yours. I will stop steering it.,INTEGRATED_EVENT_BINDING,GENERATED_LOCAL_DEVELOPMENT_ONLY,False,4.553,RUNTIME_PRESENTED_ISOLATED_EVENT_TEST,NOT_ALL_NODES_REPLAYED_AT_THIS_HEAD,PENDING,NOT_CLEARED
orion_vell_first_release_004,orion-vell:first_release,Yang,mid,puppet_released,Restored variation is an uncorrected flaw.,INTEGRATED_EVENT_BINDING,GENERATED_LOCAL_DEVELOPMENT_ONLY,False,3.493,RUNTIME_PRESENTED_ISOLATED_EVENT_TEST,NOT_ALL_NODES_REPLAYED_AT_THIS_HEAD,PENDING,NOT_CLEARED
orion_vell_first_release_005,orion-vell:first_release,Orion,post,essence_earned,Your first real movement is yours. Keep it.,INTEGRATED_EVENT_BINDING,GENERATED_LOCAL_DEVELOPMENT_ONLY,False,4.576,RUNTIME_PRESENTED_ISOLATED_EVENT_TEST,NOT_ALL_NODES_REPLAYED_AT_THIS_HEAD,PENDING,NOT_CLEARED
orion_vell_first_release_006,orion-vell:first_release,Orion,post,essence_earned,A restored choice has no predetermined vector.,INTEGRATED_EVENT_BINDING,GENERATED_LOCAL_DEVELOPMENT_ONLY,False,4.06,RUNTIME_PRESENTED_ISOLATED_EVENT_TEST,NOT_ALL_NODES_REPLAYED_AT_THIS_HEAD,PENDING,NOT_CLEARED
orion_vell_equilibrium_001,orion-vell:equilibrium,Orion,pre,encounter_intro,A temporary equilibrium. The human cost remains.,INTEGRATED_EVENT_BINDING,GENERATED_LOCAL_DEVELOPMENT_ONLY,False,4.776,RUNTIME_PRESENTED_ISOLATED_EVENT_TEST,NOT_ALL_NODES_REPLAYED_AT_THIS_HEAD,PENDING,NOT_CLEARED
orion_vell_equilibrium_002,orion-vell:equilibrium,Orion,pre,encounter_intro,The competing claims are momentarily equal.,INTEGRATED_EVENT_BINDING,GENERATED_LOCAL_DEVELOPMENT_ONLY,False,3.888,RUNTIME_PRESENTED_ISOLATED_EVENT_TEST,NOT_ALL_NODES_REPLAYED_AT_THIS_HEAD,PENDING,NOT_CLEARED
orion_vell_equilibrium_003,orion-vell:equilibrium,Orion,mid,center_guard,Two forces balanced. Six lives still making choices.,INTEGRATED_EVENT_BINDING,GENERATED_LOCAL_DEVELOPMENT_ONLY,False,5.372,RUNTIME_PRESENTED_ISOLATED_EVENT_TEST,NOT_ALL_NODES_REPLAYED_AT_THIS_HEAD,PENDING,NOT_CLEARED
orion_vell_equilibrium_004,orion-vell:equilibrium,Yin,mid,center_guard,A pause is not defeat. Sometimes it is care.,INTEGRATED_EVENT_BINDING,GENERATED_LOCAL_DEVELOPMENT_ONLY,False,5.924,RUNTIME_PRESENTED_ISOLATED_EVENT_TEST,NOT_ALL_NODES_REPLAYED_AT_THIS_HEAD,PENDING,NOT_CLEARED
orion_vell_equilibrium_005,orion-vell:equilibrium,Yang,post,encounter_success,Symmetry is only the beginning of completion.,INTEGRATED_EVENT_BINDING,GENERATED_LOCAL_DEVELOPMENT_ONLY,False,3.338,RUNTIME_PRESENTED_ISOLATED_EVENT_TEST,NOT_ALL_NODES_REPLAYED_AT_THIS_HEAD,PENDING,NOT_CLEARED
orion_vell_equilibrium_006,orion-vell:equilibrium,Orion,post,encounter_success,I will stay close enough to hear what changes.,INTEGRATED_EVENT_BINDING,GENERATED_LOCAL_DEVELOPMENT_ONLY,False,4.249,RUNTIME_PRESENTED_ISOLATED_EVENT_TEST,NOT_ALL_NODES_REPLAYED_AT_THIS_HEAD,PENDING,NOT_CLEARED
orion_vell_dual_release_1_001,orion-vell:dual_release_1,Orion,pre,encounter_intro,Two trajectories diverge. That is not a malfunction.,INTEGRATED_EVENT_BINDING,GENERATED_LOCAL_DEVELOPMENT_ONLY,False,5.074,RUNTIME_PRESENTED_ISOLATED_EVENT_TEST,NOT_ALL_NODES_REPLAYED_AT_THIS_HEAD,PENDING,NOT_CLEARED
orion_vell_dual_release_1_002,orion-vell:dual_release_1,Yang,pre,encounter_intro,Partial definition is wasted effort.,INTEGRATED_EVENT_BINDING,GENERATED_LOCAL_DEVELOPMENT_ONLY,False,2.939,RUNTIME_PRESENTED_ISOLATED_EVENT_TEST,NOT_ALL_NODES_REPLAYED_AT_THIS_HEAD,PENDING,NOT_CLEARED
orion_vell_dual_release_1_003,orion-vell:dual_release_1,Orion,mid,release_ready,You are not pieces on my board.,INTEGRATED_EVENT_BINDING,GENERATED_LOCAL_DEVELOPMENT_ONLY,False,3.053,RUNTIME_PRESENTED_ISOLATED_EVENT_TEST,NOT_ALL_NODES_REPLAYED_AT_THIS_HEAD,PENDING,NOT_CLEARED
orion_vell_dual_release_1_004,orion-vell:dual_release_1,Yin,mid,puppet_released,Then allow them the peace of no decision.,INTEGRATED_EVENT_BINDING,GENERATED_LOCAL_DEVELOPMENT_ONLY,False,4.878,RUNTIME_PRESENTED_ISOLATED_EVENT_TEST,NOT_ALL_NODES_REPLAYED_AT_THIS_HEAD,PENDING,NOT_CLEARED
orion_vell_dual_release_1_005,orion-vell:dual_release_1,Orion,post,essence_earned,I release the vectors I was trying to command.,INTEGRATED_EVENT_BINDING,GENERATED_LOCAL_DEVELOPMENT_ONLY,False,4.27,RUNTIME_PRESENTED_ISOLATED_EVENT_TEST,NOT_ALL_NODES_REPLAYED_AT_THIS_HEAD,PENDING,NOT_CLEARED
orion_vell_dual_release_2_001,orion-vell:dual_release_2,Orion,pre,encounter_intro,Kaia taught me that a question is sometimes better than a model.,INTEGRATED_EVENT_BINDING,GENERATED_LOCAL_DEVELOPMENT_ONLY,False,5.62,RUNTIME_PRESENTED_ISOLATED_EVENT_TEST,NOT_ALL_NODES_REPLAYED_AT_THIS_HEAD,PENDING,NOT_CLEARED
orion_vell_dual_release_2_002,orion-vell:dual_release_2,Yin,pre,encounter_intro,To release them is to return their pain.,INTEGRATED_EVENT_BINDING,GENERATED_LOCAL_DEVELOPMENT_ONLY,False,4.679,RUNTIME_PRESENTED_ISOLATED_EVENT_TEST,NOT_ALL_NODES_REPLAYED_AT_THIS_HEAD,PENDING,NOT_CLEARED
orion_vell_dual_release_2_003,orion-vell:dual_release_2,Orion,mid,release_ready,And their laughter. Their anger. Their choices.,INTEGRATED_EVENT_BINDING,GENERATED_LOCAL_DEVELOPMENT_ONLY,False,4.517,RUNTIME_PRESENTED_ISOLATED_EVENT_TEST,NOT_ALL_NODES_REPLAYED_AT_THIS_HEAD,PENDING,NOT_CLEARED
orion_vell_dual_release_2_004,orion-vell:dual_release_2,Yang,mid,puppet_released,You cannot guarantee they will agree afterward.,INTEGRATED_EVENT_BINDING,GENERATED_LOCAL_DEVELOPMENT_ONLY,False,3.22,RUNTIME_PRESENTED_ISOLATED_EVENT_TEST,NOT_ALL_NODES_REPLAYED_AT_THIS_HEAD,PENDING,NOT_CLEARED
orion_vell_dual_release_2_005,orion-vell:dual_release_2,Orion,post,essence_earned,I am counting on them not to.,INTEGRATED_EVENT_BINDING,GENERATED_LOCAL_DEVELOPMENT_ONLY,False,2.904,RUNTIME_PRESENTED_ISOLATED_EVENT_TEST,NOT_ALL_NODES_REPLAYED_AT_THIS_HEAD,PENDING,NOT_CLEARED
orion_vell_dual_release_2_006,orion-vell:dual_release_2,Orion,post,essence_earned,I am asking the last two what they want.,INTEGRATED_EVENT_BINDING,GENERATED_LOCAL_DEVELOPMENT_ONLY,False,3.608,RUNTIME_PRESENTED_ISOLATED_EVENT_TEST,NOT_ALL_NODES_REPLAYED_AT_THIS_HEAD,PENDING,NOT_CLEARED
orion_vell_prismatic_gray_001,orion-vell:prismatic_gray,Yin,pre,encounter_intro,Every borrowed memory is another weight.,INTEGRATED_EVENT_BINDING,GENERATED_LOCAL_DEVELOPMENT_ONLY,False,3.991,RUNTIME_PRESENTED_ISOLATED_EVENT_TEST,NOT_ALL_NODES_REPLAYED_AT_THIS_HEAD,PENDING,NOT_CLEARED
orion_vell_prismatic_gray_002,orion-vell:prismatic_gray,Yang,pre,encounter_intro,"If you combine them perfectly, there will be no conflict left.",INTEGRATED_EVENT_BINDING,GENERATED_LOCAL_DEVELOPMENT_ONLY,False,5.105,RUNTIME_PRESENTED_ISOLATED_EVENT_TEST,NOT_ALL_NODES_REPLAYED_AT_THIS_HEAD,PENDING,NOT_CLEARED
orion_vell_prismatic_gray_003,orion-vell:prismatic_gray,Orion,pre,encounter_intro,I once studied every orbit from far above.,INTEGRATED_EVENT_BINDING,GENERATED_LOCAL_DEVELOPMENT_ONLY,False,4.117,RUNTIME_PRESENTED_ISOLATED_EVENT_TEST,NOT_ALL_NODES_REPLAYED_AT_THIS_HEAD,PENDING,NOT_CLEARED
orion_vell_prismatic_gray_004,orion-vell:prismatic_gray,Orion,mid,gray_signals_collected,Six people. Six choices I could not make for them.,INTEGRATED_EVENT_BINDING,GENERATED_LOCAL_DEVELOPMENT_ONLY,False,5.377,RUNTIME_PRESENTED_ISOLATED_EVENT_TEST,NOT_ALL_NODES_REPLAYED_AT_THIS_HEAD,PENDING,NOT_CLEARED
orion_vell_prismatic_gray_005,orion-vell:prismatic_gray,Orion,mid,transformation_started,Now I know what a hand reaching for another looks like from here.,INTEGRATED_EVENT_BINDING,GENERATED_LOCAL_DEVELOPMENT_ONLY,False,5.709,RUNTIME_PRESENTED_ISOLATED_EVENT_TEST,NOT_ALL_NODES_REPLAYED_AT_THIS_HEAD,PENDING,NOT_CLEARED
orion_vell_prismatic_gray_006,orion-vell:prismatic_gray,Orion,post,gray_manifested,You are still yourself. That is the point.,INTEGRATED_EVENT_BINDING,GENERATED_LOCAL_DEVELOPMENT_ONLY,False,3.972,RUNTIME_PRESENTED_ISOLATED_EVENT_TEST,NOT_ALL_NODES_REPLAYED_AT_THIS_HEAD,PENDING,NOT_CLEARED
orion_vell_prismatic_gray_007,orion-vell:prismatic_gray,Orion,post,gray_manifested,And this choice is mine.,INTEGRATED_EVENT_BINDING,GENERATED_LOCAL_DEVELOPMENT_ONLY,False,2.423,RUNTIME_PRESENTED_ISOLATED_EVENT_TEST,NOT_ALL_NODES_REPLAYED_AT_THIS_HEAD,PENDING,NOT_CLEARED
orion_vell_impossible_battle_2_001,orion-vell:impossible_battle_2,Yin,pre,encounter_intro,"The unknown deserves care, not deletion.",INTEGRATED_EVENT_BINDING,GENERATED_LOCAL_DEVELOPMENT_ONLY,False,6.099,RUNTIME_PRESENTED_ISOLATED_EVENT_TEST,NOT_ALL_NODES_REPLAYED_AT_THIS_HEAD,PENDING,NOT_CLEARED
orion_vell_impossible_battle_2_002,orion-vell:impossible_battle_2,Yang,pre,encounter_intro,The model must remain answerable to the people in it.,INTEGRATED_EVENT_BINDING,GENERATED_LOCAL_DEVELOPMENT_ONLY,False,3.929,RUNTIME_PRESENTED_ISOLATED_EVENT_TEST,NOT_ALL_NODES_REPLAYED_AT_THIS_HEAD,PENDING,NOT_CLEARED
orion_vell_impossible_battle_2_003,orion-vell:impossible_battle_2,Orion,pre,encounter_intro,"Yin, no equation can ask a grieving person whether they are ready.",INTEGRATED_EVENT_BINDING,GENERATED_LOCAL_DEVELOPMENT_ONLY,False,5.83,RUNTIME_PRESENTED_ISOLATED_EVENT_TEST,NOT_ALL_NODES_REPLAYED_AT_THIS_HEAD,PENDING,NOT_CLEARED
orion_vell_impossible_battle_2_004,orion-vell:impossible_battle_2,Orion,mid,gray_combat_action,"Yang, no theorem gives consent.",INTEGRATED_EVENT_BINDING,GENERATED_LOCAL_DEVELOPMENT_ONLY,False,3.347,RUNTIME_PRESENTED_ISOLATED_EVENT_TEST,NOT_ALL_NODES_REPLAYED_AT_THIS_HEAD,PENDING,NOT_CLEARED
orion_vell_impossible_battle_2_005,orion-vell:impossible_battle_2,Yin,mid,gray_combat_action,Then you accept that someone may be hurt again.,INTEGRATED_EVENT_BINDING,GENERATED_LOCAL_DEVELOPMENT_ONLY,False,5.68,RUNTIME_PRESENTED_ISOLATED_EVENT_TEST,NOT_ALL_NODES_REPLAYED_AT_THIS_HEAD,PENDING,NOT_CLEARED
orion_vell_impossible_battle_2_006,orion-vell:impossible_battle_2,Orion,mid,gray_combat_action,I accept that they remain someone who can choose.,INTEGRATED_EVENT_BINDING,GENERATED_LOCAL_DEVELOPMENT_ONLY,False,4.678,RUNTIME_PRESENTED_ISOLATED_EVENT_TEST,NOT_ALL_NODES_REPLAYED_AT_THIS_HEAD,PENDING,NOT_CLEARED
orion_vell_impossible_battle_2_007,orion-vell:impossible_battle_2,Yang,mid,gray_combat_action,You offer an unfinished design.,INTEGRATED_EVENT_BINDING,GENERATED_LOCAL_DEVELOPMENT_ONLY,False,2.537,RUNTIME_PRESENTED_ISOLATED_EVENT_TEST,NOT_ALL_NODES_REPLAYED_AT_THIS_HEAD,PENDING,NOT_CLEARED
orion_vell_impossible_battle_2_008,orion-vell:impossible_battle_2,Orion,post,encounter_success,"Yang, no theorem gives consent.",INTEGRATED_EVENT_BINDING,GENERATED_LOCAL_DEVELOPMENT_ONLY,False,3.347,RUNTIME_PRESENTED_ISOLATED_EVENT_TEST,NOT_ALL_NODES_REPLAYED_AT_THIS_HEAD,PENDING,NOT_CLEARED
orion_vell_impossible_battle_2_009,orion-vell:impossible_battle_2,Yin,post,encounter_success,A boundary with an opening. Unfamiliar.,INTEGRATED_EVENT_BINDING,GENERATED_LOCAL_DEVELOPMENT_ONLY,False,4.913,RUNTIME_PRESENTED_ISOLATED_EVENT_TEST,NOT_ALL_NODES_REPLAYED_AT_THIS_HEAD,PENDING,NOT_CLEARED
orion_vell_impossible_battle_2_010,orion-vell:impossible_battle_2,Yang,post,encounter_success,A pattern that may change itself. Unaccounted for.,INTEGRATED_EVENT_BINDING,GENERATED_LOCAL_DEVELOPMENT_ONLY,False,4.54,RUNTIME_PRESENTED_ISOLATED_EVENT_TEST,NOT_ALL_NODES_REPLAYED_AT_THIS_HEAD,PENDING,NOT_CLEARED
orion_vell_epilogue_001,orion-vell:epilogue,Orion,pre,scene_start,The forecast remains uncertain.,INTEGRATED_EVENT_BINDING,GENERATED_LOCAL_DEVELOPMENT_ONLY,False,2.917,RUNTIME_PRESENTED_ISOLATED_EVENT_TEST,NOT_ALL_NODES_REPLAYED_AT_THIS_HEAD,PENDING,NOT_CLEARED
orion_vell_epilogue_002,orion-vell:epilogue,Juno,pre,scene_start,Do we have to call this a victory? I would prefer food.,INTEGRATED_EVENT_BINDING,GENERATED_LOCAL_DEVELOPMENT_ONLY,False,3.243,RUNTIME_PRESENTED_ISOLATED_EVENT_TEST,NOT_ALL_NODES_REPLAYED_AT_THIS_HEAD,PENDING,NOT_CLEARED
orion_vell_epilogue_003,orion-vell:epilogue,Nix,pre,scene_start,Food can be scheduled. Argument cannot.,INTEGRATED_EVENT_BINDING,GENERATED_LOCAL_DEVELOPMENT_ONLY,False,3.602,RUNTIME_PRESENTED_ISOLATED_EVENT_TEST,NOT_ALL_NODES_REPLAYED_AT_THIS_HEAD,PENDING,NOT_CLEARED
orion_vell_epilogue_004,orion-vell:epilogue,Vesper,pre,scene_start,Who says the argument has to end?,INTEGRATED_EVENT_BINDING,GENERATED_LOCAL_DEVELOPMENT_ONLY,False,2.671,RUNTIME_PRESENTED_ISOLATED_EVENT_TEST,NOT_ALL_NODES_REPLAYED_AT_THIS_HEAD,PENDING,NOT_CLEARED
orion_vell_epilogue_005,orion-vell:epilogue,Rook,mid,scene_turn,It does not. Just make a space for it.,INTEGRATED_EVENT_BINDING,GENERATED_LOCAL_DEVELOPMENT_ONLY,False,4.248,RUNTIME_PRESENTED_ISOLATED_EVENT_TEST,NOT_ALL_NODES_REPLAYED_AT_THIS_HEAD,PENDING,NOT_CLEARED
orion_vell_epilogue_006,orion-vell:epilogue,Orion,post,scene_resolution,Good. Then there is still room to answer each other.,INTEGRATED_EVENT_BINDING,GENERATED_LOCAL_DEVELOPMENT_ONLY,False,4.784,RUNTIME_PRESENTED_ISOLATED_EVENT_TEST,NOT_ALL_NODES_REPLAYED_AT_THIS_HEAD,PENDING,NOT_CLEARED
orion_vell_epilogue_007,orion-vell:epilogue,Orion,post,scene_resolution,That will do. Until tomorrow.,INTEGRATED_EVENT_BINDING,GENERATED_LOCAL_DEVELOPMENT_ONLY,False,3.045,RUNTIME_PRESENTED_ISOLATED_EVENT_TEST,NOT_ALL_NODES_REPLAYED_AT_THIS_HEAD,PENDING,NOT_CLEARED
orion_vell_unlock_001,orion-vell:unlock,Orion,pre,scene_start,"I will remember the choices, not just the outcome.",INTEGRATED_EVENT_BINDING,GENERATED_LOCAL_DEVELOPMENT_ONLY,False,4.475,RUNTIME_PRESENTED_ISOLATED_EVENT_TEST,NOT_ALL_NODES_REPLAYED_AT_THIS_HEAD,PENDING,NOT_CLEARED
orion_vell_unlock_002,orion-vell:unlock,Orion,mid,scene_turn,Another color has found its own way to Gray.,INTEGRATED_EVENT_BINDING,GENERATED_LOCAL_DEVELOPMENT_ONLY,False,4.14,RUNTIME_PRESENTED_ISOLATED_EVENT_TEST,NOT_ALL_NODES_REPLAYED_AT_THIS_HEAD,PENDING,NOT_CLEARED
orion_vell_unlock_003,orion-vell:unlock,Orion,post,scene_resolution,Let the next story be told in its own voice.,INTEGRATED_EVENT_BINDING,GENERATED_LOCAL_DEVELOPMENT_ONLY,False,4.441,RUNTIME_PRESENTED_ISOLATED_EVENT_TEST,NOT_ALL_NODES_REPLAYED_AT_THIS_HEAD,PENDING,NOT_CLEARED
orion_vell_unlock_004,orion-vell:unlock,Orion,post,scene_resolution,The result is reproducible. The journey was not inevitable.,INTEGRATED_EVENT_BINDING,GENERATED_LOCAL_DEVELOPMENT_ONLY,False,5.304,RUNTIME_PRESENTED_ISOLATED_EVENT_TEST,NOT_ALL_NODES_REPLAYED_AT_THIS_HEAD,PENDING,NOT_CLEARED
vesper_nyx_prologue_001,vesper-nyx:prologue,Vesper,pre,encounter_intro,That alley has three exits.,INTEGRATED_EVENT_BINDING,GENERATED_LOCAL_DEVELOPMENT_ONLY,False,2.111,RUNTIME_PRESENTED_ISOLATED_EVENT_TEST,NOT_ALL_NODES_REPLAYED_AT_THIS_HEAD,PENDING,NOT_CLEARED
vesper_nyx_prologue_002,vesper-nyx:prologue,Vesper,pre,encounter_intro,You can see two.,INTEGRATED_EVENT_BINDING,GENERATED_LOCAL_DEVELOPMENT_ONLY,False,1.503,RUNTIME_PRESENTED_ISOLATED_EVENT_TEST,NOT_ALL_NODES_REPLAYED_AT_THIS_HEAD,PENDING,NOT_CLEARED
vesper_nyx_prologue_003,vesper-nyx:prologue,Yin,pre,encounter_intro,A silence lies beneath every unfinished argument.,INTEGRATED_EVENT_BINDING,GENERATED_LOCAL_DEVELOPMENT_ONLY,False,6.881,RUNTIME_PRESENTED_ISOLATED_EVENT_TEST,NOT_ALL_NODES_REPLAYED_AT_THIS_HEAD,PENDING,NOT_CLEARED
vesper_nyx_prologue_004,vesper-nyx:prologue,Yang,pre,encounter_intro,Every incomplete path can be corrected.,INTEGRATED_EVENT_BINDING,GENERATED_LOCAL_DEVELOPMENT_ONLY,False,3.192,RUNTIME_PRESENTED_ISOLATED_EVENT_TEST,NOT_ALL_NODES_REPLAYED_AT_THIS_HEAD,PENDING,NOT_CLEARED
vesper_nyx_prologue_005,vesper-nyx:prologue,Vesper,mid,combat_contact,A concealed truth is safer than a shared one.,INTEGRATED_EVENT_BINDING,GENERATED_LOCAL_DEVELOPMENT_ONLY,False,3.307,RUNTIME_PRESENTED_ISOLATED_EVENT_TEST,NOT_ALL_NODES_REPLAYED_AT_THIS_HEAD,PENDING,NOT_CLEARED
vesper_nyx_prologue_006,vesper-nyx:prologue,Vesper,post,encounter_success,"If nobody can pin me down, nobody can hurt me.",INTEGRATED_EVENT_BINDING,GENERATED_LOCAL_DEVELOPMENT_ONLY,False,3.977,RUNTIME_PRESENTED_ISOLATED_EVENT_TEST,NOT_ALL_NODES_REPLAYED_AT_THIS_HEAD,PENDING,NOT_CLEARED
vesper_nyx_recruit_orion_vell_001,vesper-nyx:recruit:orion-vell,Orion,pre,encounter_intro,The vectors overlap. This meeting was statistically probable.,INTEGRATED_EVENT_BINDING,GENERATED_LOCAL_DEVELOPMENT_ONLY,False,5.575,RUNTIME_PRESENTED_ISOLATED_EVENT_TEST,NOT_ALL_NODES_REPLAYED_AT_THIS_HEAD,PENDING,NOT_CLEARED
vesper_nyx_recruit_orion_vell_002,vesper-nyx:recruit:orion-vell,Vesper,pre,encounter_intro,Have you factored in a choice you do not expect?,INTEGRATED_EVENT_BINDING,GENERATED_LOCAL_DEVELOPMENT_ONLY,False,3.286,RUNTIME_PRESENTED_ISOLATED_EVENT_TEST,NOT_ALL_NODES_REPLAYED_AT_THIS_HEAD,PENDING,NOT_CLEARED
vesper_nyx_recruit_orion_vell_003,vesper-nyx:recruit:orion-vell,Orion,mid,combat_contact,Would you still be here if everyone could see you clearly?,INTEGRATED_EVENT_BINDING,GENERATED_LOCAL_DEVELOPMENT_ONLY,False,4.963,RUNTIME_PRESENTED_ISOLATED_EVENT_TEST,NOT_ALL_NODES_REPLAYED_AT_THIS_HEAD,PENDING,NOT_CLEARED
vesper_nyx_recruit_orion_vell_004,vesper-nyx:recruit:orion-vell,Vesper,mid,combat_contact,I could dodge that question. I will not.,INTEGRATED_EVENT_BINDING,GENERATED_LOCAL_DEVELOPMENT_ONLY,False,3.156,RUNTIME_PRESENTED_ISOLATED_EVENT_TEST,NOT_ALL_NODES_REPLAYED_AT_THIS_HEAD,PENDING,NOT_CLEARED
vesper_nyx_recruit_orion_vell_005,vesper-nyx:recruit:orion-vell,Orion,post,encounter_success,That variable has my attention now.,INTEGRATED_EVENT_BINDING,GENERATED_LOCAL_DEVELOPMENT_ONLY,False,3.434,RUNTIME_PRESENTED_ISOLATED_EVENT_TEST,NOT_ALL_NODES_REPLAYED_AT_THIS_HEAD,PENDING,NOT_CLEARED
vesper_nyx_recruit_orion_vell_006,vesper-nyx:recruit:orion-vell,Vesper,post,encounter_success,You can trust me to be unpredictable.,INTEGRATED_EVENT_BINDING,GENERATED_LOCAL_DEVELOPMENT_ONLY,False,2.792,RUNTIME_PRESENTED_ISOLATED_EVENT_TEST,NOT_ALL_NODES_REPLAYED_AT_THIS_HEAD,PENDING,NOT_CLEARED
vesper_nyx_recruit_ember_vale_001,vesper-nyx:recruit:ember-vale,Ember,pre,encounter_intro,I would rather lose a fight than a chance to act.,INTEGRATED_EVENT_BINDING,GENERATED_LOCAL_DEVELOPMENT_ONLY,False,2.889,RUNTIME_PRESENTED_ISOLATED_EVENT_TEST,NOT_ALL_NODES_REPLAYED_AT_THIS_HEAD,PENDING,NOT_CLEARED
vesper_nyx_recruit_ember_vale_002,vesper-nyx:recruit:ember-vale,Vesper,pre,encounter_intro,And what happens when you push straight through someone else?,INTEGRATED_EVENT_BINDING,GENERATED_LOCAL_DEVELOPMENT_ONLY,False,3.801,RUNTIME_PRESENTED_ISOLATED_EVENT_TEST,NOT_ALL_NODES_REPLAYED_AT_THIS_HEAD,PENDING,NOT_CLEARED
vesper_nyx_recruit_ember_vale_003,vesper-nyx:recruit:ember-vale,Ember,mid,combat_contact,Would you still be here if everyone could see you clearly?,INTEGRATED_EVENT_BINDING,GENERATED_LOCAL_DEVELOPMENT_ONLY,False,3.355,RUNTIME_PRESENTED_ISOLATED_EVENT_TEST,NOT_ALL_NODES_REPLAYED_AT_THIS_HEAD,PENDING,NOT_CLEARED
vesper_nyx_recruit_ember_vale_004,vesper-nyx:recruit:ember-vale,Vesper,mid,combat_contact,I could dodge that question. I will not.,INTEGRATED_EVENT_BINDING,GENERATED_LOCAL_DEVELOPMENT_ONLY,False,3.156,RUNTIME_PRESENTED_ISOLATED_EVENT_TEST,NOT_ALL_NODES_REPLAYED_AT_THIS_HEAD,PENDING,NOT_CLEARED
vesper_nyx_recruit_ember_vale_005,vesper-nyx:recruit:ember-vale,Ember,post,encounter_success,Fine. I will follow as long as we keep moving.,INTEGRATED_EVENT_BINDING,GENERATED_LOCAL_DEVELOPMENT_ONLY,False,3.412,RUNTIME_PRESENTED_ISOLATED_EVENT_TEST,NOT_ALL_NODES_REPLAYED_AT_THIS_HEAD,PENDING,NOT_CLEARED
vesper_nyx_recruit_ember_vale_006,vesper-nyx:recruit:ember-vale,Vesper,post,encounter_success,"No, that is not trust. I know.",INTEGRATED_EVENT_BINDING,GENERATED_LOCAL_DEVELOPMENT_ONLY,False,3.071,RUNTIME_PRESENTED_ISOLATED_EVENT_TEST,NOT_ALL_NODES_REPLAYED_AT_THIS_HEAD,PENDING,NOT_CLEARED
vesper_nyx_recruit_nix_calder_001,vesper-nyx:recruit:nix-calder,Nix,pre,encounter_intro,"I can secure this area, provided everyone follows the instructions.",INTEGRATED_EVENT_BINDING,GENERATED_LOCAL_DEVELOPMENT_ONLY,False,5.573,RUNTIME_PRESENTED_ISOLATED_EVENT_TEST,NOT_ALL_NODES_REPLAYED_AT_THIS_HEAD,PENDING,NOT_CLEARED
vesper_nyx_recruit_nix_calder_002,vesper-nyx:recruit:nix-calder,Vesper,pre,encounter_intro,What if the instructions fail the people they protect?,INTEGRATED_EVENT_BINDING,GENERATED_LOCAL_DEVELOPMENT_ONLY,False,3.802,RUNTIME_PRESENTED_ISOLATED_EVENT_TEST,NOT_ALL_NODES_REPLAYED_AT_THIS_HEAD,PENDING,NOT_CLEARED
vesper_nyx_recruit_nix_calder_003,vesper-nyx:recruit:nix-calder,Nix,mid,combat_contact,Would you still be here if everyone could see you clearly?,INTEGRATED_EVENT_BINDING,GENERATED_LOCAL_DEVELOPMENT_ONLY,False,4.455,RUNTIME_PRESENTED_ISOLATED_EVENT_TEST,NOT_ALL_NODES_REPLAYED_AT_THIS_HEAD,PENDING,NOT_CLEARED
vesper_nyx_recruit_nix_calder_004,vesper-nyx:recruit:nix-calder,Vesper,mid,combat_contact,I could dodge that question. I will not.,INTEGRATED_EVENT_BINDING,GENERATED_LOCAL_DEVELOPMENT_ONLY,False,3.156,RUNTIME_PRESENTED_ISOLATED_EVENT_TEST,NOT_ALL_NODES_REPLAYED_AT_THIS_HEAD,PENDING,NOT_CLEARED
vesper_nyx_recruit_nix_calder_005,vesper-nyx:recruit:nix-calder,Nix,post,encounter_success,An amended plan is better than a perfect failure.,INTEGRATED_EVENT_BINDING,GENERATED_LOCAL_DEVELOPMENT_ONLY,False,3.828,RUNTIME_PRESENTED_ISOLATED_EVENT_TEST,NOT_ALL_NODES_REPLAYED_AT_THIS_HEAD,PENDING,NOT_CLEARED
vesper_nyx_recruit_nix_calder_006,vesper-nyx:recruit:nix-calder,Vesper,post,encounter_success,Ask me one question. I will answer it straight.,INTEGRATED_EVENT_BINDING,GENERATED_LOCAL_DEVELOPMENT_ONLY,False,3.748,RUNTIME_PRESENTED_ISOLATED_EVENT_TEST,NOT_ALL_NODES_REPLAYED_AT_THIS_HEAD,PENDING,NOT_CLEARED
vesper_nyx_recruit_rook_ironside_001,vesper-nyx:recruit:rook-ironside,Rook,pre,encounter_intro,I will stand between danger and the people behind me.,INTEGRATED_EVENT_BINDING,GENERATED_LOCAL_DEVELOPMENT_ONLY,False,5.1,RUNTIME_PRESENTED_ISOLATED_EVENT_TEST,NOT_ALL_NODES_REPLAYED_AT_THIS_HEAD,PENDING,NOT_CLEARED
vesper_nyx_recruit_rook_ironside_002,vesper-nyx:recruit:rook-ironside,Vesper,pre,encounter_intro,What if I do not want to stand behind you?,INTEGRATED_EVENT_BINDING,GENERATED_LOCAL_DEVELOPMENT_ONLY,False,3.165,RUNTIME_PRESENTED_ISOLATED_EVENT_TEST,NOT_ALL_NODES_REPLAYED_AT_THIS_HEAD,PENDING,NOT_CLEARED
vesper_nyx_recruit_rook_ironside_003,vesper-nyx:recruit:rook-ironside,Rook,mid,combat_contact,Would you still be here if everyone could see you clearly?,INTEGRATED_EVENT_BINDING,GENERATED_LOCAL_DEVELOPMENT_ONLY,False,5.261,RUNTIME_PRESENTED_ISOLATED_EVENT_TEST,NOT_ALL_NODES_REPLAYED_AT_THIS_HEAD,PENDING,NOT_CLEARED
vesper_nyx_recruit_rook_ironside_004,vesper-nyx:recruit:rook-ironside,Vesper,mid,combat_contact,I could dodge that question. I will not.,INTEGRATED_EVENT_BINDING,GENERATED_LOCAL_DEVELOPMENT_ONLY,False,3.156,RUNTIME_PRESENTED_ISOLATED_EVENT_TEST,NOT_ALL_NODES_REPLAYED_AT_THIS_HEAD,PENDING,NOT_CLEARED
vesper_nyx_recruit_rook_ironside_005,vesper-nyx:recruit:rook-ironside,Rook,post,encounter_success,Then take the open side. I will keep it open.,INTEGRATED_EVENT_BINDING,GENERATED_LOCAL_DEVELOPMENT_ONLY,False,5.181,RUNTIME_PRESENTED_ISOLATED_EVENT_TEST,NOT_ALL_NODES_REPLAYED_AT_THIS_HEAD,PENDING,NOT_CLEARED
vesper_nyx_recruit_rook_ironside_006,vesper-nyx:recruit:rook-ironside,Vesper,post,encounter_success,You can trust me to be unpredictable.,INTEGRATED_EVENT_BINDING,GENERATED_LOCAL_DEVELOPMENT_ONLY,False,2.792,RUNTIME_PRESENTED_ISOLATED_EVENT_TEST,NOT_ALL_NODES_REPLAYED_AT_THIS_HEAD,PENDING,NOT_CLEARED
vesper_nyx_recruit_kaia_windrow_001,vesper-nyx:recruit:kaia-windrow,Kaia,pre,encounter_intro,"Before we argue, tell me what you are afraid of losing.",INTEGRATED_EVENT_BINDING,GENERATED_LOCAL_DEVELOPMENT_ONLY,False,4.546,RUNTIME_PRESENTED_ISOLATED_EVENT_TEST,NOT_ALL_NODES_REPLAYED_AT_THIS_HEAD,PENDING,NOT_CLEARED
vesper_nyx_recruit_kaia_windrow_002,vesper-nyx:recruit:kaia-windrow,Vesper,pre,encounter_intro,Listening might cost more time than we have. Is it worth it?,INTEGRATED_EVENT_BINDING,GENERATED_LOCAL_DEVELOPMENT_ONLY,False,4.552,RUNTIME_PRESENTED_ISOLATED_EVENT_TEST,NOT_ALL_NODES_REPLAYED_AT_THIS_HEAD,PENDING,NOT_CLEARED
vesper_nyx_recruit_kaia_windrow_003,vesper-nyx:recruit:kaia-windrow,Kaia,mid,combat_contact,Would you still be here if everyone could see you clearly?,INTEGRATED_EVENT_BINDING,GENERATED_LOCAL_DEVELOPMENT_ONLY,False,4.465,RUNTIME_PRESENTED_ISOLATED_EVENT_TEST,NOT_ALL_NODES_REPLAYED_AT_THIS_HEAD,PENDING,NOT_CLEARED
vesper_nyx_recruit_kaia_windrow_004,vesper-nyx:recruit:kaia-windrow,Vesper,mid,combat_contact,I could dodge that question. I will not.,INTEGRATED_EVENT_BINDING,GENERATED_LOCAL_DEVELOPMENT_ONLY,False,3.156,RUNTIME_PRESENTED_ISOLATED_EVENT_TEST,NOT_ALL_NODES_REPLAYED_AT_THIS_HEAD,PENDING,NOT_CLEARED
vesper_nyx_recruit_kaia_windrow_005,vesper-nyx:recruit:kaia-windrow,Kaia,post,encounter_success,We can start by disagreeing honestly.,INTEGRATED_EVENT_BINDING,GENERATED_LOCAL_DEVELOPMENT_ONLY,False,2.967,RUNTIME_PRESENTED_ISOLATED_EVENT_TEST,NOT_ALL_NODES_REPLAYED_AT_THIS_HEAD,PENDING,NOT_CLEARED
vesper_nyx_recruit_kaia_windrow_006,vesper-nyx:recruit:kaia-windrow,Vesper,post,encounter_success,"No, that is not trust. I know.",INTEGRATED_EVENT_BINDING,GENERATED_LOCAL_DEVELOPMENT_ONLY,False,3.071,RUNTIME_PRESENTED_ISOLATED_EVENT_TEST,NOT_ALL_NODES_REPLAYED_AT_THIS_HEAD,PENDING,NOT_CLEARED
vesper_nyx_recruit_juno_spark_001,vesper-nyx:recruit:juno-spark,Juno,pre,encounter_intro,I spotted three routes. Want the good one or the fast one?,INTEGRATED_EVENT_BINDING,GENERATED_LOCAL_DEVELOPMENT_ONLY,False,3.556,RUNTIME_PRESENTED_ISOLATED_EVENT_TEST,NOT_ALL_NODES_REPLAYED_AT_THIS_HEAD,PENDING,NOT_CLEARED
vesper_nyx_recruit_juno_spark_002,vesper-nyx:recruit:juno-spark,Vesper,pre,encounter_intro,And if the fast route leaves somebody else stranded?,INTEGRATED_EVENT_BINDING,GENERATED_LOCAL_DEVELOPMENT_ONLY,False,3.694,RUNTIME_PRESENTED_ISOLATED_EVENT_TEST,NOT_ALL_NODES_REPLAYED_AT_THIS_HEAD,PENDING,NOT_CLEARED
vesper_nyx_recruit_juno_spark_003,vesper-nyx:recruit:juno-spark,Juno,mid,combat_contact,Would you still be here if everyone could see you clearly?,INTEGRATED_EVENT_BINDING,GENERATED_LOCAL_DEVELOPMENT_ONLY,False,3.005,RUNTIME_PRESENTED_ISOLATED_EVENT_TEST,NOT_ALL_NODES_REPLAYED_AT_THIS_HEAD,PENDING,NOT_CLEARED
vesper_nyx_recruit_juno_spark_004,vesper-nyx:recruit:juno-spark,Vesper,mid,combat_contact,I could dodge that question. I will not.,INTEGRATED_EVENT_BINDING,GENERATED_LOCAL_DEVELOPMENT_ONLY,False,3.156,RUNTIME_PRESENTED_ISOLATED_EVENT_TEST,NOT_ALL_NODES_REPLAYED_AT_THIS_HEAD,PENDING,NOT_CLEARED
vesper_nyx_recruit_juno_spark_005,vesper-nyx:recruit:juno-spark,Juno,post,encounter_success,Okay. The good route first. I can still make it fast.,INTEGRATED_EVENT_BINDING,GENERATED_LOCAL_DEVELOPMENT_ONLY,False,3.527,RUNTIME_PRESENTED_ISOLATED_EVENT_TEST,NOT_ALL_NODES_REPLAYED_AT_THIS_HEAD,PENDING,NOT_CLEARED
vesper_nyx_recruit_juno_spark_006,vesper-nyx:recruit:juno-spark,Vesper,post,encounter_success,Ask me one question. I will answer it straight.,INTEGRATED_EVENT_BINDING,GENERATED_LOCAL_DEVELOPMENT_ONLY,False,3.748,RUNTIME_PRESENTED_ISOLATED_EVENT_TEST,NOT_ALL_NODES_REPLAYED_AT_THIS_HEAD,PENDING,NOT_CLEARED
vesper_nyx_accord_001,vesper-nyx:accord,Vesper,pre,scene_start,You all keep finding the truth under my jokes.,INTEGRATED_EVENT_BINDING,GENERATED_LOCAL_DEVELOPMENT_ONLY,False,3.434,RUNTIME_PRESENTED_ISOLATED_EVENT_TEST,NOT_ALL_NODES_REPLAYED_AT_THIS_HEAD,PENDING,NOT_CLEARED
vesper_nyx_accord_002,vesper-nyx:accord,Ember,pre,scene_start,"Are we actually doing this, or arguing until dawn?",INTEGRATED_EVENT_BINDING,GENERATED_LOCAL_DEVELOPMENT_ONLY,False,3.324,RUNTIME_PRESENTED_ISOLATED_EVENT_TEST,NOT_ALL_NODES_REPLAYED_AT_THIS_HEAD,PENDING,NOT_CLEARED
vesper_nyx_accord_003,vesper-nyx:accord,Nix,pre,scene_start,Those are not mutually exclusive activities.,INTEGRATED_EVENT_BINDING,GENERATED_LOCAL_DEVELOPMENT_ONLY,False,3.642,RUNTIME_PRESENTED_ISOLATED_EVENT_TEST,NOT_ALL_NODES_REPLAYED_AT_THIS_HEAD,PENDING,NOT_CLEARED
vesper_nyx_accord_004,vesper-nyx:accord,Juno,pre,scene_start,"I vote for arguing while walking. Efficient, entertaining.",INTEGRATED_EVENT_BINDING,GENERATED_LOCAL_DEVELOPMENT_ONLY,False,3.609,RUNTIME_PRESENTED_ISOLATED_EVENT_TEST,NOT_ALL_NODES_REPLAYED_AT_THIS_HEAD,PENDING,NOT_CLEARED
vesper_nyx_accord_005,vesper-nyx:accord,Rook,pre,scene_start,Stay where I can see you. Not where I can command you.,INTEGRATED_EVENT_BINDING,GENERATED_LOCAL_DEVELOPMENT_ONLY,False,5.732,RUNTIME_PRESENTED_ISOLATED_EVENT_TEST,NOT_ALL_NODES_REPLAYED_AT_THIS_HEAD,PENDING,NOT_CLEARED
vesper_nyx_accord_006,vesper-nyx:accord,Vesper,pre,scene_start,That sounded almost like trust.,INTEGRATED_EVENT_BINDING,GENERATED_LOCAL_DEVELOPMENT_ONLY,False,2.53,RUNTIME_PRESENTED_ISOLATED_EVENT_TEST,NOT_ALL_NODES_REPLAYED_AT_THIS_HEAD,PENDING,NOT_CLEARED
vesper_nyx_accord_007,vesper-nyx:accord,Orion,pre,scene_start,It is an unfamiliar but testable arrangement.,INTEGRATED_EVENT_BINDING,GENERATED_LOCAL_DEVELOPMENT_ONLY,False,4.106,RUNTIME_PRESENTED_ISOLATED_EVENT_TEST,NOT_ALL_NODES_REPLAYED_AT_THIS_HEAD,PENDING,NOT_CLEARED
vesper_nyx_accord_008,vesper-nyx:accord,Kaia,post,scene_resolution,We have seven answers. We do not need one voice.,INTEGRATED_EVENT_BINDING,GENERATED_LOCAL_DEVELOPMENT_ONLY,False,4.427,RUNTIME_PRESENTED_ISOLATED_EVENT_TEST,NOT_ALL_NODES_REPLAYED_AT_THIS_HEAD,PENDING,NOT_CLEARED
vesper_nyx_accord_009,vesper-nyx:accord,Vesper,post,scene_resolution,Do not look so pleased about it.,INTEGRATED_EVENT_BINDING,GENERATED_LOCAL_DEVELOPMENT_ONLY,False,2.523,RUNTIME_PRESENTED_ISOLATED_EVENT_TEST,NOT_ALL_NODES_REPLAYED_AT_THIS_HEAD,PENDING,NOT_CLEARED
vesper_nyx_catastrophe_001,vesper-nyx:catastrophe,Yin,pre,scene_start,A silence could protect every secret you have buried.,INTEGRATED_EVENT_BINDING,GENERATED_LOCAL_DEVELOPMENT_ONLY,False,7.342,RUNTIME_PRESENTED_ISOLATED_EVENT_TEST,NOT_ALL_NODES_REPLAYED_AT_THIS_HEAD,PENDING,NOT_CLEARED
vesper_nyx_catastrophe_002,vesper-nyx:catastrophe,Yang,pre,scene_start,Your hidden truth could be exposed without uncertainty.,INTEGRATED_EVENT_BINDING,GENERATED_LOCAL_DEVELOPMENT_ONLY,False,4.0,RUNTIME_PRESENTED_ISOLATED_EVENT_TEST,NOT_ALL_NODES_REPLAYED_AT_THIS_HEAD,PENDING,NOT_CLEARED
vesper_nyx_catastrophe_003,vesper-nyx:catastrophe,Ember,pre,scene_start,Nobody gave you the right to rearrange us.,INTEGRATED_EVENT_BINDING,GENERATED_LOCAL_DEVELOPMENT_ONLY,False,2.613,RUNTIME_PRESENTED_ISOLATED_EVENT_TEST,NOT_ALL_NODES_REPLAYED_AT_THIS_HEAD,PENDING,NOT_CLEARED
vesper_nyx_catastrophe_004,vesper-nyx:catastrophe,Nix,pre,scene_start,Your proposed structure contains no consent pathway.,INTEGRATED_EVENT_BINDING,GENERATED_LOCAL_DEVELOPMENT_ONLY,False,4.399,RUNTIME_PRESENTED_ISOLATED_EVENT_TEST,NOT_ALL_NODES_REPLAYED_AT_THIS_HEAD,PENDING,NOT_CLEARED
vesper_nyx_catastrophe_005,vesper-nyx:catastrophe,Yin,pre,scene_start,Consent requires a self willing to suffer. I offer release.,INTEGRATED_EVENT_BINDING,GENERATED_LOCAL_DEVELOPMENT_ONLY,False,7.22,RUNTIME_PRESENTED_ISOLATED_EVENT_TEST,NOT_ALL_NODES_REPLAYED_AT_THIS_HEAD,PENDING,NOT_CLEARED
vesper_nyx_catastrophe_006,vesper-nyx:catastrophe,Yang,pre,scene_start,Consent is unnecessary when no misunderstanding remains.,INTEGRATED_EVENT_BINDING,GENERATED_LOCAL_DEVELOPMENT_ONLY,False,4.519,RUNTIME_PRESENTED_ISOLATED_EVENT_TEST,NOT_ALL_NODES_REPLAYED_AT_THIS_HEAD,PENDING,NOT_CLEARED
vesper_nyx_catastrophe_007,vesper-nyx:catastrophe,Vesper,mid,scene_turn,A concealed truth is safer than a shared one.,INTEGRATED_EVENT_BINDING,GENERATED_LOCAL_DEVELOPMENT_ONLY,False,3.307,RUNTIME_PRESENTED_ISOLATED_EVENT_TEST,NOT_ALL_NODES_REPLAYED_AT_THIS_HEAD,PENDING,NOT_CLEARED
vesper_nyx_catastrophe_008,vesper-nyx:catastrophe,Kaia,mid,scene_turn,We are not yours to solve.,INTEGRATED_EVENT_BINDING,GENERATED_LOCAL_DEVELOPMENT_ONLY,False,2.5,RUNTIME_PRESENTED_ISOLATED_EVENT_TEST,NOT_ALL_NODES_REPLAYED_AT_THIS_HEAD,PENDING,NOT_CLEARED
vesper_nyx_catastrophe_009,vesper-nyx:catastrophe,Rook,post,scene_resolution,Then we hold together.,INTEGRATED_EVENT_BINDING,GENERATED_LOCAL_DEVELOPMENT_ONLY,False,2.55,RUNTIME_PRESENTED_ISOLATED_EVENT_TEST,NOT_ALL_NODES_REPLAYED_AT_THIS_HEAD,PENDING,NOT_CLEARED
vesper_nyx_catastrophe_010,vesper-nyx:catastrophe,Vesper,post,scene_resolution,"For once, I have nothing clever to add.",INTEGRATED_EVENT_BINDING,GENERATED_LOCAL_DEVELOPMENT_ONLY,False,3.182,RUNTIME_PRESENTED_ISOLATED_EVENT_TEST,NOT_ALL_NODES_REPLAYED_AT_THIS_HEAD,PENDING,NOT_CLEARED
vesper_nyx_impossible_battle_1_001,vesper-nyx:impossible_battle_1,Yang,pre,encounter_intro,You mistake the size of the disagreement for the depth of it.,INTEGRATED_EVENT_BINDING,GENERATED_LOCAL_DEVELOPMENT_ONLY,False,4.075,RUNTIME_PRESENTED_ISOLATED_EVENT_TEST,NOT_ALL_NODES_REPLAYED_AT_THIS_HEAD,PENDING,NOT_CLEARED
vesper_nyx_impossible_battle_1_002,vesper-nyx:impossible_battle_1,Vesper,pre,encounter_intro,Then we are going to test your certainty.,INTEGRATED_EVENT_BINDING,GENERATED_LOCAL_DEVELOPMENT_ONLY,False,2.945,RUNTIME_PRESENTED_ISOLATED_EVENT_TEST,NOT_ALL_NODES_REPLAYED_AT_THIS_HEAD,PENDING,NOT_CLEARED
vesper_nyx_impossible_battle_1_003,vesper-nyx:impossible_battle_1,Yin,mid,cosmic_engaged,Every strike ends. Every heartbeat asks for rest.,INTEGRATED_EVENT_BINDING,GENERATED_LOCAL_DEVELOPMENT_ONLY,False,6.331,RUNTIME_PRESENTED_ISOLATED_EVENT_TEST,NOT_ALL_NODES_REPLAYED_AT_THIS_HEAD,PENDING,NOT_CLEARED
vesper_nyx_impossible_battle_1_004,vesper-nyx:impossible_battle_1,Orion,mid,cosmic_engaged,"Our attacks are changing nothing. The field responds to allegiance, not impact.",INTEGRATED_EVENT_BINDING,GENERATED_LOCAL_DEVELOPMENT_ONLY,False,7.173,RUNTIME_PRESENTED_ISOLATED_EVENT_TEST,NOT_ALL_NODES_REPLAYED_AT_THIS_HEAD,PENDING,NOT_CLEARED
vesper_nyx_impossible_battle_1_005,vesper-nyx:impossible_battle_1,Vesper,post,encounter_success,The fight was never about who hit harder.,INTEGRATED_EVENT_BINDING,GENERATED_LOCAL_DEVELOPMENT_ONLY,False,3.237,RUNTIME_PRESENTED_ISOLATED_EVENT_TEST,NOT_ALL_NODES_REPLAYED_AT_THIS_HEAD,PENDING,NOT_CLEARED
vesper_nyx_impossible_battle_1_006,vesper-nyx:impossible_battle_1,Yang,post,encounter_success,"At last, you have begun to observe.",INTEGRATED_EVENT_BINDING,GENERATED_LOCAL_DEVELOPMENT_ONLY,False,3.266,RUNTIME_PRESENTED_ISOLATED_EVENT_TEST,NOT_ALL_NODES_REPLAYED_AT_THIS_HEAD,PENDING,NOT_CLEARED
vesper_nyx_first_loss_001,vesper-nyx:first_loss,Ember,pre,encounter_intro,Which of those signals is yours?,INTEGRATED_EVENT_BINDING,GENERATED_LOCAL_DEVELOPMENT_ONLY,False,2.131,RUNTIME_PRESENTED_ISOLATED_EVENT_TEST,NOT_ALL_NODES_REPLAYED_AT_THIS_HEAD,PENDING,NOT_CLEARED
vesper_nyx_first_loss_002,vesper-nyx:first_loss,Vesper,pre,encounter_intro,They all look convincing from here.,INTEGRATED_EVENT_BINDING,GENERATED_LOCAL_DEVELOPMENT_ONLY,False,2.632,RUNTIME_PRESENTED_ISOLATED_EVENT_TEST,NOT_ALL_NODES_REPLAYED_AT_THIS_HEAD,PENDING,NOT_CLEARED
vesper_nyx_first_loss_003,vesper-nyx:first_loss,Ember,pre,encounter_intro,This is not the moment for tricks.,INTEGRATED_EVENT_BINDING,GENERATED_LOCAL_DEVELOPMENT_ONLY,False,2.232,RUNTIME_PRESENTED_ISOLATED_EVENT_TEST,NOT_ALL_NODES_REPLAYED_AT_THIS_HEAD,PENDING,NOT_CLEARED
vesper_nyx_first_loss_004,vesper-nyx:first_loss,Vesper,pre,encounter_intro,I was afraid you would follow me and get hurt.,INTEGRATED_EVENT_BINDING,GENERATED_LOCAL_DEVELOPMENT_ONLY,False,3.378,RUNTIME_PRESENTED_ISOLATED_EVENT_TEST,NOT_ALL_NODES_REPLAYED_AT_THIS_HEAD,PENDING,NOT_CLEARED
vesper_nyx_first_loss_005,vesper-nyx:first_loss,Ember,mid,decision_made,I can decide that if you tell me the truth.,INTEGRATED_EVENT_BINDING,GENERATED_LOCAL_DEVELOPMENT_ONLY,False,2.991,RUNTIME_PRESENTED_ISOLATED_EVENT_TEST,NOT_ALL_NODES_REPLAYED_AT_THIS_HEAD,PENDING,NOT_CLEARED
vesper_nyx_first_loss_006,vesper-nyx:first_loss,Vesper,mid,decision_made,The real passage is behind the left echo.,INTEGRATED_EVENT_BINDING,GENERATED_LOCAL_DEVELOPMENT_ONLY,False,3.271,RUNTIME_PRESENTED_ISOLATED_EVENT_TEST,NOT_ALL_NODES_REPLAYED_AT_THIS_HEAD,PENDING,NOT_CLEARED
vesper_nyx_first_loss_007,vesper-nyx:first_loss,Ember,mid,first_loss_signal,Then why mark the others?,INTEGRATED_EVENT_BINDING,GENERATED_LOCAL_DEVELOPMENT_ONLY,False,1.848,RUNTIME_PRESENTED_ISOLATED_EVENT_TEST,NOT_ALL_NODES_REPLAYED_AT_THIS_HEAD,PENDING,NOT_CLEARED
vesper_nyx_first_loss_008,vesper-nyx:first_loss,Vesper,mid,first_loss_signal,So nobody would find me when I failed.,INTEGRATED_EVENT_BINDING,GENERATED_LOCAL_DEVELOPMENT_ONLY,False,3.281,RUNTIME_PRESENTED_ISOLATED_EVENT_TEST,NOT_ALL_NODES_REPLAYED_AT_THIS_HEAD,PENDING,NOT_CLEARED
vesper_nyx_first_loss_009,vesper-nyx:first_loss,Ember,post,first_loss_resolved,"Vesper, I need you to be real with me.",INTEGRATED_EVENT_BINDING,GENERATED_LOCAL_DEVELOPMENT_ONLY,False,2.774,RUNTIME_PRESENTED_ISOLATED_EVENT_TEST,NOT_ALL_NODES_REPLAYED_AT_THIS_HEAD,PENDING,NOT_CLEARED
vesper_nyx_first_loss_010,vesper-nyx:first_loss,Vesper,post,first_loss_resolved,I am here. I am afraid.,INTEGRATED_EVENT_BINDING,GENERATED_LOCAL_DEVELOPMENT_ONLY,False,2.356,RUNTIME_PRESENTED_ISOLATED_EVENT_TEST,NOT_ALL_NODES_REPLAYED_AT_THIS_HEAD,PENDING,NOT_CLEARED
vesper_nyx_first_loss_011,vesper-nyx:first_loss,Ember,post,first_loss_resolved,Then leave the light on. I am coming.,INTEGRATED_EVENT_BINDING,GENERATED_LOCAL_DEVELOPMENT_ONLY,False,2.844,RUNTIME_PRESENTED_ISOLATED_EVENT_TEST,NOT_ALL_NODES_REPLAYED_AT_THIS_HEAD,PENDING,NOT_CLEARED
vesper_nyx_first_loss_012,vesper-nyx:first_loss,Vesper,post,first_loss_resolved,I kept the truth until it cost us the path.,INTEGRATED_EVENT_BINDING,GENERATED_LOCAL_DEVELOPMENT_ONLY,False,3.797,RUNTIME_PRESENTED_ISOLATED_EVENT_TEST,NOT_ALL_NODES_REPLAYED_AT_THIS_HEAD,PENDING,NOT_CLEARED
vesper_nyx_first_loss_013,vesper-nyx:first_loss,Vesper,post,first_loss_resolved,I will never call a lie protection again.,INTEGRATED_EVENT_BINDING,GENERATED_LOCAL_DEVELOPMENT_ONLY,False,3.405,RUNTIME_PRESENTED_ISOLATED_EVENT_TEST,NOT_ALL_NODES_REPLAYED_AT_THIS_HEAD,PENDING,NOT_CLEARED
vesper_nyx_first_loss_014,vesper-nyx:first_loss,Yin,post,first_loss_resolved,The burden has found an ending.,INTEGRATED_EVENT_BINDING,GENERATED_LOCAL_DEVELOPMENT_ONLY,False,5.001,RUNTIME_PRESENTED_ISOLATED_EVENT_TEST,NOT_ALL_NODES_REPLAYED_AT_THIS_HEAD,PENDING,NOT_CLEARED
vesper_nyx_first_loss_015,vesper-nyx:first_loss,Yang,post,first_loss_resolved,An incomplete loss can be integrated into a clearer whole.,INTEGRATED_EVENT_BINDING,GENERATED_LOCAL_DEVELOPMENT_ONLY,False,4.47,RUNTIME_PRESENTED_ISOLATED_EVENT_TEST,NOT_ALL_NODES_REPLAYED_AT_THIS_HEAD,PENDING,NOT_CLEARED
vesper_nyx_first_loss_016,vesper-nyx:first_loss,Vesper,post,first_loss_resolved,"For once, I wish I had been easier to see.",INTEGRATED_EVENT_BINDING,GENERATED_LOCAL_DEVELOPMENT_ONLY,False,4.421,RUNTIME_PRESENTED_ISOLATED_EVENT_TEST,NOT_ALL_NODES_REPLAYED_AT_THIS_HEAD,PENDING,NOT_CLEARED
vesper_nyx_puppet_imbalance_001,vesper-nyx:puppet_imbalance,Yin,pre,encounter_intro,A simple world is a quiet world.,INTEGRATED_EVENT_BINDING,GENERATED_LOCAL_DEVELOPMENT_ONLY,False,4.219,RUNTIME_PRESENTED_ISOLATED_EVENT_TEST,NOT_ALL_NODES_REPLAYED_AT_THIS_HEAD,PENDING,NOT_CLEARED
vesper_nyx_puppet_imbalance_002,vesper-nyx:puppet_imbalance,Yang,pre,encounter_intro,An ordered world is a world without mistakes.,INTEGRATED_EVENT_BINDING,GENERATED_LOCAL_DEVELOPMENT_ONLY,False,3.502,RUNTIME_PRESENTED_ISOLATED_EVENT_TEST,NOT_ALL_NODES_REPLAYED_AT_THIS_HEAD,PENDING,NOT_CLEARED
vesper_nyx_puppet_imbalance_003,vesper-nyx:puppet_imbalance,Vesper,pre,encounter_intro,Three disappear into silence. Two vanish into perfect statements.,INTEGRATED_EVENT_BINDING,GENERATED_LOCAL_DEVELOPMENT_ONLY,False,5.074,RUNTIME_PRESENTED_ISOLATED_EVENT_TEST,NOT_ALL_NODES_REPLAYED_AT_THIS_HEAD,PENDING,NOT_CLEARED
vesper_nyx_puppet_imbalance_004,vesper-nyx:puppet_imbalance,Vesper,mid,puppet_contact,One side holds three of my friends. I can change that without taking their place.,INTEGRATED_EVENT_BINDING,GENERATED_LOCAL_DEVELOPMENT_ONLY,False,6.157,RUNTIME_PRESENTED_ISOLATED_EVENT_TEST,NOT_ALL_NODES_REPLAYED_AT_THIS_HEAD,PENDING,NOT_CLEARED
vesper_nyx_puppet_imbalance_005,vesper-nyx:puppet_imbalance,Vesper,post,encounter_success,I will be where I said I would be.,INTEGRATED_EVENT_BINDING,GENERATED_LOCAL_DEVELOPMENT_ONLY,False,2.636,RUNTIME_PRESENTED_ISOLATED_EVENT_TEST,NOT_ALL_NODES_REPLAYED_AT_THIS_HEAD,PENDING,NOT_CLEARED
vesper_nyx_puppet_imbalance_006,vesper-nyx:puppet_imbalance,Vesper,post,encounter_success,I know those tricks. I am done hiding behind them.,INTEGRATED_EVENT_BINDING,GENERATED_LOCAL_DEVELOPMENT_ONLY,False,4.032,RUNTIME_PRESENTED_ISOLATED_EVENT_TEST,NOT_ALL_NODES_REPLAYED_AT_THIS_HEAD,PENDING,NOT_CLEARED
vesper_nyx_first_release_001,vesper-nyx:first_release,Vesper,pre,encounter_intro,The wrong face is making all the right moves.,INTEGRATED_EVENT_BINDING,GENERATED_LOCAL_DEVELOPMENT_ONLY,False,3.33,RUNTIME_PRESENTED_ISOLATED_EVENT_TEST,NOT_ALL_NODES_REPLAYED_AT_THIS_HEAD,PENDING,NOT_CLEARED
vesper_nyx_first_release_002,vesper-nyx:first_release,Yin,pre,encounter_intro,The mask removes the need to decide. How merciful.,INTEGRATED_EVENT_BINDING,GENERATED_LOCAL_DEVELOPMENT_ONLY,False,6.472,RUNTIME_PRESENTED_ISOLATED_EVENT_TEST,NOT_ALL_NODES_REPLAYED_AT_THIS_HEAD,PENDING,NOT_CLEARED
vesper_nyx_first_release_003,vesper-nyx:first_release,Vesper,mid,release_ready,The face beneath that mask gets to tell the truth.,INTEGRATED_EVENT_BINDING,GENERATED_LOCAL_DEVELOPMENT_ONLY,False,3.554,RUNTIME_PRESENTED_ISOLATED_EVENT_TEST,NOT_ALL_NODES_REPLAYED_AT_THIS_HEAD,PENDING,NOT_CLEARED
vesper_nyx_first_release_004,vesper-nyx:first_release,Yang,mid,puppet_released,Restored variation is an uncorrected flaw.,INTEGRATED_EVENT_BINDING,GENERATED_LOCAL_DEVELOPMENT_ONLY,False,3.493,RUNTIME_PRESENTED_ISOLATED_EVENT_TEST,NOT_ALL_NODES_REPLAYED_AT_THIS_HEAD,PENDING,NOT_CLEARED
vesper_nyx_first_release_005,vesper-nyx:first_release,Vesper,post,essence_earned,Your first real movement is yours. Keep it.,INTEGRATED_EVENT_BINDING,GENERATED_LOCAL_DEVELOPMENT_ONLY,False,3.658,RUNTIME_PRESENTED_ISOLATED_EVENT_TEST,NOT_ALL_NODES_REPLAYED_AT_THIS_HEAD,PENDING,NOT_CLEARED
vesper_nyx_first_release_006,vesper-nyx:first_release,Vesper,post,essence_earned,Come back without rehearsing an answer for us.,INTEGRATED_EVENT_BINDING,GENERATED_LOCAL_DEVELOPMENT_ONLY,False,3.179,RUNTIME_PRESENTED_ISOLATED_EVENT_TEST,NOT_ALL_NODES_REPLAYED_AT_THIS_HEAD,PENDING,NOT_CLEARED
vesper_nyx_equilibrium_001,vesper-nyx:equilibrium,Vesper,pre,encounter_intro,A perfect 2v2. The cosmic powers must be thrilled.,INTEGRATED_EVENT_BINDING,GENERATED_LOCAL_DEVELOPMENT_ONLY,False,4.688,RUNTIME_PRESENTED_ISOLATED_EVENT_TEST,NOT_ALL_NODES_REPLAYED_AT_THIS_HEAD,PENDING,NOT_CLEARED
vesper_nyx_equilibrium_002,vesper-nyx:equilibrium,Orion,pre,encounter_intro,The competing claims are momentarily equal.,INTEGRATED_EVENT_BINDING,GENERATED_LOCAL_DEVELOPMENT_ONLY,False,3.888,RUNTIME_PRESENTED_ISOLATED_EVENT_TEST,NOT_ALL_NODES_REPLAYED_AT_THIS_HEAD,PENDING,NOT_CLEARED
vesper_nyx_equilibrium_003,vesper-nyx:equilibrium,Vesper,mid,center_guard,I cannot trick an ending into being kind.,INTEGRATED_EVENT_BINDING,GENERATED_LOCAL_DEVELOPMENT_ONLY,False,3.201,RUNTIME_PRESENTED_ISOLATED_EVENT_TEST,NOT_ALL_NODES_REPLAYED_AT_THIS_HEAD,PENDING,NOT_CLEARED
vesper_nyx_equilibrium_004,vesper-nyx:equilibrium,Yin,mid,center_guard,A pause is not defeat. Sometimes it is care.,INTEGRATED_EVENT_BINDING,GENERATED_LOCAL_DEVELOPMENT_ONLY,False,5.924,RUNTIME_PRESENTED_ISOLATED_EVENT_TEST,NOT_ALL_NODES_REPLAYED_AT_THIS_HEAD,PENDING,NOT_CLEARED
vesper_nyx_equilibrium_005,vesper-nyx:equilibrium,Yang,post,encounter_success,Symmetry is only the beginning of completion.,INTEGRATED_EVENT_BINDING,GENERATED_LOCAL_DEVELOPMENT_ONLY,False,3.338,RUNTIME_PRESENTED_ISOLATED_EVENT_TEST,NOT_ALL_NODES_REPLAYED_AT_THIS_HEAD,PENDING,NOT_CLEARED
vesper_nyx_equilibrium_006,vesper-nyx:equilibrium,Vesper,post,encounter_success,I can still tell which faces are missing.,INTEGRATED_EVENT_BINDING,GENERATED_LOCAL_DEVELOPMENT_ONLY,False,3.124,RUNTIME_PRESENTED_ISOLATED_EVENT_TEST,NOT_ALL_NODES_REPLAYED_AT_THIS_HEAD,PENDING,NOT_CLEARED
vesper_nyx_dual_release_1_001,vesper-nyx:dual_release_1,Vesper,pre,encounter_intro,"One shadow, one glare. Neither is the whole person.",INTEGRATED_EVENT_BINDING,GENERATED_LOCAL_DEVELOPMENT_ONLY,False,4.093,RUNTIME_PRESENTED_ISOLATED_EVENT_TEST,NOT_ALL_NODES_REPLAYED_AT_THIS_HEAD,PENDING,NOT_CLEARED
vesper_nyx_dual_release_1_002,vesper-nyx:dual_release_1,Yang,pre,encounter_intro,Partial definition is wasted effort.,INTEGRATED_EVENT_BINDING,GENERATED_LOCAL_DEVELOPMENT_ONLY,False,2.939,RUNTIME_PRESENTED_ISOLATED_EVENT_TEST,NOT_ALL_NODES_REPLAYED_AT_THIS_HEAD,PENDING,NOT_CLEARED
vesper_nyx_dual_release_1_003,vesper-nyx:dual_release_1,Vesper,mid,release_ready,You are not pieces on my board.,INTEGRATED_EVENT_BINDING,GENERATED_LOCAL_DEVELOPMENT_ONLY,False,2.418,RUNTIME_PRESENTED_ISOLATED_EVENT_TEST,NOT_ALL_NODES_REPLAYED_AT_THIS_HEAD,PENDING,NOT_CLEARED
vesper_nyx_dual_release_1_004,vesper-nyx:dual_release_1,Yin,mid,puppet_released,Then allow them the peace of no decision.,INTEGRATED_EVENT_BINDING,GENERATED_LOCAL_DEVELOPMENT_ONLY,False,4.878,RUNTIME_PRESENTED_ISOLATED_EVENT_TEST,NOT_ALL_NODES_REPLAYED_AT_THIS_HEAD,PENDING,NOT_CLEARED
vesper_nyx_dual_release_1_005,vesper-nyx:dual_release_1,Vesper,post,essence_earned,No decoys today. I want both of them back.,INTEGRATED_EVENT_BINDING,GENERATED_LOCAL_DEVELOPMENT_ONLY,False,3.739,RUNTIME_PRESENTED_ISOLATED_EVENT_TEST,NOT_ALL_NODES_REPLAYED_AT_THIS_HEAD,PENDING,NOT_CLEARED
vesper_nyx_dual_release_2_001,vesper-nyx:dual_release_2,Vesper,pre,encounter_intro,Ember would tell me to speak plainly. Fine. I need them.,INTEGRATED_EVENT_BINDING,GENERATED_LOCAL_DEVELOPMENT_ONLY,False,4.798,RUNTIME_PRESENTED_ISOLATED_EVENT_TEST,NOT_ALL_NODES_REPLAYED_AT_THIS_HEAD,PENDING,NOT_CLEARED
vesper_nyx_dual_release_2_002,vesper-nyx:dual_release_2,Yin,pre,encounter_intro,To release them is to return their pain.,INTEGRATED_EVENT_BINDING,GENERATED_LOCAL_DEVELOPMENT_ONLY,False,4.679,RUNTIME_PRESENTED_ISOLATED_EVENT_TEST,NOT_ALL_NODES_REPLAYED_AT_THIS_HEAD,PENDING,NOT_CLEARED
vesper_nyx_dual_release_2_003,vesper-nyx:dual_release_2,Vesper,mid,release_ready,And their laughter. Their anger. Their choices.,INTEGRATED_EVENT_BINDING,GENERATED_LOCAL_DEVELOPMENT_ONLY,False,3.589,RUNTIME_PRESENTED_ISOLATED_EVENT_TEST,NOT_ALL_NODES_REPLAYED_AT_THIS_HEAD,PENDING,NOT_CLEARED
vesper_nyx_dual_release_2_004,vesper-nyx:dual_release_2,Yang,mid,puppet_released,You cannot guarantee they will agree afterward.,INTEGRATED_EVENT_BINDING,GENERATED_LOCAL_DEVELOPMENT_ONLY,False,3.22,RUNTIME_PRESENTED_ISOLATED_EVENT_TEST,NOT_ALL_NODES_REPLAYED_AT_THIS_HEAD,PENDING,NOT_CLEARED
vesper_nyx_dual_release_2_005,vesper-nyx:dual_release_2,Vesper,post,essence_earned,I am counting on them not to.,INTEGRATED_EVENT_BINDING,GENERATED_LOCAL_DEVELOPMENT_ONLY,False,2.33,RUNTIME_PRESENTED_ISOLATED_EVENT_TEST,NOT_ALL_NODES_REPLAYED_AT_THIS_HEAD,PENDING,NOT_CLEARED
vesper_nyx_dual_release_2_006,vesper-nyx:dual_release_2,Vesper,post,essence_earned,I have six truths and only one name to carry them.,INTEGRATED_EVENT_BINDING,GENERATED_LOCAL_DEVELOPMENT_ONLY,False,4.136,RUNTIME_PRESENTED_ISOLATED_EVENT_TEST,NOT_ALL_NODES_REPLAYED_AT_THIS_HEAD,PENDING,NOT_CLEARED
vesper_nyx_prismatic_gray_001,vesper-nyx:prismatic_gray,Yin,pre,encounter_intro,Every borrowed memory is another weight.,INTEGRATED_EVENT_BINDING,GENERATED_LOCAL_DEVELOPMENT_ONLY,False,3.991,RUNTIME_PRESENTED_ISOLATED_EVENT_TEST,NOT_ALL_NODES_REPLAYED_AT_THIS_HEAD,PENDING,NOT_CLEARED
vesper_nyx_prismatic_gray_002,vesper-nyx:prismatic_gray,Yang,pre,encounter_intro,"If you combine them perfectly, there will be no conflict left.",INTEGRATED_EVENT_BINDING,GENERATED_LOCAL_DEVELOPMENT_ONLY,False,5.105,RUNTIME_PRESENTED_ISOLATED_EVENT_TEST,NOT_ALL_NODES_REPLAYED_AT_THIS_HEAD,PENDING,NOT_CLEARED
vesper_nyx_prismatic_gray_003,vesper-nyx:prismatic_gray,Vesper,pre,encounter_intro,I have more than one side.,INTEGRATED_EVENT_BINDING,GENERATED_LOCAL_DEVELOPMENT_ONLY,False,2.187,RUNTIME_PRESENTED_ISOLATED_EVENT_TEST,NOT_ALL_NODES_REPLAYED_AT_THIS_HEAD,PENDING,NOT_CLEARED
vesper_nyx_prismatic_gray_004,vesper-nyx:prismatic_gray,Vesper,mid,gray_signals_collected,Six people. Six choices I could not make for them.,INTEGRATED_EVENT_BINDING,GENERATED_LOCAL_DEVELOPMENT_ONLY,False,4.354,RUNTIME_PRESENTED_ISOLATED_EVENT_TEST,NOT_ALL_NODES_REPLAYED_AT_THIS_HEAD,PENDING,NOT_CLEARED
vesper_nyx_prismatic_gray_005,vesper-nyx:prismatic_gray,Vesper,mid,transformation_started,None of them needs to be a lie.,INTEGRATED_EVENT_BINDING,GENERATED_LOCAL_DEVELOPMENT_ONLY,False,2.472,RUNTIME_PRESENTED_ISOLATED_EVENT_TEST,NOT_ALL_NODES_REPLAYED_AT_THIS_HEAD,PENDING,NOT_CLEARED
vesper_nyx_prismatic_gray_006,vesper-nyx:prismatic_gray,Kaia,post,gray_manifested,You are still yourself. That is the point.,INTEGRATED_EVENT_BINDING,GENERATED_LOCAL_DEVELOPMENT_ONLY,False,3.717,RUNTIME_PRESENTED_ISOLATED_EVENT_TEST,NOT_ALL_NODES_REPLAYED_AT_THIS_HEAD,PENDING,NOT_CLEARED
vesper_nyx_prismatic_gray_007,vesper-nyx:prismatic_gray,Vesper,post,gray_manifested,And this choice is mine.,INTEGRATED_EVENT_BINDING,GENERATED_LOCAL_DEVELOPMENT_ONLY,False,1.957,RUNTIME_PRESENTED_ISOLATED_EVENT_TEST,NOT_ALL_NODES_REPLAYED_AT_THIS_HEAD,PENDING,NOT_CLEARED
vesper_nyx_impossible_battle_2_001,vesper-nyx:impossible_battle_2,Yin,pre,encounter_intro,I can be hidden without being gone.,INTEGRATED_EVENT_BINDING,GENERATED_LOCAL_DEVELOPMENT_ONLY,False,5.34,RUNTIME_PRESENTED_ISOLATED_EVENT_TEST,NOT_ALL_NODES_REPLAYED_AT_THIS_HEAD,PENDING,NOT_CLEARED
vesper_nyx_impossible_battle_2_002,vesper-nyx:impossible_battle_2,Yang,pre,encounter_intro,I can speak truth without becoming your definition.,INTEGRATED_EVENT_BINDING,GENERATED_LOCAL_DEVELOPMENT_ONLY,False,3.681,RUNTIME_PRESENTED_ISOLATED_EVENT_TEST,NOT_ALL_NODES_REPLAYED_AT_THIS_HEAD,PENDING,NOT_CLEARED
vesper_nyx_impossible_battle_2_003,vesper-nyx:impossible_battle_2,Vesper,pre,encounter_intro,"Yin, I want privacy, not disappearance.",INTEGRATED_EVENT_BINDING,GENERATED_LOCAL_DEVELOPMENT_ONLY,False,3.343,RUNTIME_PRESENTED_ISOLATED_EVENT_TEST,NOT_ALL_NODES_REPLAYED_AT_THIS_HEAD,PENDING,NOT_CLEARED
vesper_nyx_impossible_battle_2_004,vesper-nyx:impossible_battle_2,Vesper,mid,gray_combat_action,"Yang, I want truth, not compulsory confession.",INTEGRATED_EVENT_BINDING,GENERATED_LOCAL_DEVELOPMENT_ONLY,False,3.94,RUNTIME_PRESENTED_ISOLATED_EVENT_TEST,NOT_ALL_NODES_REPLAYED_AT_THIS_HEAD,PENDING,NOT_CLEARED
vesper_nyx_impossible_battle_2_005,vesper-nyx:impossible_battle_2,Yin,mid,gray_combat_action,Then you accept that someone may be hurt again.,INTEGRATED_EVENT_BINDING,GENERATED_LOCAL_DEVELOPMENT_ONLY,False,5.68,RUNTIME_PRESENTED_ISOLATED_EVENT_TEST,NOT_ALL_NODES_REPLAYED_AT_THIS_HEAD,PENDING,NOT_CLEARED
vesper_nyx_impossible_battle_2_006,vesper-nyx:impossible_battle_2,Vesper,mid,gray_combat_action,I accept that they remain someone who can choose.,INTEGRATED_EVENT_BINDING,GENERATED_LOCAL_DEVELOPMENT_ONLY,False,3.776,RUNTIME_PRESENTED_ISOLATED_EVENT_TEST,NOT_ALL_NODES_REPLAYED_AT_THIS_HEAD,PENDING,NOT_CLEARED
vesper_nyx_impossible_battle_2_007,vesper-nyx:impossible_battle_2,Yang,mid,gray_combat_action,You offer an unfinished design.,INTEGRATED_EVENT_BINDING,GENERATED_LOCAL_DEVELOPMENT_ONLY,False,2.537,RUNTIME_PRESENTED_ISOLATED_EVENT_TEST,NOT_ALL_NODES_REPLAYED_AT_THIS_HEAD,PENDING,NOT_CLEARED
vesper_nyx_impossible_battle_2_008,vesper-nyx:impossible_battle_2,Vesper,post,encounter_success,"Yang, I want truth, not compulsory confession.",INTEGRATED_EVENT_BINDING,GENERATED_LOCAL_DEVELOPMENT_ONLY,False,3.94,RUNTIME_PRESENTED_ISOLATED_EVENT_TEST,NOT_ALL_NODES_REPLAYED_AT_THIS_HEAD,PENDING,NOT_CLEARED
vesper_nyx_impossible_battle_2_009,vesper-nyx:impossible_battle_2,Yin,post,encounter_success,A boundary with an opening. Unfamiliar.,INTEGRATED_EVENT_BINDING,GENERATED_LOCAL_DEVELOPMENT_ONLY,False,4.913,RUNTIME_PRESENTED_ISOLATED_EVENT_TEST,NOT_ALL_NODES_REPLAYED_AT_THIS_HEAD,PENDING,NOT_CLEARED
vesper_nyx_impossible_battle_2_010,vesper-nyx:impossible_battle_2,Yang,post,encounter_success,A pattern that may change itself. Unaccounted for.,INTEGRATED_EVENT_BINDING,GENERATED_LOCAL_DEVELOPMENT_ONLY,False,4.54,RUNTIME_PRESENTED_ISOLATED_EVENT_TEST,NOT_ALL_NODES_REPLAYED_AT_THIS_HEAD,PENDING,NOT_CLEARED
vesper_nyx_epilogue_001,vesper-nyx:epilogue,Vesper,pre,scene_start,I am afraid.,INTEGRATED_EVENT_BINDING,GENERATED_LOCAL_DEVELOPMENT_ONLY,False,1.168,RUNTIME_PRESENTED_ISOLATED_EVENT_TEST,NOT_ALL_NODES_REPLAYED_AT_THIS_HEAD,PENDING,NOT_CLEARED
vesper_nyx_epilogue_002,vesper-nyx:epilogue,Juno,pre,scene_start,Do we have to call this a victory? I would prefer food.,INTEGRATED_EVENT_BINDING,GENERATED_LOCAL_DEVELOPMENT_ONLY,False,3.243,RUNTIME_PRESENTED_ISOLATED_EVENT_TEST,NOT_ALL_NODES_REPLAYED_AT_THIS_HEAD,PENDING,NOT_CLEARED
vesper_nyx_epilogue_003,vesper-nyx:epilogue,Nix,pre,scene_start,Food can be scheduled. Argument cannot.,INTEGRATED_EVENT_BINDING,GENERATED_LOCAL_DEVELOPMENT_ONLY,False,3.602,RUNTIME_PRESENTED_ISOLATED_EVENT_TEST,NOT_ALL_NODES_REPLAYED_AT_THIS_HEAD,PENDING,NOT_CLEARED
vesper_nyx_epilogue_004,vesper-nyx:epilogue,Vesper,pre,scene_start,Who says the argument has to end?,INTEGRATED_EVENT_BINDING,GENERATED_LOCAL_DEVELOPMENT_ONLY,False,2.671,RUNTIME_PRESENTED_ISOLATED_EVENT_TEST,NOT_ALL_NODES_REPLAYED_AT_THIS_HEAD,PENDING,NOT_CLEARED
vesper_nyx_epilogue_005,vesper-nyx:epilogue,Rook,mid,scene_turn,It does not. Just make a space for it.,INTEGRATED_EVENT_BINDING,GENERATED_LOCAL_DEVELOPMENT_ONLY,False,4.248,RUNTIME_PRESENTED_ISOLATED_EVENT_TEST,NOT_ALL_NODES_REPLAYED_AT_THIS_HEAD,PENDING,NOT_CLEARED
vesper_nyx_epilogue_006,vesper-nyx:epilogue,Vesper,post,scene_resolution,There. Still here.,INTEGRATED_EVENT_BINDING,GENERATED_LOCAL_DEVELOPMENT_ONLY,False,1.853,RUNTIME_PRESENTED_ISOLATED_EVENT_TEST,NOT_ALL_NODES_REPLAYED_AT_THIS_HEAD,PENDING,NOT_CLEARED
vesper_nyx_epilogue_007,vesper-nyx:epilogue,Kaia,post,scene_resolution,That will do. Until tomorrow.,INTEGRATED_EVENT_BINDING,GENERATED_LOCAL_DEVELOPMENT_ONLY,False,2.829,RUNTIME_PRESENTED_ISOLATED_EVENT_TEST,NOT_ALL_NODES_REPLAYED_AT_THIS_HEAD,PENDING,NOT_CLEARED
vesper_nyx_unlock_001,vesper-nyx:unlock,Vesper,pre,scene_start,"I will remember the choices, not just the outcome.",INTEGRATED_EVENT_BINDING,GENERATED_LOCAL_DEVELOPMENT_ONLY,False,3.634,RUNTIME_PRESENTED_ISOLATED_EVENT_TEST,NOT_ALL_NODES_REPLAYED_AT_THIS_HEAD,PENDING,NOT_CLEARED
vesper_nyx_unlock_002,vesper-nyx:unlock,Kaia,mid,scene_turn,Another color has found its own way to Gray.,INTEGRATED_EVENT_BINDING,GENERATED_LOCAL_DEVELOPMENT_ONLY,False,3.839,RUNTIME_PRESENTED_ISOLATED_EVENT_TEST,NOT_ALL_NODES_REPLAYED_AT_THIS_HEAD,PENDING,NOT_CLEARED
vesper_nyx_unlock_003,vesper-nyx:unlock,Vesper,post,scene_resolution,Let the next story be told in its own voice.,INTEGRATED_EVENT_BINDING,GENERATED_LOCAL_DEVELOPMENT_ONLY,False,3.586,RUNTIME_PRESENTED_ISOLATED_EVENT_TEST,NOT_ALL_NODES_REPLAYED_AT_THIS_HEAD,PENDING,NOT_CLEARED
vesper_nyx_unlock_004,vesper-nyx:unlock,Orion,post,scene_resolution,The result is reproducible. The journey was not inevitable.,INTEGRATED_EVENT_BINDING,GENERATED_LOCAL_DEVELOPMENT_ONLY,False,5.304,RUNTIME_PRESENTED_ISOLATED_EVENT_TEST,NOT_ALL_NODES_REPLAYED_AT_THIS_HEAD,PENDING,NOT_CLEARED
sevenfold_reunion_001,sevenfold:reunion,Kaia,pre,encounter_intro,I once thought all the winds had to meet at my center.,INTEGRATED_EVENT_BINDING,GENERATED_LOCAL_DEVELOPMENT_ONLY,False,4.435,RUNTIME_PRESENTED_ISOLATED_EVENT_TEST,NOT_ALL_NODES_REPLAYED_AT_THIS_HEAD,PENDING,NOT_CLEARED
sevenfold_reunion_002,sevenfold:reunion,Ember,pre,encounter_intro,"You were wrong. Nicely wrong, but wrong.",INTEGRATED_EVENT_BINDING,GENERATED_LOCAL_DEVELOPMENT_ONLY,False,3.041,RUNTIME_PRESENTED_ISOLATED_EVENT_TEST,NOT_ALL_NODES_REPLAYED_AT_THIS_HEAD,PENDING,NOT_CLEARED
sevenfold_reunion_003,sevenfold:reunion,Rook,pre,encounter_intro,I am not standing in front.,INTEGRATED_EVENT_BINDING,GENERATED_LOCAL_DEVELOPMENT_ONLY,False,2.842,RUNTIME_PRESENTED_ISOLATED_EVENT_TEST,NOT_ALL_NODES_REPLAYED_AT_THIS_HEAD,PENDING,NOT_CLEARED
sevenfold_reunion_004,sevenfold:reunion,Juno,pre,encounter_intro,Look at me staying put. A whole miracle.,INTEGRATED_EVENT_BINDING,GENERATED_LOCAL_DEVELOPMENT_ONLY,False,2.512,RUNTIME_PRESENTED_ISOLATED_EVENT_TEST,NOT_ALL_NODES_REPLAYED_AT_THIS_HEAD,PENDING,NOT_CLEARED
sevenfold_reunion_005,sevenfold:reunion,Nix,pre,encounter_intro,Seven structures. Seven independent exits.,INTEGRATED_EVENT_BINDING,GENERATED_LOCAL_DEVELOPMENT_ONLY,False,4.131,RUNTIME_PRESENTED_ISOLATED_EVENT_TEST,NOT_ALL_NODES_REPLAYED_AT_THIS_HEAD,PENDING,NOT_CLEARED
sevenfold_reunion_006,sevenfold:reunion,Orion,pre,encounter_intro,Each of us understands the other six without predicting their consent.,INTEGRATED_EVENT_BINDING,GENERATED_LOCAL_DEVELOPMENT_ONLY,False,5.937,RUNTIME_PRESENTED_ISOLATED_EVENT_TEST,NOT_ALL_NODES_REPLAYED_AT_THIS_HEAD,PENDING,NOT_CLEARED
sevenfold_reunion_007,sevenfold:reunion,Vesper,pre,encounter_intro,I could lie and say I knew this would happen. I did not.,INTEGRATED_EVENT_BINDING,GENERATED_LOCAL_DEVELOPMENT_ONLY,False,4.393,RUNTIME_PRESENTED_ISOLATED_EVENT_TEST,NOT_ALL_NODES_REPLAYED_AT_THIS_HEAD,PENDING,NOT_CLEARED
sevenfold_reunion_008,sevenfold:reunion,Yin,mid,reunion_signal,You have each carried pain and still choose distinction.,INTEGRATED_EVENT_BINDING,GENERATED_LOCAL_DEVELOPMENT_ONLY,False,5.998,RUNTIME_PRESENTED_ISOLATED_EVENT_TEST,NOT_ALL_NODES_REPLAYED_AT_THIS_HEAD,PENDING,NOT_CLEARED
sevenfold_reunion_009,sevenfold:reunion,Yang,post,encounter_success,Seven divergent solutions. No governing definition.,INTEGRATED_EVENT_BINDING,GENERATED_LOCAL_DEVELOPMENT_ONLY,False,4.49,RUNTIME_PRESENTED_ISOLATED_EVENT_TEST,NOT_ALL_NODES_REPLAYED_AT_THIS_HEAD,PENDING,NOT_CLEARED
sevenfold_reunion_010,sevenfold:reunion,Kaia,post,encounter_success,And everyone can tell you why they are here.,INTEGRATED_EVENT_BINDING,GENERATED_LOCAL_DEVELOPMENT_ONLY,False,3.54,RUNTIME_PRESENTED_ISOLATED_EVENT_TEST,NOT_ALL_NODES_REPLAYED_AT_THIS_HEAD,PENDING,NOT_CLEARED
sevenfold_trial_001,sevenfold:trial,Yang,pre,encounter_intro,"If no single person leads, your formation must fail.",INTEGRATED_EVENT_BINDING,GENERATED_LOCAL_DEVELOPMENT_ONLY,False,4.828,RUNTIME_PRESENTED_ISOLATED_EVENT_TEST,NOT_ALL_NODES_REPLAYED_AT_THIS_HEAD,PENDING,NOT_CLEARED
sevenfold_trial_002,sevenfold:trial,Ember,pre,encounter_intro,"I will start. Rook, take the center when I signal.",INTEGRATED_EVENT_BINDING,GENERATED_LOCAL_DEVELOPMENT_ONLY,False,3.487,RUNTIME_PRESENTED_ISOLATED_EVENT_TEST,NOT_ALL_NODES_REPLAYED_AT_THIS_HEAD,PENDING,NOT_CLEARED
sevenfold_trial_003,sevenfold:trial,Rook,mid,trial_identity:rook-ironside,"Juno, the lane is open. Your choice.",INTEGRATED_EVENT_BINDING,GENERATED_LOCAL_DEVELOPMENT_ONLY,False,4.645,RUNTIME_PRESENTED_ISOLATED_EVENT_TEST,NOT_ALL_NODES_REPLAYED_AT_THIS_HEAD,PENDING,NOT_CLEARED
sevenfold_trial_004,sevenfold:trial,Juno,mid,trial_identity:juno-spark,I am taking it for Nix. Not for the scoreboard.,INTEGRATED_EVENT_BINDING,GENERATED_LOCAL_DEVELOPMENT_ONLY,False,2.878,RUNTIME_PRESENTED_ISOLATED_EVENT_TEST,NOT_ALL_NODES_REPLAYED_AT_THIS_HEAD,PENDING,NOT_CLEARED
sevenfold_trial_005,sevenfold:trial,Nix,mid,trial_identity:nix-calder,"Path amended. Orion, choose your own orbit.",INTEGRATED_EVENT_BINDING,GENERATED_LOCAL_DEVELOPMENT_ONLY,False,4.67,RUNTIME_PRESENTED_ISOLATED_EVENT_TEST,NOT_ALL_NODES_REPLAYED_AT_THIS_HEAD,PENDING,NOT_CLEARED
sevenfold_trial_006,sevenfold:trial,Orion,mid,trial_identity:orion-vell,"Vesper, I cannot determine your next step. Would you tell me?",INTEGRATED_EVENT_BINDING,GENERATED_LOCAL_DEVELOPMENT_ONLY,False,6.045,RUNTIME_PRESENTED_ISOLATED_EVENT_TEST,NOT_ALL_NODES_REPLAYED_AT_THIS_HEAD,PENDING,NOT_CLEARED
sevenfold_trial_007,sevenfold:trial,Vesper,mid,trial_identity:vesper-nyx,Straight ahead. I know. Strange choice for me.,INTEGRATED_EVENT_BINDING,GENERATED_LOCAL_DEVELOPMENT_ONLY,False,4.106,RUNTIME_PRESENTED_ISOLATED_EVENT_TEST,NOT_ALL_NODES_REPLAYED_AT_THIS_HEAD,PENDING,NOT_CLEARED
sevenfold_trial_008,sevenfold:trial,Kaia,post,encounter_success,"We passed leadership, not identity.",INTEGRATED_EVENT_BINDING,GENERATED_LOCAL_DEVELOPMENT_ONLY,False,3.145,RUNTIME_PRESENTED_ISOLATED_EVENT_TEST,NOT_ALL_NODES_REPLAYED_AT_THIS_HEAD,PENDING,NOT_CLEARED
sevenfold_trial_009,sevenfold:trial,Yang,post,encounter_success,Coordination without central correction. Unexpected.,INTEGRATED_EVENT_BINDING,GENERATED_LOCAL_DEVELOPMENT_ONLY,False,4.464,RUNTIME_PRESENTED_ISOLATED_EVENT_TEST,NOT_ALL_NODES_REPLAYED_AT_THIS_HEAD,PENDING,NOT_CLEARED
sevenfold_equilibrium_001,sevenfold:equilibrium,Yin,pre,encounter_intro,You ask rest to remain beside motion. That may still hurt.,INTEGRATED_EVENT_BINDING,GENERATED_LOCAL_DEVELOPMENT_ONLY,False,7.372,RUNTIME_PRESENTED_ISOLATED_EVENT_TEST,NOT_ALL_NODES_REPLAYED_AT_THIS_HEAD,PENDING,NOT_CLEARED
sevenfold_equilibrium_002,sevenfold:equilibrium,Rook,pre,encounter_intro,It will. Hurt does not give you ownership.,INTEGRATED_EVENT_BINDING,GENERATED_LOCAL_DEVELOPMENT_ONLY,False,4.234,RUNTIME_PRESENTED_ISOLATED_EVENT_TEST,NOT_ALL_NODES_REPLAYED_AT_THIS_HEAD,PENDING,NOT_CLEARED
sevenfold_equilibrium_003,sevenfold:equilibrium,Yang,pre,encounter_intro,You ask structure to remain flexible. That may still fail.,INTEGRATED_EVENT_BINDING,GENERATED_LOCAL_DEVELOPMENT_ONLY,False,5.252,RUNTIME_PRESENTED_ISOLATED_EVENT_TEST,NOT_ALL_NODES_REPLAYED_AT_THIS_HEAD,PENDING,NOT_CLEARED
sevenfold_equilibrium_004,sevenfold:equilibrium,Nix,pre,encounter_intro,It will. Failure does not justify imprisonment.,INTEGRATED_EVENT_BINDING,GENERATED_LOCAL_DEVELOPMENT_ONLY,False,4.053,RUNTIME_PRESENTED_ISOLATED_EVENT_TEST,NOT_ALL_NODES_REPLAYED_AT_THIS_HEAD,PENDING,NOT_CLEARED
sevenfold_equilibrium_005,sevenfold:equilibrium,Kaia,mid,equilibrium_signal,One boundary. One opening. Then another. Keep choosing.,INTEGRATED_EVENT_BINDING,GENERATED_LOCAL_DEVELOPMENT_ONLY,False,5.7,RUNTIME_PRESENTED_ISOLATED_EVENT_TEST,NOT_ALL_NODES_REPLAYED_AT_THIS_HEAD,PENDING,NOT_CLEARED
sevenfold_equilibrium_006,sevenfold:equilibrium,Juno,mid,equilibrium_signal,Not chasing a win condition. Keeping both passages open.,INTEGRATED_EVENT_BINDING,GENERATED_LOCAL_DEVELOPMENT_ONLY,False,3.537,RUNTIME_PRESENTED_ISOLATED_EVENT_TEST,NOT_ALL_NODES_REPLAYED_AT_THIS_HEAD,PENDING,NOT_CLEARED
sevenfold_equilibrium_007,sevenfold:equilibrium,Ember,mid,equilibrium_signal,I can hold a flame without scorching the quiet.,INTEGRATED_EVENT_BINDING,GENERATED_LOCAL_DEVELOPMENT_ONLY,False,3.038,RUNTIME_PRESENTED_ISOLATED_EVENT_TEST,NOT_ALL_NODES_REPLAYED_AT_THIS_HEAD,PENDING,NOT_CLEARED
sevenfold_equilibrium_008,sevenfold:equilibrium,Orion,mid,equilibrium_signal,"Equilibrium is negotiated, not solved once.",INTEGRATED_EVENT_BINDING,GENERATED_LOCAL_DEVELOPMENT_ONLY,False,4.328,RUNTIME_PRESENTED_ISOLATED_EVENT_TEST,NOT_ALL_NODES_REPLAYED_AT_THIS_HEAD,PENDING,NOT_CLEARED
sevenfold_equilibrium_009,sevenfold:equilibrium,Vesper,post,encounter_success,I did not think the universe could leave a question unanswered.,INTEGRATED_EVENT_BINDING,GENERATED_LOCAL_DEVELOPMENT_ONLY,False,4.182,RUNTIME_PRESENTED_ISOLATED_EVENT_TEST,NOT_ALL_NODES_REPLAYED_AT_THIS_HEAD,PENDING,NOT_CLEARED
sevenfold_equilibrium_010,sevenfold:equilibrium,Yin,post,encounter_success,Perhaps silence need not be absolute.,INTEGRATED_EVENT_BINDING,GENERATED_LOCAL_DEVELOPMENT_ONLY,False,4.609,RUNTIME_PRESENTED_ISOLATED_EVENT_TEST,NOT_ALL_NODES_REPLAYED_AT_THIS_HEAD,PENDING,NOT_CLEARED
sevenfold_equilibrium_011,sevenfold:equilibrium,Yang,post,encounter_success,Perhaps clarity need not be compulsory.,INTEGRATED_EVENT_BINDING,GENERATED_LOCAL_DEVELOPMENT_ONLY,False,3.378,RUNTIME_PRESENTED_ISOLATED_EVENT_TEST,NOT_ALL_NODES_REPLAYED_AT_THIS_HEAD,PENDING,NOT_CLEARED
sevenfold_conversation_001,sevenfold:conversation,Yin,pre,scene_start,Will you deny rest to those who seek it?,INTEGRATED_EVENT_BINDING,GENERATED_LOCAL_DEVELOPMENT_ONLY,False,4.988,RUNTIME_PRESENTED_ISOLATED_EVENT_TEST,NOT_ALL_NODES_REPLAYED_AT_THIS_HEAD,PENDING,NOT_CLEARED
sevenfold_conversation_002,sevenfold:conversation,Kaia,pre,scene_start,No. Only the right to choose it for everyone.,INTEGRATED_EVENT_BINDING,GENERATED_LOCAL_DEVELOPMENT_ONLY,False,4.273,RUNTIME_PRESENTED_ISOLATED_EVENT_TEST,NOT_ALL_NODES_REPLAYED_AT_THIS_HEAD,PENDING,NOT_CLEARED
sevenfold_conversation_003,sevenfold:conversation,Yang,pre,scene_start,Will you deny structure to those who need it?,INTEGRATED_EVENT_BINDING,GENERATED_LOCAL_DEVELOPMENT_ONLY,False,3.541,RUNTIME_PRESENTED_ISOLATED_EVENT_TEST,NOT_ALL_NODES_REPLAYED_AT_THIS_HEAD,PENDING,NOT_CLEARED
sevenfold_conversation_004,sevenfold:conversation,Nix,pre,scene_start,No. Only the right to close every exit.,INTEGRATED_EVENT_BINDING,GENERATED_LOCAL_DEVELOPMENT_ONLY,False,3.996,RUNTIME_PRESENTED_ISOLATED_EVENT_TEST,NOT_ALL_NODES_REPLAYED_AT_THIS_HEAD,PENDING,NOT_CLEARED
sevenfold_conversation_005,sevenfold:conversation,Rook,mid,scene_turn,Strength can hold a doorway.,INTEGRATED_EVENT_BINDING,GENERATED_LOCAL_DEVELOPMENT_ONLY,False,2.848,RUNTIME_PRESENTED_ISOLATED_EVENT_TEST,NOT_ALL_NODES_REPLAYED_AT_THIS_HEAD,PENDING,NOT_CLEARED
sevenfold_conversation_006,sevenfold:conversation,Juno,mid,scene_turn,Speed can bring someone home.,INTEGRATED_EVENT_BINDING,GENERATED_LOCAL_DEVELOPMENT_ONLY,False,1.876,RUNTIME_PRESENTED_ISOLATED_EVENT_TEST,NOT_ALL_NODES_REPLAYED_AT_THIS_HEAD,PENDING,NOT_CLEARED
sevenfold_conversation_007,sevenfold:conversation,Ember,mid,scene_turn,Fire can keep them warm.,INTEGRATED_EVENT_BINDING,GENERATED_LOCAL_DEVELOPMENT_ONLY,False,1.98,RUNTIME_PRESENTED_ISOLATED_EVENT_TEST,NOT_ALL_NODES_REPLAYED_AT_THIS_HEAD,PENDING,NOT_CLEARED
sevenfold_conversation_008,sevenfold:conversation,Orion,mid,scene_turn,Knowledge can ask a question.,INTEGRATED_EVENT_BINDING,GENERATED_LOCAL_DEVELOPMENT_ONLY,False,2.648,RUNTIME_PRESENTED_ISOLATED_EVENT_TEST,NOT_ALL_NODES_REPLAYED_AT_THIS_HEAD,PENDING,NOT_CLEARED
sevenfold_conversation_009,sevenfold:conversation,Vesper,mid,scene_turn,And a secret can be a boundary without becoming a lie.,INTEGRATED_EVENT_BINDING,GENERATED_LOCAL_DEVELOPMENT_ONLY,False,3.816,RUNTIME_PRESENTED_ISOLATED_EVENT_TEST,NOT_ALL_NODES_REPLAYED_AT_THIS_HEAD,PENDING,NOT_CLEARED
sevenfold_conversation_010,sevenfold:conversation,Kaia,post,scene_resolution,We are not the same answer. That is why this works.,INTEGRATED_EVENT_BINDING,GENERATED_LOCAL_DEVELOPMENT_ONLY,False,4.516,RUNTIME_PRESENTED_ISOLATED_EVENT_TEST,NOT_ALL_NODES_REPLAYED_AT_THIS_HEAD,PENDING,NOT_CLEARED
sevenfold_unlock_001,sevenfold:unlock,Yang,pre,scene_start,"If I enter their arena, my power must be limited.",INTEGRATED_EVENT_BINDING,GENERATED_LOCAL_DEVELOPMENT_ONLY,False,3.962,RUNTIME_PRESENTED_ISOLATED_EVENT_TEST,NOT_ALL_NODES_REPLAYED_AT_THIS_HEAD,PENDING,NOT_CLEARED
sevenfold_unlock_002,sevenfold:unlock,Kaia,pre,scene_start,Everyone follows the same rules there.,INTEGRATED_EVENT_BINDING,GENERATED_LOCAL_DEVELOPMENT_ONLY,False,3.226,RUNTIME_PRESENTED_ISOLATED_EVENT_TEST,NOT_ALL_NODES_REPLAYED_AT_THIS_HEAD,PENDING,NOT_CLEARED
sevenfold_unlock_003,sevenfold:unlock,Yin,pre,scene_start,"Then even I may be struck, and still rest afterward.",INTEGRATED_EVENT_BINDING,GENERATED_LOCAL_DEVELOPMENT_ONLY,False,6.299,RUNTIME_PRESENTED_ISOLATED_EVENT_TEST,NOT_ALL_NODES_REPLAYED_AT_THIS_HEAD,PENDING,NOT_CLEARED
sevenfold_unlock_004,sevenfold:unlock,Juno,mid,scene_turn,Finally. A fair fight with actual cosmic principles.,INTEGRATED_EVENT_BINDING,GENERATED_LOCAL_DEVELOPMENT_ONLY,False,3.396,RUNTIME_PRESENTED_ISOLATED_EVENT_TEST,NOT_ALL_NODES_REPLAYED_AT_THIS_HEAD,PENDING,NOT_CLEARED
sevenfold_unlock_005,sevenfold:unlock,Rook,mid,scene_turn,Fair. Not easy.,INTEGRATED_EVENT_BINDING,GENERATED_LOCAL_DEVELOPMENT_ONLY,False,2.411,RUNTIME_PRESENTED_ISOLATED_EVENT_TEST,NOT_ALL_NODES_REPLAYED_AT_THIS_HEAD,PENDING,NOT_CLEARED
sevenfold_unlock_006,sevenfold:unlock,Vesper,mid,scene_turn,I will believe it when I see Yang lose a rematch.,INTEGRATED_EVENT_BINDING,GENERATED_LOCAL_DEVELOPMENT_ONLY,False,3.437,RUNTIME_PRESENTED_ISOLATED_EVENT_TEST,NOT_ALL_NODES_REPLAYED_AT_THIS_HEAD,PENDING,NOT_CLEARED
sevenfold_unlock_007,sevenfold:unlock,Yin,post,scene_resolution,I will learn the meaning of a chosen pause.,INTEGRATED_EVENT_BINDING,GENERATED_LOCAL_DEVELOPMENT_ONLY,False,4.854,RUNTIME_PRESENTED_ISOLATED_EVENT_TEST,NOT_ALL_NODES_REPLAYED_AT_THIS_HEAD,PENDING,NOT_CLEARED
sevenfold_unlock_008,sevenfold:unlock,Yang,post,scene_resolution,I will learn a pattern that makes room for revision.,INTEGRATED_EVENT_BINDING,GENERATED_LOCAL_DEVELOPMENT_ONLY,False,3.907,RUNTIME_PRESENTED_ISOLATED_EVENT_TEST,NOT_ALL_NODES_REPLAYED_AT_THIS_HEAD,PENDING,NOT_CLEARED
sevenfold_unlock_009,sevenfold:unlock,Kaia,post,scene_resolution,Then come play. The sky can stay unfinished.,INTEGRATED_EVENT_BINDING,GENERATED_LOCAL_DEVELOPMENT_ONLY,False,4.239,RUNTIME_PRESENTED_ISOLATED_EVENT_TEST,NOT_ALL_NODES_REPLAYED_AT_THIS_HEAD,PENDING,NOT_CLEARED
