path,presence,primary_class,salvage_decision,ext
art_source/animation/manifests/WAVE_A_GENERATED_PRODUCTION_98.json,ONLY_ON_106,UNIQUE_AND_REUSABLE,REFERENCE_ONLY,.json
art_source/generated/production/ember-vale/master_report.json,ONLY_ON_106,UNIQUE_AND_REUSABLE,REFERENCE_ONLY,.json
art_source/generated/production/juno-spark/master_report.json,ONLY_ON_106,UNIQUE_AND_REUSABLE,REFERENCE_ONLY,.json
art_source/generated/production/kaia-windrow/master_report.json,ONLY_ON_106,UNIQUE_AND_REUSABLE,REFERENCE_ONLY,.json
art_source/generated/production/nix-calder/master_report.json,ONLY_ON_106,UNIQUE_AND_REUSABLE,REFERENCE_ONLY,.json
art_source/generated/production/orion-vell/master_report.json,ONLY_ON_106,UNIQUE_AND_REUSABLE,REFERENCE_ONLY,.json
art_source/generated/production/rook-ironside/master_report.json,ONLY_ON_106,UNIQUE_AND_REUSABLE,REFERENCE_ONLY,.json
art_source/generated/production/vesper-nyx/master_report.json,ONLY_ON_106,UNIQUE_AND_REUSABLE,REFERENCE_ONLY,.json
artifacts/animation_review/rook-ironside/heavy/contact.png,ONLY_ON_106,OBSOLETE,DISCARD_OBSOLETE,.png
artifacts/animation_review/rook-ironside/heavy/contact_pose.png,ONLY_ON_106,OBSOLETE,DISCARD_OBSOLETE,.png
artifacts/engineering_wave014/PROCEDURAL_SMOKE_RESULT.json,BOTH_DIVERGED,GENERATED_REVIEW_ARTIFACT,REGENERATE_FROM_CURRENT_PIPELINE,.json
artifacts/vxp3/reports/GENERATED_ART_V3_AZ.md,ONLY_ON_106,GENERATED_REVIEW_ARTIFACT,REFERENCE_ONLY,.md
artifacts/vxp3/reports/GENERATED_ART_V3_CONTACT_SHEETS.json,ONLY_ON_106,OBSOLETE,REFERENCE_ONLY,.json
artifacts/vxp3/reports/GENERATED_ART_V3_HERO.json,ONLY_ON_106,GENERATED_REVIEW_ARTIFACT,REFERENCE_ONLY,.json
artifacts/vxp3/reports/GENERATED_ART_V3_QUALITY.json,ONLY_ON_106,GENERATED_REVIEW_ARTIFACT,REFERENCE_ONLY,.json
artifacts/vxp3/reports/GENERATED_ART_V3_SILHOUETTE.json,ONLY_ON_106,GENERATED_REVIEW_ARTIFACT,REFERENCE_ONLY,.json
artifacts/vxp3/reports/GENERATED_ART_V4_AZ.md,ONLY_ON_106,GENERATED_REVIEW_ARTIFACT,REFERENCE_ONLY,.md
artifacts/vxp3/reports/GENERATED_ART_V4_QUALITY.json,ONLY_ON_106,GENERATED_REVIEW_ARTIFACT,REFERENCE_ONLY,.json
artifacts/vxp3/reports/GENERATED_ART_V5_AZ.md,ONLY_ON_106,GENERATED_REVIEW_ARTIFACT,REFERENCE_ONLY,.md
artifacts/vxp3/reports/GENERATED_ART_V5_GEOMETRY.json,ONLY_ON_106,GENERATED_REVIEW_ARTIFACT,REFERENCE_ONLY,.json
artifacts/vxp3/reports/GENERATED_ART_V5_MASTERS.json,ONLY_ON_106,GENERATED_REVIEW_ARTIFACT,REFERENCE_ONLY,.json
artifacts/vxp3/reports/GENERATED_ART_V5_QUALITY.json,ONLY_ON_106,GENERATED_REVIEW_ARTIFACT,REFERENCE_ONLY,.json
artifacts/vxp3/reports/GENERATED_ART_V5_SHEETS.json,ONLY_ON_106,GENERATED_REVIEW_ARTIFACT,REFERENCE_ONLY,.json
artifacts/vxp3/reports/GENERATED_ART_V6_AZ.md,ONLY_ON_106,GENERATED_REVIEW_ARTIFACT,REFERENCE_ONLY,.md
artifacts/vxp3/reports/GENERATED_ART_V6_GEOMETRY.json,ONLY_ON_106,GENERATED_REVIEW_ARTIFACT,REFERENCE_ONLY,.json
artifacts/vxp3/reports/GENERATED_ART_V6_MASTERS.json,ONLY_ON_106,GENERATED_REVIEW_ARTIFACT,REFERENCE_ONLY,.json
artifacts/vxp3/reports/GENERATED_ART_V6_QUALITY.json,ONLY_ON_106,GENERATED_REVIEW_ARTIFACT,REFERENCE_ONLY,.json
artifacts/vxp3/reports/GENERATED_ART_V6_SHEETS.json,ONLY_ON_106,GENERATED_REVIEW_ARTIFACT,REFERENCE_ONLY,.json
artifacts/vxp3/reports/GENERATED_ART_V7_AZ.md,ONLY_ON_106,GENERATED_REVIEW_ARTIFACT,REFERENCE_ONLY,.md
artifacts/vxp3/reports/GENERATED_ART_V7_GEOMETRY.json,ONLY_ON_106,GENERATED_REVIEW_ARTIFACT,REFERENCE_ONLY,.json
artifacts/vxp3/reports/GENERATED_ART_V7_MASTERS.json,ONLY_ON_106,GENERATED_REVIEW_ARTIFACT,REFERENCE_ONLY,.json
artifacts/vxp3/reports/GENERATED_ART_V7_QUALITY.json,ONLY_ON_106,GENERATED_REVIEW_ARTIFACT,REFERENCE_ONLY,.json
artifacts/vxp3/reports/GENERATED_ART_V7_RENDERS.json,ONLY_ON_106,GENERATED_REVIEW_ARTIFACT,REFERENCE_ONLY,.json
artifacts/vxp3/reports/GENERATED_ART_V7_SHEETS.json,ONLY_ON_106,GENERATED_REVIEW_ARTIFACT,REFERENCE_ONLY,.json
artifacts/vxp3/reports/GENERATED_ART_V8_ATTACHMENT_INTEGRITY.json,ONLY_ON_106,GENERATED_REVIEW_ARTIFACT,REFERENCE_ONLY,.json
artifacts/vxp3/reports/GENERATED_ART_V8_ATTACHMENT_ember-vale.json,ONLY_ON_106,GENERATED_REVIEW_ARTIFACT,REFERENCE_ONLY,.json
artifacts/vxp3/reports/GENERATED_ART_V8_ATTACHMENT_juno-spark.json,ONLY_ON_106,GENERATED_REVIEW_ARTIFACT,REFERENCE_ONLY,.json
artifacts/vxp3/reports/GENERATED_ART_V8_ATTACHMENT_kaia-windrow.json,ONLY_ON_106,GENERATED_REVIEW_ARTIFACT,REFERENCE_ONLY,.json
artifacts/vxp3/reports/GENERATED_ART_V8_ATTACHMENT_nix-calder.json,ONLY_ON_106,GENERATED_REVIEW_ARTIFACT,REFERENCE_ONLY,.json
artifacts/vxp3/reports/GENERATED_ART_V8_ATTACHMENT_orion-vell.json,ONLY_ON_106,GENERATED_REVIEW_ARTIFACT,REFERENCE_ONLY,.json
artifacts/vxp3/reports/GENERATED_ART_V8_ATTACHMENT_rook-ironside.json,ONLY_ON_106,GENERATED_REVIEW_ARTIFACT,REFERENCE_ONLY,.json
artifacts/vxp3/reports/GENERATED_ART_V8_ATTACHMENT_vesper-nyx.json,ONLY_ON_106,GENERATED_REVIEW_ARTIFACT,REFERENCE_ONLY,.json
artifacts/vxp3/reports/GENERATED_ART_V8_AZ.md,ONLY_ON_106,GENERATED_REVIEW_ARTIFACT,REFERENCE_ONLY,.md
artifacts/vxp3/reports/GENERATED_ART_V8_GEOMETRY.json,ONLY_ON_106,GENERATED_REVIEW_ARTIFACT,REFERENCE_ONLY,.json
artifacts/vxp3/reports/GENERATED_ART_V8_MASTERS.json,ONLY_ON_106,GENERATED_REVIEW_ARTIFACT,REFERENCE_ONLY,.json
artifacts/vxp3/reports/GENERATED_ART_V8_QUALITY.json,ONLY_ON_106,GENERATED_REVIEW_ARTIFACT,REFERENCE_ONLY,.json
artifacts/vxp3/reports/GENERATED_ART_V8_RENDERS.json,ONLY_ON_106,GENERATED_REVIEW_ARTIFACT,REFERENCE_ONLY,.json
artifacts/vxp3/reports/GENERATED_ART_V8_SHEETS.json,ONLY_ON_106,GENERATED_REVIEW_ARTIFACT,REFERENCE_ONLY,.json
artifacts/vxp3/reports/GENERATED_ART_V9_ATTACHMENT_INTEGRITY.json,ONLY_ON_106,GENERATED_REVIEW_ARTIFACT,REFERENCE_ONLY,.json
artifacts/vxp3/reports/GENERATED_ART_V9_ATTACHMENT_ember-vale.json,ONLY_ON_106,GENERATED_REVIEW_ARTIFACT,REFERENCE_ONLY,.json
artifacts/vxp3/reports/GENERATED_ART_V9_ATTACHMENT_juno-spark.json,ONLY_ON_106,GENERATED_REVIEW_ARTIFACT,REFERENCE_ONLY,.json
artifacts/vxp3/reports/GENERATED_ART_V9_ATTACHMENT_kaia-windrow.json,ONLY_ON_106,GENERATED_REVIEW_ARTIFACT,REFERENCE_ONLY,.json
artifacts/vxp3/reports/GENERATED_ART_V9_ATTACHMENT_nix-calder.json,ONLY_ON_106,GENERATED_REVIEW_ARTIFACT,REFERENCE_ONLY,.json
artifacts/vxp3/reports/GENERATED_ART_V9_ATTACHMENT_orion-vell.json,ONLY_ON_106,GENERATED_REVIEW_ARTIFACT,REFERENCE_ONLY,.json
artifacts/vxp3/reports/GENERATED_ART_V9_ATTACHMENT_rook-ironside.json,ONLY_ON_106,GENERATED_REVIEW_ARTIFACT,REFERENCE_ONLY,.json
artifacts/vxp3/reports/GENERATED_ART_V9_ATTACHMENT_vesper-nyx.json,ONLY_ON_106,GENERATED_REVIEW_ARTIFACT,REFERENCE_ONLY,.json
artifacts/vxp3/reports/GENERATED_ART_V9_AZ.md,ONLY_ON_106,GENERATED_REVIEW_ARTIFACT,REFERENCE_ONLY,.md
artifacts/vxp3/reports/GENERATED_ART_V9_GEOMETRY.json,ONLY_ON_106,GENERATED_REVIEW_ARTIFACT,REFERENCE_ONLY,.json
artifacts/vxp3/reports/GENERATED_ART_V9_MASTERS.json,ONLY_ON_106,GENERATED_REVIEW_ARTIFACT,REFERENCE_ONLY,.json
artifacts/vxp3/reports/GENERATED_ART_V9_PIPELINE.log,ONLY_ON_106,OBSOLETE,DISCARD_OBSOLETE,.log
artifacts/vxp3/reports/GENERATED_ART_V9_PIPELINE_CYCLE2.log,ONLY_ON_106,OBSOLETE,DISCARD_OBSOLETE,.log
artifacts/vxp3/reports/GENERATED_ART_V9_QUALITY.json,ONLY_ON_106,GENERATED_REVIEW_ARTIFACT,REFERENCE_ONLY,.json
artifacts/vxp3/reports/GENERATED_ART_V9_RENDERS.json,ONLY_ON_106,GENERATED_REVIEW_ARTIFACT,REFERENCE_ONLY,.json
artifacts/vxp3/reports/GENERATED_ART_V9_SHEETS.json,ONLY_ON_106,GENERATED_REVIEW_ARTIFACT,REFERENCE_ONLY,.json
artifacts/vxp3/reports/GENERATED_PRODUCTION_ANIMATION.json,ONLY_ON_106,GENERATED_REVIEW_ARTIFACT,REFERENCE_ONLY,.json
artifacts/vxp3/reports/GENERATED_PRODUCTION_ART_AZ.md,ONLY_ON_106,GENERATED_REVIEW_ARTIFACT,REFERENCE_ONLY,.md
artifacts/vxp3/reports/GENERATED_PRODUCTION_ART_MANIFEST.json,ONLY_ON_106,GENERATED_REVIEW_ARTIFACT,REFERENCE_ONLY,.json
artifacts/vxp3/reports/GENERATED_PRODUCTION_AUDIO.json,ONLY_ON_106,GENERATED_REVIEW_ARTIFACT,REFERENCE_ONLY,.json
artifacts/vxp3/reports/GENERATED_PRODUCTION_CONTACT_SHEETS.json,ONLY_ON_106,OBSOLETE,REFERENCE_ONLY,.json
artifacts/vxp3/reports/GENERATED_PRODUCTION_EXAGGERATION.json,ONLY_ON_106,GENERATED_REVIEW_ARTIFACT,REFERENCE_ONLY,.json
artifacts/vxp3/reports/GENERATED_PRODUCTION_GEOMETRY_V2.json,ONLY_ON_106,GENERATED_REVIEW_ARTIFACT,REFERENCE_ONLY,.json
artifacts/vxp3/reports/GENERATED_PRODUCTION_GEOMETRY_V3.json,ONLY_ON_106,GENERATED_REVIEW_ARTIFACT,REFERENCE_ONLY,.json
artifacts/vxp3/reports/GENERATED_PRODUCTION_MASTERS.json,ONLY_ON_106,GENERATED_REVIEW_ARTIFACT,REFERENCE_ONLY,.json
artifacts/vxp3/reports/GENERATED_PRODUCTION_QUALITY_V2.json,ONLY_ON_106,GENERATED_REVIEW_ARTIFACT,REFERENCE_ONLY,.json
artifacts/vxp3/reports/GENERATED_PRODUCTION_VFX.json,ONLY_ON_106,GENERATED_REVIEW_ARTIFACT,REFERENCE_ONLY,.json
artifacts/vxp3/reports/VXP3_CONTACT_SHEETS.json,ONLY_ON_106,OBSOLETE,REFERENCE_ONLY,.json
artifacts/vxp3/reports/VXP3_GENERATED_ART_V5_GATES.json,ONLY_ON_106,GENERATED_REVIEW_ARTIFACT,REFERENCE_ONLY,.json
artifacts/vxp3/reports/VXP3_GENERATED_ART_V6_GATES.json,ONLY_ON_106,GENERATED_REVIEW_ARTIFACT,REFERENCE_ONLY,.json
artifacts/vxp3/reports/VXP3_GENERATED_ART_V7_GATES.json,ONLY_ON_106,GENERATED_REVIEW_ARTIFACT,REFERENCE_ONLY,.json
artifacts/vxp3/reports/VXP3_GENERATED_ART_V8_GATES.json,ONLY_ON_106,GENERATED_REVIEW_ARTIFACT,REFERENCE_ONLY,.json
artifacts/vxp3/reports/VXP3_GENERATED_ART_V9_GATES.json,ONLY_ON_106,GENERATED_REVIEW_ARTIFACT,REFERENCE_ONLY,.json
artifacts/vxp3/reports/VXP3_GENERATED_PRODUCTION_ART_GATES.json,ONLY_ON_106,GENERATED_REVIEW_ARTIFACT,REFERENCE_ONLY,.json
artifacts/vxp3/review/deformation_v2/ember-vale/heavy_contact.png,ONLY_ON_106,OBSOLETE,DISCARD_OBSOLETE,.png
artifacts/vxp3/review/deformation_v2/juno-spark/heavy_contact.png,ONLY_ON_106,OBSOLETE,DISCARD_OBSOLETE,.png
artifacts/vxp3/review/deformation_v2/kaia-windrow/heavy_contact.png,ONLY_ON_106,OBSOLETE,DISCARD_OBSOLETE,.png
artifacts/vxp3/review/deformation_v2/nix-calder/heavy_contact.png,ONLY_ON_106,OBSOLETE,DISCARD_OBSOLETE,.png
artifacts/vxp3/review/deformation_v2/orion-vell/heavy_contact.png,ONLY_ON_106,OBSOLETE,DISCARD_OBSOLETE,.png
artifacts/vxp3/review/deformation_v2/rook-ironside/heavy_contact.png,ONLY_ON_106,OBSOLETE,DISCARD_OBSOLETE,.png
artifacts/vxp3/review/deformation_v2/vesper-nyx/heavy_contact.png,ONLY_ON_106,OBSOLETE,DISCARD_OBSOLETE,.png
artifacts/vxp3/review/generated_art_v3/design_sheets/ember-vale/3q.png,ONLY_ON_106,OBSOLETE,DISCARD_OBSOLETE,.png
artifacts/vxp3/review/generated_art_v3/design_sheets/ember-vale/back.png,ONLY_ON_106,OBSOLETE,DISCARD_OBSOLETE,.png
artifacts/vxp3/review/generated_art_v3/design_sheets/ember-vale/charge_100.png,ONLY_ON_106,OBSOLETE,DISCARD_OBSOLETE,.png
artifacts/vxp3/review/generated_art_v3/design_sheets/ember-vale/costume_detail.png,ONLY_ON_106,OBSOLETE,DISCARD_OBSOLETE,.png
artifacts/vxp3/review/generated_art_v3/design_sheets/ember-vale/front.png,ONLY_ON_106,OBSOLETE,DISCARD_OBSOLETE,.png
artifacts/vxp3/review/generated_art_v3/design_sheets/ember-vale/hand_foot_detail.png,ONLY_ON_106,OBSOLETE,DISCARD_OBSOLETE,.png
artifacts/vxp3/review/generated_art_v3/design_sheets/ember-vale/head_detail.png,ONLY_ON_106,OBSOLETE,DISCARD_OBSOLETE,.png
artifacts/vxp3/review/generated_art_v3/design_sheets/ember-vale/heavy_contact.png,ONLY_ON_106,OBSOLETE,DISCARD_OBSOLETE,.png
artifacts/vxp3/review/generated_art_v3/design_sheets/ember-vale/side.png,ONLY_ON_106,OBSOLETE,DISCARD_OBSOLETE,.png
artifacts/vxp3/review/generated_art_v3/design_sheets/ember-vale/silhouette.png,ONLY_ON_106,OBSOLETE,DISCARD_OBSOLETE,.png
artifacts/vxp3/review/generated_art_v3/design_sheets/juno-spark/3q.png,ONLY_ON_106,OBSOLETE,DISCARD_OBSOLETE,.png
artifacts/vxp3/review/generated_art_v3/design_sheets/juno-spark/back.png,ONLY_ON_106,OBSOLETE,DISCARD_OBSOLETE,.png
artifacts/vxp3/review/generated_art_v3/design_sheets/juno-spark/charge_100.png,ONLY_ON_106,OBSOLETE,DISCARD_OBSOLETE,.png
artifacts/vxp3/review/generated_art_v3/design_sheets/juno-spark/costume_detail.png,ONLY_ON_106,OBSOLETE,DISCARD_OBSOLETE,.png
artifacts/vxp3/review/generated_art_v3/design_sheets/juno-spark/front.png,ONLY_ON_106,OBSOLETE,DISCARD_OBSOLETE,.png
artifacts/vxp3/review/generated_art_v3/design_sheets/juno-spark/hand_foot_detail.png,ONLY_ON_106,OBSOLETE,DISCARD_OBSOLETE,.png
artifacts/vxp3/review/generated_art_v3/design_sheets/juno-spark/head_detail.png,ONLY_ON_106,OBSOLETE,DISCARD_OBSOLETE,.png
artifacts/vxp3/review/generated_art_v3/design_sheets/juno-spark/heavy_contact.png,ONLY_ON_106,OBSOLETE,DISCARD_OBSOLETE,.png
artifacts/vxp3/review/generated_art_v3/design_sheets/juno-spark/side.png,ONLY_ON_106,OBSOLETE,DISCARD_OBSOLETE,.png
artifacts/vxp3/review/generated_art_v3/design_sheets/juno-spark/silhouette.png,ONLY_ON_106,OBSOLETE,DISCARD_OBSOLETE,.png
artifacts/vxp3/review/generated_art_v3/design_sheets/kaia-windrow/3q.png,ONLY_ON_106,OBSOLETE,DISCARD_OBSOLETE,.png
artifacts/vxp3/review/generated_art_v3/design_sheets/kaia-windrow/back.png,ONLY_ON_106,OBSOLETE,DISCARD_OBSOLETE,.png
artifacts/vxp3/review/generated_art_v3/design_sheets/kaia-windrow/charge_100.png,ONLY_ON_106,OBSOLETE,DISCARD_OBSOLETE,.png
artifacts/vxp3/review/generated_art_v3/design_sheets/kaia-windrow/costume_detail.png,ONLY_ON_106,OBSOLETE,DISCARD_OBSOLETE,.png
artifacts/vxp3/review/generated_art_v3/design_sheets/kaia-windrow/front.png,ONLY_ON_106,OBSOLETE,DISCARD_OBSOLETE,.png
artifacts/vxp3/review/generated_art_v3/design_sheets/kaia-windrow/hand_foot_detail.png,ONLY_ON_106,OBSOLETE,DISCARD_OBSOLETE,.png
artifacts/vxp3/review/generated_art_v3/design_sheets/kaia-windrow/head_detail.png,ONLY_ON_106,OBSOLETE,DISCARD_OBSOLETE,.png
artifacts/vxp3/review/generated_art_v3/design_sheets/kaia-windrow/heavy_contact.png,ONLY_ON_106,OBSOLETE,DISCARD_OBSOLETE,.png
artifacts/vxp3/review/generated_art_v3/design_sheets/kaia-windrow/side.png,ONLY_ON_106,OBSOLETE,DISCARD_OBSOLETE,.png
artifacts/vxp3/review/generated_art_v3/design_sheets/kaia-windrow/silhouette.png,ONLY_ON_106,OBSOLETE,DISCARD_OBSOLETE,.png
artifacts/vxp3/review/generated_art_v3/design_sheets/nix-calder/3q.png,ONLY_ON_106,OBSOLETE,DISCARD_OBSOLETE,.png
artifacts/vxp3/review/generated_art_v3/design_sheets/nix-calder/back.png,ONLY_ON_106,OBSOLETE,DISCARD_OBSOLETE,.png
artifacts/vxp3/review/generated_art_v3/design_sheets/nix-calder/charge_100.png,ONLY_ON_106,OBSOLETE,DISCARD_OBSOLETE,.png
artifacts/vxp3/review/generated_art_v3/design_sheets/nix-calder/costume_detail.png,ONLY_ON_106,OBSOLETE,DISCARD_OBSOLETE,.png
artifacts/vxp3/review/generated_art_v3/design_sheets/nix-calder/front.png,ONLY_ON_106,OBSOLETE,DISCARD_OBSOLETE,.png
artifacts/vxp3/review/generated_art_v3/design_sheets/nix-calder/hand_foot_detail.png,ONLY_ON_106,OBSOLETE,DISCARD_OBSOLETE,.png
artifacts/vxp3/review/generated_art_v3/design_sheets/nix-calder/head_detail.png,ONLY_ON_106,OBSOLETE,DISCARD_OBSOLETE,.png
artifacts/vxp3/review/generated_art_v3/design_sheets/nix-calder/heavy_contact.png,ONLY_ON_106,OBSOLETE,DISCARD_OBSOLETE,.png
artifacts/vxp3/review/generated_art_v3/design_sheets/nix-calder/side.png,ONLY_ON_106,OBSOLETE,DISCARD_OBSOLETE,.png
artifacts/vxp3/review/generated_art_v3/design_sheets/nix-calder/silhouette.png,ONLY_ON_106,OBSOLETE,DISCARD_OBSOLETE,.png
artifacts/vxp3/review/generated_art_v3/design_sheets/orion-vell/3q.png,ONLY_ON_106,OBSOLETE,DISCARD_OBSOLETE,.png
artifacts/vxp3/review/generated_art_v3/design_sheets/orion-vell/back.png,ONLY_ON_106,OBSOLETE,DISCARD_OBSOLETE,.png
artifacts/vxp3/review/generated_art_v3/design_sheets/orion-vell/charge_100.png,ONLY_ON_106,OBSOLETE,DISCARD_OBSOLETE,.png
artifacts/vxp3/review/generated_art_v3/design_sheets/orion-vell/costume_detail.png,ONLY_ON_106,OBSOLETE,DISCARD_OBSOLETE,.png
artifacts/vxp3/review/generated_art_v3/design_sheets/orion-vell/front.png,ONLY_ON_106,OBSOLETE,DISCARD_OBSOLETE,.png
artifacts/vxp3/review/generated_art_v3/design_sheets/orion-vell/hand_foot_detail.png,ONLY_ON_106,OBSOLETE,DISCARD_OBSOLETE,.png
artifacts/vxp3/review/generated_art_v3/design_sheets/orion-vell/head_detail.png,ONLY_ON_106,OBSOLETE,DISCARD_OBSOLETE,.png
artifacts/vxp3/review/generated_art_v3/design_sheets/orion-vell/heavy_contact.png,ONLY_ON_106,OBSOLETE,DISCARD_OBSOLETE,.png
artifacts/vxp3/review/generated_art_v3/design_sheets/orion-vell/side.png,ONLY_ON_106,OBSOLETE,DISCARD_OBSOLETE,.png
artifacts/vxp3/review/generated_art_v3/design_sheets/orion-vell/silhouette.png,ONLY_ON_106,OBSOLETE,DISCARD_OBSOLETE,.png
artifacts/vxp3/review/generated_art_v3/design_sheets/rook-ironside/3q.png,ONLY_ON_106,OBSOLETE,DISCARD_OBSOLETE,.png
artifacts/vxp3/review/generated_art_v3/design_sheets/rook-ironside/back.png,ONLY_ON_106,OBSOLETE,DISCARD_OBSOLETE,.png
artifacts/vxp3/review/generated_art_v3/design_sheets/rook-ironside/charge_100.png,ONLY_ON_106,OBSOLETE,DISCARD_OBSOLETE,.png
artifacts/vxp3/review/generated_art_v3/design_sheets/rook-ironside/costume_detail.png,ONLY_ON_106,OBSOLETE,DISCARD_OBSOLETE,.png
artifacts/vxp3/review/generated_art_v3/design_sheets/rook-ironside/front.png,ONLY_ON_106,OBSOLETE,DISCARD_OBSOLETE,.png
artifacts/vxp3/review/generated_art_v3/design_sheets/rook-ironside/hand_foot_detail.png,ONLY_ON_106,OBSOLETE,DISCARD_OBSOLETE,.png
artifacts/vxp3/review/generated_art_v3/design_sheets/rook-ironside/head_detail.png,ONLY_ON_106,OBSOLETE,DISCARD_OBSOLETE,.png
artifacts/vxp3/review/generated_art_v3/design_sheets/rook-ironside/heavy_contact.png,ONLY_ON_106,OBSOLETE,DISCARD_OBSOLETE,.png
artifacts/vxp3/review/generated_art_v3/design_sheets/rook-ironside/side.png,ONLY_ON_106,OBSOLETE,DISCARD_OBSOLETE,.png
artifacts/vxp3/review/generated_art_v3/design_sheets/rook-ironside/silhouette.png,ONLY_ON_106,OBSOLETE,DISCARD_OBSOLETE,.png
artifacts/vxp3/review/generated_art_v3/design_sheets/vesper-nyx/3q.png,ONLY_ON_106,OBSOLETE,DISCARD_OBSOLETE,.png
artifacts/vxp3/review/generated_art_v3/design_sheets/vesper-nyx/back.png,ONLY_ON_106,OBSOLETE,DISCARD_OBSOLETE,.png
artifacts/vxp3/review/generated_art_v3/design_sheets/vesper-nyx/charge_100.png,ONLY_ON_106,OBSOLETE,DISCARD_OBSOLETE,.png
artifacts/vxp3/review/generated_art_v3/design_sheets/vesper-nyx/costume_detail.png,ONLY_ON_106,OBSOLETE,DISCARD_OBSOLETE,.png
artifacts/vxp3/review/generated_art_v3/design_sheets/vesper-nyx/front.png,ONLY_ON_106,OBSOLETE,DISCARD_OBSOLETE,.png
artifacts/vxp3/review/generated_art_v3/design_sheets/vesper-nyx/hand_foot_detail.png,ONLY_ON_106,OBSOLETE,DISCARD_OBSOLETE,.png
artifacts/vxp3/review/generated_art_v3/design_sheets/vesper-nyx/head_detail.png,ONLY_ON_106,OBSOLETE,DISCARD_OBSOLETE,.png
artifacts/vxp3/review/generated_art_v3/design_sheets/vesper-nyx/heavy_contact.png,ONLY_ON_106,OBSOLETE,DISCARD_OBSOLETE,.png
artifacts/vxp3/review/generated_art_v3/design_sheets/vesper-nyx/side.png,ONLY_ON_106,OBSOLETE,DISCARD_OBSOLETE,.png
artifacts/vxp3/review/generated_art_v3/design_sheets/vesper-nyx/silhouette.png,ONLY_ON_106,OBSOLETE,DISCARD_OBSOLETE,.png
artifacts/vxp3/review/generated_art_v3/ember-vale/KO.png,ONLY_ON_106,OBSOLETE,DISCARD_OBSOLETE,.png
artifacts/vxp3/review/generated_art_v3/ember-vale/charge_100_vfx_off.png,ONLY_ON_106,OBSOLETE,DISCARD_OBSOLETE,.png
artifacts/vxp3/review/generated_art_v3/ember-vale/charge_100_vfx_on.png,ONLY_ON_106,OBSOLETE,DISCARD_OBSOLETE,.png
artifacts/vxp3/review/generated_art_v3/ember-vale/close_body_3q.png,ONLY_ON_106,OBSOLETE,DISCARD_OBSOLETE,.png
artifacts/vxp3/review/generated_art_v3/ember-vale/costume_detail.png,ONLY_ON_106,OBSOLETE,DISCARD_OBSOLETE,.png
artifacts/vxp3/review/generated_art_v3/ember-vale/foot_detail.png,ONLY_ON_106,OBSOLETE,DISCARD_OBSOLETE,.png
artifacts/vxp3/review/generated_art_v3/ember-vale/hand_detail.png,ONLY_ON_106,OBSOLETE,DISCARD_OBSOLETE,.png
artifacts/vxp3/review/generated_art_v3/ember-vale/head_detail.png,ONLY_ON_106,OBSOLETE,DISCARD_OBSOLETE,.png
artifacts/vxp3/review/generated_art_v3/ember-vale/heavy_anticipation.png,ONLY_ON_106,OBSOLETE,DISCARD_OBSOLETE,.png
artifacts/vxp3/review/generated_art_v3/ember-vale/heavy_contact.png,ONLY_ON_106,OBSOLETE,DISCARD_OBSOLETE,.png
artifacts/vxp3/review/generated_art_v3/ember-vale/heavy_follow.png,ONLY_ON_106,OBSOLETE,DISCARD_OBSOLETE,.png
artifacts/vxp3/review/generated_art_v3/ember-vale/hurt_heavy.png,ONLY_ON_106,OBSOLETE,DISCARD_OBSOLETE,.png
artifacts/vxp3/review/generated_art_v3/ember-vale/idle.png,ONLY_ON_106,OBSOLETE,DISCARD_OBSOLETE,.png
artifacts/vxp3/review/generated_art_v3/ember-vale/run.png,ONLY_ON_106,OBSOLETE,DISCARD_OBSOLETE,.png
artifacts/vxp3/review/generated_art_v3/ember-vale/silhouette.png,ONLY_ON_106,OBSOLETE,DISCARD_OBSOLETE,.png
artifacts/vxp3/review/generated_art_v3/ember-vale/silhouette_charge_100.png,ONLY_ON_106,OBSOLETE,DISCARD_OBSOLETE,.png
artifacts/vxp3/review/generated_art_v3/ember-vale/silhouette_heavy_anticipation.png,ONLY_ON_106,OBSOLETE,DISCARD_OBSOLETE,.png
artifacts/vxp3/review/generated_art_v3/ember-vale/silhouette_heavy_contact.png,ONLY_ON_106,OBSOLETE,DISCARD_OBSOLETE,.png
artifacts/vxp3/review/generated_art_v3/ember-vale/silhouette_neutral.png,ONLY_ON_106,OBSOLETE,DISCARD_OBSOLETE,.png
artifacts/vxp3/review/generated_art_v3/ember-vale/silhouette_walk.png,ONLY_ON_106,OBSOLETE,DISCARD_OBSOLETE,.png
artifacts/vxp3/review/generated_art_v3/ember-vale/super.png,ONLY_ON_106,OBSOLETE,DISCARD_OBSOLETE,.png
artifacts/vxp3/review/generated_art_v3/ember-vale/walk.png,ONLY_ON_106,OBSOLETE,DISCARD_OBSOLETE,.png
artifacts/vxp3/review/generated_art_v3/juno-spark/KO.png,ONLY_ON_106,OBSOLETE,DISCARD_OBSOLETE,.png
artifacts/vxp3/review/generated_art_v3/juno-spark/charge_100_vfx_off.png,ONLY_ON_106,OBSOLETE,DISCARD_OBSOLETE,.png
artifacts/vxp3/review/generated_art_v3/juno-spark/charge_100_vfx_on.png,ONLY_ON_106,OBSOLETE,DISCARD_OBSOLETE,.png
artifacts/vxp3/review/generated_art_v3/juno-spark/close_body_3q.png,ONLY_ON_106,OBSOLETE,DISCARD_OBSOLETE,.png
artifacts/vxp3/review/generated_art_v3/juno-spark/costume_detail.png,ONLY_ON_106,OBSOLETE,DISCARD_OBSOLETE,.png
artifacts/vxp3/review/generated_art_v3/juno-spark/foot_detail.png,ONLY_ON_106,OBSOLETE,DISCARD_OBSOLETE,.png
artifacts/vxp3/review/generated_art_v3/juno-spark/hand_detail.png,ONLY_ON_106,OBSOLETE,DISCARD_OBSOLETE,.png
artifacts/vxp3/review/generated_art_v3/juno-spark/head_detail.png,ONLY_ON_106,OBSOLETE,DISCARD_OBSOLETE,.png
artifacts/vxp3/review/generated_art_v3/juno-spark/heavy_anticipation.png,ONLY_ON_106,OBSOLETE,DISCARD_OBSOLETE,.png
artifacts/vxp3/review/generated_art_v3/juno-spark/heavy_contact.png,ONLY_ON_106,OBSOLETE,DISCARD_OBSOLETE,.png
artifacts/vxp3/review/generated_art_v3/juno-spark/heavy_follow.png,ONLY_ON_106,OBSOLETE,DISCARD_OBSOLETE,.png
artifacts/vxp3/review/generated_art_v3/juno-spark/hurt_heavy.png,ONLY_ON_106,OBSOLETE,DISCARD_OBSOLETE,.png
artifacts/vxp3/review/generated_art_v3/juno-spark/idle.png,ONLY_ON_106,OBSOLETE,DISCARD_OBSOLETE,.png
artifacts/vxp3/review/generated_art_v3/juno-spark/run.png,ONLY_ON_106,OBSOLETE,DISCARD_OBSOLETE,.png
artifacts/vxp3/review/generated_art_v3/juno-spark/silhouette.png,ONLY_ON_106,OBSOLETE,DISCARD_OBSOLETE,.png
artifacts/vxp3/review/generated_art_v3/juno-spark/silhouette_charge_100.png,ONLY_ON_106,OBSOLETE,DISCARD_OBSOLETE,.png
artifacts/vxp3/review/generated_art_v3/juno-spark/silhouette_heavy_anticipation.png,ONLY_ON_106,OBSOLETE,DISCARD_OBSOLETE,.png
artifacts/vxp3/review/generated_art_v3/juno-spark/silhouette_heavy_contact.png,ONLY_ON_106,OBSOLETE,DISCARD_OBSOLETE,.png
artifacts/vxp3/review/generated_art_v3/juno-spark/silhouette_neutral.png,ONLY_ON_106,OBSOLETE,DISCARD_OBSOLETE,.png
artifacts/vxp3/review/generated_art_v3/juno-spark/silhouette_walk.png,ONLY_ON_106,OBSOLETE,DISCARD_OBSOLETE,.png
artifacts/vxp3/review/generated_art_v3/juno-spark/super.png,ONLY_ON_106,OBSOLETE,DISCARD_OBSOLETE,.png
artifacts/vxp3/review/generated_art_v3/juno-spark/walk.png,ONLY_ON_106,OBSOLETE,DISCARD_OBSOLETE,.png
artifacts/vxp3/review/generated_art_v3/kaia-windrow/KO.png,ONLY_ON_106,OBSOLETE,DISCARD_OBSOLETE,.png
artifacts/vxp3/review/generated_art_v3/kaia-windrow/charge_100_vfx_off.png,ONLY_ON_106,OBSOLETE,DISCARD_OBSOLETE,.png
artifacts/vxp3/review/generated_art_v3/kaia-windrow/charge_100_vfx_on.png,ONLY_ON_106,OBSOLETE,DISCARD_OBSOLETE,.png
artifacts/vxp3/review/generated_art_v3/kaia-windrow/close_body_3q.png,ONLY_ON_106,OBSOLETE,DISCARD_OBSOLETE,.png
artifacts/vxp3/review/generated_art_v3/kaia-windrow/costume_detail.png,ONLY_ON_106,OBSOLETE,DISCARD_OBSOLETE,.png
artifacts/vxp3/review/generated_art_v3/kaia-windrow/foot_detail.png,ONLY_ON_106,OBSOLETE,DISCARD_OBSOLETE,.png
artifacts/vxp3/review/generated_art_v3/kaia-windrow/hand_detail.png,ONLY_ON_106,OBSOLETE,DISCARD_OBSOLETE,.png
artifacts/vxp3/review/generated_art_v3/kaia-windrow/head_detail.png,ONLY_ON_106,OBSOLETE,DISCARD_OBSOLETE,.png
artifacts/vxp3/review/generated_art_v3/kaia-windrow/heavy_anticipation.png,ONLY_ON_106,OBSOLETE,DISCARD_OBSOLETE,.png
artifacts/vxp3/review/generated_art_v3/kaia-windrow/heavy_contact.png,ONLY_ON_106,OBSOLETE,DISCARD_OBSOLETE,.png
artifacts/vxp3/review/generated_art_v3/kaia-windrow/heavy_follow.png,ONLY_ON_106,OBSOLETE,DISCARD_OBSOLETE,.png
artifacts/vxp3/review/generated_art_v3/kaia-windrow/hurt_heavy.png,ONLY_ON_106,OBSOLETE,DISCARD_OBSOLETE,.png
artifacts/vxp3/review/generated_art_v3/kaia-windrow/idle.png,ONLY_ON_106,OBSOLETE,DISCARD_OBSOLETE,.png
artifacts/vxp3/review/generated_art_v3/kaia-windrow/run.png,ONLY_ON_106,OBSOLETE,DISCARD_OBSOLETE,.png
artifacts/vxp3/review/generated_art_v3/kaia-windrow/silhouette.png,ONLY_ON_106,OBSOLETE,DISCARD_OBSOLETE,.png
artifacts/vxp3/review/generated_art_v3/kaia-windrow/silhouette_charge_100.png,ONLY_ON_106,OBSOLETE,DISCARD_OBSOLETE,.png
artifacts/vxp3/review/generated_art_v3/kaia-windrow/silhouette_heavy_anticipation.png,ONLY_ON_106,OBSOLETE,DISCARD_OBSOLETE,.png
artifacts/vxp3/review/generated_art_v3/kaia-windrow/silhouette_heavy_contact.png,ONLY_ON_106,OBSOLETE,DISCARD_OBSOLETE,.png
artifacts/vxp3/review/generated_art_v3/kaia-windrow/silhouette_neutral.png,ONLY_ON_106,OBSOLETE,DISCARD_OBSOLETE,.png
artifacts/vxp3/review/generated_art_v3/kaia-windrow/silhouette_walk.png,ONLY_ON_106,OBSOLETE,DISCARD_OBSOLETE,.png
artifacts/vxp3/review/generated_art_v3/kaia-windrow/super.png,ONLY_ON_106,OBSOLETE,DISCARD_OBSOLETE,.png
artifacts/vxp3/review/generated_art_v3/kaia-windrow/walk.png,ONLY_ON_106,OBSOLETE,DISCARD_OBSOLETE,.png
artifacts/vxp3/review/generated_art_v3/nix-calder/KO.png,ONLY_ON_106,OBSOLETE,DISCARD_OBSOLETE,.png
artifacts/vxp3/review/generated_art_v3/nix-calder/charge_100_vfx_off.png,ONLY_ON_106,OBSOLETE,DISCARD_OBSOLETE,.png
artifacts/vxp3/review/generated_art_v3/nix-calder/charge_100_vfx_on.png,ONLY_ON_106,OBSOLETE,DISCARD_OBSOLETE,.png
artifacts/vxp3/review/generated_art_v3/nix-calder/close_body_3q.png,ONLY_ON_106,OBSOLETE,DISCARD_OBSOLETE,.png
artifacts/vxp3/review/generated_art_v3/nix-calder/costume_detail.png,ONLY_ON_106,OBSOLETE,DISCARD_OBSOLETE,.png
artifacts/vxp3/review/generated_art_v3/nix-calder/foot_detail.png,ONLY_ON_106,OBSOLETE,DISCARD_OBSOLETE,.png
artifacts/vxp3/review/generated_art_v3/nix-calder/hand_detail.png,ONLY_ON_106,OBSOLETE,DISCARD_OBSOLETE,.png
artifacts/vxp3/review/generated_art_v3/nix-calder/head_detail.png,ONLY_ON_106,OBSOLETE,DISCARD_OBSOLETE,.png
artifacts/vxp3/review/generated_art_v3/nix-calder/heavy_anticipation.png,ONLY_ON_106,OBSOLETE,DISCARD_OBSOLETE,.png
artifacts/vxp3/review/generated_art_v3/nix-calder/heavy_contact.png,ONLY_ON_106,OBSOLETE,DISCARD_OBSOLETE,.png
artifacts/vxp3/review/generated_art_v3/nix-calder/heavy_follow.png,ONLY_ON_106,OBSOLETE,DISCARD_OBSOLETE,.png
artifacts/vxp3/review/generated_art_v3/nix-calder/hurt_heavy.png,ONLY_ON_106,OBSOLETE,DISCARD_OBSOLETE,.png
artifacts/vxp3/review/generated_art_v3/nix-calder/idle.png,ONLY_ON_106,OBSOLETE,DISCARD_OBSOLETE,.png
artifacts/vxp3/review/generated_art_v3/nix-calder/run.png,ONLY_ON_106,OBSOLETE,DISCARD_OBSOLETE,.png
artifacts/vxp3/review/generated_art_v3/nix-calder/silhouette.png,ONLY_ON_106,OBSOLETE,DISCARD_OBSOLETE,.png
artifacts/vxp3/review/generated_art_v3/nix-calder/silhouette_charge_100.png,ONLY_ON_106,OBSOLETE,DISCARD_OBSOLETE,.png
artifacts/vxp3/review/generated_art_v3/nix-calder/silhouette_heavy_anticipation.png,ONLY_ON_106,OBSOLETE,DISCARD_OBSOLETE,.png
artifacts/vxp3/review/generated_art_v3/nix-calder/silhouette_heavy_contact.png,ONLY_ON_106,OBSOLETE,DISCARD_OBSOLETE,.png
artifacts/vxp3/review/generated_art_v3/nix-calder/silhouette_neutral.png,ONLY_ON_106,OBSOLETE,DISCARD_OBSOLETE,.png
artifacts/vxp3/review/generated_art_v3/nix-calder/silhouette_walk.png,ONLY_ON_106,OBSOLETE,DISCARD_OBSOLETE,.png
artifacts/vxp3/review/generated_art_v3/nix-calder/super.png,ONLY_ON_106,OBSOLETE,DISCARD_OBSOLETE,.png
artifacts/vxp3/review/generated_art_v3/nix-calder/walk.png,ONLY_ON_106,OBSOLETE,DISCARD_OBSOLETE,.png
artifacts/vxp3/review/generated_art_v3/orion-vell/KO.png,ONLY_ON_106,OBSOLETE,DISCARD_OBSOLETE,.png
artifacts/vxp3/review/generated_art_v3/orion-vell/charge_100_vfx_off.png,ONLY_ON_106,OBSOLETE,DISCARD_OBSOLETE,.png
artifacts/vxp3/review/generated_art_v3/orion-vell/charge_100_vfx_on.png,ONLY_ON_106,OBSOLETE,DISCARD_OBSOLETE,.png
artifacts/vxp3/review/generated_art_v3/orion-vell/close_body_3q.png,ONLY_ON_106,OBSOLETE,DISCARD_OBSOLETE,.png
artifacts/vxp3/review/generated_art_v3/orion-vell/costume_detail.png,ONLY_ON_106,OBSOLETE,DISCARD_OBSOLETE,.png
artifacts/vxp3/review/generated_art_v3/orion-vell/foot_detail.png,ONLY_ON_106,OBSOLETE,DISCARD_OBSOLETE,.png
artifacts/vxp3/review/generated_art_v3/orion-vell/hand_detail.png,ONLY_ON_106,OBSOLETE,DISCARD_OBSOLETE,.png
artifacts/vxp3/review/generated_art_v3/orion-vell/head_detail.png,ONLY_ON_106,OBSOLETE,DISCARD_OBSOLETE,.png
artifacts/vxp3/review/generated_art_v3/orion-vell/heavy_anticipation.png,ONLY_ON_106,OBSOLETE,DISCARD_OBSOLETE,.png
artifacts/vxp3/review/generated_art_v3/orion-vell/heavy_contact.png,ONLY_ON_106,OBSOLETE,DISCARD_OBSOLETE,.png
artifacts/vxp3/review/generated_art_v3/orion-vell/heavy_follow.png,ONLY_ON_106,OBSOLETE,DISCARD_OBSOLETE,.png
artifacts/vxp3/review/generated_art_v3/orion-vell/hurt_heavy.png,ONLY_ON_106,OBSOLETE,DISCARD_OBSOLETE,.png
artifacts/vxp3/review/generated_art_v3/orion-vell/idle.png,ONLY_ON_106,OBSOLETE,DISCARD_OBSOLETE,.png
artifacts/vxp3/review/generated_art_v3/orion-vell/run.png,ONLY_ON_106,OBSOLETE,DISCARD_OBSOLETE,.png
artifacts/vxp3/review/generated_art_v3/orion-vell/silhouette.png,ONLY_ON_106,OBSOLETE,DISCARD_OBSOLETE,.png
artifacts/vxp3/review/generated_art_v3/orion-vell/silhouette_charge_100.png,ONLY_ON_106,OBSOLETE,DISCARD_OBSOLETE,.png
artifacts/vxp3/review/generated_art_v3/orion-vell/silhouette_heavy_anticipation.png,ONLY_ON_106,OBSOLETE,DISCARD_OBSOLETE,.png
artifacts/vxp3/review/generated_art_v3/orion-vell/silhouette_heavy_contact.png,ONLY_ON_106,OBSOLETE,DISCARD_OBSOLETE,.png
artifacts/vxp3/review/generated_art_v3/orion-vell/silhouette_neutral.png,ONLY_ON_106,OBSOLETE,DISCARD_OBSOLETE,.png
artifacts/vxp3/review/generated_art_v3/orion-vell/silhouette_walk.png,ONLY_ON_106,OBSOLETE,DISCARD_OBSOLETE,.png
artifacts/vxp3/review/generated_art_v3/orion-vell/super.png,ONLY_ON_106,OBSOLETE,DISCARD_OBSOLETE,.png
artifacts/vxp3/review/generated_art_v3/orion-vell/walk.png,ONLY_ON_106,OBSOLETE,DISCARD_OBSOLETE,.png
artifacts/vxp3/review/generated_art_v3/rook-ironside/KO.png,ONLY_ON_106,OBSOLETE,DISCARD_OBSOLETE,.png
artifacts/vxp3/review/generated_art_v3/rook-ironside/charge_100_vfx_off.png,ONLY_ON_106,OBSOLETE,DISCARD_OBSOLETE,.png
artifacts/vxp3/review/generated_art_v3/rook-ironside/charge_100_vfx_on.png,ONLY_ON_106,OBSOLETE,DISCARD_OBSOLETE,.png
artifacts/vxp3/review/generated_art_v3/rook-ironside/close_body_3q.png,ONLY_ON_106,OBSOLETE,DISCARD_OBSOLETE,.png
artifacts/vxp3/review/generated_art_v3/rook-ironside/costume_detail.png,ONLY_ON_106,OBSOLETE,DISCARD_OBSOLETE,.png
artifacts/vxp3/review/generated_art_v3/rook-ironside/foot_detail.png,ONLY_ON_106,OBSOLETE,DISCARD_OBSOLETE,.png
artifacts/vxp3/review/generated_art_v3/rook-ironside/hand_detail.png,ONLY_ON_106,OBSOLETE,DISCARD_OBSOLETE,.png
artifacts/vxp3/review/generated_art_v3/rook-ironside/head_detail.png,ONLY_ON_106,OBSOLETE,DISCARD_OBSOLETE,.png
artifacts/vxp3/review/generated_art_v3/rook-ironside/heavy_anticipation.png,ONLY_ON_106,OBSOLETE,DISCARD_OBSOLETE,.png
artifacts/vxp3/review/generated_art_v3/rook-ironside/heavy_contact.png,ONLY_ON_106,OBSOLETE,DISCARD_OBSOLETE,.png
artifacts/vxp3/review/generated_art_v3/rook-ironside/heavy_follow.png,ONLY_ON_106,OBSOLETE,DISCARD_OBSOLETE,.png
artifacts/vxp3/review/generated_art_v3/rook-ironside/hurt_heavy.png,ONLY_ON_106,OBSOLETE,DISCARD_OBSOLETE,.png
artifacts/vxp3/review/generated_art_v3/rook-ironside/idle.png,ONLY_ON_106,OBSOLETE,DISCARD_OBSOLETE,.png
artifacts/vxp3/review/generated_art_v3/rook-ironside/run.png,ONLY_ON_106,OBSOLETE,DISCARD_OBSOLETE,.png
artifacts/vxp3/review/generated_art_v3/rook-ironside/silhouette.png,ONLY_ON_106,OBSOLETE,DISCARD_OBSOLETE,.png
artifacts/vxp3/review/generated_art_v3/rook-ironside/silhouette_charge_100.png,ONLY_ON_106,OBSOLETE,DISCARD_OBSOLETE,.png
artifacts/vxp3/review/generated_art_v3/rook-ironside/silhouette_heavy_anticipation.png,ONLY_ON_106,OBSOLETE,DISCARD_OBSOLETE,.png
artifacts/vxp3/review/generated_art_v3/rook-ironside/silhouette_heavy_contact.png,ONLY_ON_106,OBSOLETE,DISCARD_OBSOLETE,.png
artifacts/vxp3/review/generated_art_v3/rook-ironside/silhouette_neutral.png,ONLY_ON_106,OBSOLETE,DISCARD_OBSOLETE,.png
artifacts/vxp3/review/generated_art_v3/rook-ironside/silhouette_walk.png,ONLY_ON_106,OBSOLETE,DISCARD_OBSOLETE,.png
artifacts/vxp3/review/generated_art_v3/rook-ironside/super.png,ONLY_ON_106,OBSOLETE,DISCARD_OBSOLETE,.png
artifacts/vxp3/review/generated_art_v3/rook-ironside/walk.png,ONLY_ON_106,OBSOLETE,DISCARD_OBSOLETE,.png
artifacts/vxp3/review/generated_art_v3/roster/roster_compare.html,ONLY_ON_106,OBSOLETE,REFERENCE_ONLY,.html
artifacts/vxp3/review/generated_art_v3/vesper-nyx/KO.png,ONLY_ON_106,OBSOLETE,DISCARD_OBSOLETE,.png
artifacts/vxp3/review/generated_art_v3/vesper-nyx/charge_100_vfx_off.png,ONLY_ON_106,OBSOLETE,DISCARD_OBSOLETE,.png
artifacts/vxp3/review/generated_art_v3/vesper-nyx/charge_100_vfx_on.png,ONLY_ON_106,OBSOLETE,DISCARD_OBSOLETE,.png
artifacts/vxp3/review/generated_art_v3/vesper-nyx/close_body_3q.png,ONLY_ON_106,OBSOLETE,DISCARD_OBSOLETE,.png
artifacts/vxp3/review/generated_art_v3/vesper-nyx/costume_detail.png,ONLY_ON_106,OBSOLETE,DISCARD_OBSOLETE,.png
artifacts/vxp3/review/generated_art_v3/vesper-nyx/foot_detail.png,ONLY_ON_106,OBSOLETE,DISCARD_OBSOLETE,.png
artifacts/vxp3/review/generated_art_v3/vesper-nyx/hand_detail.png,ONLY_ON_106,OBSOLETE,DISCARD_OBSOLETE,.png
artifacts/vxp3/review/generated_art_v3/vesper-nyx/head_detail.png,ONLY_ON_106,OBSOLETE,DISCARD_OBSOLETE,.png
artifacts/vxp3/review/generated_art_v3/vesper-nyx/heavy_anticipation.png,ONLY_ON_106,OBSOLETE,DISCARD_OBSOLETE,.png
artifacts/vxp3/review/generated_art_v3/vesper-nyx/heavy_contact.png,ONLY_ON_106,OBSOLETE,DISCARD_OBSOLETE,.png
artifacts/vxp3/review/generated_art_v3/vesper-nyx/heavy_follow.png,ONLY_ON_106,OBSOLETE,DISCARD_OBSOLETE,.png
artifacts/vxp3/review/generated_art_v3/vesper-nyx/hurt_heavy.png,ONLY_ON_106,OBSOLETE,DISCARD_OBSOLETE,.png
artifacts/vxp3/review/generated_art_v3/vesper-nyx/idle.png,ONLY_ON_106,OBSOLETE,DISCARD_OBSOLETE,.png
artifacts/vxp3/review/generated_art_v3/vesper-nyx/run.png,ONLY_ON_106,OBSOLETE,DISCARD_OBSOLETE,.png
artifacts/vxp3/review/generated_art_v3/vesper-nyx/silhouette.png,ONLY_ON_106,OBSOLETE,DISCARD_OBSOLETE,.png
artifacts/vxp3/review/generated_art_v3/vesper-nyx/silhouette_charge_100.png,ONLY_ON_106,OBSOLETE,DISCARD_OBSOLETE,.png
artifacts/vxp3/review/generated_art_v3/vesper-nyx/silhouette_heavy_anticipation.png,ONLY_ON_106,OBSOLETE,DISCARD_OBSOLETE,.png
artifacts/vxp3/review/generated_art_v3/vesper-nyx/silhouette_heavy_contact.png,ONLY_ON_106,OBSOLETE,DISCARD_OBSOLETE,.png
artifacts/vxp3/review/generated_art_v3/vesper-nyx/silhouette_neutral.png,ONLY_ON_106,OBSOLETE,DISCARD_OBSOLETE,.png
artifacts/vxp3/review/generated_art_v3/vesper-nyx/silhouette_walk.png,ONLY_ON_106,OBSOLETE,DISCARD_OBSOLETE,.png
artifacts/vxp3/review/generated_art_v3/vesper-nyx/super.png,ONLY_ON_106,OBSOLETE,DISCARD_OBSOLETE,.png
artifacts/vxp3/review/generated_art_v3/vesper-nyx/walk.png,ONLY_ON_106,OBSOLETE,DISCARD_OBSOLETE,.png
artifacts/vxp3/review/generated_art_v4/ember-vale/KO.png,ONLY_ON_106,OBSOLETE,DISCARD_OBSOLETE,.png
artifacts/vxp3/review/generated_art_v4/ember-vale/back.png,ONLY_ON_106,OBSOLETE,DISCARD_OBSOLETE,.png
artifacts/vxp3/review/generated_art_v4/ember-vale/boot_detail.png,ONLY_ON_106,OBSOLETE,DISCARD_OBSOLETE,.png
artifacts/vxp3/review/generated_art_v4/ember-vale/charge_0_vfx_off.png,ONLY_ON_106,OBSOLETE,DISCARD_OBSOLETE,.png
artifacts/vxp3/review/generated_art_v4/ember-vale/charge_100_vfx_off.png,ONLY_ON_106,OBSOLETE,DISCARD_OBSOLETE,.png
artifacts/vxp3/review/generated_art_v4/ember-vale/charge_100_vfx_on.png,ONLY_ON_106,OBSOLETE,DISCARD_OBSOLETE,.png
artifacts/vxp3/review/generated_art_v4/ember-vale/close_3q.png,ONLY_ON_106,OBSOLETE,DISCARD_OBSOLETE,.png
artifacts/vxp3/review/generated_art_v4/ember-vale/costume_3q.png,ONLY_ON_106,OBSOLETE,DISCARD_OBSOLETE,.png
artifacts/vxp3/review/generated_art_v4/ember-vale/costume_front.png,ONLY_ON_106,OBSOLETE,DISCARD_OBSOLETE,.png
artifacts/vxp3/review/generated_art_v4/ember-vale/front.png,ONLY_ON_106,OBSOLETE,DISCARD_OBSOLETE,.png
artifacts/vxp3/review/generated_art_v4/ember-vale/front_3q.png,ONLY_ON_106,OBSOLETE,DISCARD_OBSOLETE,.png
artifacts/vxp3/review/generated_art_v4/ember-vale/gameplay.png,ONLY_ON_106,OBSOLETE,DISCARD_OBSOLETE,.png
artifacts/vxp3/review/generated_art_v4/ember-vale/gameplay_scale.png,ONLY_ON_106,OBSOLETE,DISCARD_OBSOLETE,.png
artifacts/vxp3/review/generated_art_v4/ember-vale/hand_fist.png,ONLY_ON_106,OBSOLETE,DISCARD_OBSOLETE,.png
artifacts/vxp3/review/generated_art_v4/ember-vale/head_detail_3q.png,ONLY_ON_106,OBSOLETE,DISCARD_OBSOLETE,.png
artifacts/vxp3/review/generated_art_v4/ember-vale/head_detail_front.png,ONLY_ON_106,OBSOLETE,DISCARD_OBSOLETE,.png
artifacts/vxp3/review/generated_art_v4/ember-vale/heavy_anticipation_pair.png,ONLY_ON_106,OBSOLETE,DISCARD_OBSOLETE,.png
artifacts/vxp3/review/generated_art_v4/ember-vale/heavy_contact_pair_vfx_off.png,ONLY_ON_106,OBSOLETE,DISCARD_OBSOLETE,.png
artifacts/vxp3/review/generated_art_v4/ember-vale/heavy_contact_pair_vfx_on.png,ONLY_ON_106,OBSOLETE,DISCARD_OBSOLETE,.png
artifacts/vxp3/review/generated_art_v4/ember-vale/heavy_follow.png,ONLY_ON_106,OBSOLETE,DISCARD_OBSOLETE,.png
artifacts/vxp3/review/generated_art_v4/ember-vale/hurt_heavy_no_knockback.png,ONLY_ON_106,OBSOLETE,DISCARD_OBSOLETE,.png
artifacts/vxp3/review/generated_art_v4/ember-vale/idle.png,ONLY_ON_106,OBSOLETE,DISCARD_OBSOLETE,.png
artifacts/vxp3/review/generated_art_v4/ember-vale/orientation.json,ONLY_ON_106,OBSOLETE,REFERENCE_ONLY,.json
artifacts/vxp3/review/generated_art_v4/ember-vale/personality_idle.png,ONLY_ON_106,OBSOLETE,DISCARD_OBSOLETE,.png
artifacts/vxp3/review/generated_art_v4/ember-vale/run.png,ONLY_ON_106,OBSOLETE,DISCARD_OBSOLETE,.png
artifacts/vxp3/review/generated_art_v4/ember-vale/select_preview.png,ONLY_ON_106,OBSOLETE,DISCARD_OBSOLETE,.png
artifacts/vxp3/review/generated_art_v4/ember-vale/side.png,ONLY_ON_106,OBSOLETE,DISCARD_OBSOLETE,.png
artifacts/vxp3/review/generated_art_v4/ember-vale/silhouette_heavy.png,ONLY_ON_106,OBSOLETE,DISCARD_OBSOLETE,.png
artifacts/vxp3/review/generated_art_v4/ember-vale/silhouette_idle.png,ONLY_ON_106,OBSOLETE,DISCARD_OBSOLETE,.png
artifacts/vxp3/review/generated_art_v4/ember-vale/super_vfx_off.png,ONLY_ON_106,OBSOLETE,DISCARD_OBSOLETE,.png
artifacts/vxp3/review/generated_art_v4/ember-vale/super_vfx_on.png,ONLY_ON_106,OBSOLETE,DISCARD_OBSOLETE,.png
artifacts/vxp3/review/generated_art_v4/ember-vale/walk.png,ONLY_ON_106,OBSOLETE,DISCARD_OBSOLETE,.png
artifacts/vxp3/review/generated_art_v4/juno-spark/KO.png,ONLY_ON_106,OBSOLETE,DISCARD_OBSOLETE,.png
artifacts/vxp3/review/generated_art_v4/juno-spark/back.png,ONLY_ON_106,OBSOLETE,DISCARD_OBSOLETE,.png
artifacts/vxp3/review/generated_art_v4/juno-spark/boot_detail.png,ONLY_ON_106,OBSOLETE,DISCARD_OBSOLETE,.png
artifacts/vxp3/review/generated_art_v4/juno-spark/charge_0_vfx_off.png,ONLY_ON_106,OBSOLETE,DISCARD_OBSOLETE,.png
artifacts/vxp3/review/generated_art_v4/juno-spark/charge_100_vfx_off.png,ONLY_ON_106,OBSOLETE,DISCARD_OBSOLETE,.png
artifacts/vxp3/review/generated_art_v4/juno-spark/charge_100_vfx_on.png,ONLY_ON_106,OBSOLETE,DISCARD_OBSOLETE,.png
artifacts/vxp3/review/generated_art_v4/juno-spark/close_3q.png,ONLY_ON_106,OBSOLETE,DISCARD_OBSOLETE,.png
artifacts/vxp3/review/generated_art_v4/juno-spark/costume_3q.png,ONLY_ON_106,OBSOLETE,DISCARD_OBSOLETE,.png
artifacts/vxp3/review/generated_art_v4/juno-spark/costume_front.png,ONLY_ON_106,OBSOLETE,DISCARD_OBSOLETE,.png
artifacts/vxp3/review/generated_art_v4/juno-spark/front.png,ONLY_ON_106,OBSOLETE,DISCARD_OBSOLETE,.png
artifacts/vxp3/review/generated_art_v4/juno-spark/front_3q.png,ONLY_ON_106,OBSOLETE,DISCARD_OBSOLETE,.png
artifacts/vxp3/review/generated_art_v4/juno-spark/gameplay.png,ONLY_ON_106,OBSOLETE,DISCARD_OBSOLETE,.png
artifacts/vxp3/review/generated_art_v4/juno-spark/gameplay_scale.png,ONLY_ON_106,OBSOLETE,DISCARD_OBSOLETE,.png
artifacts/vxp3/review/generated_art_v4/juno-spark/hand_fist.png,ONLY_ON_106,OBSOLETE,DISCARD_OBSOLETE,.png
artifacts/vxp3/review/generated_art_v4/juno-spark/head_detail_3q.png,ONLY_ON_106,OBSOLETE,DISCARD_OBSOLETE,.png
artifacts/vxp3/review/generated_art_v4/juno-spark/head_detail_front.png,ONLY_ON_106,OBSOLETE,DISCARD_OBSOLETE,.png
artifacts/vxp3/review/generated_art_v4/juno-spark/heavy_anticipation_pair.png,ONLY_ON_106,OBSOLETE,DISCARD_OBSOLETE,.png
artifacts/vxp3/review/generated_art_v4/juno-spark/heavy_contact_pair_vfx_off.png,ONLY_ON_106,OBSOLETE,DISCARD_OBSOLETE,.png
artifacts/vxp3/review/generated_art_v4/juno-spark/heavy_contact_pair_vfx_on.png,ONLY_ON_106,OBSOLETE,DISCARD_OBSOLETE,.png
artifacts/vxp3/review/generated_art_v4/juno-spark/heavy_follow.png,ONLY_ON_106,OBSOLETE,DISCARD_OBSOLETE,.png
artifacts/vxp3/review/generated_art_v4/juno-spark/hurt_heavy_no_knockback.png,ONLY_ON_106,OBSOLETE,DISCARD_OBSOLETE,.png
artifacts/vxp3/review/generated_art_v4/juno-spark/idle.png,ONLY_ON_106,OBSOLETE,DISCARD_OBSOLETE,.png
artifacts/vxp3/review/generated_art_v4/juno-spark/orientation.json,ONLY_ON_106,OBSOLETE,REFERENCE_ONLY,.json
artifacts/vxp3/review/generated_art_v4/juno-spark/personality_idle.png,ONLY_ON_106,OBSOLETE,DISCARD_OBSOLETE,.png
artifacts/vxp3/review/generated_art_v4/juno-spark/run.png,ONLY_ON_106,OBSOLETE,DISCARD_OBSOLETE,.png
artifacts/vxp3/review/generated_art_v4/juno-spark/select_preview.png,ONLY_ON_106,OBSOLETE,DISCARD_OBSOLETE,.png
artifacts/vxp3/review/generated_art_v4/juno-spark/side.png,ONLY_ON_106,OBSOLETE,DISCARD_OBSOLETE,.png
artifacts/vxp3/review/generated_art_v4/juno-spark/silhouette_heavy.png,ONLY_ON_106,OBSOLETE,DISCARD_OBSOLETE,.png
artifacts/vxp3/review/generated_art_v4/juno-spark/silhouette_idle.png,ONLY_ON_106,OBSOLETE,DISCARD_OBSOLETE,.png
artifacts/vxp3/review/generated_art_v4/juno-spark/super_vfx_off.png,ONLY_ON_106,OBSOLETE,DISCARD_OBSOLETE,.png
artifacts/vxp3/review/generated_art_v4/juno-spark/super_vfx_on.png,ONLY_ON_106,OBSOLETE,DISCARD_OBSOLETE,.png
artifacts/vxp3/review/generated_art_v4/juno-spark/walk.png,ONLY_ON_106,OBSOLETE,DISCARD_OBSOLETE,.png
artifacts/vxp3/review/generated_art_v4/kaia-windrow/KO.png,ONLY_ON_106,OBSOLETE,DISCARD_OBSOLETE,.png
artifacts/vxp3/review/generated_art_v4/kaia-windrow/back.png,ONLY_ON_106,OBSOLETE,DISCARD_OBSOLETE,.png
artifacts/vxp3/review/generated_art_v4/kaia-windrow/boot_detail.png,ONLY_ON_106,OBSOLETE,DISCARD_OBSOLETE,.png
artifacts/vxp3/review/generated_art_v4/kaia-windrow/charge_0_vfx_off.png,ONLY_ON_106,OBSOLETE,DISCARD_OBSOLETE,.png
artifacts/vxp3/review/generated_art_v4/kaia-windrow/charge_100_vfx_off.png,ONLY_ON_106,OBSOLETE,DISCARD_OBSOLETE,.png
artifacts/vxp3/review/generated_art_v4/kaia-windrow/charge_100_vfx_on.png,ONLY_ON_106,OBSOLETE,DISCARD_OBSOLETE,.png
artifacts/vxp3/review/generated_art_v4/kaia-windrow/close_3q.png,ONLY_ON_106,OBSOLETE,DISCARD_OBSOLETE,.png
artifacts/vxp3/review/generated_art_v4/kaia-windrow/costume_3q.png,ONLY_ON_106,OBSOLETE,DISCARD_OBSOLETE,.png
artifacts/vxp3/review/generated_art_v4/kaia-windrow/costume_front.png,ONLY_ON_106,OBSOLETE,DISCARD_OBSOLETE,.png
artifacts/vxp3/review/generated_art_v4/kaia-windrow/front.png,ONLY_ON_106,OBSOLETE,DISCARD_OBSOLETE,.png
artifacts/vxp3/review/generated_art_v4/kaia-windrow/front_3q.png,ONLY_ON_106,OBSOLETE,DISCARD_OBSOLETE,.png
artifacts/vxp3/review/generated_art_v4/kaia-windrow/gameplay.png,ONLY_ON_106,OBSOLETE,DISCARD_OBSOLETE,.png
artifacts/vxp3/review/generated_art_v4/kaia-windrow/gameplay_scale.png,ONLY_ON_106,OBSOLETE,DISCARD_OBSOLETE,.png
artifacts/vxp3/review/generated_art_v4/kaia-windrow/hand_fist.png,ONLY_ON_106,OBSOLETE,DISCARD_OBSOLETE,.png
artifacts/vxp3/review/generated_art_v4/kaia-windrow/head_detail_3q.png,ONLY_ON_106,OBSOLETE,DISCARD_OBSOLETE,.png
artifacts/vxp3/review/generated_art_v4/kaia-windrow/head_detail_front.png,ONLY_ON_106,OBSOLETE,DISCARD_OBSOLETE,.png
artifacts/vxp3/review/generated_art_v4/kaia-windrow/heavy_anticipation_pair.png,ONLY_ON_106,OBSOLETE,DISCARD_OBSOLETE,.png
artifacts/vxp3/review/generated_art_v4/kaia-windrow/heavy_contact_pair_vfx_off.png,ONLY_ON_106,OBSOLETE,DISCARD_OBSOLETE,.png
artifacts/vxp3/review/generated_art_v4/kaia-windrow/heavy_contact_pair_vfx_on.png,ONLY_ON_106,OBSOLETE,DISCARD_OBSOLETE,.png
artifacts/vxp3/review/generated_art_v4/kaia-windrow/heavy_follow.png,ONLY_ON_106,OBSOLETE,DISCARD_OBSOLETE,.png
artifacts/vxp3/review/generated_art_v4/kaia-windrow/hurt_heavy_no_knockback.png,ONLY_ON_106,OBSOLETE,DISCARD_OBSOLETE,.png
artifacts/vxp3/review/generated_art_v4/kaia-windrow/idle.png,ONLY_ON_106,OBSOLETE,DISCARD_OBSOLETE,.png
artifacts/vxp3/review/generated_art_v4/kaia-windrow/orientation.json,ONLY_ON_106,OBSOLETE,REFERENCE_ONLY,.json
artifacts/vxp3/review/generated_art_v4/kaia-windrow/personality_idle.png,ONLY_ON_106,OBSOLETE,DISCARD_OBSOLETE,.png
artifacts/vxp3/review/generated_art_v4/kaia-windrow/run.png,ONLY_ON_106,OBSOLETE,DISCARD_OBSOLETE,.png
artifacts/vxp3/review/generated_art_v4/kaia-windrow/select_preview.png,ONLY_ON_106,OBSOLETE,DISCARD_OBSOLETE,.png
artifacts/vxp3/review/generated_art_v4/kaia-windrow/side.png,ONLY_ON_106,OBSOLETE,DISCARD_OBSOLETE,.png
artifacts/vxp3/review/generated_art_v4/kaia-windrow/silhouette_heavy.png,ONLY_ON_106,OBSOLETE,DISCARD_OBSOLETE,.png
artifacts/vxp3/review/generated_art_v4/kaia-windrow/silhouette_idle.png,ONLY_ON_106,OBSOLETE,DISCARD_OBSOLETE,.png
artifacts/vxp3/review/generated_art_v4/kaia-windrow/super_vfx_off.png,ONLY_ON_106,OBSOLETE,DISCARD_OBSOLETE,.png
artifacts/vxp3/review/generated_art_v4/kaia-windrow/super_vfx_on.png,ONLY_ON_106,OBSOLETE,DISCARD_OBSOLETE,.png
artifacts/vxp3/review/generated_art_v4/kaia-windrow/walk.png,ONLY_ON_106,OBSOLETE,DISCARD_OBSOLETE,.png
artifacts/vxp3/review/generated_art_v4/nix-calder/KO.png,ONLY_ON_106,OBSOLETE,DISCARD_OBSOLETE,.png
artifacts/vxp3/review/generated_art_v4/nix-calder/back.png,ONLY_ON_106,OBSOLETE,DISCARD_OBSOLETE,.png
artifacts/vxp3/review/generated_art_v4/nix-calder/boot_detail.png,ONLY_ON_106,OBSOLETE,DISCARD_OBSOLETE,.png
artifacts/vxp3/review/generated_art_v4/nix-calder/charge_0_vfx_off.png,ONLY_ON_106,OBSOLETE,DISCARD_OBSOLETE,.png
artifacts/vxp3/review/generated_art_v4/nix-calder/charge_100_vfx_off.png,ONLY_ON_106,OBSOLETE,DISCARD_OBSOLETE,.png
artifacts/vxp3/review/generated_art_v4/nix-calder/charge_100_vfx_on.png,ONLY_ON_106,OBSOLETE,DISCARD_OBSOLETE,.png
artifacts/vxp3/review/generated_art_v4/nix-calder/close_3q.png,ONLY_ON_106,OBSOLETE,DISCARD_OBSOLETE,.png
artifacts/vxp3/review/generated_art_v4/nix-calder/costume_3q.png,ONLY_ON_106,OBSOLETE,DISCARD_OBSOLETE,.png
artifacts/vxp3/review/generated_art_v4/nix-calder/costume_front.png,ONLY_ON_106,OBSOLETE,DISCARD_OBSOLETE,.png
artifacts/vxp3/review/generated_art_v4/nix-calder/front.png,ONLY_ON_106,OBSOLETE,DISCARD_OBSOLETE,.png
artifacts/vxp3/review/generated_art_v4/nix-calder/front_3q.png,ONLY_ON_106,OBSOLETE,DISCARD_OBSOLETE,.png
artifacts/vxp3/review/generated_art_v4/nix-calder/gameplay.png,ONLY_ON_106,OBSOLETE,DISCARD_OBSOLETE,.png
artifacts/vxp3/review/generated_art_v4/nix-calder/gameplay_scale.png,ONLY_ON_106,OBSOLETE,DISCARD_OBSOLETE,.png
artifacts/vxp3/review/generated_art_v4/nix-calder/hand_fist.png,ONLY_ON_106,OBSOLETE,DISCARD_OBSOLETE,.png
artifacts/vxp3/review/generated_art_v4/nix-calder/head_detail_3q.png,ONLY_ON_106,OBSOLETE,DISCARD_OBSOLETE,.png
artifacts/vxp3/review/generated_art_v4/nix-calder/head_detail_front.png,ONLY_ON_106,OBSOLETE,DISCARD_OBSOLETE,.png
artifacts/vxp3/review/generated_art_v4/nix-calder/heavy_anticipation_pair.png,ONLY_ON_106,OBSOLETE,DISCARD_OBSOLETE,.png
artifacts/vxp3/review/generated_art_v4/nix-calder/heavy_contact_pair_vfx_off.png,ONLY_ON_106,OBSOLETE,DISCARD_OBSOLETE,.png
artifacts/vxp3/review/generated_art_v4/nix-calder/heavy_contact_pair_vfx_on.png,ONLY_ON_106,OBSOLETE,DISCARD_OBSOLETE,.png
artifacts/vxp3/review/generated_art_v4/nix-calder/heavy_follow.png,ONLY_ON_106,OBSOLETE,DISCARD_OBSOLETE,.png
artifacts/vxp3/review/generated_art_v4/nix-calder/hurt_heavy_no_knockback.png,ONLY_ON_106,OBSOLETE,DISCARD_OBSOLETE,.png
artifacts/vxp3/review/generated_art_v4/nix-calder/idle.png,ONLY_ON_106,OBSOLETE,DISCARD_OBSOLETE,.png
artifacts/vxp3/review/generated_art_v4/nix-calder/orientation.json,ONLY_ON_106,OBSOLETE,REFERENCE_ONLY,.json
artifacts/vxp3/review/generated_art_v4/nix-calder/personality_idle.png,ONLY_ON_106,OBSOLETE,DISCARD_OBSOLETE,.png
artifacts/vxp3/review/generated_art_v4/nix-calder/run.png,ONLY_ON_106,OBSOLETE,DISCARD_OBSOLETE,.png
artifacts/vxp3/review/generated_art_v4/nix-calder/select_preview.png,ONLY_ON_106,OBSOLETE,DISCARD_OBSOLETE,.png
artifacts/vxp3/review/generated_art_v4/nix-calder/side.png,ONLY_ON_106,OBSOLETE,DISCARD_OBSOLETE,.png
artifacts/vxp3/review/generated_art_v4/nix-calder/silhouette_heavy.png,ONLY_ON_106,OBSOLETE,DISCARD_OBSOLETE,.png
artifacts/vxp3/review/generated_art_v4/nix-calder/silhouette_idle.png,ONLY_ON_106,OBSOLETE,DISCARD_OBSOLETE,.png
artifacts/vxp3/review/generated_art_v4/nix-calder/super_vfx_off.png,ONLY_ON_106,OBSOLETE,DISCARD_OBSOLETE,.png
artifacts/vxp3/review/generated_art_v4/nix-calder/super_vfx_on.png,ONLY_ON_106,OBSOLETE,DISCARD_OBSOLETE,.png
artifacts/vxp3/review/generated_art_v4/nix-calder/walk.png,ONLY_ON_106,OBSOLETE,DISCARD_OBSOLETE,.png
artifacts/vxp3/review/generated_art_v4/orion-vell/KO.png,ONLY_ON_106,OBSOLETE,DISCARD_OBSOLETE,.png
artifacts/vxp3/review/generated_art_v4/orion-vell/back.png,ONLY_ON_106,OBSOLETE,DISCARD_OBSOLETE,.png
artifacts/vxp3/review/generated_art_v4/orion-vell/boot_detail.png,ONLY_ON_106,OBSOLETE,DISCARD_OBSOLETE,.png
artifacts/vxp3/review/generated_art_v4/orion-vell/charge_0_vfx_off.png,ONLY_ON_106,OBSOLETE,DISCARD_OBSOLETE,.png
artifacts/vxp3/review/generated_art_v4/orion-vell/charge_100_vfx_off.png,ONLY_ON_106,OBSOLETE,DISCARD_OBSOLETE,.png
artifacts/vxp3/review/generated_art_v4/orion-vell/charge_100_vfx_on.png,ONLY_ON_106,OBSOLETE,DISCARD_OBSOLETE,.png
artifacts/vxp3/review/generated_art_v4/orion-vell/close_3q.png,ONLY_ON_106,OBSOLETE,DISCARD_OBSOLETE,.png
artifacts/vxp3/review/generated_art_v4/orion-vell/costume_3q.png,ONLY_ON_106,OBSOLETE,DISCARD_OBSOLETE,.png
artifacts/vxp3/review/generated_art_v4/orion-vell/costume_front.png,ONLY_ON_106,OBSOLETE,DISCARD_OBSOLETE,.png
artifacts/vxp3/review/generated_art_v4/orion-vell/front.png,ONLY_ON_106,OBSOLETE,DISCARD_OBSOLETE,.png
artifacts/vxp3/review/generated_art_v4/orion-vell/front_3q.png,ONLY_ON_106,OBSOLETE,DISCARD_OBSOLETE,.png
artifacts/vxp3/review/generated_art_v4/orion-vell/gameplay.png,ONLY_ON_106,OBSOLETE,DISCARD_OBSOLETE,.png
artifacts/vxp3/review/generated_art_v4/orion-vell/gameplay_scale.png,ONLY_ON_106,OBSOLETE,DISCARD_OBSOLETE,.png
artifacts/vxp3/review/generated_art_v4/orion-vell/hand_fist.png,ONLY_ON_106,OBSOLETE,DISCARD_OBSOLETE,.png
artifacts/vxp3/review/generated_art_v4/orion-vell/head_detail_3q.png,ONLY_ON_106,OBSOLETE,DISCARD_OBSOLETE,.png
artifacts/vxp3/review/generated_art_v4/orion-vell/head_detail_front.png,ONLY_ON_106,OBSOLETE,DISCARD_OBSOLETE,.png
artifacts/vxp3/review/generated_art_v4/orion-vell/heavy_anticipation_pair.png,ONLY_ON_106,OBSOLETE,DISCARD_OBSOLETE,.png
artifacts/vxp3/review/generated_art_v4/orion-vell/heavy_contact_pair_vfx_off.png,ONLY_ON_106,OBSOLETE,DISCARD_OBSOLETE,.png
artifacts/vxp3/review/generated_art_v4/orion-vell/heavy_contact_pair_vfx_on.png,ONLY_ON_106,OBSOLETE,DISCARD_OBSOLETE,.png
artifacts/vxp3/review/generated_art_v4/orion-vell/heavy_follow.png,ONLY_ON_106,OBSOLETE,DISCARD_OBSOLETE,.png
artifacts/vxp3/review/generated_art_v4/orion-vell/hurt_heavy_no_knockback.png,ONLY_ON_106,OBSOLETE,DISCARD_OBSOLETE,.png
artifacts/vxp3/review/generated_art_v4/orion-vell/idle.png,ONLY_ON_106,OBSOLETE,DISCARD_OBSOLETE,.png
artifacts/vxp3/review/generated_art_v4/orion-vell/orientation.json,ONLY_ON_106,OBSOLETE,REFERENCE_ONLY,.json
artifacts/vxp3/review/generated_art_v4/orion-vell/personality_idle.png,ONLY_ON_106,OBSOLETE,DISCARD_OBSOLETE,.png
artifacts/vxp3/review/generated_art_v4/orion-vell/run.png,ONLY_ON_106,OBSOLETE,DISCARD_OBSOLETE,.png
artifacts/vxp3/review/generated_art_v4/orion-vell/select_preview.png,ONLY_ON_106,OBSOLETE,DISCARD_OBSOLETE,.png
artifacts/vxp3/review/generated_art_v4/orion-vell/side.png,ONLY_ON_106,OBSOLETE,DISCARD_OBSOLETE,.png
artifacts/vxp3/review/generated_art_v4/orion-vell/silhouette_heavy.png,ONLY_ON_106,OBSOLETE,DISCARD_OBSOLETE,.png
artifacts/vxp3/review/generated_art_v4/orion-vell/silhouette_idle.png,ONLY_ON_106,OBSOLETE,DISCARD_OBSOLETE,.png
artifacts/vxp3/review/generated_art_v4/orion-vell/super_vfx_off.png,ONLY_ON_106,OBSOLETE,DISCARD_OBSOLETE,.png
artifacts/vxp3/review/generated_art_v4/orion-vell/super_vfx_on.png,ONLY_ON_106,OBSOLETE,DISCARD_OBSOLETE,.png
artifacts/vxp3/review/generated_art_v4/orion-vell/walk.png,ONLY_ON_106,OBSOLETE,DISCARD_OBSOLETE,.png
artifacts/vxp3/review/generated_art_v4/rook-ironside/KO.png,ONLY_ON_106,OBSOLETE,DISCARD_OBSOLETE,.png
artifacts/vxp3/review/generated_art_v4/rook-ironside/back.png,ONLY_ON_106,OBSOLETE,DISCARD_OBSOLETE,.png
artifacts/vxp3/review/generated_art_v4/rook-ironside/boot_detail.png,ONLY_ON_106,OBSOLETE,DISCARD_OBSOLETE,.png
artifacts/vxp3/review/generated_art_v4/rook-ironside/charge_0_vfx_off.png,ONLY_ON_106,OBSOLETE,DISCARD_OBSOLETE,.png
artifacts/vxp3/review/generated_art_v4/rook-ironside/charge_100_vfx_off.png,ONLY_ON_106,OBSOLETE,DISCARD_OBSOLETE,.png
artifacts/vxp3/review/generated_art_v4/rook-ironside/charge_100_vfx_on.png,ONLY_ON_106,OBSOLETE,DISCARD_OBSOLETE,.png
artifacts/vxp3/review/generated_art_v4/rook-ironside/close_3q.png,ONLY_ON_106,OBSOLETE,DISCARD_OBSOLETE,.png
artifacts/vxp3/review/generated_art_v4/rook-ironside/costume_3q.png,ONLY_ON_106,OBSOLETE,DISCARD_OBSOLETE,.png
artifacts/vxp3/review/generated_art_v4/rook-ironside/costume_front.png,ONLY_ON_106,OBSOLETE,DISCARD_OBSOLETE,.png
artifacts/vxp3/review/generated_art_v4/rook-ironside/front.png,ONLY_ON_106,OBSOLETE,DISCARD_OBSOLETE,.png
artifacts/vxp3/review/generated_art_v4/rook-ironside/front_3q.png,ONLY_ON_106,OBSOLETE,DISCARD_OBSOLETE,.png
artifacts/vxp3/review/generated_art_v4/rook-ironside/gameplay.png,ONLY_ON_106,OBSOLETE,DISCARD_OBSOLETE,.png
artifacts/vxp3/review/generated_art_v4/rook-ironside/gameplay_scale.png,ONLY_ON_106,OBSOLETE,DISCARD_OBSOLETE,.png
artifacts/vxp3/review/generated_art_v4/rook-ironside/hand_fist.png,ONLY_ON_106,OBSOLETE,DISCARD_OBSOLETE,.png
artifacts/vxp3/review/generated_art_v4/rook-ironside/head_detail_3q.png,ONLY_ON_106,OBSOLETE,DISCARD_OBSOLETE,.png
artifacts/vxp3/review/generated_art_v4/rook-ironside/head_detail_front.png,ONLY_ON_106,OBSOLETE,DISCARD_OBSOLETE,.png
artifacts/vxp3/review/generated_art_v4/rook-ironside/heavy_anticipation_pair.png,ONLY_ON_106,OBSOLETE,DISCARD_OBSOLETE,.png
artifacts/vxp3/review/generated_art_v4/rook-ironside/heavy_contact_pair_vfx_off.png,ONLY_ON_106,OBSOLETE,DISCARD_OBSOLETE,.png
artifacts/vxp3/review/generated_art_v4/rook-ironside/heavy_contact_pair_vfx_on.png,ONLY_ON_106,OBSOLETE,DISCARD_OBSOLETE,.png
artifacts/vxp3/review/generated_art_v4/rook-ironside/heavy_follow.png,ONLY_ON_106,OBSOLETE,DISCARD_OBSOLETE,.png
artifacts/vxp3/review/generated_art_v4/rook-ironside/hurt_heavy_no_knockback.png,ONLY_ON_106,OBSOLETE,DISCARD_OBSOLETE,.png
artifacts/vxp3/review/generated_art_v4/rook-ironside/idle.png,ONLY_ON_106,OBSOLETE,DISCARD_OBSOLETE,.png
artifacts/vxp3/review/generated_art_v4/rook-ironside/orientation.json,ONLY_ON_106,OBSOLETE,REFERENCE_ONLY,.json
artifacts/vxp3/review/generated_art_v4/rook-ironside/personality_idle.png,ONLY_ON_106,OBSOLETE,DISCARD_OBSOLETE,.png
artifacts/vxp3/review/generated_art_v4/rook-ironside/run.png,ONLY_ON_106,OBSOLETE,DISCARD_OBSOLETE,.png
artifacts/vxp3/review/generated_art_v4/rook-ironside/select_preview.png,ONLY_ON_106,OBSOLETE,DISCARD_OBSOLETE,.png
artifacts/vxp3/review/generated_art_v4/rook-ironside/side.png,ONLY_ON_106,OBSOLETE,DISCARD_OBSOLETE,.png
artifacts/vxp3/review/generated_art_v4/rook-ironside/silhouette_heavy.png,ONLY_ON_106,OBSOLETE,DISCARD_OBSOLETE,.png
artifacts/vxp3/review/generated_art_v4/rook-ironside/silhouette_idle.png,ONLY_ON_106,OBSOLETE,DISCARD_OBSOLETE,.png
artifacts/vxp3/review/generated_art_v4/rook-ironside/super_vfx_off.png,ONLY_ON_106,OBSOLETE,DISCARD_OBSOLETE,.png
artifacts/vxp3/review/generated_art_v4/rook-ironside/super_vfx_on.png,ONLY_ON_106,OBSOLETE,DISCARD_OBSOLETE,.png
artifacts/vxp3/review/generated_art_v4/rook-ironside/walk.png,ONLY_ON_106,OBSOLETE,DISCARD_OBSOLETE,.png
artifacts/vxp3/review/generated_art_v4/vesper-nyx/KO.png,ONLY_ON_106,OBSOLETE,DISCARD_OBSOLETE,.png
artifacts/vxp3/review/generated_art_v4/vesper-nyx/back.png,ONLY_ON_106,OBSOLETE,DISCARD_OBSOLETE,.png
artifacts/vxp3/review/generated_art_v4/vesper-nyx/boot_detail.png,ONLY_ON_106,OBSOLETE,DISCARD_OBSOLETE,.png
artifacts/vxp3/review/generated_art_v4/vesper-nyx/charge_0_vfx_off.png,ONLY_ON_106,OBSOLETE,DISCARD_OBSOLETE,.png
artifacts/vxp3/review/generated_art_v4/vesper-nyx/charge_100_vfx_off.png,ONLY_ON_106,OBSOLETE,DISCARD_OBSOLETE,.png
artifacts/vxp3/review/generated_art_v4/vesper-nyx/charge_100_vfx_on.png,ONLY_ON_106,OBSOLETE,DISCARD_OBSOLETE,.png
artifacts/vxp3/review/generated_art_v4/vesper-nyx/close_3q.png,ONLY_ON_106,OBSOLETE,DISCARD_OBSOLETE,.png
artifacts/vxp3/review/generated_art_v4/vesper-nyx/costume_3q.png,ONLY_ON_106,OBSOLETE,DISCARD_OBSOLETE,.png
artifacts/vxp3/review/generated_art_v4/vesper-nyx/costume_front.png,ONLY_ON_106,OBSOLETE,DISCARD_OBSOLETE,.png
artifacts/vxp3/review/generated_art_v4/vesper-nyx/front.png,ONLY_ON_106,OBSOLETE,DISCARD_OBSOLETE,.png
artifacts/vxp3/review/generated_art_v4/vesper-nyx/front_3q.png,ONLY_ON_106,OBSOLETE,DISCARD_OBSOLETE,.png
artifacts/vxp3/review/generated_art_v4/vesper-nyx/gameplay.png,ONLY_ON_106,OBSOLETE,DISCARD_OBSOLETE,.png
artifacts/vxp3/review/generated_art_v4/vesper-nyx/gameplay_scale.png,ONLY_ON_106,OBSOLETE,DISCARD_OBSOLETE,.png
artifacts/vxp3/review/generated_art_v4/vesper-nyx/hand_fist.png,ONLY_ON_106,OBSOLETE,DISCARD_OBSOLETE,.png
artifacts/vxp3/review/generated_art_v4/vesper-nyx/head_detail_3q.png,ONLY_ON_106,OBSOLETE,DISCARD_OBSOLETE,.png
artifacts/vxp3/review/generated_art_v4/vesper-nyx/head_detail_front.png,ONLY_ON_106,OBSOLETE,DISCARD_OBSOLETE,.png
artifacts/vxp3/review/generated_art_v4/vesper-nyx/heavy_anticipation_pair.png,ONLY_ON_106,OBSOLETE,DISCARD_OBSOLETE,.png
artifacts/vxp3/review/generated_art_v4/vesper-nyx/heavy_contact_pair_vfx_off.png,ONLY_ON_106,OBSOLETE,DISCARD_OBSOLETE,.png
artifacts/vxp3/review/generated_art_v4/vesper-nyx/heavy_contact_pair_vfx_on.png,ONLY_ON_106,OBSOLETE,DISCARD_OBSOLETE,.png
artifacts/vxp3/review/generated_art_v4/vesper-nyx/heavy_follow.png,ONLY_ON_106,OBSOLETE,DISCARD_OBSOLETE,.png
artifacts/vxp3/review/generated_art_v4/vesper-nyx/hurt_heavy_no_knockback.png,ONLY_ON_106,OBSOLETE,DISCARD_OBSOLETE,.png
artifacts/vxp3/review/generated_art_v4/vesper-nyx/idle.png,ONLY_ON_106,OBSOLETE,DISCARD_OBSOLETE,.png
artifacts/vxp3/review/generated_art_v4/vesper-nyx/orientation.json,ONLY_ON_106,OBSOLETE,REFERENCE_ONLY,.json
artifacts/vxp3/review/generated_art_v4/vesper-nyx/personality_idle.png,ONLY_ON_106,OBSOLETE,DISCARD_OBSOLETE,.png
artifacts/vxp3/review/generated_art_v4/vesper-nyx/run.png,ONLY_ON_106,OBSOLETE,DISCARD_OBSOLETE,.png
artifacts/vxp3/review/generated_art_v4/vesper-nyx/select_preview.png,ONLY_ON_106,OBSOLETE,DISCARD_OBSOLETE,.png
artifacts/vxp3/review/generated_art_v4/vesper-nyx/side.png,ONLY_ON_106,OBSOLETE,DISCARD_OBSOLETE,.png
artifacts/vxp3/review/generated_art_v4/vesper-nyx/silhouette_heavy.png,ONLY_ON_106,OBSOLETE,DISCARD_OBSOLETE,.png
artifacts/vxp3/review/generated_art_v4/vesper-nyx/silhouette_idle.png,ONLY_ON_106,OBSOLETE,DISCARD_OBSOLETE,.png
artifacts/vxp3/review/generated_art_v4/vesper-nyx/super_vfx_off.png,ONLY_ON_106,OBSOLETE,DISCARD_OBSOLETE,.png
artifacts/vxp3/review/generated_art_v4/vesper-nyx/super_vfx_on.png,ONLY_ON_106,OBSOLETE,DISCARD_OBSOLETE,.png
artifacts/vxp3/review/generated_art_v4/vesper-nyx/walk.png,ONLY_ON_106,OBSOLETE,DISCARD_OBSOLETE,.png
artifacts/vxp3/review/generated_art_v5/ember-vale/KO.png,ONLY_ON_106,OBSOLETE,DISCARD_OBSOLETE,.png
artifacts/vxp3/review/generated_art_v5/ember-vale/aura.png,ONLY_ON_106,OBSOLETE,DISCARD_OBSOLETE,.png
artifacts/vxp3/review/generated_art_v5/ember-vale/back.png,ONLY_ON_106,OBSOLETE,DISCARD_OBSOLETE,.png
artifacts/vxp3/review/generated_art_v5/ember-vale/boot_detail.png,ONLY_ON_106,OBSOLETE,DISCARD_OBSOLETE,.png
artifacts/vxp3/review/generated_art_v5/ember-vale/charge_0_vfx_off.png,ONLY_ON_106,OBSOLETE,DISCARD_OBSOLETE,.png
artifacts/vxp3/review/generated_art_v5/ember-vale/charge_100_vfx_off.png,ONLY_ON_106,OBSOLETE,DISCARD_OBSOLETE,.png
artifacts/vxp3/review/generated_art_v5/ember-vale/charge_100_vfx_on.png,ONLY_ON_106,OBSOLETE,DISCARD_OBSOLETE,.png
artifacts/vxp3/review/generated_art_v5/ember-vale/clash_lock.png,ONLY_ON_106,OBSOLETE,DISCARD_OBSOLETE,.png
artifacts/vxp3/review/generated_art_v5/ember-vale/close_body_3q.png,ONLY_ON_106,OBSOLETE,DISCARD_OBSOLETE,.png
artifacts/vxp3/review/generated_art_v5/ember-vale/costume_3q.png,ONLY_ON_106,OBSOLETE,DISCARD_OBSOLETE,.png
artifacts/vxp3/review/generated_art_v5/ember-vale/costume_front.png,ONLY_ON_106,OBSOLETE,DISCARD_OBSOLETE,.png
artifacts/vxp3/review/generated_art_v5/ember-vale/front.png,ONLY_ON_106,OBSOLETE,DISCARD_OBSOLETE,.png
artifacts/vxp3/review/generated_art_v5/ember-vale/front_3q.png,ONLY_ON_106,OBSOLETE,DISCARD_OBSOLETE,.png
artifacts/vxp3/review/generated_art_v5/ember-vale/gameplay.png,ONLY_ON_106,OBSOLETE,DISCARD_OBSOLETE,.png
artifacts/vxp3/review/generated_art_v5/ember-vale/gameplay_scale.png,ONLY_ON_106,OBSOLETE,DISCARD_OBSOLETE,.png
artifacts/vxp3/review/generated_art_v5/ember-vale/hand_fist.png,ONLY_ON_106,OBSOLETE,DISCARD_OBSOLETE,.png
artifacts/vxp3/review/generated_art_v5/ember-vale/head_detail_3q.png,ONLY_ON_106,OBSOLETE,DISCARD_OBSOLETE,.png
artifacts/vxp3/review/generated_art_v5/ember-vale/head_detail_front.png,ONLY_ON_106,OBSOLETE,DISCARD_OBSOLETE,.png
artifacts/vxp3/review/generated_art_v5/ember-vale/head_detail_profile.png,ONLY_ON_106,OBSOLETE,DISCARD_OBSOLETE,.png
artifacts/vxp3/review/generated_art_v5/ember-vale/heavy_anticipation_pair.png,ONLY_ON_106,OBSOLETE,DISCARD_OBSOLETE,.png
artifacts/vxp3/review/generated_art_v5/ember-vale/heavy_contact_pair_vfx_off.png,ONLY_ON_106,OBSOLETE,DISCARD_OBSOLETE,.png
artifacts/vxp3/review/generated_art_v5/ember-vale/heavy_contact_pair_vfx_on.png,ONLY_ON_106,OBSOLETE,DISCARD_OBSOLETE,.png
artifacts/vxp3/review/generated_art_v5/ember-vale/heavy_follow.png,ONLY_ON_106,OBSOLETE,DISCARD_OBSOLETE,.png
artifacts/vxp3/review/generated_art_v5/ember-vale/hurt_heavy_no_knockback.png,ONLY_ON_106,OBSOLETE,DISCARD_OBSOLETE,.png
artifacts/vxp3/review/generated_art_v5/ember-vale/idle.png,ONLY_ON_106,OBSOLETE,DISCARD_OBSOLETE,.png
artifacts/vxp3/review/generated_art_v5/ember-vale/orientation.json,ONLY_ON_106,OBSOLETE,REFERENCE_ONLY,.json
artifacts/vxp3/review/generated_art_v5/ember-vale/personality_idle.png,ONLY_ON_106,OBSOLETE,DISCARD_OBSOLETE,.png
artifacts/vxp3/review/generated_art_v5/ember-vale/run.png,ONLY_ON_106,OBSOLETE,DISCARD_OBSOLETE,.png
artifacts/vxp3/review/generated_art_v5/ember-vale/select_preview.png,ONLY_ON_106,OBSOLETE,DISCARD_OBSOLETE,.png
artifacts/vxp3/review/generated_art_v5/ember-vale/side.png,ONLY_ON_106,OBSOLETE,DISCARD_OBSOLETE,.png
artifacts/vxp3/review/generated_art_v5/ember-vale/silhouette_heavy.png,ONLY_ON_106,OBSOLETE,DISCARD_OBSOLETE,.png
artifacts/vxp3/review/generated_art_v5/ember-vale/silhouette_idle.png,ONLY_ON_106,OBSOLETE,DISCARD_OBSOLETE,.png
artifacts/vxp3/review/generated_art_v5/ember-vale/silhouette_super.png,ONLY_ON_106,OBSOLETE,DISCARD_OBSOLETE,.png
artifacts/vxp3/review/generated_art_v5/ember-vale/super_vfx_off.png,ONLY_ON_106,OBSOLETE,DISCARD_OBSOLETE,.png
artifacts/vxp3/review/generated_art_v5/ember-vale/super_vfx_on.png,ONLY_ON_106,OBSOLETE,DISCARD_OBSOLETE,.png
artifacts/vxp3/review/generated_art_v5/ember-vale/walk.png,ONLY_ON_106,OBSOLETE,DISCARD_OBSOLETE,.png
artifacts/vxp3/review/generated_art_v5/juno-spark/KO.png,ONLY_ON_106,OBSOLETE,DISCARD_OBSOLETE,.png
artifacts/vxp3/review/generated_art_v5/juno-spark/aura.png,ONLY_ON_106,OBSOLETE,DISCARD_OBSOLETE,.png
artifacts/vxp3/review/generated_art_v5/juno-spark/back.png,ONLY_ON_106,OBSOLETE,DISCARD_OBSOLETE,.png
artifacts/vxp3/review/generated_art_v5/juno-spark/boot_detail.png,ONLY_ON_106,OBSOLETE,DISCARD_OBSOLETE,.png
artifacts/vxp3/review/generated_art_v5/juno-spark/charge_0_vfx_off.png,ONLY_ON_106,OBSOLETE,DISCARD_OBSOLETE,.png
artifacts/vxp3/review/generated_art_v5/juno-spark/charge_100_vfx_off.png,ONLY_ON_106,OBSOLETE,DISCARD_OBSOLETE,.png
artifacts/vxp3/review/generated_art_v5/juno-spark/charge_100_vfx_on.png,ONLY_ON_106,OBSOLETE,DISCARD_OBSOLETE,.png
artifacts/vxp3/review/generated_art_v5/juno-spark/clash_lock.png,ONLY_ON_106,OBSOLETE,DISCARD_OBSOLETE,.png
artifacts/vxp3/review/generated_art_v5/juno-spark/close_body_3q.png,ONLY_ON_106,OBSOLETE,DISCARD_OBSOLETE,.png
artifacts/vxp3/review/generated_art_v5/juno-spark/costume_3q.png,ONLY_ON_106,OBSOLETE,DISCARD_OBSOLETE,.png
artifacts/vxp3/review/generated_art_v5/juno-spark/costume_front.png,ONLY_ON_106,OBSOLETE,DISCARD_OBSOLETE,.png
artifacts/vxp3/review/generated_art_v5/juno-spark/front.png,ONLY_ON_106,OBSOLETE,DISCARD_OBSOLETE,.png
artifacts/vxp3/review/generated_art_v5/juno-spark/front_3q.png,ONLY_ON_106,OBSOLETE,DISCARD_OBSOLETE,.png
artifacts/vxp3/review/generated_art_v5/juno-spark/gameplay.png,ONLY_ON_106,OBSOLETE,DISCARD_OBSOLETE,.png
artifacts/vxp3/review/generated_art_v5/juno-spark/gameplay_scale.png,ONLY_ON_106,OBSOLETE,DISCARD_OBSOLETE,.png
artifacts/vxp3/review/generated_art_v5/juno-spark/hand_fist.png,ONLY_ON_106,OBSOLETE,DISCARD_OBSOLETE,.png
artifacts/vxp3/review/generated_art_v5/juno-spark/head_detail_3q.png,ONLY_ON_106,OBSOLETE,DISCARD_OBSOLETE,.png
artifacts/vxp3/review/generated_art_v5/juno-spark/head_detail_front.png,ONLY_ON_106,OBSOLETE,DISCARD_OBSOLETE,.png
artifacts/vxp3/review/generated_art_v5/juno-spark/head_detail_profile.png,ONLY_ON_106,OBSOLETE,DISCARD_OBSOLETE,.png
artifacts/vxp3/review/generated_art_v5/juno-spark/heavy_anticipation_pair.png,ONLY_ON_106,OBSOLETE,DISCARD_OBSOLETE,.png
artifacts/vxp3/review/generated_art_v5/juno-spark/heavy_contact_pair_vfx_off.png,ONLY_ON_106,OBSOLETE,DISCARD_OBSOLETE,.png
artifacts/vxp3/review/generated_art_v5/juno-spark/heavy_contact_pair_vfx_on.png,ONLY_ON_106,OBSOLETE,DISCARD_OBSOLETE,.png
artifacts/vxp3/review/generated_art_v5/juno-spark/heavy_follow.png,ONLY_ON_106,OBSOLETE,DISCARD_OBSOLETE,.png
artifacts/vxp3/review/generated_art_v5/juno-spark/hurt_heavy_no_knockback.png,ONLY_ON_106,OBSOLETE,DISCARD_OBSOLETE,.png
artifacts/vxp3/review/generated_art_v5/juno-spark/idle.png,ONLY_ON_106,OBSOLETE,DISCARD_OBSOLETE,.png
artifacts/vxp3/review/generated_art_v5/juno-spark/orientation.json,ONLY_ON_106,OBSOLETE,REFERENCE_ONLY,.json
artifacts/vxp3/review/generated_art_v5/juno-spark/personality_idle.png,ONLY_ON_106,OBSOLETE,DISCARD_OBSOLETE,.png
artifacts/vxp3/review/generated_art_v5/juno-spark/run.png,ONLY_ON_106,OBSOLETE,DISCARD_OBSOLETE,.png
artifacts/vxp3/review/generated_art_v5/juno-spark/select_preview.png,ONLY_ON_106,OBSOLETE,DISCARD_OBSOLETE,.png
artifacts/vxp3/review/generated_art_v5/juno-spark/side.png,ONLY_ON_106,OBSOLETE,DISCARD_OBSOLETE,.png
artifacts/vxp3/review/generated_art_v5/juno-spark/silhouette_heavy.png,ONLY_ON_106,OBSOLETE,DISCARD_OBSOLETE,.png
artifacts/vxp3/review/generated_art_v5/juno-spark/silhouette_idle.png,ONLY_ON_106,OBSOLETE,DISCARD_OBSOLETE,.png
artifacts/vxp3/review/generated_art_v5/juno-spark/silhouette_super.png,ONLY_ON_106,OBSOLETE,DISCARD_OBSOLETE,.png
artifacts/vxp3/review/generated_art_v5/juno-spark/super_vfx_off.png,ONLY_ON_106,OBSOLETE,DISCARD_OBSOLETE,.png
artifacts/vxp3/review/generated_art_v5/juno-spark/super_vfx_on.png,ONLY_ON_106,OBSOLETE,DISCARD_OBSOLETE,.png
artifacts/vxp3/review/generated_art_v5/juno-spark/walk.png,ONLY_ON_106,OBSOLETE,DISCARD_OBSOLETE,.png
artifacts/vxp3/review/generated_art_v5/kaia-windrow/KO.png,ONLY_ON_106,OBSOLETE,DISCARD_OBSOLETE,.png
artifacts/vxp3/review/generated_art_v5/kaia-windrow/aura.png,ONLY_ON_106,OBSOLETE,DISCARD_OBSOLETE,.png
artifacts/vxp3/review/generated_art_v5/kaia-windrow/back.png,ONLY_ON_106,OBSOLETE,DISCARD_OBSOLETE,.png
artifacts/vxp3/review/generated_art_v5/kaia-windrow/boot_detail.png,ONLY_ON_106,OBSOLETE,DISCARD_OBSOLETE,.png
artifacts/vxp3/review/generated_art_v5/kaia-windrow/charge_0_vfx_off.png,ONLY_ON_106,OBSOLETE,DISCARD_OBSOLETE,.png
artifacts/vxp3/review/generated_art_v5/kaia-windrow/charge_100_vfx_off.png,ONLY_ON_106,OBSOLETE,DISCARD_OBSOLETE,.png
artifacts/vxp3/review/generated_art_v5/kaia-windrow/charge_100_vfx_on.png,ONLY_ON_106,OBSOLETE,DISCARD_OBSOLETE,.png
artifacts/vxp3/review/generated_art_v5/kaia-windrow/clash_lock.png,ONLY_ON_106,OBSOLETE,DISCARD_OBSOLETE,.png
artifacts/vxp3/review/generated_art_v5/kaia-windrow/close_body_3q.png,ONLY_ON_106,OBSOLETE,DISCARD_OBSOLETE,.png
artifacts/vxp3/review/generated_art_v5/kaia-windrow/costume_3q.png,ONLY_ON_106,OBSOLETE,DISCARD_OBSOLETE,.png
artifacts/vxp3/review/generated_art_v5/kaia-windrow/costume_front.png,ONLY_ON_106,OBSOLETE,DISCARD_OBSOLETE,.png
artifacts/vxp3/review/generated_art_v5/kaia-windrow/front.png,ONLY_ON_106,OBSOLETE,DISCARD_OBSOLETE,.png
artifacts/vxp3/review/generated_art_v5/kaia-windrow/front_3q.png,ONLY_ON_106,OBSOLETE,DISCARD_OBSOLETE,.png
artifacts/vxp3/review/generated_art_v5/kaia-windrow/gameplay.png,ONLY_ON_106,OBSOLETE,DISCARD_OBSOLETE,.png
artifacts/vxp3/review/generated_art_v5/kaia-windrow/gameplay_scale.png,ONLY_ON_106,OBSOLETE,DISCARD_OBSOLETE,.png
artifacts/vxp3/review/generated_art_v5/kaia-windrow/hand_fist.png,ONLY_ON_106,OBSOLETE,DISCARD_OBSOLETE,.png
artifacts/vxp3/review/generated_art_v5/kaia-windrow/head_detail_3q.png,ONLY_ON_106,OBSOLETE,DISCARD_OBSOLETE,.png
artifacts/vxp3/review/generated_art_v5/kaia-windrow/head_detail_front.png,ONLY_ON_106,OBSOLETE,DISCARD_OBSOLETE,.png
artifacts/vxp3/review/generated_art_v5/kaia-windrow/head_detail_profile.png,ONLY_ON_106,OBSOLETE,DISCARD_OBSOLETE,.png
artifacts/vxp3/review/generated_art_v5/kaia-windrow/heavy_anticipation_pair.png,ONLY_ON_106,OBSOLETE,DISCARD_OBSOLETE,.png
artifacts/vxp3/review/generated_art_v5/kaia-windrow/heavy_contact_pair_vfx_off.png,ONLY_ON_106,OBSOLETE,DISCARD_OBSOLETE,.png
artifacts/vxp3/review/generated_art_v5/kaia-windrow/heavy_contact_pair_vfx_on.png,ONLY_ON_106,OBSOLETE,DISCARD_OBSOLETE,.png
artifacts/vxp3/review/generated_art_v5/kaia-windrow/heavy_follow.png,ONLY_ON_106,OBSOLETE,DISCARD_OBSOLETE,.png
artifacts/vxp3/review/generated_art_v5/kaia-windrow/hurt_heavy_no_knockback.png,ONLY_ON_106,OBSOLETE,DISCARD_OBSOLETE,.png
artifacts/vxp3/review/generated_art_v5/kaia-windrow/idle.png,ONLY_ON_106,OBSOLETE,DISCARD_OBSOLETE,.png
artifacts/vxp3/review/generated_art_v5/kaia-windrow/orientation.json,ONLY_ON_106,OBSOLETE,REFERENCE_ONLY,.json
artifacts/vxp3/review/generated_art_v5/kaia-windrow/personality_idle.png,ONLY_ON_106,OBSOLETE,DISCARD_OBSOLETE,.png
artifacts/vxp3/review/generated_art_v5/kaia-windrow/run.png,ONLY_ON_106,OBSOLETE,DISCARD_OBSOLETE,.png
artifacts/vxp3/review/generated_art_v5/kaia-windrow/select_preview.png,ONLY_ON_106,OBSOLETE,DISCARD_OBSOLETE,.png
artifacts/vxp3/review/generated_art_v5/kaia-windrow/side.png,ONLY_ON_106,OBSOLETE,DISCARD_OBSOLETE,.png
artifacts/vxp3/review/generated_art_v5/kaia-windrow/silhouette_heavy.png,ONLY_ON_106,OBSOLETE,DISCARD_OBSOLETE,.png
artifacts/vxp3/review/generated_art_v5/kaia-windrow/silhouette_idle.png,ONLY_ON_106,OBSOLETE,DISCARD_OBSOLETE,.png
artifacts/vxp3/review/generated_art_v5/kaia-windrow/silhouette_super.png,ONLY_ON_106,OBSOLETE,DISCARD_OBSOLETE,.png
artifacts/vxp3/review/generated_art_v5/kaia-windrow/super_vfx_off.png,ONLY_ON_106,OBSOLETE,DISCARD_OBSOLETE,.png
artifacts/vxp3/review/generated_art_v5/kaia-windrow/super_vfx_on.png,ONLY_ON_106,OBSOLETE,DISCARD_OBSOLETE,.png
artifacts/vxp3/review/generated_art_v5/kaia-windrow/walk.png,ONLY_ON_106,OBSOLETE,DISCARD_OBSOLETE,.png
artifacts/vxp3/review/generated_art_v5/nix-calder/KO.png,ONLY_ON_106,OBSOLETE,DISCARD_OBSOLETE,.png
artifacts/vxp3/review/generated_art_v5/nix-calder/aura.png,ONLY_ON_106,OBSOLETE,DISCARD_OBSOLETE,.png
artifacts/vxp3/review/generated_art_v5/nix-calder/back.png,ONLY_ON_106,OBSOLETE,DISCARD_OBSOLETE,.png
artifacts/vxp3/review/generated_art_v5/nix-calder/boot_detail.png,ONLY_ON_106,OBSOLETE,DISCARD_OBSOLETE,.png
artifacts/vxp3/review/generated_art_v5/nix-calder/charge_0_vfx_off.png,ONLY_ON_106,OBSOLETE,DISCARD_OBSOLETE,.png
artifacts/vxp3/review/generated_art_v5/nix-calder/charge_100_vfx_off.png,ONLY_ON_106,OBSOLETE,DISCARD_OBSOLETE,.png
artifacts/vxp3/review/generated_art_v5/nix-calder/charge_100_vfx_on.png,ONLY_ON_106,OBSOLETE,DISCARD_OBSOLETE,.png
artifacts/vxp3/review/generated_art_v5/nix-calder/clash_lock.png,ONLY_ON_106,OBSOLETE,DISCARD_OBSOLETE,.png
artifacts/vxp3/review/generated_art_v5/nix-calder/close_body_3q.png,ONLY_ON_106,OBSOLETE,DISCARD_OBSOLETE,.png
artifacts/vxp3/review/generated_art_v5/nix-calder/costume_3q.png,ONLY_ON_106,OBSOLETE,DISCARD_OBSOLETE,.png
artifacts/vxp3/review/generated_art_v5/nix-calder/costume_front.png,ONLY_ON_106,OBSOLETE,DISCARD_OBSOLETE,.png
artifacts/vxp3/review/generated_art_v5/nix-calder/front.png,ONLY_ON_106,OBSOLETE,DISCARD_OBSOLETE,.png
artifacts/vxp3/review/generated_art_v5/nix-calder/front_3q.png,ONLY_ON_106,OBSOLETE,DISCARD_OBSOLETE,.png
artifacts/vxp3/review/generated_art_v5/nix-calder/gameplay.png,ONLY_ON_106,OBSOLETE,DISCARD_OBSOLETE,.png
artifacts/vxp3/review/generated_art_v5/nix-calder/gameplay_scale.png,ONLY_ON_106,OBSOLETE,DISCARD_OBSOLETE,.png
artifacts/vxp3/review/generated_art_v5/nix-calder/hand_fist.png,ONLY_ON_106,OBSOLETE,DISCARD_OBSOLETE,.png
artifacts/vxp3/review/generated_art_v5/nix-calder/head_detail_3q.png,ONLY_ON_106,OBSOLETE,DISCARD_OBSOLETE,.png
artifacts/vxp3/review/generated_art_v5/nix-calder/head_detail_front.png,ONLY_ON_106,OBSOLETE,DISCARD_OBSOLETE,.png
artifacts/vxp3/review/generated_art_v5/nix-calder/head_detail_profile.png,ONLY_ON_106,OBSOLETE,DISCARD_OBSOLETE,.png
artifacts/vxp3/review/generated_art_v5/nix-calder/heavy_anticipation_pair.png,ONLY_ON_106,OBSOLETE,DISCARD_OBSOLETE,.png
artifacts/vxp3/review/generated_art_v5/nix-calder/heavy_contact_pair_vfx_off.png,ONLY_ON_106,OBSOLETE,DISCARD_OBSOLETE,.png
artifacts/vxp3/review/generated_art_v5/nix-calder/heavy_contact_pair_vfx_on.png,ONLY_ON_106,OBSOLETE,DISCARD_OBSOLETE,.png
artifacts/vxp3/review/generated_art_v5/nix-calder/heavy_follow.png,ONLY_ON_106,OBSOLETE,DISCARD_OBSOLETE,.png
artifacts/vxp3/review/generated_art_v5/nix-calder/hurt_heavy_no_knockback.png,ONLY_ON_106,OBSOLETE,DISCARD_OBSOLETE,.png
artifacts/vxp3/review/generated_art_v5/nix-calder/idle.png,ONLY_ON_106,OBSOLETE,DISCARD_OBSOLETE,.png
artifacts/vxp3/review/generated_art_v5/nix-calder/orientation.json,ONLY_ON_106,OBSOLETE,REFERENCE_ONLY,.json
artifacts/vxp3/review/generated_art_v5/nix-calder/personality_idle.png,ONLY_ON_106,OBSOLETE,DISCARD_OBSOLETE,.png
artifacts/vxp3/review/generated_art_v5/nix-calder/run.png,ONLY_ON_106,OBSOLETE,DISCARD_OBSOLETE,.png
artifacts/vxp3/review/generated_art_v5/nix-calder/select_preview.png,ONLY_ON_106,OBSOLETE,DISCARD_OBSOLETE,.png
artifacts/vxp3/review/generated_art_v5/nix-calder/side.png,ONLY_ON_106,OBSOLETE,DISCARD_OBSOLETE,.png
artifacts/vxp3/review/generated_art_v5/nix-calder/silhouette_heavy.png,ONLY_ON_106,OBSOLETE,DISCARD_OBSOLETE,.png
artifacts/vxp3/review/generated_art_v5/nix-calder/silhouette_idle.png,ONLY_ON_106,OBSOLETE,DISCARD_OBSOLETE,.png
artifacts/vxp3/review/generated_art_v5/nix-calder/silhouette_super.png,ONLY_ON_106,OBSOLETE,DISCARD_OBSOLETE,.png
artifacts/vxp3/review/generated_art_v5/nix-calder/super_vfx_off.png,ONLY_ON_106,OBSOLETE,DISCARD_OBSOLETE,.png
artifacts/vxp3/review/generated_art_v5/nix-calder/super_vfx_on.png,ONLY_ON_106,OBSOLETE,DISCARD_OBSOLETE,.png
artifacts/vxp3/review/generated_art_v5/nix-calder/walk.png,ONLY_ON_106,OBSOLETE,DISCARD_OBSOLETE,.png
artifacts/vxp3/review/generated_art_v5/orion-vell/KO.png,ONLY_ON_106,OBSOLETE,DISCARD_OBSOLETE,.png
artifacts/vxp3/review/generated_art_v5/orion-vell/aura.png,ONLY_ON_106,OBSOLETE,DISCARD_OBSOLETE,.png
artifacts/vxp3/review/generated_art_v5/orion-vell/back.png,ONLY_ON_106,OBSOLETE,DISCARD_OBSOLETE,.png
artifacts/vxp3/review/generated_art_v5/orion-vell/boot_detail.png,ONLY_ON_106,OBSOLETE,DISCARD_OBSOLETE,.png
artifacts/vxp3/review/generated_art_v5/orion-vell/charge_0_vfx_off.png,ONLY_ON_106,OBSOLETE,DISCARD_OBSOLETE,.png
artifacts/vxp3/review/generated_art_v5/orion-vell/charge_100_vfx_off.png,ONLY_ON_106,OBSOLETE,DISCARD_OBSOLETE,.png
artifacts/vxp3/review/generated_art_v5/orion-vell/charge_100_vfx_on.png,ONLY_ON_106,OBSOLETE,DISCARD_OBSOLETE,.png
artifacts/vxp3/review/generated_art_v5/orion-vell/clash_lock.png,ONLY_ON_106,OBSOLETE,DISCARD_OBSOLETE,.png
artifacts/vxp3/review/generated_art_v5/orion-vell/close_body_3q.png,ONLY_ON_106,OBSOLETE,DISCARD_OBSOLETE,.png
artifacts/vxp3/review/generated_art_v5/orion-vell/costume_3q.png,ONLY_ON_106,OBSOLETE,DISCARD_OBSOLETE,.png
artifacts/vxp3/review/generated_art_v5/orion-vell/costume_front.png,ONLY_ON_106,OBSOLETE,DISCARD_OBSOLETE,.png
artifacts/vxp3/review/generated_art_v5/orion-vell/front.png,ONLY_ON_106,OBSOLETE,DISCARD_OBSOLETE,.png
artifacts/vxp3/review/generated_art_v5/orion-vell/front_3q.png,ONLY_ON_106,OBSOLETE,DISCARD_OBSOLETE,.png
artifacts/vxp3/review/generated_art_v5/orion-vell/gameplay.png,ONLY_ON_106,OBSOLETE,DISCARD_OBSOLETE,.png
artifacts/vxp3/review/generated_art_v5/orion-vell/gameplay_scale.png,ONLY_ON_106,OBSOLETE,DISCARD_OBSOLETE,.png
artifacts/vxp3/review/generated_art_v5/orion-vell/hand_fist.png,ONLY_ON_106,OBSOLETE,DISCARD_OBSOLETE,.png
artifacts/vxp3/review/generated_art_v5/orion-vell/head_detail_3q.png,ONLY_ON_106,OBSOLETE,DISCARD_OBSOLETE,.png
artifacts/vxp3/review/generated_art_v5/orion-vell/head_detail_front.png,ONLY_ON_106,OBSOLETE,DISCARD_OBSOLETE,.png
artifacts/vxp3/review/generated_art_v5/orion-vell/head_detail_profile.png,ONLY_ON_106,OBSOLETE,DISCARD_OBSOLETE,.png
artifacts/vxp3/review/generated_art_v5/orion-vell/heavy_anticipation_pair.png,ONLY_ON_106,OBSOLETE,DISCARD_OBSOLETE,.png
artifacts/vxp3/review/generated_art_v5/orion-vell/heavy_contact_pair_vfx_off.png,ONLY_ON_106,OBSOLETE,DISCARD_OBSOLETE,.png
artifacts/vxp3/review/generated_art_v5/orion-vell/heavy_contact_pair_vfx_on.png,ONLY_ON_106,OBSOLETE,DISCARD_OBSOLETE,.png
artifacts/vxp3/review/generated_art_v5/orion-vell/heavy_follow.png,ONLY_ON_106,OBSOLETE,DISCARD_OBSOLETE,.png
artifacts/vxp3/review/generated_art_v5/orion-vell/hurt_heavy_no_knockback.png,ONLY_ON_106,OBSOLETE,DISCARD_OBSOLETE,.png
artifacts/vxp3/review/generated_art_v5/orion-vell/idle.png,ONLY_ON_106,OBSOLETE,DISCARD_OBSOLETE,.png
artifacts/vxp3/review/generated_art_v5/orion-vell/orientation.json,ONLY_ON_106,OBSOLETE,REFERENCE_ONLY,.json
artifacts/vxp3/review/generated_art_v5/orion-vell/personality_idle.png,ONLY_ON_106,OBSOLETE,DISCARD_OBSOLETE,.png
artifacts/vxp3/review/generated_art_v5/orion-vell/run.png,ONLY_ON_106,OBSOLETE,DISCARD_OBSOLETE,.png
artifacts/vxp3/review/generated_art_v5/orion-vell/select_preview.png,ONLY_ON_106,OBSOLETE,DISCARD_OBSOLETE,.png
artifacts/vxp3/review/generated_art_v5/orion-vell/side.png,ONLY_ON_106,OBSOLETE,DISCARD_OBSOLETE,.png
artifacts/vxp3/review/generated_art_v5/orion-vell/silhouette_heavy.png,ONLY_ON_106,OBSOLETE,DISCARD_OBSOLETE,.png
artifacts/vxp3/review/generated_art_v5/orion-vell/silhouette_idle.png,ONLY_ON_106,OBSOLETE,DISCARD_OBSOLETE,.png
artifacts/vxp3/review/generated_art_v5/orion-vell/silhouette_super.png,ONLY_ON_106,OBSOLETE,DISCARD_OBSOLETE,.png
artifacts/vxp3/review/generated_art_v5/orion-vell/super_vfx_off.png,ONLY_ON_106,OBSOLETE,DISCARD_OBSOLETE,.png
artifacts/vxp3/review/generated_art_v5/orion-vell/super_vfx_on.png,ONLY_ON_106,OBSOLETE,DISCARD_OBSOLETE,.png
artifacts/vxp3/review/generated_art_v5/orion-vell/walk.png,ONLY_ON_106,OBSOLETE,DISCARD_OBSOLETE,.png
artifacts/vxp3/review/generated_art_v5/rook-ironside/KO.png,ONLY_ON_106,OBSOLETE,DISCARD_OBSOLETE,.png
artifacts/vxp3/review/generated_art_v5/rook-ironside/aura.png,ONLY_ON_106,OBSOLETE,DISCARD_OBSOLETE,.png
artifacts/vxp3/review/generated_art_v5/rook-ironside/back.png,ONLY_ON_106,OBSOLETE,DISCARD_OBSOLETE,.png
artifacts/vxp3/review/generated_art_v5/rook-ironside/boot_detail.png,ONLY_ON_106,OBSOLETE,DISCARD_OBSOLETE,.png
artifacts/vxp3/review/generated_art_v5/rook-ironside/charge_0_vfx_off.png,ONLY_ON_106,OBSOLETE,DISCARD_OBSOLETE,.png
artifacts/vxp3/review/generated_art_v5/rook-ironside/charge_100_vfx_off.png,ONLY_ON_106,OBSOLETE,DISCARD_OBSOLETE,.png
artifacts/vxp3/review/generated_art_v5/rook-ironside/charge_100_vfx_on.png,ONLY_ON_106,OBSOLETE,DISCARD_OBSOLETE,.png
artifacts/vxp3/review/generated_art_v5/rook-ironside/clash_lock.png,ONLY_ON_106,OBSOLETE,DISCARD_OBSOLETE,.png
artifacts/vxp3/review/generated_art_v5/rook-ironside/close_body_3q.png,ONLY_ON_106,OBSOLETE,DISCARD_OBSOLETE,.png
artifacts/vxp3/review/generated_art_v5/rook-ironside/costume_3q.png,ONLY_ON_106,OBSOLETE,DISCARD_OBSOLETE,.png
artifacts/vxp3/review/generated_art_v5/rook-ironside/costume_front.png,ONLY_ON_106,OBSOLETE,DISCARD_OBSOLETE,.png
artifacts/vxp3/review/generated_art_v5/rook-ironside/front.png,ONLY_ON_106,OBSOLETE,DISCARD_OBSOLETE,.png
artifacts/vxp3/review/generated_art_v5/rook-ironside/front_3q.png,ONLY_ON_106,OBSOLETE,DISCARD_OBSOLETE,.png
artifacts/vxp3/review/generated_art_v5/rook-ironside/gameplay.png,ONLY_ON_106,OBSOLETE,DISCARD_OBSOLETE,.png
artifacts/vxp3/review/generated_art_v5/rook-ironside/gameplay_scale.png,ONLY_ON_106,OBSOLETE,DISCARD_OBSOLETE,.png
artifacts/vxp3/review/generated_art_v5/rook-ironside/hand_fist.png,ONLY_ON_106,OBSOLETE,DISCARD_OBSOLETE,.png
artifacts/vxp3/review/generated_art_v5/rook-ironside/head_detail_3q.png,ONLY_ON_106,OBSOLETE,DISCARD_OBSOLETE,.png
artifacts/vxp3/review/generated_art_v5/rook-ironside/head_detail_front.png,ONLY_ON_106,OBSOLETE,DISCARD_OBSOLETE,.png
artifacts/vxp3/review/generated_art_v5/rook-ironside/head_detail_profile.png,ONLY_ON_106,OBSOLETE,DISCARD_OBSOLETE,.png
artifacts/vxp3/review/generated_art_v5/rook-ironside/heavy_anticipation_pair.png,ONLY_ON_106,OBSOLETE,DISCARD_OBSOLETE,.png
artifacts/vxp3/review/generated_art_v5/rook-ironside/heavy_contact_pair_vfx_off.png,ONLY_ON_106,OBSOLETE,DISCARD_OBSOLETE,.png
artifacts/vxp3/review/generated_art_v5/rook-ironside/heavy_contact_pair_vfx_on.png,ONLY_ON_106,OBSOLETE,DISCARD_OBSOLETE,.png
artifacts/vxp3/review/generated_art_v5/rook-ironside/heavy_follow.png,ONLY_ON_106,OBSOLETE,DISCARD_OBSOLETE,.png
artifacts/vxp3/review/generated_art_v5/rook-ironside/hurt_heavy_no_knockback.png,ONLY_ON_106,OBSOLETE,DISCARD_OBSOLETE,.png
artifacts/vxp3/review/generated_art_v5/rook-ironside/idle.png,ONLY_ON_106,OBSOLETE,DISCARD_OBSOLETE,.png
artifacts/vxp3/review/generated_art_v5/rook-ironside/orientation.json,ONLY_ON_106,OBSOLETE,REFERENCE_ONLY,.json
artifacts/vxp3/review/generated_art_v5/rook-ironside/personality_idle.png,ONLY_ON_106,OBSOLETE,DISCARD_OBSOLETE,.png
artifacts/vxp3/review/generated_art_v5/rook-ironside/run.png,ONLY_ON_106,OBSOLETE,DISCARD_OBSOLETE,.png
artifacts/vxp3/review/generated_art_v5/rook-ironside/select_preview.png,ONLY_ON_106,OBSOLETE,DISCARD_OBSOLETE,.png
artifacts/vxp3/review/generated_art_v5/rook-ironside/side.png,ONLY_ON_106,OBSOLETE,DISCARD_OBSOLETE,.png
artifacts/vxp3/review/generated_art_v5/rook-ironside/silhouette_heavy.png,ONLY_ON_106,OBSOLETE,DISCARD_OBSOLETE,.png
artifacts/vxp3/review/generated_art_v5/rook-ironside/silhouette_idle.png,ONLY_ON_106,OBSOLETE,DISCARD_OBSOLETE,.png
artifacts/vxp3/review/generated_art_v5/rook-ironside/silhouette_super.png,ONLY_ON_106,OBSOLETE,DISCARD_OBSOLETE,.png
artifacts/vxp3/review/generated_art_v5/rook-ironside/super_vfx_off.png,ONLY_ON_106,OBSOLETE,DISCARD_OBSOLETE,.png
artifacts/vxp3/review/generated_art_v5/rook-ironside/super_vfx_on.png,ONLY_ON_106,OBSOLETE,DISCARD_OBSOLETE,.png
artifacts/vxp3/review/generated_art_v5/rook-ironside/walk.png,ONLY_ON_106,OBSOLETE,DISCARD_OBSOLETE,.png
artifacts/vxp3/review/generated_art_v5/vesper-nyx/KO.png,ONLY_ON_106,OBSOLETE,DISCARD_OBSOLETE,.png
artifacts/vxp3/review/generated_art_v5/vesper-nyx/aura.png,ONLY_ON_106,OBSOLETE,DISCARD_OBSOLETE,.png
artifacts/vxp3/review/generated_art_v5/vesper-nyx/back.png,ONLY_ON_106,OBSOLETE,DISCARD_OBSOLETE,.png
artifacts/vxp3/review/generated_art_v5/vesper-nyx/boot_detail.png,ONLY_ON_106,OBSOLETE,DISCARD_OBSOLETE,.png
artifacts/vxp3/review/generated_art_v5/vesper-nyx/charge_0_vfx_off.png,ONLY_ON_106,OBSOLETE,DISCARD_OBSOLETE,.png
artifacts/vxp3/review/generated_art_v5/vesper-nyx/charge_100_vfx_off.png,ONLY_ON_106,OBSOLETE,DISCARD_OBSOLETE,.png
artifacts/vxp3/review/generated_art_v5/vesper-nyx/charge_100_vfx_on.png,ONLY_ON_106,OBSOLETE,DISCARD_OBSOLETE,.png
artifacts/vxp3/review/generated_art_v5/vesper-nyx/clash_lock.png,ONLY_ON_106,OBSOLETE,DISCARD_OBSOLETE,.png
artifacts/vxp3/review/generated_art_v5/vesper-nyx/close_body_3q.png,ONLY_ON_106,OBSOLETE,DISCARD_OBSOLETE,.png
artifacts/vxp3/review/generated_art_v5/vesper-nyx/costume_3q.png,ONLY_ON_106,OBSOLETE,DISCARD_OBSOLETE,.png
artifacts/vxp3/review/generated_art_v5/vesper-nyx/costume_front.png,ONLY_ON_106,OBSOLETE,DISCARD_OBSOLETE,.png
artifacts/vxp3/review/generated_art_v5/vesper-nyx/front.png,ONLY_ON_106,OBSOLETE,DISCARD_OBSOLETE,.png
artifacts/vxp3/review/generated_art_v5/vesper-nyx/front_3q.png,ONLY_ON_106,OBSOLETE,DISCARD_OBSOLETE,.png
artifacts/vxp3/review/generated_art_v5/vesper-nyx/gameplay.png,ONLY_ON_106,OBSOLETE,DISCARD_OBSOLETE,.png
artifacts/vxp3/review/generated_art_v5/vesper-nyx/gameplay_scale.png,ONLY_ON_106,OBSOLETE,DISCARD_OBSOLETE,.png
artifacts/vxp3/review/generated_art_v5/vesper-nyx/hand_fist.png,ONLY_ON_106,OBSOLETE,DISCARD_OBSOLETE,.png
artifacts/vxp3/review/generated_art_v5/vesper-nyx/head_detail_3q.png,ONLY_ON_106,OBSOLETE,DISCARD_OBSOLETE,.png
artifacts/vxp3/review/generated_art_v5/vesper-nyx/head_detail_front.png,ONLY_ON_106,OBSOLETE,DISCARD_OBSOLETE,.png
artifacts/vxp3/review/generated_art_v5/vesper-nyx/head_detail_profile.png,ONLY_ON_106,OBSOLETE,DISCARD_OBSOLETE,.png
artifacts/vxp3/review/generated_art_v5/vesper-nyx/heavy_anticipation_pair.png,ONLY_ON_106,OBSOLETE,DISCARD_OBSOLETE,.png
artifacts/vxp3/review/generated_art_v5/vesper-nyx/heavy_contact_pair_vfx_off.png,ONLY_ON_106,OBSOLETE,DISCARD_OBSOLETE,.png
artifacts/vxp3/review/generated_art_v5/vesper-nyx/heavy_contact_pair_vfx_on.png,ONLY_ON_106,OBSOLETE,DISCARD_OBSOLETE,.png
artifacts/vxp3/review/generated_art_v5/vesper-nyx/heavy_follow.png,ONLY_ON_106,OBSOLETE,DISCARD_OBSOLETE,.png
artifacts/vxp3/review/generated_art_v5/vesper-nyx/hurt_heavy_no_knockback.png,ONLY_ON_106,OBSOLETE,DISCARD_OBSOLETE,.png
artifacts/vxp3/review/generated_art_v5/vesper-nyx/idle.png,ONLY_ON_106,OBSOLETE,DISCARD_OBSOLETE,.png
artifacts/vxp3/review/generated_art_v5/vesper-nyx/orientation.json,ONLY_ON_106,OBSOLETE,REFERENCE_ONLY,.json
artifacts/vxp3/review/generated_art_v5/vesper-nyx/personality_idle.png,ONLY_ON_106,OBSOLETE,DISCARD_OBSOLETE,.png
artifacts/vxp3/review/generated_art_v5/vesper-nyx/run.png,ONLY_ON_106,OBSOLETE,DISCARD_OBSOLETE,.png
artifacts/vxp3/review/generated_art_v5/vesper-nyx/select_preview.png,ONLY_ON_106,OBSOLETE,DISCARD_OBSOLETE,.png
artifacts/vxp3/review/generated_art_v5/vesper-nyx/side.png,ONLY_ON_106,OBSOLETE,DISCARD_OBSOLETE,.png
artifacts/vxp3/review/generated_art_v5/vesper-nyx/silhouette_heavy.png,ONLY_ON_106,OBSOLETE,DISCARD_OBSOLETE,.png
artifacts/vxp3/review/generated_art_v5/vesper-nyx/silhouette_idle.png,ONLY_ON_106,OBSOLETE,DISCARD_OBSOLETE,.png
artifacts/vxp3/review/generated_art_v5/vesper-nyx/silhouette_super.png,ONLY_ON_106,OBSOLETE,DISCARD_OBSOLETE,.png
artifacts/vxp3/review/generated_art_v5/vesper-nyx/super_vfx_off.png,ONLY_ON_106,OBSOLETE,DISCARD_OBSOLETE,.png
artifacts/vxp3/review/generated_art_v5/vesper-nyx/super_vfx_on.png,ONLY_ON_106,OBSOLETE,DISCARD_OBSOLETE,.png
artifacts/vxp3/review/generated_art_v5/vesper-nyx/walk.png,ONLY_ON_106,OBSOLETE,DISCARD_OBSOLETE,.png
artifacts/vxp3/review/generated_art_v6/ember-vale/KO.png,ONLY_ON_106,OBSOLETE,DISCARD_OBSOLETE,.png
artifacts/vxp3/review/generated_art_v6/ember-vale/aura.png,ONLY_ON_106,OBSOLETE,DISCARD_OBSOLETE,.png
artifacts/vxp3/review/generated_art_v6/ember-vale/back.png,ONLY_ON_106,OBSOLETE,DISCARD_OBSOLETE,.png
artifacts/vxp3/review/generated_art_v6/ember-vale/boot_side.png,ONLY_ON_106,OBSOLETE,DISCARD_OBSOLETE,.png
artifacts/vxp3/review/generated_art_v6/ember-vale/charge_0_vfx_off.png,ONLY_ON_106,OBSOLETE,DISCARD_OBSOLETE,.png
artifacts/vxp3/review/generated_art_v6/ember-vale/charge_100_vfx_off.png,ONLY_ON_106,OBSOLETE,DISCARD_OBSOLETE,.png
artifacts/vxp3/review/generated_art_v6/ember-vale/charge_100_vfx_on.png,ONLY_ON_106,OBSOLETE,DISCARD_OBSOLETE,.png
artifacts/vxp3/review/generated_art_v6/ember-vale/clash_lock.png,ONLY_ON_106,OBSOLETE,DISCARD_OBSOLETE,.png
artifacts/vxp3/review/generated_art_v6/ember-vale/costume_3q.png,ONLY_ON_106,OBSOLETE,DISCARD_OBSOLETE,.png
artifacts/vxp3/review/generated_art_v6/ember-vale/costume_front.png,ONLY_ON_106,OBSOLETE,DISCARD_OBSOLETE,.png
artifacts/vxp3/review/generated_art_v6/ember-vale/front.png,ONLY_ON_106,OBSOLETE,DISCARD_OBSOLETE,.png
artifacts/vxp3/review/generated_art_v6/ember-vale/front_3q.png,ONLY_ON_106,OBSOLETE,DISCARD_OBSOLETE,.png
artifacts/vxp3/review/generated_art_v6/ember-vale/gameplay_scale.png,ONLY_ON_106,OBSOLETE,DISCARD_OBSOLETE,.png
artifacts/vxp3/review/generated_art_v6/ember-vale/glove_fist.png,ONLY_ON_106,OBSOLETE,DISCARD_OBSOLETE,.png
artifacts/vxp3/review/generated_art_v6/ember-vale/glove_open.png,ONLY_ON_106,OBSOLETE,DISCARD_OBSOLETE,.png
artifacts/vxp3/review/generated_art_v6/ember-vale/grayscale_values.png,ONLY_ON_106,OBSOLETE,DISCARD_OBSOLETE,.png
artifacts/vxp3/review/generated_art_v6/ember-vale/head_3q.png,ONLY_ON_106,OBSOLETE,DISCARD_OBSOLETE,.png
artifacts/vxp3/review/generated_art_v6/ember-vale/head_front.png,ONLY_ON_106,OBSOLETE,DISCARD_OBSOLETE,.png
artifacts/vxp3/review/generated_art_v6/ember-vale/heavy_anticipation.png,ONLY_ON_106,OBSOLETE,DISCARD_OBSOLETE,.png
artifacts/vxp3/review/generated_art_v6/ember-vale/heavy_contact_pair_vfx_off.png,ONLY_ON_106,OBSOLETE,DISCARD_OBSOLETE,.png
artifacts/vxp3/review/generated_art_v6/ember-vale/heavy_contact_pair_vfx_on.png,ONLY_ON_106,OBSOLETE,DISCARD_OBSOLETE,.png
artifacts/vxp3/review/generated_art_v6/ember-vale/heavy_follow.png,ONLY_ON_106,OBSOLETE,DISCARD_OBSOLETE,.png
artifacts/vxp3/review/generated_art_v6/ember-vale/hurt_peak_no_knockback.png,ONLY_ON_106,OBSOLETE,DISCARD_OBSOLETE,.png
artifacts/vxp3/review/generated_art_v6/ember-vale/idle.png,ONLY_ON_106,OBSOLETE,DISCARD_OBSOLETE,.png
artifacts/vxp3/review/generated_art_v6/ember-vale/orientation.json,ONLY_ON_106,OBSOLETE,REFERENCE_ONLY,.json
artifacts/vxp3/review/generated_art_v6/ember-vale/run.png,ONLY_ON_106,OBSOLETE,DISCARD_OBSOLETE,.png
artifacts/vxp3/review/generated_art_v6/ember-vale/select_preview.png,ONLY_ON_106,OBSOLETE,DISCARD_OBSOLETE,.png
artifacts/vxp3/review/generated_art_v6/ember-vale/side.png,ONLY_ON_106,OBSOLETE,DISCARD_OBSOLETE,.png
artifacts/vxp3/review/generated_art_v6/ember-vale/silhouette_idle.png,ONLY_ON_106,OBSOLETE,DISCARD_OBSOLETE,.png
artifacts/vxp3/review/generated_art_v6/ember-vale/silhouette_super.png,ONLY_ON_106,OBSOLETE,DISCARD_OBSOLETE,.png
artifacts/vxp3/review/generated_art_v6/ember-vale/super.png,ONLY_ON_106,OBSOLETE,DISCARD_OBSOLETE,.png
artifacts/vxp3/review/generated_art_v6/ember-vale/walk.png,ONLY_ON_106,OBSOLETE,DISCARD_OBSOLETE,.png
artifacts/vxp3/review/generated_art_v6/juno-spark/KO.png,ONLY_ON_106,OBSOLETE,DISCARD_OBSOLETE,.png
artifacts/vxp3/review/generated_art_v6/juno-spark/aura.png,ONLY_ON_106,OBSOLETE,DISCARD_OBSOLETE,.png
artifacts/vxp3/review/generated_art_v6/juno-spark/back.png,ONLY_ON_106,OBSOLETE,DISCARD_OBSOLETE,.png
artifacts/vxp3/review/generated_art_v6/juno-spark/boot_side.png,ONLY_ON_106,OBSOLETE,DISCARD_OBSOLETE,.png
artifacts/vxp3/review/generated_art_v6/juno-spark/charge_0_vfx_off.png,ONLY_ON_106,OBSOLETE,DISCARD_OBSOLETE,.png
artifacts/vxp3/review/generated_art_v6/juno-spark/charge_100_vfx_off.png,ONLY_ON_106,OBSOLETE,DISCARD_OBSOLETE,.png
artifacts/vxp3/review/generated_art_v6/juno-spark/charge_100_vfx_on.png,ONLY_ON_106,OBSOLETE,DISCARD_OBSOLETE,.png
artifacts/vxp3/review/generated_art_v6/juno-spark/clash_lock.png,ONLY_ON_106,OBSOLETE,DISCARD_OBSOLETE,.png
artifacts/vxp3/review/generated_art_v6/juno-spark/costume_3q.png,ONLY_ON_106,OBSOLETE,DISCARD_OBSOLETE,.png
artifacts/vxp3/review/generated_art_v6/juno-spark/costume_front.png,ONLY_ON_106,OBSOLETE,DISCARD_OBSOLETE,.png
artifacts/vxp3/review/generated_art_v6/juno-spark/front.png,ONLY_ON_106,OBSOLETE,DISCARD_OBSOLETE,.png
artifacts/vxp3/review/generated_art_v6/juno-spark/front_3q.png,ONLY_ON_106,OBSOLETE,DISCARD_OBSOLETE,.png
artifacts/vxp3/review/generated_art_v6/juno-spark/gameplay_scale.png,ONLY_ON_106,OBSOLETE,DISCARD_OBSOLETE,.png
artifacts/vxp3/review/generated_art_v6/juno-spark/glove_fist.png,ONLY_ON_106,OBSOLETE,DISCARD_OBSOLETE,.png
artifacts/vxp3/review/generated_art_v6/juno-spark/glove_open.png,ONLY_ON_106,OBSOLETE,DISCARD_OBSOLETE,.png
artifacts/vxp3/review/generated_art_v6/juno-spark/grayscale_values.png,ONLY_ON_106,OBSOLETE,DISCARD_OBSOLETE,.png
artifacts/vxp3/review/generated_art_v6/juno-spark/head_3q.png,ONLY_ON_106,OBSOLETE,DISCARD_OBSOLETE,.png
artifacts/vxp3/review/generated_art_v6/juno-spark/head_front.png,ONLY_ON_106,OBSOLETE,DISCARD_OBSOLETE,.png
artifacts/vxp3/review/generated_art_v6/juno-spark/heavy_anticipation.png,ONLY_ON_106,OBSOLETE,DISCARD_OBSOLETE,.png
artifacts/vxp3/review/generated_art_v6/juno-spark/heavy_contact_pair_vfx_off.png,ONLY_ON_106,OBSOLETE,DISCARD_OBSOLETE,.png
artifacts/vxp3/review/generated_art_v6/juno-spark/heavy_contact_pair_vfx_on.png,ONLY_ON_106,OBSOLETE,DISCARD_OBSOLETE,.png
artifacts/vxp3/review/generated_art_v6/juno-spark/heavy_follow.png,ONLY_ON_106,OBSOLETE,DISCARD_OBSOLETE,.png
artifacts/vxp3/review/generated_art_v6/juno-spark/hurt_peak_no_knockback.png,ONLY_ON_106,OBSOLETE,DISCARD_OBSOLETE,.png
artifacts/vxp3/review/generated_art_v6/juno-spark/idle.png,ONLY_ON_106,OBSOLETE,DISCARD_OBSOLETE,.png
artifacts/vxp3/review/generated_art_v6/juno-spark/orientation.json,ONLY_ON_106,OBSOLETE,REFERENCE_ONLY,.json
artifacts/vxp3/review/generated_art_v6/juno-spark/run.png,ONLY_ON_106,OBSOLETE,DISCARD_OBSOLETE,.png
artifacts/vxp3/review/generated_art_v6/juno-spark/select_preview.png,ONLY_ON_106,OBSOLETE,DISCARD_OBSOLETE,.png
artifacts/vxp3/review/generated_art_v6/juno-spark/side.png,ONLY_ON_106,OBSOLETE,DISCARD_OBSOLETE,.png
artifacts/vxp3/review/generated_art_v6/juno-spark/silhouette_idle.png,ONLY_ON_106,OBSOLETE,DISCARD_OBSOLETE,.png
artifacts/vxp3/review/generated_art_v6/juno-spark/silhouette_super.png,ONLY_ON_106,OBSOLETE,DISCARD_OBSOLETE,.png
artifacts/vxp3/review/generated_art_v6/juno-spark/super.png,ONLY_ON_106,OBSOLETE,DISCARD_OBSOLETE,.png
artifacts/vxp3/review/generated_art_v6/juno-spark/walk.png,ONLY_ON_106,OBSOLETE,DISCARD_OBSOLETE,.png
artifacts/vxp3/review/generated_art_v6/kaia-windrow/KO.png,ONLY_ON_106,OBSOLETE,DISCARD_OBSOLETE,.png
artifacts/vxp3/review/generated_art_v6/kaia-windrow/aura.png,ONLY_ON_106,OBSOLETE,DISCARD_OBSOLETE,.png
artifacts/vxp3/review/generated_art_v6/kaia-windrow/back.png,ONLY_ON_106,OBSOLETE,DISCARD_OBSOLETE,.png
artifacts/vxp3/review/generated_art_v6/kaia-windrow/boot_side.png,ONLY_ON_106,OBSOLETE,DISCARD_OBSOLETE,.png
artifacts/vxp3/review/generated_art_v6/kaia-windrow/charge_0_vfx_off.png,ONLY_ON_106,OBSOLETE,DISCARD_OBSOLETE,.png
artifacts/vxp3/review/generated_art_v6/kaia-windrow/charge_100_vfx_off.png,ONLY_ON_106,OBSOLETE,DISCARD_OBSOLETE,.png
artifacts/vxp3/review/generated_art_v6/kaia-windrow/charge_100_vfx_on.png,ONLY_ON_106,OBSOLETE,DISCARD_OBSOLETE,.png
artifacts/vxp3/review/generated_art_v6/kaia-windrow/clash_lock.png,ONLY_ON_106,OBSOLETE,DISCARD_OBSOLETE,.png
artifacts/vxp3/review/generated_art_v6/kaia-windrow/costume_3q.png,ONLY_ON_106,OBSOLETE,DISCARD_OBSOLETE,.png
artifacts/vxp3/review/generated_art_v6/kaia-windrow/costume_front.png,ONLY_ON_106,OBSOLETE,DISCARD_OBSOLETE,.png
artifacts/vxp3/review/generated_art_v6/kaia-windrow/front.png,ONLY_ON_106,OBSOLETE,DISCARD_OBSOLETE,.png
artifacts/vxp3/review/generated_art_v6/kaia-windrow/front_3q.png,ONLY_ON_106,OBSOLETE,DISCARD_OBSOLETE,.png
artifacts/vxp3/review/generated_art_v6/kaia-windrow/gameplay_scale.png,ONLY_ON_106,OBSOLETE,DISCARD_OBSOLETE,.png
artifacts/vxp3/review/generated_art_v6/kaia-windrow/glove_fist.png,ONLY_ON_106,OBSOLETE,DISCARD_OBSOLETE,.png
artifacts/vxp3/review/generated_art_v6/kaia-windrow/glove_open.png,ONLY_ON_106,OBSOLETE,DISCARD_OBSOLETE,.png
artifacts/vxp3/review/generated_art_v6/kaia-windrow/grayscale_values.png,ONLY_ON_106,OBSOLETE,DISCARD_OBSOLETE,.png
artifacts/vxp3/review/generated_art_v6/kaia-windrow/head_3q.png,ONLY_ON_106,OBSOLETE,DISCARD_OBSOLETE,.png
artifacts/vxp3/review/generated_art_v6/kaia-windrow/head_front.png,ONLY_ON_106,OBSOLETE,DISCARD_OBSOLETE,.png
artifacts/vxp3/review/generated_art_v6/kaia-windrow/heavy_anticipation.png,ONLY_ON_106,OBSOLETE,DISCARD_OBSOLETE,.png
artifacts/vxp3/review/generated_art_v6/kaia-windrow/heavy_contact_pair_vfx_off.png,ONLY_ON_106,OBSOLETE,DISCARD_OBSOLETE,.png
artifacts/vxp3/review/generated_art_v6/kaia-windrow/heavy_contact_pair_vfx_on.png,ONLY_ON_106,OBSOLETE,DISCARD_OBSOLETE,.png
artifacts/vxp3/review/generated_art_v6/kaia-windrow/heavy_follow.png,ONLY_ON_106,OBSOLETE,DISCARD_OBSOLETE,.png
artifacts/vxp3/review/generated_art_v6/kaia-windrow/hurt_peak_no_knockback.png,ONLY_ON_106,OBSOLETE,DISCARD_OBSOLETE,.png
artifacts/vxp3/review/generated_art_v6/kaia-windrow/idle.png,ONLY_ON_106,OBSOLETE,DISCARD_OBSOLETE,.png
artifacts/vxp3/review/generated_art_v6/kaia-windrow/orientation.json,ONLY_ON_106,OBSOLETE,REFERENCE_ONLY,.json
artifacts/vxp3/review/generated_art_v6/kaia-windrow/run.png,ONLY_ON_106,OBSOLETE,DISCARD_OBSOLETE,.png
artifacts/vxp3/review/generated_art_v6/kaia-windrow/select_preview.png,ONLY_ON_106,OBSOLETE,DISCARD_OBSOLETE,.png
artifacts/vxp3/review/generated_art_v6/kaia-windrow/side.png,ONLY_ON_106,OBSOLETE,DISCARD_OBSOLETE,.png
artifacts/vxp3/review/generated_art_v6/kaia-windrow/silhouette_idle.png,ONLY_ON_106,OBSOLETE,DISCARD_OBSOLETE,.png
artifacts/vxp3/review/generated_art_v6/kaia-windrow/silhouette_super.png,ONLY_ON_106,OBSOLETE,DISCARD_OBSOLETE,.png
artifacts/vxp3/review/generated_art_v6/kaia-windrow/super.png,ONLY_ON_106,OBSOLETE,DISCARD_OBSOLETE,.png
artifacts/vxp3/review/generated_art_v6/kaia-windrow/walk.png,ONLY_ON_106,OBSOLETE,DISCARD_OBSOLETE,.png
artifacts/vxp3/review/generated_art_v6/nix-calder/KO.png,ONLY_ON_106,OBSOLETE,DISCARD_OBSOLETE,.png
artifacts/vxp3/review/generated_art_v6/nix-calder/aura.png,ONLY_ON_106,OBSOLETE,DISCARD_OBSOLETE,.png
artifacts/vxp3/review/generated_art_v6/nix-calder/back.png,ONLY_ON_106,OBSOLETE,DISCARD_OBSOLETE,.png
artifacts/vxp3/review/generated_art_v6/nix-calder/boot_side.png,ONLY_ON_106,OBSOLETE,DISCARD_OBSOLETE,.png
artifacts/vxp3/review/generated_art_v6/nix-calder/charge_0_vfx_off.png,ONLY_ON_106,OBSOLETE,DISCARD_OBSOLETE,.png
artifacts/vxp3/review/generated_art_v6/nix-calder/charge_100_vfx_off.png,ONLY_ON_106,OBSOLETE,DISCARD_OBSOLETE,.png
artifacts/vxp3/review/generated_art_v6/nix-calder/charge_100_vfx_on.png,ONLY_ON_106,OBSOLETE,DISCARD_OBSOLETE,.png
artifacts/vxp3/review/generated_art_v6/nix-calder/clash_lock.png,ONLY_ON_106,OBSOLETE,DISCARD_OBSOLETE,.png
artifacts/vxp3/review/generated_art_v6/nix-calder/costume_3q.png,ONLY_ON_106,OBSOLETE,DISCARD_OBSOLETE,.png
artifacts/vxp3/review/generated_art_v6/nix-calder/costume_front.png,ONLY_ON_106,OBSOLETE,DISCARD_OBSOLETE,.png
artifacts/vxp3/review/generated_art_v6/nix-calder/front.png,ONLY_ON_106,OBSOLETE,DISCARD_OBSOLETE,.png
artifacts/vxp3/review/generated_art_v6/nix-calder/front_3q.png,ONLY_ON_106,OBSOLETE,DISCARD_OBSOLETE,.png
artifacts/vxp3/review/generated_art_v6/nix-calder/gameplay_scale.png,ONLY_ON_106,OBSOLETE,DISCARD_OBSOLETE,.png
artifacts/vxp3/review/generated_art_v6/nix-calder/glove_fist.png,ONLY_ON_106,OBSOLETE,DISCARD_OBSOLETE,.png
artifacts/vxp3/review/generated_art_v6/nix-calder/glove_open.png,ONLY_ON_106,OBSOLETE,DISCARD_OBSOLETE,.png
artifacts/vxp3/review/generated_art_v6/nix-calder/grayscale_values.png,ONLY_ON_106,OBSOLETE,DISCARD_OBSOLETE,.png
artifacts/vxp3/review/generated_art_v6/nix-calder/head_3q.png,ONLY_ON_106,OBSOLETE,DISCARD_OBSOLETE,.png
artifacts/vxp3/review/generated_art_v6/nix-calder/head_front.png,ONLY_ON_106,OBSOLETE,DISCARD_OBSOLETE,.png
artifacts/vxp3/review/generated_art_v6/nix-calder/heavy_anticipation.png,ONLY_ON_106,OBSOLETE,DISCARD_OBSOLETE,.png
artifacts/vxp3/review/generated_art_v6/nix-calder/heavy_contact_pair_vfx_off.png,ONLY_ON_106,OBSOLETE,DISCARD_OBSOLETE,.png
artifacts/vxp3/review/generated_art_v6/nix-calder/heavy_contact_pair_vfx_on.png,ONLY_ON_106,OBSOLETE,DISCARD_OBSOLETE,.png
artifacts/vxp3/review/generated_art_v6/nix-calder/heavy_follow.png,ONLY_ON_106,OBSOLETE,DISCARD_OBSOLETE,.png
artifacts/vxp3/review/generated_art_v6/nix-calder/hurt_peak_no_knockback.png,ONLY_ON_106,OBSOLETE,DISCARD_OBSOLETE,.png
artifacts/vxp3/review/generated_art_v6/nix-calder/idle.png,ONLY_ON_106,OBSOLETE,DISCARD_OBSOLETE,.png
artifacts/vxp3/review/generated_art_v6/nix-calder/orientation.json,ONLY_ON_106,OBSOLETE,REFERENCE_ONLY,.json
artifacts/vxp3/review/generated_art_v6/nix-calder/run.png,ONLY_ON_106,OBSOLETE,DISCARD_OBSOLETE,.png
artifacts/vxp3/review/generated_art_v6/nix-calder/select_preview.png,ONLY_ON_106,OBSOLETE,DISCARD_OBSOLETE,.png
artifacts/vxp3/review/generated_art_v6/nix-calder/side.png,ONLY_ON_106,OBSOLETE,DISCARD_OBSOLETE,.png
artifacts/vxp3/review/generated_art_v6/nix-calder/silhouette_idle.png,ONLY_ON_106,OBSOLETE,DISCARD_OBSOLETE,.png
artifacts/vxp3/review/generated_art_v6/nix-calder/silhouette_super.png,ONLY_ON_106,OBSOLETE,DISCARD_OBSOLETE,.png
artifacts/vxp3/review/generated_art_v6/nix-calder/super.png,ONLY_ON_106,OBSOLETE,DISCARD_OBSOLETE,.png
artifacts/vxp3/review/generated_art_v6/nix-calder/walk.png,ONLY_ON_106,OBSOLETE,DISCARD_OBSOLETE,.png
artifacts/vxp3/review/generated_art_v6/orion-vell/KO.png,ONLY_ON_106,OBSOLETE,DISCARD_OBSOLETE,.png
artifacts/vxp3/review/generated_art_v6/orion-vell/aura.png,ONLY_ON_106,OBSOLETE,DISCARD_OBSOLETE,.png
artifacts/vxp3/review/generated_art_v6/orion-vell/back.png,ONLY_ON_106,OBSOLETE,DISCARD_OBSOLETE,.png
artifacts/vxp3/review/generated_art_v6/orion-vell/boot_side.png,ONLY_ON_106,OBSOLETE,DISCARD_OBSOLETE,.png
artifacts/vxp3/review/generated_art_v6/orion-vell/charge_0_vfx_off.png,ONLY_ON_106,OBSOLETE,DISCARD_OBSOLETE,.png
artifacts/vxp3/review/generated_art_v6/orion-vell/charge_100_vfx_off.png,ONLY_ON_106,OBSOLETE,DISCARD_OBSOLETE,.png
artifacts/vxp3/review/generated_art_v6/orion-vell/charge_100_vfx_on.png,ONLY_ON_106,OBSOLETE,DISCARD_OBSOLETE,.png
artifacts/vxp3/review/generated_art_v6/orion-vell/clash_lock.png,ONLY_ON_106,OBSOLETE,DISCARD_OBSOLETE,.png
artifacts/vxp3/review/generated_art_v6/orion-vell/costume_3q.png,ONLY_ON_106,OBSOLETE,DISCARD_OBSOLETE,.png
artifacts/vxp3/review/generated_art_v6/orion-vell/costume_front.png,ONLY_ON_106,OBSOLETE,DISCARD_OBSOLETE,.png
artifacts/vxp3/review/generated_art_v6/orion-vell/front.png,ONLY_ON_106,OBSOLETE,DISCARD_OBSOLETE,.png
artifacts/vxp3/review/generated_art_v6/orion-vell/front_3q.png,ONLY_ON_106,OBSOLETE,DISCARD_OBSOLETE,.png
artifacts/vxp3/review/generated_art_v6/orion-vell/gameplay_scale.png,ONLY_ON_106,OBSOLETE,DISCARD_OBSOLETE,.png
artifacts/vxp3/review/generated_art_v6/orion-vell/glove_fist.png,ONLY_ON_106,OBSOLETE,DISCARD_OBSOLETE,.png
artifacts/vxp3/review/generated_art_v6/orion-vell/glove_open.png,ONLY_ON_106,OBSOLETE,DISCARD_OBSOLETE,.png
artifacts/vxp3/review/generated_art_v6/orion-vell/grayscale_values.png,ONLY_ON_106,OBSOLETE,DISCARD_OBSOLETE,.png
artifacts/vxp3/review/generated_art_v6/orion-vell/head_3q.png,ONLY_ON_106,OBSOLETE,DISCARD_OBSOLETE,.png
artifacts/vxp3/review/generated_art_v6/orion-vell/head_front.png,ONLY_ON_106,OBSOLETE,DISCARD_OBSOLETE,.png
artifacts/vxp3/review/generated_art_v6/orion-vell/heavy_anticipation.png,ONLY_ON_106,OBSOLETE,DISCARD_OBSOLETE,.png
artifacts/vxp3/review/generated_art_v6/orion-vell/heavy_contact_pair_vfx_off.png,ONLY_ON_106,OBSOLETE,DISCARD_OBSOLETE,.png
artifacts/vxp3/review/generated_art_v6/orion-vell/heavy_contact_pair_vfx_on.png,ONLY_ON_106,OBSOLETE,DISCARD_OBSOLETE,.png
artifacts/vxp3/review/generated_art_v6/orion-vell/heavy_follow.png,ONLY_ON_106,OBSOLETE,DISCARD_OBSOLETE,.png
artifacts/vxp3/review/generated_art_v6/orion-vell/hurt_peak_no_knockback.png,ONLY_ON_106,OBSOLETE,DISCARD_OBSOLETE,.png
artifacts/vxp3/review/generated_art_v6/orion-vell/idle.png,ONLY_ON_106,OBSOLETE,DISCARD_OBSOLETE,.png
artifacts/vxp3/review/generated_art_v6/orion-vell/orientation.json,ONLY_ON_106,OBSOLETE,REFERENCE_ONLY,.json
artifacts/vxp3/review/generated_art_v6/orion-vell/run.png,ONLY_ON_106,OBSOLETE,DISCARD_OBSOLETE,.png
artifacts/vxp3/review/generated_art_v6/orion-vell/select_preview.png,ONLY_ON_106,OBSOLETE,DISCARD_OBSOLETE,.png
artifacts/vxp3/review/generated_art_v6/orion-vell/side.png,ONLY_ON_106,OBSOLETE,DISCARD_OBSOLETE,.png
artifacts/vxp3/review/generated_art_v6/orion-vell/silhouette_idle.png,ONLY_ON_106,OBSOLETE,DISCARD_OBSOLETE,.png
artifacts/vxp3/review/generated_art_v6/orion-vell/silhouette_super.png,ONLY_ON_106,OBSOLETE,DISCARD_OBSOLETE,.png
artifacts/vxp3/review/generated_art_v6/orion-vell/super.png,ONLY_ON_106,OBSOLETE,DISCARD_OBSOLETE,.png
artifacts/vxp3/review/generated_art_v6/orion-vell/walk.png,ONLY_ON_106,OBSOLETE,DISCARD_OBSOLETE,.png
artifacts/vxp3/review/generated_art_v6/rook-ironside/KO.png,ONLY_ON_106,OBSOLETE,DISCARD_OBSOLETE,.png
artifacts/vxp3/review/generated_art_v6/rook-ironside/aura.png,ONLY_ON_106,OBSOLETE,DISCARD_OBSOLETE,.png
artifacts/vxp3/review/generated_art_v6/rook-ironside/back.png,ONLY_ON_106,OBSOLETE,DISCARD_OBSOLETE,.png
artifacts/vxp3/review/generated_art_v6/rook-ironside/boot_side.png,ONLY_ON_106,OBSOLETE,DISCARD_OBSOLETE,.png
artifacts/vxp3/review/generated_art_v6/rook-ironside/charge_0_vfx_off.png,ONLY_ON_106,OBSOLETE,DISCARD_OBSOLETE,.png
artifacts/vxp3/review/generated_art_v6/rook-ironside/charge_100_vfx_off.png,ONLY_ON_106,OBSOLETE,DISCARD_OBSOLETE,.png
artifacts/vxp3/review/generated_art_v6/rook-ironside/charge_100_vfx_on.png,ONLY_ON_106,OBSOLETE,DISCARD_OBSOLETE,.png
artifacts/vxp3/review/generated_art_v6/rook-ironside/clash_lock.png,ONLY_ON_106,OBSOLETE,DISCARD_OBSOLETE,.png
artifacts/vxp3/review/generated_art_v6/rook-ironside/costume_3q.png,ONLY_ON_106,OBSOLETE,DISCARD_OBSOLETE,.png
artifacts/vxp3/review/generated_art_v6/rook-ironside/costume_front.png,ONLY_ON_106,OBSOLETE,DISCARD_OBSOLETE,.png
artifacts/vxp3/review/generated_art_v6/rook-ironside/front.png,ONLY_ON_106,OBSOLETE,DISCARD_OBSOLETE,.png
artifacts/vxp3/review/generated_art_v6/rook-ironside/front_3q.png,ONLY_ON_106,OBSOLETE,DISCARD_OBSOLETE,.png
artifacts/vxp3/review/generated_art_v6/rook-ironside/gameplay_scale.png,ONLY_ON_106,OBSOLETE,DISCARD_OBSOLETE,.png
artifacts/vxp3/review/generated_art_v6/rook-ironside/glove_fist.png,ONLY_ON_106,OBSOLETE,DISCARD_OBSOLETE,.png
artifacts/vxp3/review/generated_art_v6/rook-ironside/glove_open.png,ONLY_ON_106,OBSOLETE,DISCARD_OBSOLETE,.png
artifacts/vxp3/review/generated_art_v6/rook-ironside/grayscale_values.png,ONLY_ON_106,OBSOLETE,DISCARD_OBSOLETE,.png
artifacts/vxp3/review/generated_art_v6/rook-ironside/head_3q.png,ONLY_ON_106,OBSOLETE,DISCARD_OBSOLETE,.png
artifacts/vxp3/review/generated_art_v6/rook-ironside/head_front.png,ONLY_ON_106,OBSOLETE,DISCARD_OBSOLETE,.png
artifacts/vxp3/review/generated_art_v6/rook-ironside/heavy_anticipation.png,ONLY_ON_106,OBSOLETE,DISCARD_OBSOLETE,.png
artifacts/vxp3/review/generated_art_v6/rook-ironside/heavy_contact_pair_vfx_off.png,ONLY_ON_106,OBSOLETE,DISCARD_OBSOLETE,.png
artifacts/vxp3/review/generated_art_v6/rook-ironside/heavy_contact_pair_vfx_on.png,ONLY_ON_106,OBSOLETE,DISCARD_OBSOLETE,.png
artifacts/vxp3/review/generated_art_v6/rook-ironside/heavy_follow.png,ONLY_ON_106,OBSOLETE,DISCARD_OBSOLETE,.png
artifacts/vxp3/review/generated_art_v6/rook-ironside/hurt_peak_no_knockback.png,ONLY_ON_106,OBSOLETE,DISCARD_OBSOLETE,.png
artifacts/vxp3/review/generated_art_v6/rook-ironside/idle.png,ONLY_ON_106,OBSOLETE,DISCARD_OBSOLETE,.png
artifacts/vxp3/review/generated_art_v6/rook-ironside/orientation.json,ONLY_ON_106,OBSOLETE,REFERENCE_ONLY,.json
artifacts/vxp3/review/generated_art_v6/rook-ironside/run.png,ONLY_ON_106,OBSOLETE,DISCARD_OBSOLETE,.png
artifacts/vxp3/review/generated_art_v6/rook-ironside/select_preview.png,ONLY_ON_106,OBSOLETE,DISCARD_OBSOLETE,.png
artifacts/vxp3/review/generated_art_v6/rook-ironside/side.png,ONLY_ON_106,OBSOLETE,DISCARD_OBSOLETE,.png
artifacts/vxp3/review/generated_art_v6/rook-ironside/silhouette_idle.png,ONLY_ON_106,OBSOLETE,DISCARD_OBSOLETE,.png
artifacts/vxp3/review/generated_art_v6/rook-ironside/silhouette_super.png,ONLY_ON_106,OBSOLETE,DISCARD_OBSOLETE,.png
artifacts/vxp3/review/generated_art_v6/rook-ironside/super.png,ONLY_ON_106,OBSOLETE,DISCARD_OBSOLETE,.png
artifacts/vxp3/review/generated_art_v6/rook-ironside/walk.png,ONLY_ON_106,OBSOLETE,DISCARD_OBSOLETE,.png
artifacts/vxp3/review/generated_art_v6/roster/black_silhouettes.png,ONLY_ON_106,OBSOLETE,DISCARD_OBSOLETE,.png
artifacts/vxp3/review/generated_art_v6/roster/boots.png,ONLY_ON_106,OBSOLETE,DISCARD_OBSOLETE,.png
artifacts/vxp3/review/generated_art_v6/roster/charge.png,ONLY_ON_106,OBSOLETE,DISCARD_OBSOLETE,.png
artifacts/vxp3/review/generated_art_v6/roster/clashes.png,ONLY_ON_106,OBSOLETE,DISCARD_OBSOLETE,.png
artifacts/vxp3/review/generated_art_v6/roster/costumes.png,ONLY_ON_106,OBSOLETE,DISCARD_OBSOLETE,.png
artifacts/vxp3/review/generated_art_v6/roster/gloves.png,ONLY_ON_106,OBSOLETE,DISCARD_OBSOLETE,.png
artifacts/vxp3/review/generated_art_v6/roster/grayscale_values.png,ONLY_ON_106,OBSOLETE,DISCARD_OBSOLETE,.png
artifacts/vxp3/review/generated_art_v6/roster/heads.png,ONLY_ON_106,OBSOLETE,DISCARD_OBSOLETE,.png
artifacts/vxp3/review/generated_art_v6/roster/heavies.png,ONLY_ON_106,OBSOLETE,DISCARD_OBSOLETE,.png
artifacts/vxp3/review/generated_art_v6/roster/hurt.png,ONLY_ON_106,OBSOLETE,DISCARD_OBSOLETE,.png
artifacts/vxp3/review/generated_art_v6/roster/select_lineup.png,ONLY_ON_106,OBSOLETE,DISCARD_OBSOLETE,.png
artifacts/vxp3/review/generated_art_v6/roster/supers.png,ONLY_ON_106,OBSOLETE,DISCARD_OBSOLETE,.png
artifacts/vxp3/review/generated_art_v6/roster/value_group_compare.png,ONLY_ON_106,OBSOLETE,DISCARD_OBSOLETE,.png
artifacts/vxp3/review/generated_art_v6/vesper-nyx/KO.png,ONLY_ON_106,OBSOLETE,DISCARD_OBSOLETE,.png
artifacts/vxp3/review/generated_art_v6/vesper-nyx/aura.png,ONLY_ON_106,OBSOLETE,DISCARD_OBSOLETE,.png
artifacts/vxp3/review/generated_art_v6/vesper-nyx/back.png,ONLY_ON_106,OBSOLETE,DISCARD_OBSOLETE,.png
artifacts/vxp3/review/generated_art_v6/vesper-nyx/boot_side.png,ONLY_ON_106,OBSOLETE,DISCARD_OBSOLETE,.png
artifacts/vxp3/review/generated_art_v6/vesper-nyx/charge_0_vfx_off.png,ONLY_ON_106,OBSOLETE,DISCARD_OBSOLETE,.png
artifacts/vxp3/review/generated_art_v6/vesper-nyx/charge_100_vfx_off.png,ONLY_ON_106,OBSOLETE,DISCARD_OBSOLETE,.png
artifacts/vxp3/review/generated_art_v6/vesper-nyx/charge_100_vfx_on.png,ONLY_ON_106,OBSOLETE,DISCARD_OBSOLETE,.png
artifacts/vxp3/review/generated_art_v6/vesper-nyx/clash_lock.png,ONLY_ON_106,OBSOLETE,DISCARD_OBSOLETE,.png
artifacts/vxp3/review/generated_art_v6/vesper-nyx/costume_3q.png,ONLY_ON_106,OBSOLETE,DISCARD_OBSOLETE,.png
artifacts/vxp3/review/generated_art_v6/vesper-nyx/costume_front.png,ONLY_ON_106,OBSOLETE,DISCARD_OBSOLETE,.png
artifacts/vxp3/review/generated_art_v6/vesper-nyx/front.png,ONLY_ON_106,OBSOLETE,DISCARD_OBSOLETE,.png
artifacts/vxp3/review/generated_art_v6/vesper-nyx/front_3q.png,ONLY_ON_106,OBSOLETE,DISCARD_OBSOLETE,.png
artifacts/vxp3/review/generated_art_v6/vesper-nyx/gameplay_scale.png,ONLY_ON_106,OBSOLETE,DISCARD_OBSOLETE,.png
artifacts/vxp3/review/generated_art_v6/vesper-nyx/glove_fist.png,ONLY_ON_106,OBSOLETE,DISCARD_OBSOLETE,.png
artifacts/vxp3/review/generated_art_v6/vesper-nyx/glove_open.png,ONLY_ON_106,OBSOLETE,DISCARD_OBSOLETE,.png
artifacts/vxp3/review/generated_art_v6/vesper-nyx/grayscale_values.png,ONLY_ON_106,OBSOLETE,DISCARD_OBSOLETE,.png
artifacts/vxp3/review/generated_art_v6/vesper-nyx/head_3q.png,ONLY_ON_106,OBSOLETE,DISCARD_OBSOLETE,.png
artifacts/vxp3/review/generated_art_v6/vesper-nyx/head_front.png,ONLY_ON_106,OBSOLETE,DISCARD_OBSOLETE,.png
artifacts/vxp3/review/generated_art_v6/vesper-nyx/heavy_anticipation.png,ONLY_ON_106,OBSOLETE,DISCARD_OBSOLETE,.png
artifacts/vxp3/review/generated_art_v6/vesper-nyx/heavy_contact_pair_vfx_off.png,ONLY_ON_106,OBSOLETE,DISCARD_OBSOLETE,.png
artifacts/vxp3/review/generated_art_v6/vesper-nyx/heavy_contact_pair_vfx_on.png,ONLY_ON_106,OBSOLETE,DISCARD_OBSOLETE,.png
artifacts/vxp3/review/generated_art_v6/vesper-nyx/heavy_follow.png,ONLY_ON_106,OBSOLETE,DISCARD_OBSOLETE,.png
artifacts/vxp3/review/generated_art_v6/vesper-nyx/hurt_peak_no_knockback.png,ONLY_ON_106,OBSOLETE,DISCARD_OBSOLETE,.png
artifacts/vxp3/review/generated_art_v6/vesper-nyx/idle.png,ONLY_ON_106,OBSOLETE,DISCARD_OBSOLETE,.png
artifacts/vxp3/review/generated_art_v6/vesper-nyx/orientation.json,ONLY_ON_106,OBSOLETE,REFERENCE_ONLY,.json
artifacts/vxp3/review/generated_art_v6/vesper-nyx/run.png,ONLY_ON_106,OBSOLETE,DISCARD_OBSOLETE,.png
artifacts/vxp3/review/generated_art_v6/vesper-nyx/select_preview.png,ONLY_ON_106,OBSOLETE,DISCARD_OBSOLETE,.png
artifacts/vxp3/review/generated_art_v6/vesper-nyx/side.png,ONLY_ON_106,OBSOLETE,DISCARD_OBSOLETE,.png
artifacts/vxp3/review/generated_art_v6/vesper-nyx/silhouette_idle.png,ONLY_ON_106,OBSOLETE,DISCARD_OBSOLETE,.png
artifacts/vxp3/review/generated_art_v6/vesper-nyx/silhouette_super.png,ONLY_ON_106,OBSOLETE,DISCARD_OBSOLETE,.png
artifacts/vxp3/review/generated_art_v6/vesper-nyx/super.png,ONLY_ON_106,OBSOLETE,DISCARD_OBSOLETE,.png
artifacts/vxp3/review/generated_art_v6/vesper-nyx/walk.png,ONLY_ON_106,OBSOLETE,DISCARD_OBSOLETE,.png
artifacts/vxp3/review/generated_art_v7/ember-vale/KO.png,ONLY_ON_106,OBSOLETE,DISCARD_OBSOLETE,.png
artifacts/vxp3/review/generated_art_v7/ember-vale/back.png,ONLY_ON_106,OBSOLETE,DISCARD_OBSOLETE,.png
artifacts/vxp3/review/generated_art_v7/ember-vale/boot_detail.png,ONLY_ON_106,OBSOLETE,DISCARD_OBSOLETE,.png
artifacts/vxp3/review/generated_art_v7/ember-vale/charge_0_off.png,ONLY_ON_106,OBSOLETE,DISCARD_OBSOLETE,.png
artifacts/vxp3/review/generated_art_v7/ember-vale/charge_100_off.png,ONLY_ON_106,OBSOLETE,DISCARD_OBSOLETE,.png
artifacts/vxp3/review/generated_art_v7/ember-vale/charge_100_on.png,ONLY_ON_106,OBSOLETE,DISCARD_OBSOLETE,.png
artifacts/vxp3/review/generated_art_v7/ember-vale/clash_lock.png,ONLY_ON_106,OBSOLETE,DISCARD_OBSOLETE,.png
artifacts/vxp3/review/generated_art_v7/ember-vale/clash_lose.png,ONLY_ON_106,OBSOLETE,DISCARD_OBSOLETE,.png
artifacts/vxp3/review/generated_art_v7/ember-vale/clash_push.png,ONLY_ON_106,OBSOLETE,DISCARD_OBSOLETE,.png
artifacts/vxp3/review/generated_art_v7/ember-vale/clash_start.png,ONLY_ON_106,OBSOLETE,DISCARD_OBSOLETE,.png
artifacts/vxp3/review/generated_art_v7/ember-vale/clash_win.png,ONLY_ON_106,OBSOLETE,DISCARD_OBSOLETE,.png
artifacts/vxp3/review/generated_art_v7/ember-vale/costume_detail.png,ONLY_ON_106,OBSOLETE,DISCARD_OBSOLETE,.png
artifacts/vxp3/review/generated_art_v7/ember-vale/dash.png,ONLY_ON_106,OBSOLETE,DISCARD_OBSOLETE,.png
artifacts/vxp3/review/generated_art_v7/ember-vale/emission_off.png,ONLY_ON_106,OBSOLETE,DISCARD_OBSOLETE,.png
artifacts/vxp3/review/generated_art_v7/ember-vale/front.png,ONLY_ON_106,OBSOLETE,DISCARD_OBSOLETE,.png
artifacts/vxp3/review/generated_art_v7/ember-vale/front_3q.png,ONLY_ON_106,OBSOLETE,DISCARD_OBSOLETE,.png
artifacts/vxp3/review/generated_art_v7/ember-vale/front_3q_color.png,ONLY_ON_106,OBSOLETE,DISCARD_OBSOLETE,.png
artifacts/vxp3/review/generated_art_v7/ember-vale/front_3q_grayscale.png,ONLY_ON_106,OBSOLETE,DISCARD_OBSOLETE,.png
artifacts/vxp3/review/generated_art_v7/ember-vale/gameplay_color.png,ONLY_ON_106,OBSOLETE,DISCARD_OBSOLETE,.png
artifacts/vxp3/review/generated_art_v7/ember-vale/gameplay_grayscale.png,ONLY_ON_106,OBSOLETE,DISCARD_OBSOLETE,.png
artifacts/vxp3/review/generated_art_v7/ember-vale/gameplay_scale.png,ONLY_ON_106,OBSOLETE,DISCARD_OBSOLETE,.png
artifacts/vxp3/review/generated_art_v7/ember-vale/glove_fist.png,ONLY_ON_106,OBSOLETE,DISCARD_OBSOLETE,.png
artifacts/vxp3/review/generated_art_v7/ember-vale/glove_open.png,ONLY_ON_106,OBSOLETE,DISCARD_OBSOLETE,.png
artifacts/vxp3/review/generated_art_v7/ember-vale/grayscale_values.png,ONLY_ON_106,OBSOLETE,DISCARD_OBSOLETE,.png
artifacts/vxp3/review/generated_art_v7/ember-vale/head_detail.png,ONLY_ON_106,OBSOLETE,DISCARD_OBSOLETE,.png
artifacts/vxp3/review/generated_art_v7/ember-vale/heavy_contact_pair_off.png,ONLY_ON_106,OBSOLETE,DISCARD_OBSOLETE,.png
artifacts/vxp3/review/generated_art_v7/ember-vale/heavy_contact_pair_on.png,ONLY_ON_106,OBSOLETE,DISCARD_OBSOLETE,.png
artifacts/vxp3/review/generated_art_v7/ember-vale/heavy_follow.png,ONLY_ON_106,OBSOLETE,DISCARD_OBSOLETE,.png
artifacts/vxp3/review/generated_art_v7/ember-vale/heavy_precontact_pair.png,ONLY_ON_106,OBSOLETE,DISCARD_OBSOLETE,.png
artifacts/vxp3/review/generated_art_v7/ember-vale/hurt_peak_no_knockback.png,ONLY_ON_106,OBSOLETE,DISCARD_OBSOLETE,.png
artifacts/vxp3/review/generated_art_v7/ember-vale/idle.png,ONLY_ON_106,OBSOLETE,DISCARD_OBSOLETE,.png
artifacts/vxp3/review/generated_art_v7/ember-vale/launch_start.png,ONLY_ON_106,OBSOLETE,DISCARD_OBSOLETE,.png
artifacts/vxp3/review/generated_art_v7/ember-vale/orientation.json,ONLY_ON_106,OBSOLETE,REFERENCE_ONLY,.json
artifacts/vxp3/review/generated_art_v7/ember-vale/run.png,ONLY_ON_106,OBSOLETE,DISCARD_OBSOLETE,.png
artifacts/vxp3/review/generated_art_v7/ember-vale/select_preview.png,ONLY_ON_106,OBSOLETE,DISCARD_OBSOLETE,.png
artifacts/vxp3/review/generated_art_v7/ember-vale/side.png,ONLY_ON_106,OBSOLETE,DISCARD_OBSOLETE,.png
artifacts/vxp3/review/generated_art_v7/ember-vale/silhouette_idle.png,ONLY_ON_106,OBSOLETE,DISCARD_OBSOLETE,.png
artifacts/vxp3/review/generated_art_v7/ember-vale/silhouette_super.png,ONLY_ON_106,OBSOLETE,DISCARD_OBSOLETE,.png
artifacts/vxp3/review/generated_art_v7/ember-vale/super_off.png,ONLY_ON_106,OBSOLETE,DISCARD_OBSOLETE,.png
artifacts/vxp3/review/generated_art_v7/ember-vale/super_on.png,ONLY_ON_106,OBSOLETE,DISCARD_OBSOLETE,.png
artifacts/vxp3/review/generated_art_v7/ember-vale/walk.png,ONLY_ON_106,OBSOLETE,DISCARD_OBSOLETE,.png
artifacts/vxp3/review/generated_art_v7/juno-spark/KO.png,ONLY_ON_106,OBSOLETE,DISCARD_OBSOLETE,.png
artifacts/vxp3/review/generated_art_v7/juno-spark/back.png,ONLY_ON_106,OBSOLETE,DISCARD_OBSOLETE,.png
artifacts/vxp3/review/generated_art_v7/juno-spark/boot_detail.png,ONLY_ON_106,OBSOLETE,DISCARD_OBSOLETE,.png
artifacts/vxp3/review/generated_art_v7/juno-spark/charge_0_off.png,ONLY_ON_106,OBSOLETE,DISCARD_OBSOLETE,.png
artifacts/vxp3/review/generated_art_v7/juno-spark/charge_100_off.png,ONLY_ON_106,OBSOLETE,DISCARD_OBSOLETE,.png
artifacts/vxp3/review/generated_art_v7/juno-spark/charge_100_on.png,ONLY_ON_106,OBSOLETE,DISCARD_OBSOLETE,.png
artifacts/vxp3/review/generated_art_v7/juno-spark/clash_lock.png,ONLY_ON_106,OBSOLETE,DISCARD_OBSOLETE,.png
artifacts/vxp3/review/generated_art_v7/juno-spark/clash_lose.png,ONLY_ON_106,OBSOLETE,DISCARD_OBSOLETE,.png
artifacts/vxp3/review/generated_art_v7/juno-spark/clash_push.png,ONLY_ON_106,OBSOLETE,DISCARD_OBSOLETE,.png
artifacts/vxp3/review/generated_art_v7/juno-spark/clash_start.png,ONLY_ON_106,OBSOLETE,DISCARD_OBSOLETE,.png
artifacts/vxp3/review/generated_art_v7/juno-spark/clash_win.png,ONLY_ON_106,OBSOLETE,DISCARD_OBSOLETE,.png
artifacts/vxp3/review/generated_art_v7/juno-spark/costume_detail.png,ONLY_ON_106,OBSOLETE,DISCARD_OBSOLETE,.png
artifacts/vxp3/review/generated_art_v7/juno-spark/dash.png,ONLY_ON_106,OBSOLETE,DISCARD_OBSOLETE,.png
artifacts/vxp3/review/generated_art_v7/juno-spark/emission_off.png,ONLY_ON_106,OBSOLETE,DISCARD_OBSOLETE,.png
artifacts/vxp3/review/generated_art_v7/juno-spark/front.png,ONLY_ON_106,OBSOLETE,DISCARD_OBSOLETE,.png
artifacts/vxp3/review/generated_art_v7/juno-spark/front_3q.png,ONLY_ON_106,OBSOLETE,DISCARD_OBSOLETE,.png
artifacts/vxp3/review/generated_art_v7/juno-spark/front_3q_color.png,ONLY_ON_106,OBSOLETE,DISCARD_OBSOLETE,.png
artifacts/vxp3/review/generated_art_v7/juno-spark/front_3q_grayscale.png,ONLY_ON_106,OBSOLETE,DISCARD_OBSOLETE,.png
artifacts/vxp3/review/generated_art_v7/juno-spark/gameplay_color.png,ONLY_ON_106,OBSOLETE,DISCARD_OBSOLETE,.png
artifacts/vxp3/review/generated_art_v7/juno-spark/gameplay_grayscale.png,ONLY_ON_106,OBSOLETE,DISCARD_OBSOLETE,.png
artifacts/vxp3/review/generated_art_v7/juno-spark/gameplay_scale.png,ONLY_ON_106,OBSOLETE,DISCARD_OBSOLETE,.png
artifacts/vxp3/review/generated_art_v7/juno-spark/glove_fist.png,ONLY_ON_106,OBSOLETE,DISCARD_OBSOLETE,.png
artifacts/vxp3/review/generated_art_v7/juno-spark/glove_open.png,ONLY_ON_106,OBSOLETE,DISCARD_OBSOLETE,.png
artifacts/vxp3/review/generated_art_v7/juno-spark/grayscale_values.png,ONLY_ON_106,OBSOLETE,DISCARD_OBSOLETE,.png
artifacts/vxp3/review/generated_art_v7/juno-spark/head_detail.png,ONLY_ON_106,OBSOLETE,DISCARD_OBSOLETE,.png
artifacts/vxp3/review/generated_art_v7/juno-spark/heavy_contact_pair_off.png,ONLY_ON_106,OBSOLETE,DISCARD_OBSOLETE,.png
artifacts/vxp3/review/generated_art_v7/juno-spark/heavy_contact_pair_on.png,ONLY_ON_106,OBSOLETE,DISCARD_OBSOLETE,.png
artifacts/vxp3/review/generated_art_v7/juno-spark/heavy_follow.png,ONLY_ON_106,OBSOLETE,DISCARD_OBSOLETE,.png
artifacts/vxp3/review/generated_art_v7/juno-spark/heavy_precontact_pair.png,ONLY_ON_106,OBSOLETE,DISCARD_OBSOLETE,.png
artifacts/vxp3/review/generated_art_v7/juno-spark/hurt_peak_no_knockback.png,ONLY_ON_106,OBSOLETE,DISCARD_OBSOLETE,.png
artifacts/vxp3/review/generated_art_v7/juno-spark/idle.png,ONLY_ON_106,OBSOLETE,DISCARD_OBSOLETE,.png
artifacts/vxp3/review/generated_art_v7/juno-spark/launch_start.png,ONLY_ON_106,OBSOLETE,DISCARD_OBSOLETE,.png
artifacts/vxp3/review/generated_art_v7/juno-spark/orientation.json,ONLY_ON_106,OBSOLETE,REFERENCE_ONLY,.json
artifacts/vxp3/review/generated_art_v7/juno-spark/run.png,ONLY_ON_106,OBSOLETE,DISCARD_OBSOLETE,.png
artifacts/vxp3/review/generated_art_v7/juno-spark/select_preview.png,ONLY_ON_106,OBSOLETE,DISCARD_OBSOLETE,.png
artifacts/vxp3/review/generated_art_v7/juno-spark/side.png,ONLY_ON_106,OBSOLETE,DISCARD_OBSOLETE,.png
artifacts/vxp3/review/generated_art_v7/juno-spark/silhouette_idle.png,ONLY_ON_106,OBSOLETE,DISCARD_OBSOLETE,.png
artifacts/vxp3/review/generated_art_v7/juno-spark/silhouette_super.png,ONLY_ON_106,OBSOLETE,DISCARD_OBSOLETE,.png
artifacts/vxp3/review/generated_art_v7/juno-spark/super_off.png,ONLY_ON_106,OBSOLETE,DISCARD_OBSOLETE,.png
artifacts/vxp3/review/generated_art_v7/juno-spark/super_on.png,ONLY_ON_106,OBSOLETE,DISCARD_OBSOLETE,.png
artifacts/vxp3/review/generated_art_v7/juno-spark/walk.png,ONLY_ON_106,OBSOLETE,DISCARD_OBSOLETE,.png
artifacts/vxp3/review/generated_art_v7/kaia-windrow/KO.png,ONLY_ON_106,OBSOLETE,DISCARD_OBSOLETE,.png
artifacts/vxp3/review/generated_art_v7/kaia-windrow/back.png,ONLY_ON_106,OBSOLETE,DISCARD_OBSOLETE,.png
artifacts/vxp3/review/generated_art_v7/kaia-windrow/boot_detail.png,ONLY_ON_106,OBSOLETE,DISCARD_OBSOLETE,.png
artifacts/vxp3/review/generated_art_v7/kaia-windrow/charge_0_off.png,ONLY_ON_106,OBSOLETE,DISCARD_OBSOLETE,.png
artifacts/vxp3/review/generated_art_v7/kaia-windrow/charge_100_off.png,ONLY_ON_106,OBSOLETE,DISCARD_OBSOLETE,.png
artifacts/vxp3/review/generated_art_v7/kaia-windrow/charge_100_on.png,ONLY_ON_106,OBSOLETE,DISCARD_OBSOLETE,.png
artifacts/vxp3/review/generated_art_v7/kaia-windrow/clash_lock.png,ONLY_ON_106,OBSOLETE,DISCARD_OBSOLETE,.png
artifacts/vxp3/review/generated_art_v7/kaia-windrow/clash_lose.png,ONLY_ON_106,OBSOLETE,DISCARD_OBSOLETE,.png
artifacts/vxp3/review/generated_art_v7/kaia-windrow/clash_push.png,ONLY_ON_106,OBSOLETE,DISCARD_OBSOLETE,.png
artifacts/vxp3/review/generated_art_v7/kaia-windrow/clash_start.png,ONLY_ON_106,OBSOLETE,DISCARD_OBSOLETE,.png
artifacts/vxp3/review/generated_art_v7/kaia-windrow/clash_win.png,ONLY_ON_106,OBSOLETE,DISCARD_OBSOLETE,.png
artifacts/vxp3/review/generated_art_v7/kaia-windrow/costume_detail.png,ONLY_ON_106,OBSOLETE,DISCARD_OBSOLETE,.png
artifacts/vxp3/review/generated_art_v7/kaia-windrow/dash.png,ONLY_ON_106,OBSOLETE,DISCARD_OBSOLETE,.png
artifacts/vxp3/review/generated_art_v7/kaia-windrow/emission_off.png,ONLY_ON_106,OBSOLETE,DISCARD_OBSOLETE,.png
artifacts/vxp3/review/generated_art_v7/kaia-windrow/front.png,ONLY_ON_106,OBSOLETE,DISCARD_OBSOLETE,.png
artifacts/vxp3/review/generated_art_v7/kaia-windrow/front_3q.png,ONLY_ON_106,OBSOLETE,DISCARD_OBSOLETE,.png
artifacts/vxp3/review/generated_art_v7/kaia-windrow/front_3q_color.png,ONLY_ON_106,OBSOLETE,DISCARD_OBSOLETE,.png
artifacts/vxp3/review/generated_art_v7/kaia-windrow/front_3q_grayscale.png,ONLY_ON_106,OBSOLETE,DISCARD_OBSOLETE,.png
artifacts/vxp3/review/generated_art_v7/kaia-windrow/gameplay_color.png,ONLY_ON_106,OBSOLETE,DISCARD_OBSOLETE,.png
artifacts/vxp3/review/generated_art_v7/kaia-windrow/gameplay_grayscale.png,ONLY_ON_106,OBSOLETE,DISCARD_OBSOLETE,.png
artifacts/vxp3/review/generated_art_v7/kaia-windrow/gameplay_scale.png,ONLY_ON_106,OBSOLETE,DISCARD_OBSOLETE,.png
artifacts/vxp3/review/generated_art_v7/kaia-windrow/glove_fist.png,ONLY_ON_106,OBSOLETE,DISCARD_OBSOLETE,.png
artifacts/vxp3/review/generated_art_v7/kaia-windrow/glove_open.png,ONLY_ON_106,OBSOLETE,DISCARD_OBSOLETE,.png
artifacts/vxp3/review/generated_art_v7/kaia-windrow/grayscale_values.png,ONLY_ON_106,OBSOLETE,DISCARD_OBSOLETE,.png
artifacts/vxp3/review/generated_art_v7/kaia-windrow/head_detail.png,ONLY_ON_106,OBSOLETE,DISCARD_OBSOLETE,.png
artifacts/vxp3/review/generated_art_v7/kaia-windrow/heavy_contact_pair_off.png,ONLY_ON_106,OBSOLETE,DISCARD_OBSOLETE,.png
artifacts/vxp3/review/generated_art_v7/kaia-windrow/heavy_contact_pair_on.png,ONLY_ON_106,OBSOLETE,DISCARD_OBSOLETE,.png
artifacts/vxp3/review/generated_art_v7/kaia-windrow/heavy_follow.png,ONLY_ON_106,OBSOLETE,DISCARD_OBSOLETE,.png
artifacts/vxp3/review/generated_art_v7/kaia-windrow/heavy_precontact_pair.png,ONLY_ON_106,OBSOLETE,DISCARD_OBSOLETE,.png
artifacts/vxp3/review/generated_art_v7/kaia-windrow/hurt_peak_no_knockback.png,ONLY_ON_106,OBSOLETE,DISCARD_OBSOLETE,.png
artifacts/vxp3/review/generated_art_v7/kaia-windrow/idle.png,ONLY_ON_106,OBSOLETE,DISCARD_OBSOLETE,.png
artifacts/vxp3/review/generated_art_v7/kaia-windrow/launch_start.png,ONLY_ON_106,OBSOLETE,DISCARD_OBSOLETE,.png
artifacts/vxp3/review/generated_art_v7/kaia-windrow/orientation.json,ONLY_ON_106,OBSOLETE,REFERENCE_ONLY,.json
artifacts/vxp3/review/generated_art_v7/kaia-windrow/run.png,ONLY_ON_106,OBSOLETE,DISCARD_OBSOLETE,.png
artifacts/vxp3/review/generated_art_v7/kaia-windrow/select_preview.png,ONLY_ON_106,OBSOLETE,DISCARD_OBSOLETE,.png
artifacts/vxp3/review/generated_art_v7/kaia-windrow/side.png,ONLY_ON_106,OBSOLETE,DISCARD_OBSOLETE,.png
artifacts/vxp3/review/generated_art_v7/kaia-windrow/silhouette_idle.png,ONLY_ON_106,OBSOLETE,DISCARD_OBSOLETE,.png
artifacts/vxp3/review/generated_art_v7/kaia-windrow/silhouette_super.png,ONLY_ON_106,OBSOLETE,DISCARD_OBSOLETE,.png
artifacts/vxp3/review/generated_art_v7/kaia-windrow/super_off.png,ONLY_ON_106,OBSOLETE,DISCARD_OBSOLETE,.png
artifacts/vxp3/review/generated_art_v7/kaia-windrow/super_on.png,ONLY_ON_106,OBSOLETE,DISCARD_OBSOLETE,.png
artifacts/vxp3/review/generated_art_v7/kaia-windrow/walk.png,ONLY_ON_106,OBSOLETE,DISCARD_OBSOLETE,.png
artifacts/vxp3/review/generated_art_v7/nix-calder/KO.png,ONLY_ON_106,OBSOLETE,DISCARD_OBSOLETE,.png
artifacts/vxp3/review/generated_art_v7/nix-calder/back.png,ONLY_ON_106,OBSOLETE,DISCARD_OBSOLETE,.png
artifacts/vxp3/review/generated_art_v7/nix-calder/boot_detail.png,ONLY_ON_106,OBSOLETE,DISCARD_OBSOLETE,.png
artifacts/vxp3/review/generated_art_v7/nix-calder/charge_0_off.png,ONLY_ON_106,OBSOLETE,DISCARD_OBSOLETE,.png
artifacts/vxp3/review/generated_art_v7/nix-calder/charge_100_off.png,ONLY_ON_106,OBSOLETE,DISCARD_OBSOLETE,.png
artifacts/vxp3/review/generated_art_v7/nix-calder/charge_100_on.png,ONLY_ON_106,OBSOLETE,DISCARD_OBSOLETE,.png
artifacts/vxp3/review/generated_art_v7/nix-calder/clash_lock.png,ONLY_ON_106,OBSOLETE,DISCARD_OBSOLETE,.png
artifacts/vxp3/review/generated_art_v7/nix-calder/clash_lose.png,ONLY_ON_106,OBSOLETE,DISCARD_OBSOLETE,.png
artifacts/vxp3/review/generated_art_v7/nix-calder/clash_push.png,ONLY_ON_106,OBSOLETE,DISCARD_OBSOLETE,.png
artifacts/vxp3/review/generated_art_v7/nix-calder/clash_start.png,ONLY_ON_106,OBSOLETE,DISCARD_OBSOLETE,.png
artifacts/vxp3/review/generated_art_v7/nix-calder/clash_win.png,ONLY_ON_106,OBSOLETE,DISCARD_OBSOLETE,.png
artifacts/vxp3/review/generated_art_v7/nix-calder/costume_detail.png,ONLY_ON_106,OBSOLETE,DISCARD_OBSOLETE,.png
artifacts/vxp3/review/generated_art_v7/nix-calder/dash.png,ONLY_ON_106,OBSOLETE,DISCARD_OBSOLETE,.png
artifacts/vxp3/review/generated_art_v7/nix-calder/emission_off.png,ONLY_ON_106,OBSOLETE,DISCARD_OBSOLETE,.png
artifacts/vxp3/review/generated_art_v7/nix-calder/front.png,ONLY_ON_106,OBSOLETE,DISCARD_OBSOLETE,.png
artifacts/vxp3/review/generated_art_v7/nix-calder/front_3q.png,ONLY_ON_106,OBSOLETE,DISCARD_OBSOLETE,.png
artifacts/vxp3/review/generated_art_v7/nix-calder/front_3q_color.png,ONLY_ON_106,OBSOLETE,DISCARD_OBSOLETE,.png
artifacts/vxp3/review/generated_art_v7/nix-calder/front_3q_grayscale.png,ONLY_ON_106,OBSOLETE,DISCARD_OBSOLETE,.png
artifacts/vxp3/review/generated_art_v7/nix-calder/gameplay_color.png,ONLY_ON_106,OBSOLETE,DISCARD_OBSOLETE,.png
artifacts/vxp3/review/generated_art_v7/nix-calder/gameplay_grayscale.png,ONLY_ON_106,OBSOLETE,DISCARD_OBSOLETE,.png
artifacts/vxp3/review/generated_art_v7/nix-calder/gameplay_scale.png,ONLY_ON_106,OBSOLETE,DISCARD_OBSOLETE,.png
artifacts/vxp3/review/generated_art_v7/nix-calder/glove_fist.png,ONLY_ON_106,OBSOLETE,DISCARD_OBSOLETE,.png
artifacts/vxp3/review/generated_art_v7/nix-calder/glove_open.png,ONLY_ON_106,OBSOLETE,DISCARD_OBSOLETE,.png
artifacts/vxp3/review/generated_art_v7/nix-calder/grayscale_values.png,ONLY_ON_106,OBSOLETE,DISCARD_OBSOLETE,.png
artifacts/vxp3/review/generated_art_v7/nix-calder/head_detail.png,ONLY_ON_106,OBSOLETE,DISCARD_OBSOLETE,.png
artifacts/vxp3/review/generated_art_v7/nix-calder/heavy_contact_pair_off.png,ONLY_ON_106,OBSOLETE,DISCARD_OBSOLETE,.png
artifacts/vxp3/review/generated_art_v7/nix-calder/heavy_contact_pair_on.png,ONLY_ON_106,OBSOLETE,DISCARD_OBSOLETE,.png
artifacts/vxp3/review/generated_art_v7/nix-calder/heavy_follow.png,ONLY_ON_106,OBSOLETE,DISCARD_OBSOLETE,.png
artifacts/vxp3/review/generated_art_v7/nix-calder/heavy_precontact_pair.png,ONLY_ON_106,OBSOLETE,DISCARD_OBSOLETE,.png
artifacts/vxp3/review/generated_art_v7/nix-calder/hurt_peak_no_knockback.png,ONLY_ON_106,OBSOLETE,DISCARD_OBSOLETE,.png
artifacts/vxp3/review/generated_art_v7/nix-calder/idle.png,ONLY_ON_106,OBSOLETE,DISCARD_OBSOLETE,.png
artifacts/vxp3/review/generated_art_v7/nix-calder/launch_start.png,ONLY_ON_106,OBSOLETE,DISCARD_OBSOLETE,.png
artifacts/vxp3/review/generated_art_v7/nix-calder/orientation.json,ONLY_ON_106,OBSOLETE,REFERENCE_ONLY,.json
artifacts/vxp3/review/generated_art_v7/nix-calder/run.png,ONLY_ON_106,OBSOLETE,DISCARD_OBSOLETE,.png
artifacts/vxp3/review/generated_art_v7/nix-calder/select_preview.png,ONLY_ON_106,OBSOLETE,DISCARD_OBSOLETE,.png
artifacts/vxp3/review/generated_art_v7/nix-calder/side.png,ONLY_ON_106,OBSOLETE,DISCARD_OBSOLETE,.png
artifacts/vxp3/review/generated_art_v7/nix-calder/silhouette_idle.png,ONLY_ON_106,OBSOLETE,DISCARD_OBSOLETE,.png
artifacts/vxp3/review/generated_art_v7/nix-calder/silhouette_super.png,ONLY_ON_106,OBSOLETE,DISCARD_OBSOLETE,.png
artifacts/vxp3/review/generated_art_v7/nix-calder/super_off.png,ONLY_ON_106,OBSOLETE,DISCARD_OBSOLETE,.png
artifacts/vxp3/review/generated_art_v7/nix-calder/super_on.png,ONLY_ON_106,OBSOLETE,DISCARD_OBSOLETE,.png
artifacts/vxp3/review/generated_art_v7/nix-calder/walk.png,ONLY_ON_106,OBSOLETE,DISCARD_OBSOLETE,.png
artifacts/vxp3/review/generated_art_v7/orion-vell/KO.png,ONLY_ON_106,OBSOLETE,DISCARD_OBSOLETE,.png
artifacts/vxp3/review/generated_art_v7/orion-vell/back.png,ONLY_ON_106,OBSOLETE,DISCARD_OBSOLETE,.png
artifacts/vxp3/review/generated_art_v7/orion-vell/boot_detail.png,ONLY_ON_106,OBSOLETE,DISCARD_OBSOLETE,.png
artifacts/vxp3/review/generated_art_v7/orion-vell/charge_0_off.png,ONLY_ON_106,OBSOLETE,DISCARD_OBSOLETE,.png
artifacts/vxp3/review/generated_art_v7/orion-vell/charge_100_off.png,ONLY_ON_106,OBSOLETE,DISCARD_OBSOLETE,.png
artifacts/vxp3/review/generated_art_v7/orion-vell/charge_100_on.png,ONLY_ON_106,OBSOLETE,DISCARD_OBSOLETE,.png
artifacts/vxp3/review/generated_art_v7/orion-vell/clash_lock.png,ONLY_ON_106,OBSOLETE,DISCARD_OBSOLETE,.png
artifacts/vxp3/review/generated_art_v7/orion-vell/clash_lose.png,ONLY_ON_106,OBSOLETE,DISCARD_OBSOLETE,.png
artifacts/vxp3/review/generated_art_v7/orion-vell/clash_push.png,ONLY_ON_106,OBSOLETE,DISCARD_OBSOLETE,.png
artifacts/vxp3/review/generated_art_v7/orion-vell/clash_start.png,ONLY_ON_106,OBSOLETE,DISCARD_OBSOLETE,.png
artifacts/vxp3/review/generated_art_v7/orion-vell/clash_win.png,ONLY_ON_106,OBSOLETE,DISCARD_OBSOLETE,.png
artifacts/vxp3/review/generated_art_v7/orion-vell/costume_detail.png,ONLY_ON_106,OBSOLETE,DISCARD_OBSOLETE,.png
artifacts/vxp3/review/generated_art_v7/orion-vell/dash.png,ONLY_ON_106,OBSOLETE,DISCARD_OBSOLETE,.png
artifacts/vxp3/review/generated_art_v7/orion-vell/emission_off.png,ONLY_ON_106,OBSOLETE,DISCARD_OBSOLETE,.png
artifacts/vxp3/review/generated_art_v7/orion-vell/front.png,ONLY_ON_106,OBSOLETE,DISCARD_OBSOLETE,.png
artifacts/vxp3/review/generated_art_v7/orion-vell/front_3q.png,ONLY_ON_106,OBSOLETE,DISCARD_OBSOLETE,.png
artifacts/vxp3/review/generated_art_v7/orion-vell/front_3q_color.png,ONLY_ON_106,OBSOLETE,DISCARD_OBSOLETE,.png
artifacts/vxp3/review/generated_art_v7/orion-vell/front_3q_grayscale.png,ONLY_ON_106,OBSOLETE,DISCARD_OBSOLETE,.png
artifacts/vxp3/review/generated_art_v7/orion-vell/gameplay_color.png,ONLY_ON_106,OBSOLETE,DISCARD_OBSOLETE,.png
artifacts/vxp3/review/generated_art_v7/orion-vell/gameplay_grayscale.png,ONLY_ON_106,OBSOLETE,DISCARD_OBSOLETE,.png
artifacts/vxp3/review/generated_art_v7/orion-vell/gameplay_scale.png,ONLY_ON_106,OBSOLETE,DISCARD_OBSOLETE,.png
artifacts/vxp3/review/generated_art_v7/orion-vell/glove_fist.png,ONLY_ON_106,OBSOLETE,DISCARD_OBSOLETE,.png
artifacts/vxp3/review/generated_art_v7/orion-vell/glove_open.png,ONLY_ON_106,OBSOLETE,DISCARD_OBSOLETE,.png
artifacts/vxp3/review/generated_art_v7/orion-vell/grayscale_values.png,ONLY_ON_106,OBSOLETE,DISCARD_OBSOLETE,.png
artifacts/vxp3/review/generated_art_v7/orion-vell/head_detail.png,ONLY_ON_106,OBSOLETE,DISCARD_OBSOLETE,.png
artifacts/vxp3/review/generated_art_v7/orion-vell/heavy_contact_pair_off.png,ONLY_ON_106,OBSOLETE,DISCARD_OBSOLETE,.png
artifacts/vxp3/review/generated_art_v7/orion-vell/heavy_contact_pair_on.png,ONLY_ON_106,OBSOLETE,DISCARD_OBSOLETE,.png
artifacts/vxp3/review/generated_art_v7/orion-vell/heavy_follow.png,ONLY_ON_106,OBSOLETE,DISCARD_OBSOLETE,.png
artifacts/vxp3/review/generated_art_v7/orion-vell/heavy_precontact_pair.png,ONLY_ON_106,OBSOLETE,DISCARD_OBSOLETE,.png
artifacts/vxp3/review/generated_art_v7/orion-vell/hurt_peak_no_knockback.png,ONLY_ON_106,OBSOLETE,DISCARD_OBSOLETE,.png
artifacts/vxp3/review/generated_art_v7/orion-vell/idle.png,ONLY_ON_106,OBSOLETE,DISCARD_OBSOLETE,.png
artifacts/vxp3/review/generated_art_v7/orion-vell/launch_start.png,ONLY_ON_106,OBSOLETE,DISCARD_OBSOLETE,.png
artifacts/vxp3/review/generated_art_v7/orion-vell/orientation.json,ONLY_ON_106,OBSOLETE,REFERENCE_ONLY,.json
artifacts/vxp3/review/generated_art_v7/orion-vell/run.png,ONLY_ON_106,OBSOLETE,DISCARD_OBSOLETE,.png
artifacts/vxp3/review/generated_art_v7/orion-vell/select_preview.png,ONLY_ON_106,OBSOLETE,DISCARD_OBSOLETE,.png
artifacts/vxp3/review/generated_art_v7/orion-vell/side.png,ONLY_ON_106,OBSOLETE,DISCARD_OBSOLETE,.png
artifacts/vxp3/review/generated_art_v7/orion-vell/silhouette_idle.png,ONLY_ON_106,OBSOLETE,DISCARD_OBSOLETE,.png
artifacts/vxp3/review/generated_art_v7/orion-vell/silhouette_super.png,ONLY_ON_106,OBSOLETE,DISCARD_OBSOLETE,.png
artifacts/vxp3/review/generated_art_v7/orion-vell/super_off.png,ONLY_ON_106,OBSOLETE,DISCARD_OBSOLETE,.png
artifacts/vxp3/review/generated_art_v7/orion-vell/super_on.png,ONLY_ON_106,OBSOLETE,DISCARD_OBSOLETE,.png
artifacts/vxp3/review/generated_art_v7/orion-vell/walk.png,ONLY_ON_106,OBSOLETE,DISCARD_OBSOLETE,.png
artifacts/vxp3/review/generated_art_v7/rook-ironside/KO.png,ONLY_ON_106,OBSOLETE,DISCARD_OBSOLETE,.png
artifacts/vxp3/review/generated_art_v7/rook-ironside/back.png,ONLY_ON_106,OBSOLETE,DISCARD_OBSOLETE,.png
artifacts/vxp3/review/generated_art_v7/rook-ironside/boot_detail.png,ONLY_ON_106,OBSOLETE,DISCARD_OBSOLETE,.png
artifacts/vxp3/review/generated_art_v7/rook-ironside/charge_0_off.png,ONLY_ON_106,OBSOLETE,DISCARD_OBSOLETE,.png
artifacts/vxp3/review/generated_art_v7/rook-ironside/charge_100_off.png,ONLY_ON_106,OBSOLETE,DISCARD_OBSOLETE,.png
artifacts/vxp3/review/generated_art_v7/rook-ironside/charge_100_on.png,ONLY_ON_106,OBSOLETE,DISCARD_OBSOLETE,.png
artifacts/vxp3/review/generated_art_v7/rook-ironside/clash_lock.png,ONLY_ON_106,OBSOLETE,DISCARD_OBSOLETE,.png
artifacts/vxp3/review/generated_art_v7/rook-ironside/clash_lose.png,ONLY_ON_106,OBSOLETE,DISCARD_OBSOLETE,.png
artifacts/vxp3/review/generated_art_v7/rook-ironside/clash_push.png,ONLY_ON_106,OBSOLETE,DISCARD_OBSOLETE,.png
artifacts/vxp3/review/generated_art_v7/rook-ironside/clash_start.png,ONLY_ON_106,OBSOLETE,DISCARD_OBSOLETE,.png
artifacts/vxp3/review/generated_art_v7/rook-ironside/clash_win.png,ONLY_ON_106,OBSOLETE,DISCARD_OBSOLETE,.png
artifacts/vxp3/review/generated_art_v7/rook-ironside/costume_detail.png,ONLY_ON_106,OBSOLETE,DISCARD_OBSOLETE,.png
artifacts/vxp3/review/generated_art_v7/rook-ironside/dash.png,ONLY_ON_106,OBSOLETE,DISCARD_OBSOLETE,.png
artifacts/vxp3/review/generated_art_v7/rook-ironside/emission_off.png,ONLY_ON_106,OBSOLETE,DISCARD_OBSOLETE,.png
artifacts/vxp3/review/generated_art_v7/rook-ironside/front.png,ONLY_ON_106,OBSOLETE,DISCARD_OBSOLETE,.png
artifacts/vxp3/review/generated_art_v7/rook-ironside/front_3q.png,ONLY_ON_106,OBSOLETE,DISCARD_OBSOLETE,.png
artifacts/vxp3/review/generated_art_v7/rook-ironside/front_3q_color.png,ONLY_ON_106,OBSOLETE,DISCARD_OBSOLETE,.png
artifacts/vxp3/review/generated_art_v7/rook-ironside/front_3q_grayscale.png,ONLY_ON_106,OBSOLETE,DISCARD_OBSOLETE,.png
artifacts/vxp3/review/generated_art_v7/rook-ironside/gameplay_color.png,ONLY_ON_106,OBSOLETE,DISCARD_OBSOLETE,.png
artifacts/vxp3/review/generated_art_v7/rook-ironside/gameplay_grayscale.png,ONLY_ON_106,OBSOLETE,DISCARD_OBSOLETE,.png
artifacts/vxp3/review/generated_art_v7/rook-ironside/gameplay_scale.png,ONLY_ON_106,OBSOLETE,DISCARD_OBSOLETE,.png
artifacts/vxp3/review/generated_art_v7/rook-ironside/glove_fist.png,ONLY_ON_106,OBSOLETE,DISCARD_OBSOLETE,.png
artifacts/vxp3/review/generated_art_v7/rook-ironside/glove_open.png,ONLY_ON_106,OBSOLETE,DISCARD_OBSOLETE,.png
artifacts/vxp3/review/generated_art_v7/rook-ironside/grayscale_values.png,ONLY_ON_106,OBSOLETE,DISCARD_OBSOLETE,.png
artifacts/vxp3/review/generated_art_v7/rook-ironside/head_detail.png,ONLY_ON_106,OBSOLETE,DISCARD_OBSOLETE,.png
artifacts/vxp3/review/generated_art_v7/rook-ironside/heavy_contact_pair_off.png,ONLY_ON_106,OBSOLETE,DISCARD_OBSOLETE,.png
artifacts/vxp3/review/generated_art_v7/rook-ironside/heavy_contact_pair_on.png,ONLY_ON_106,OBSOLETE,DISCARD_OBSOLETE,.png
artifacts/vxp3/review/generated_art_v7/rook-ironside/heavy_follow.png,ONLY_ON_106,OBSOLETE,DISCARD_OBSOLETE,.png
artifacts/vxp3/review/generated_art_v7/rook-ironside/heavy_precontact_pair.png,ONLY_ON_106,OBSOLETE,DISCARD_OBSOLETE,.png
artifacts/vxp3/review/generated_art_v7/rook-ironside/hurt_peak_no_knockback.png,ONLY_ON_106,OBSOLETE,DISCARD_OBSOLETE,.png
artifacts/vxp3/review/generated_art_v7/rook-ironside/idle.png,ONLY_ON_106,OBSOLETE,DISCARD_OBSOLETE,.png
artifacts/vxp3/review/generated_art_v7/rook-ironside/launch_start.png,ONLY_ON_106,OBSOLETE,DISCARD_OBSOLETE,.png
artifacts/vxp3/review/generated_art_v7/rook-ironside/orientation.json,ONLY_ON_106,OBSOLETE,REFERENCE_ONLY,.json
artifacts/vxp3/review/generated_art_v7/rook-ironside/run.png,ONLY_ON_106,OBSOLETE,DISCARD_OBSOLETE,.png
artifacts/vxp3/review/generated_art_v7/rook-ironside/select_preview.png,ONLY_ON_106,OBSOLETE,DISCARD_OBSOLETE,.png
artifacts/vxp3/review/generated_art_v7/rook-ironside/side.png,ONLY_ON_106,OBSOLETE,DISCARD_OBSOLETE,.png
artifacts/vxp3/review/generated_art_v7/rook-ironside/silhouette_idle.png,ONLY_ON_106,OBSOLETE,DISCARD_OBSOLETE,.png
artifacts/vxp3/review/generated_art_v7/rook-ironside/silhouette_super.png,ONLY_ON_106,OBSOLETE,DISCARD_OBSOLETE,.png
artifacts/vxp3/review/generated_art_v7/rook-ironside/super_off.png,ONLY_ON_106,OBSOLETE,DISCARD_OBSOLETE,.png
artifacts/vxp3/review/generated_art_v7/rook-ironside/super_on.png,ONLY_ON_106,OBSOLETE,DISCARD_OBSOLETE,.png
artifacts/vxp3/review/generated_art_v7/rook-ironside/walk.png,ONLY_ON_106,OBSOLETE,DISCARD_OBSOLETE,.png
artifacts/vxp3/review/generated_art_v7/roster/boots.png,ONLY_ON_106,OBSOLETE,DISCARD_OBSOLETE,.png
artifacts/vxp3/review/generated_art_v7/roster/charge_transformation.png,ONLY_ON_106,OBSOLETE,DISCARD_OBSOLETE,.png
artifacts/vxp3/review/generated_art_v7/roster/clash_presets.png,ONLY_ON_106,OBSOLETE,DISCARD_OBSOLETE,.png
artifacts/vxp3/review/generated_art_v7/roster/color_lineup.png,ONLY_ON_106,OBSOLETE,DISCARD_OBSOLETE,.png
artifacts/vxp3/review/generated_art_v7/roster/gloves.png,ONLY_ON_106,OBSOLETE,DISCARD_OBSOLETE,.png
artifacts/vxp3/review/generated_art_v7/roster/grayscale_lineup.png,ONLY_ON_106,OBSOLETE,DISCARD_OBSOLETE,.png
artifacts/vxp3/review/generated_art_v7/roster/heavy_pairs.png,ONLY_ON_106,OBSOLETE,DISCARD_OBSOLETE,.png
artifacts/vxp3/review/generated_art_v7/roster/hero_features.png,ONLY_ON_106,OBSOLETE,DISCARD_OBSOLETE,.png
artifacts/vxp3/review/generated_art_v7/roster/hurt_peaks.png,ONLY_ON_106,OBSOLETE,DISCARD_OBSOLETE,.png
artifacts/vxp3/review/generated_art_v7/roster/idle_identities.png,ONLY_ON_106,OBSOLETE,DISCARD_OBSOLETE,.png
artifacts/vxp3/review/generated_art_v7/roster/masks.png,ONLY_ON_106,OBSOLETE,DISCARD_OBSOLETE,.png
artifacts/vxp3/review/generated_art_v7/roster/select_lineup.png,ONLY_ON_106,OBSOLETE,DISCARD_OBSOLETE,.png
artifacts/vxp3/review/generated_art_v7/roster/silhouettes.png,ONLY_ON_106,OBSOLETE,DISCARD_OBSOLETE,.png
artifacts/vxp3/review/generated_art_v7/roster/supers.png,ONLY_ON_106,OBSOLETE,DISCARD_OBSOLETE,.png
artifacts/vxp3/review/generated_art_v7/roster/value_groups.png,ONLY_ON_106,OBSOLETE,DISCARD_OBSOLETE,.png
artifacts/vxp3/review/generated_art_v7/vesper-nyx/KO.png,ONLY_ON_106,OBSOLETE,DISCARD_OBSOLETE,.png
artifacts/vxp3/review/generated_art_v7/vesper-nyx/back.png,ONLY_ON_106,OBSOLETE,DISCARD_OBSOLETE,.png
artifacts/vxp3/review/generated_art_v7/vesper-nyx/boot_detail.png,ONLY_ON_106,OBSOLETE,DISCARD_OBSOLETE,.png
artifacts/vxp3/review/generated_art_v7/vesper-nyx/charge_0_off.png,ONLY_ON_106,OBSOLETE,DISCARD_OBSOLETE,.png
artifacts/vxp3/review/generated_art_v7/vesper-nyx/charge_100_off.png,ONLY_ON_106,OBSOLETE,DISCARD_OBSOLETE,.png
artifacts/vxp3/review/generated_art_v7/vesper-nyx/charge_100_on.png,ONLY_ON_106,OBSOLETE,DISCARD_OBSOLETE,.png
artifacts/vxp3/review/generated_art_v7/vesper-nyx/clash_lock.png,ONLY_ON_106,OBSOLETE,DISCARD_OBSOLETE,.png
artifacts/vxp3/review/generated_art_v7/vesper-nyx/clash_lose.png,ONLY_ON_106,OBSOLETE,DISCARD_OBSOLETE,.png
artifacts/vxp3/review/generated_art_v7/vesper-nyx/clash_push.png,ONLY_ON_106,OBSOLETE,DISCARD_OBSOLETE,.png
artifacts/vxp3/review/generated_art_v7/vesper-nyx/clash_start.png,ONLY_ON_106,OBSOLETE,DISCARD_OBSOLETE,.png
artifacts/vxp3/review/generated_art_v7/vesper-nyx/clash_win.png,ONLY_ON_106,OBSOLETE,DISCARD_OBSOLETE,.png
artifacts/vxp3/review/generated_art_v7/vesper-nyx/costume_detail.png,ONLY_ON_106,OBSOLETE,DISCARD_OBSOLETE,.png
artifacts/vxp3/review/generated_art_v7/vesper-nyx/dash.png,ONLY_ON_106,OBSOLETE,DISCARD_OBSOLETE,.png
artifacts/vxp3/review/generated_art_v7/vesper-nyx/emission_off.png,ONLY_ON_106,OBSOLETE,DISCARD_OBSOLETE,.png
artifacts/vxp3/review/generated_art_v7/vesper-nyx/front.png,ONLY_ON_106,OBSOLETE,DISCARD_OBSOLETE,.png
artifacts/vxp3/review/generated_art_v7/vesper-nyx/front_3q.png,ONLY_ON_106,OBSOLETE,DISCARD_OBSOLETE,.png
artifacts/vxp3/review/generated_art_v7/vesper-nyx/front_3q_color.png,ONLY_ON_106,OBSOLETE,DISCARD_OBSOLETE,.png
artifacts/vxp3/review/generated_art_v7/vesper-nyx/front_3q_grayscale.png,ONLY_ON_106,OBSOLETE,DISCARD_OBSOLETE,.png
artifacts/vxp3/review/generated_art_v7/vesper-nyx/gameplay_color.png,ONLY_ON_106,OBSOLETE,DISCARD_OBSOLETE,.png
artifacts/vxp3/review/generated_art_v7/vesper-nyx/gameplay_grayscale.png,ONLY_ON_106,OBSOLETE,DISCARD_OBSOLETE,.png
artifacts/vxp3/review/generated_art_v7/vesper-nyx/gameplay_scale.png,ONLY_ON_106,OBSOLETE,DISCARD_OBSOLETE,.png
artifacts/vxp3/review/generated_art_v7/vesper-nyx/glove_fist.png,ONLY_ON_106,OBSOLETE,DISCARD_OBSOLETE,.png
artifacts/vxp3/review/generated_art_v7/vesper-nyx/glove_open.png,ONLY_ON_106,OBSOLETE,DISCARD_OBSOLETE,.png
artifacts/vxp3/review/generated_art_v7/vesper-nyx/grayscale_values.png,ONLY_ON_106,OBSOLETE,DISCARD_OBSOLETE,.png
artifacts/vxp3/review/generated_art_v7/vesper-nyx/head_detail.png,ONLY_ON_106,OBSOLETE,DISCARD_OBSOLETE,.png
artifacts/vxp3/review/generated_art_v7/vesper-nyx/heavy_contact_pair_off.png,ONLY_ON_106,OBSOLETE,DISCARD_OBSOLETE,.png
artifacts/vxp3/review/generated_art_v7/vesper-nyx/heavy_contact_pair_on.png,ONLY_ON_106,OBSOLETE,DISCARD_OBSOLETE,.png
artifacts/vxp3/review/generated_art_v7/vesper-nyx/heavy_follow.png,ONLY_ON_106,OBSOLETE,DISCARD_OBSOLETE,.png
artifacts/vxp3/review/generated_art_v7/vesper-nyx/heavy_precontact_pair.png,ONLY_ON_106,OBSOLETE,DISCARD_OBSOLETE,.png
artifacts/vxp3/review/generated_art_v7/vesper-nyx/hurt_peak_no_knockback.png,ONLY_ON_106,OBSOLETE,DISCARD_OBSOLETE,.png
artifacts/vxp3/review/generated_art_v7/vesper-nyx/idle.png,ONLY_ON_106,OBSOLETE,DISCARD_OBSOLETE,.png
artifacts/vxp3/review/generated_art_v7/vesper-nyx/launch_start.png,ONLY_ON_106,OBSOLETE,DISCARD_OBSOLETE,.png
artifacts/vxp3/review/generated_art_v7/vesper-nyx/orientation.json,ONLY_ON_106,OBSOLETE,REFERENCE_ONLY,.json
artifacts/vxp3/review/generated_art_v7/vesper-nyx/run.png,ONLY_ON_106,OBSOLETE,DISCARD_OBSOLETE,.png
artifacts/vxp3/review/generated_art_v7/vesper-nyx/select_preview.png,ONLY_ON_106,OBSOLETE,DISCARD_OBSOLETE,.png
artifacts/vxp3/review/generated_art_v7/vesper-nyx/side.png,ONLY_ON_106,OBSOLETE,DISCARD_OBSOLETE,.png
artifacts/vxp3/review/generated_art_v7/vesper-nyx/silhouette_idle.png,ONLY_ON_106,OBSOLETE,DISCARD_OBSOLETE,.png
artifacts/vxp3/review/generated_art_v7/vesper-nyx/silhouette_super.png,ONLY_ON_106,OBSOLETE,DISCARD_OBSOLETE,.png
artifacts/vxp3/review/generated_art_v7/vesper-nyx/super_off.png,ONLY_ON_106,OBSOLETE,DISCARD_OBSOLETE,.png
artifacts/vxp3/review/generated_art_v7/vesper-nyx/super_on.png,ONLY_ON_106,OBSOLETE,DISCARD_OBSOLETE,.png
artifacts/vxp3/review/generated_art_v7/vesper-nyx/walk.png,ONLY_ON_106,OBSOLETE,DISCARD_OBSOLETE,.png
artifacts/vxp3/review/generated_art_v8/attachment_stress/ember-vale/clash_lock.png,ONLY_ON_106,OBSOLETE,DISCARD_OBSOLETE,.png
artifacts/vxp3/review/generated_art_v8/attachment_stress/ember-vale/dash.png,ONLY_ON_106,OBSOLETE,DISCARD_OBSOLETE,.png
artifacts/vxp3/review/generated_art_v8/attachment_stress/ember-vale/heavy_contact.png,ONLY_ON_106,OBSOLETE,DISCARD_OBSOLETE,.png
artifacts/vxp3/review/generated_art_v8/attachment_stress/ember-vale/hurt_heavy.png,ONLY_ON_106,OBSOLETE,DISCARD_OBSOLETE,.png
artifacts/vxp3/review/generated_art_v8/attachment_stress/ember-vale/idle.png,ONLY_ON_106,OBSOLETE,DISCARD_OBSOLETE,.png
artifacts/vxp3/review/generated_art_v8/attachment_stress/juno-spark/clash_lock.png,ONLY_ON_106,OBSOLETE,DISCARD_OBSOLETE,.png
artifacts/vxp3/review/generated_art_v8/attachment_stress/juno-spark/dash.png,ONLY_ON_106,OBSOLETE,DISCARD_OBSOLETE,.png
artifacts/vxp3/review/generated_art_v8/attachment_stress/juno-spark/heavy_contact.png,ONLY_ON_106,OBSOLETE,DISCARD_OBSOLETE,.png
artifacts/vxp3/review/generated_art_v8/attachment_stress/juno-spark/hurt_heavy.png,ONLY_ON_106,OBSOLETE,DISCARD_OBSOLETE,.png
artifacts/vxp3/review/generated_art_v8/attachment_stress/juno-spark/idle.png,ONLY_ON_106,OBSOLETE,DISCARD_OBSOLETE,.png
artifacts/vxp3/review/generated_art_v8/attachment_stress/kaia-windrow/clash_lock.png,ONLY_ON_106,OBSOLETE,DISCARD_OBSOLETE,.png
artifacts/vxp3/review/generated_art_v8/attachment_stress/kaia-windrow/dash.png,ONLY_ON_106,OBSOLETE,DISCARD_OBSOLETE,.png
artifacts/vxp3/review/generated_art_v8/attachment_stress/kaia-windrow/heavy_contact.png,ONLY_ON_106,OBSOLETE,DISCARD_OBSOLETE,.png
artifacts/vxp3/review/generated_art_v8/attachment_stress/kaia-windrow/hurt_heavy.png,ONLY_ON_106,OBSOLETE,DISCARD_OBSOLETE,.png
artifacts/vxp3/review/generated_art_v8/attachment_stress/kaia-windrow/idle.png,ONLY_ON_106,OBSOLETE,DISCARD_OBSOLETE,.png
artifacts/vxp3/review/generated_art_v8/attachment_stress/nix-calder/clash_lock.png,ONLY_ON_106,OBSOLETE,DISCARD_OBSOLETE,.png
artifacts/vxp3/review/generated_art_v8/attachment_stress/nix-calder/dash.png,ONLY_ON_106,OBSOLETE,DISCARD_OBSOLETE,.png
artifacts/vxp3/review/generated_art_v8/attachment_stress/nix-calder/heavy_contact.png,ONLY_ON_106,OBSOLETE,DISCARD_OBSOLETE,.png
artifacts/vxp3/review/generated_art_v8/attachment_stress/nix-calder/hurt_heavy.png,ONLY_ON_106,OBSOLETE,DISCARD_OBSOLETE,.png
artifacts/vxp3/review/generated_art_v8/attachment_stress/nix-calder/idle.png,ONLY_ON_106,OBSOLETE,DISCARD_OBSOLETE,.png
artifacts/vxp3/review/generated_art_v8/attachment_stress/orion-vell/clash_lock.png,ONLY_ON_106,OBSOLETE,DISCARD_OBSOLETE,.png
artifacts/vxp3/review/generated_art_v8/attachment_stress/orion-vell/dash.png,ONLY_ON_106,OBSOLETE,DISCARD_OBSOLETE,.png
artifacts/vxp3/review/generated_art_v8/attachment_stress/orion-vell/heavy_contact.png,ONLY_ON_106,OBSOLETE,DISCARD_OBSOLETE,.png
artifacts/vxp3/review/generated_art_v8/attachment_stress/orion-vell/hurt_heavy.png,ONLY_ON_106,OBSOLETE,DISCARD_OBSOLETE,.png
artifacts/vxp3/review/generated_art_v8/attachment_stress/orion-vell/idle.png,ONLY_ON_106,OBSOLETE,DISCARD_OBSOLETE,.png
artifacts/vxp3/review/generated_art_v8/attachment_stress/rook-ironside/clash_lock.png,ONLY_ON_106,OBSOLETE,DISCARD_OBSOLETE,.png
artifacts/vxp3/review/generated_art_v8/attachment_stress/rook-ironside/dash.png,ONLY_ON_106,OBSOLETE,DISCARD_OBSOLETE,.png
artifacts/vxp3/review/generated_art_v8/attachment_stress/rook-ironside/heavy_contact.png,ONLY_ON_106,OBSOLETE,DISCARD_OBSOLETE,.png
artifacts/vxp3/review/generated_art_v8/attachment_stress/rook-ironside/hurt_heavy.png,ONLY_ON_106,OBSOLETE,DISCARD_OBSOLETE,.png
artifacts/vxp3/review/generated_art_v8/attachment_stress/rook-ironside/idle.png,ONLY_ON_106,OBSOLETE,DISCARD_OBSOLETE,.png
artifacts/vxp3/review/generated_art_v8/attachment_stress/vesper-nyx/clash_lock.png,ONLY_ON_106,OBSOLETE,DISCARD_OBSOLETE,.png
artifacts/vxp3/review/generated_art_v8/attachment_stress/vesper-nyx/dash.png,ONLY_ON_106,OBSOLETE,DISCARD_OBSOLETE,.png
artifacts/vxp3/review/generated_art_v8/attachment_stress/vesper-nyx/heavy_contact.png,ONLY_ON_106,OBSOLETE,DISCARD_OBSOLETE,.png
artifacts/vxp3/review/generated_art_v8/attachment_stress/vesper-nyx/hurt_heavy.png,ONLY_ON_106,OBSOLETE,DISCARD_OBSOLETE,.png
artifacts/vxp3/review/generated_art_v8/attachment_stress/vesper-nyx/idle.png,ONLY_ON_106,OBSOLETE,DISCARD_OBSOLETE,.png
artifacts/vxp3/review/generated_art_v8/ember-vale/KO.png,ONLY_ON_106,OBSOLETE,DISCARD_OBSOLETE,.png
artifacts/vxp3/review/generated_art_v8/ember-vale/attachment_stress.png,ONLY_ON_106,OBSOLETE,DISCARD_OBSOLETE,.png
artifacts/vxp3/review/generated_art_v8/ember-vale/back.png,ONLY_ON_106,OBSOLETE,DISCARD_OBSOLETE,.png
artifacts/vxp3/review/generated_art_v8/ember-vale/boot_detail.png,ONLY_ON_106,OBSOLETE,DISCARD_OBSOLETE,.png
artifacts/vxp3/review/generated_art_v8/ember-vale/charge_0_off.png,ONLY_ON_106,OBSOLETE,DISCARD_OBSOLETE,.png
artifacts/vxp3/review/generated_art_v8/ember-vale/charge_100_off.png,ONLY_ON_106,OBSOLETE,DISCARD_OBSOLETE,.png
artifacts/vxp3/review/generated_art_v8/ember-vale/charge_100_on.png,ONLY_ON_106,OBSOLETE,DISCARD_OBSOLETE,.png
artifacts/vxp3/review/generated_art_v8/ember-vale/clash_lock.png,ONLY_ON_106,OBSOLETE,DISCARD_OBSOLETE,.png
artifacts/vxp3/review/generated_art_v8/ember-vale/clash_lose.png,ONLY_ON_106,OBSOLETE,DISCARD_OBSOLETE,.png
artifacts/vxp3/review/generated_art_v8/ember-vale/clash_push.png,ONLY_ON_106,OBSOLETE,DISCARD_OBSOLETE,.png
artifacts/vxp3/review/generated_art_v8/ember-vale/clash_start.png,ONLY_ON_106,OBSOLETE,DISCARD_OBSOLETE,.png
artifacts/vxp3/review/generated_art_v8/ember-vale/clash_win.png,ONLY_ON_106,OBSOLETE,DISCARD_OBSOLETE,.png
artifacts/vxp3/review/generated_art_v8/ember-vale/costume_detail.png,ONLY_ON_106,OBSOLETE,DISCARD_OBSOLETE,.png
artifacts/vxp3/review/generated_art_v8/ember-vale/dash.png,ONLY_ON_106,OBSOLETE,DISCARD_OBSOLETE,.png
artifacts/vxp3/review/generated_art_v8/ember-vale/emission_off.png,ONLY_ON_106,OBSOLETE,DISCARD_OBSOLETE,.png
artifacts/vxp3/review/generated_art_v8/ember-vale/front.png,ONLY_ON_106,OBSOLETE,DISCARD_OBSOLETE,.png
artifacts/vxp3/review/generated_art_v8/ember-vale/front_3q.png,ONLY_ON_106,OBSOLETE,DISCARD_OBSOLETE,.png
artifacts/vxp3/review/generated_art_v8/ember-vale/front_3q_color.png,ONLY_ON_106,OBSOLETE,DISCARD_OBSOLETE,.png
artifacts/vxp3/review/generated_art_v8/ember-vale/front_3q_grayscale.png,ONLY_ON_106,OBSOLETE,DISCARD_OBSOLETE,.png
artifacts/vxp3/review/generated_art_v8/ember-vale/gameplay_color.png,ONLY_ON_106,OBSOLETE,DISCARD_OBSOLETE,.png
artifacts/vxp3/review/generated_art_v8/ember-vale/gameplay_grayscale.png,ONLY_ON_106,OBSOLETE,DISCARD_OBSOLETE,.png
artifacts/vxp3/review/generated_art_v8/ember-vale/gameplay_scale.png,ONLY_ON_106,OBSOLETE,DISCARD_OBSOLETE,.png
artifacts/vxp3/review/generated_art_v8/ember-vale/glove_fist.png,ONLY_ON_106,OBSOLETE,DISCARD_OBSOLETE,.png
artifacts/vxp3/review/generated_art_v8/ember-vale/glove_guard.png,ONLY_ON_106,OBSOLETE,DISCARD_OBSOLETE,.png
artifacts/vxp3/review/generated_art_v8/ember-vale/glove_open.png,ONLY_ON_106,OBSOLETE,DISCARD_OBSOLETE,.png
artifacts/vxp3/review/generated_art_v8/ember-vale/grayscale_values.png,ONLY_ON_106,OBSOLETE,DISCARD_OBSOLETE,.png
artifacts/vxp3/review/generated_art_v8/ember-vale/head_detail.png,ONLY_ON_106,OBSOLETE,DISCARD_OBSOLETE,.png
artifacts/vxp3/review/generated_art_v8/ember-vale/heavy_anticipation_pair.png,ONLY_ON_106,OBSOLETE,DISCARD_OBSOLETE,.png
artifacts/vxp3/review/generated_art_v8/ember-vale/heavy_contact_pair_debug.png,ONLY_ON_106,OBSOLETE,DISCARD_OBSOLETE,.png
artifacts/vxp3/review/generated_art_v8/ember-vale/heavy_contact_pair_off.png,ONLY_ON_106,OBSOLETE,DISCARD_OBSOLETE,.png
artifacts/vxp3/review/generated_art_v8/ember-vale/heavy_contact_pair_on.png,ONLY_ON_106,OBSOLETE,DISCARD_OBSOLETE,.png
artifacts/vxp3/review/generated_art_v8/ember-vale/heavy_follow.png,ONLY_ON_106,OBSOLETE,DISCARD_OBSOLETE,.png
artifacts/vxp3/review/generated_art_v8/ember-vale/hurt_peak_no_knockback.png,ONLY_ON_106,OBSOLETE,DISCARD_OBSOLETE,.png
artifacts/vxp3/review/generated_art_v8/ember-vale/idle.png,ONLY_ON_106,OBSOLETE,DISCARD_OBSOLETE,.png
artifacts/vxp3/review/generated_art_v8/ember-vale/launch_start.png,ONLY_ON_106,OBSOLETE,DISCARD_OBSOLETE,.png
artifacts/vxp3/review/generated_art_v8/ember-vale/mask_detail.png,ONLY_ON_106,OBSOLETE,DISCARD_OBSOLETE,.png
artifacts/vxp3/review/generated_art_v8/ember-vale/orientation.json,ONLY_ON_106,OBSOLETE,REFERENCE_ONLY,.json
artifacts/vxp3/review/generated_art_v8/ember-vale/personality_idle.png,ONLY_ON_106,OBSOLETE,DISCARD_OBSOLETE,.png
artifacts/vxp3/review/generated_art_v8/ember-vale/run.png,ONLY_ON_106,OBSOLETE,DISCARD_OBSOLETE,.png
artifacts/vxp3/review/generated_art_v8/ember-vale/select_preview.png,ONLY_ON_106,OBSOLETE,DISCARD_OBSOLETE,.png
artifacts/vxp3/review/generated_art_v8/ember-vale/side.png,ONLY_ON_106,OBSOLETE,DISCARD_OBSOLETE,.png
artifacts/vxp3/review/generated_art_v8/ember-vale/silhouette_idle.png,ONLY_ON_106,OBSOLETE,DISCARD_OBSOLETE,.png
artifacts/vxp3/review/generated_art_v8/ember-vale/silhouette_super.png,ONLY_ON_106,OBSOLETE,DISCARD_OBSOLETE,.png
artifacts/vxp3/review/generated_art_v8/ember-vale/super_off.png,ONLY_ON_106,OBSOLETE,DISCARD_OBSOLETE,.png
artifacts/vxp3/review/generated_art_v8/ember-vale/super_on.png,ONLY_ON_106,OBSOLETE,DISCARD_OBSOLETE,.png
artifacts/vxp3/review/generated_art_v8/ember-vale/super_silhouette.png,ONLY_ON_106,OBSOLETE,DISCARD_OBSOLETE,.png
artifacts/vxp3/review/generated_art_v8/ember-vale/walk.png,ONLY_ON_106,OBSOLETE,DISCARD_OBSOLETE,.png
artifacts/vxp3/review/generated_art_v8/juno-spark/KO.png,ONLY_ON_106,OBSOLETE,DISCARD_OBSOLETE,.png
artifacts/vxp3/review/generated_art_v8/juno-spark/attachment_stress.png,ONLY_ON_106,OBSOLETE,DISCARD_OBSOLETE,.png
artifacts/vxp3/review/generated_art_v8/juno-spark/back.png,ONLY_ON_106,OBSOLETE,DISCARD_OBSOLETE,.png
artifacts/vxp3/review/generated_art_v8/juno-spark/boot_detail.png,ONLY_ON_106,OBSOLETE,DISCARD_OBSOLETE,.png
artifacts/vxp3/review/generated_art_v8/juno-spark/charge_0_off.png,ONLY_ON_106,OBSOLETE,DISCARD_OBSOLETE,.png
artifacts/vxp3/review/generated_art_v8/juno-spark/charge_100_off.png,ONLY_ON_106,OBSOLETE,DISCARD_OBSOLETE,.png
artifacts/vxp3/review/generated_art_v8/juno-spark/charge_100_on.png,ONLY_ON_106,OBSOLETE,DISCARD_OBSOLETE,.png
artifacts/vxp3/review/generated_art_v8/juno-spark/clash_lock.png,ONLY_ON_106,OBSOLETE,DISCARD_OBSOLETE,.png
artifacts/vxp3/review/generated_art_v8/juno-spark/clash_lose.png,ONLY_ON_106,OBSOLETE,DISCARD_OBSOLETE,.png
artifacts/vxp3/review/generated_art_v8/juno-spark/clash_push.png,ONLY_ON_106,OBSOLETE,DISCARD_OBSOLETE,.png
artifacts/vxp3/review/generated_art_v8/juno-spark/clash_start.png,ONLY_ON_106,OBSOLETE,DISCARD_OBSOLETE,.png
artifacts/vxp3/review/generated_art_v8/juno-spark/clash_win.png,ONLY_ON_106,OBSOLETE,DISCARD_OBSOLETE,.png
artifacts/vxp3/review/generated_art_v8/juno-spark/costume_detail.png,ONLY_ON_106,OBSOLETE,DISCARD_OBSOLETE,.png
artifacts/vxp3/review/generated_art_v8/juno-spark/dash.png,ONLY_ON_106,OBSOLETE,DISCARD_OBSOLETE,.png
artifacts/vxp3/review/generated_art_v8/juno-spark/emission_off.png,ONLY_ON_106,OBSOLETE,DISCARD_OBSOLETE,.png
artifacts/vxp3/review/generated_art_v8/juno-spark/front.png,ONLY_ON_106,OBSOLETE,DISCARD_OBSOLETE,.png
artifacts/vxp3/review/generated_art_v8/juno-spark/front_3q.png,ONLY_ON_106,OBSOLETE,DISCARD_OBSOLETE,.png
artifacts/vxp3/review/generated_art_v8/juno-spark/front_3q_color.png,ONLY_ON_106,OBSOLETE,DISCARD_OBSOLETE,.png
artifacts/vxp3/review/generated_art_v8/juno-spark/front_3q_grayscale.png,ONLY_ON_106,OBSOLETE,DISCARD_OBSOLETE,.png
artifacts/vxp3/review/generated_art_v8/juno-spark/gameplay_color.png,ONLY_ON_106,OBSOLETE,DISCARD_OBSOLETE,.png
artifacts/vxp3/review/generated_art_v8/juno-spark/gameplay_grayscale.png,ONLY_ON_106,OBSOLETE,DISCARD_OBSOLETE,.png
artifacts/vxp3/review/generated_art_v8/juno-spark/gameplay_scale.png,ONLY_ON_106,OBSOLETE,DISCARD_OBSOLETE,.png
artifacts/vxp3/review/generated_art_v8/juno-spark/glove_fist.png,ONLY_ON_106,OBSOLETE,DISCARD_OBSOLETE,.png
artifacts/vxp3/review/generated_art_v8/juno-spark/glove_guard.png,ONLY_ON_106,OBSOLETE,DISCARD_OBSOLETE,.png
artifacts/vxp3/review/generated_art_v8/juno-spark/glove_open.png,ONLY_ON_106,OBSOLETE,DISCARD_OBSOLETE,.png
artifacts/vxp3/review/generated_art_v8/juno-spark/grayscale_values.png,ONLY_ON_106,OBSOLETE,DISCARD_OBSOLETE,.png
artifacts/vxp3/review/generated_art_v8/juno-spark/head_detail.png,ONLY_ON_106,OBSOLETE,DISCARD_OBSOLETE,.png
artifacts/vxp3/review/generated_art_v8/juno-spark/heavy_anticipation_pair.png,ONLY_ON_106,OBSOLETE,DISCARD_OBSOLETE,.png
artifacts/vxp3/review/generated_art_v8/juno-spark/heavy_contact_pair_debug.png,ONLY_ON_106,OBSOLETE,DISCARD_OBSOLETE,.png
artifacts/vxp3/review/generated_art_v8/juno-spark/heavy_contact_pair_off.png,ONLY_ON_106,OBSOLETE,DISCARD_OBSOLETE,.png
artifacts/vxp3/review/generated_art_v8/juno-spark/heavy_contact_pair_on.png,ONLY_ON_106,OBSOLETE,DISCARD_OBSOLETE,.png
artifacts/vxp3/review/generated_art_v8/juno-spark/heavy_follow.png,ONLY_ON_106,OBSOLETE,DISCARD_OBSOLETE,.png
artifacts/vxp3/review/generated_art_v8/juno-spark/hurt_peak_no_knockback.png,ONLY_ON_106,OBSOLETE,DISCARD_OBSOLETE,.png
artifacts/vxp3/review/generated_art_v8/juno-spark/idle.png,ONLY_ON_106,OBSOLETE,DISCARD_OBSOLETE,.png
artifacts/vxp3/review/generated_art_v8/juno-spark/launch_start.png,ONLY_ON_106,OBSOLETE,DISCARD_OBSOLETE,.png
artifacts/vxp3/review/generated_art_v8/juno-spark/mask_detail.png,ONLY_ON_106,OBSOLETE,DISCARD_OBSOLETE,.png
artifacts/vxp3/review/generated_art_v8/juno-spark/orientation.json,ONLY_ON_106,OBSOLETE,REFERENCE_ONLY,.json
artifacts/vxp3/review/generated_art_v8/juno-spark/personality_idle.png,ONLY_ON_106,OBSOLETE,DISCARD_OBSOLETE,.png
artifacts/vxp3/review/generated_art_v8/juno-spark/run.png,ONLY_ON_106,OBSOLETE,DISCARD_OBSOLETE,.png
artifacts/vxp3/review/generated_art_v8/juno-spark/select_preview.png,ONLY_ON_106,OBSOLETE,DISCARD_OBSOLETE,.png
artifacts/vxp3/review/generated_art_v8/juno-spark/side.png,ONLY_ON_106,OBSOLETE,DISCARD_OBSOLETE,.png
artifacts/vxp3/review/generated_art_v8/juno-spark/silhouette_idle.png,ONLY_ON_106,OBSOLETE,DISCARD_OBSOLETE,.png
artifacts/vxp3/review/generated_art_v8/juno-spark/silhouette_super.png,ONLY_ON_106,OBSOLETE,DISCARD_OBSOLETE,.png
artifacts/vxp3/review/generated_art_v8/juno-spark/super_off.png,ONLY_ON_106,OBSOLETE,DISCARD_OBSOLETE,.png
artifacts/vxp3/review/generated_art_v8/juno-spark/super_on.png,ONLY_ON_106,OBSOLETE,DISCARD_OBSOLETE,.png
artifacts/vxp3/review/generated_art_v8/juno-spark/super_silhouette.png,ONLY_ON_106,OBSOLETE,DISCARD_OBSOLETE,.png
artifacts/vxp3/review/generated_art_v8/juno-spark/walk.png,ONLY_ON_106,OBSOLETE,DISCARD_OBSOLETE,.png
artifacts/vxp3/review/generated_art_v8/kaia-windrow/KO.png,ONLY_ON_106,OBSOLETE,DISCARD_OBSOLETE,.png
artifacts/vxp3/review/generated_art_v8/kaia-windrow/attachment_stress.png,ONLY_ON_106,OBSOLETE,DISCARD_OBSOLETE,.png
artifacts/vxp3/review/generated_art_v8/kaia-windrow/back.png,ONLY_ON_106,OBSOLETE,DISCARD_OBSOLETE,.png
artifacts/vxp3/review/generated_art_v8/kaia-windrow/boot_detail.png,ONLY_ON_106,OBSOLETE,DISCARD_OBSOLETE,.png
artifacts/vxp3/review/generated_art_v8/kaia-windrow/charge_0_off.png,ONLY_ON_106,OBSOLETE,DISCARD_OBSOLETE,.png
artifacts/vxp3/review/generated_art_v8/kaia-windrow/charge_100_off.png,ONLY_ON_106,OBSOLETE,DISCARD_OBSOLETE,.png
artifacts/vxp3/review/generated_art_v8/kaia-windrow/charge_100_on.png,ONLY_ON_106,OBSOLETE,DISCARD_OBSOLETE,.png
artifacts/vxp3/review/generated_art_v8/kaia-windrow/clash_lock.png,ONLY_ON_106,OBSOLETE,DISCARD_OBSOLETE,.png
artifacts/vxp3/review/generated_art_v8/kaia-windrow/clash_lose.png,ONLY_ON_106,OBSOLETE,DISCARD_OBSOLETE,.png
artifacts/vxp3/review/generated_art_v8/kaia-windrow/clash_push.png,ONLY_ON_106,OBSOLETE,DISCARD_OBSOLETE,.png
artifacts/vxp3/review/generated_art_v8/kaia-windrow/clash_start.png,ONLY_ON_106,OBSOLETE,DISCARD_OBSOLETE,.png
artifacts/vxp3/review/generated_art_v8/kaia-windrow/clash_win.png,ONLY_ON_106,OBSOLETE,DISCARD_OBSOLETE,.png
artifacts/vxp3/review/generated_art_v8/kaia-windrow/costume_detail.png,ONLY_ON_106,OBSOLETE,DISCARD_OBSOLETE,.png
artifacts/vxp3/review/generated_art_v8/kaia-windrow/dash.png,ONLY_ON_106,OBSOLETE,DISCARD_OBSOLETE,.png
artifacts/vxp3/review/generated_art_v8/kaia-windrow/emission_off.png,ONLY_ON_106,OBSOLETE,DISCARD_OBSOLETE,.png
artifacts/vxp3/review/generated_art_v8/kaia-windrow/front.png,ONLY_ON_106,OBSOLETE,DISCARD_OBSOLETE,.png
artifacts/vxp3/review/generated_art_v8/kaia-windrow/front_3q.png,ONLY_ON_106,OBSOLETE,DISCARD_OBSOLETE,.png
artifacts/vxp3/review/generated_art_v8/kaia-windrow/front_3q_color.png,ONLY_ON_106,OBSOLETE,DISCARD_OBSOLETE,.png
artifacts/vxp3/review/generated_art_v8/kaia-windrow/front_3q_grayscale.png,ONLY_ON_106,OBSOLETE,DISCARD_OBSOLETE,.png
artifacts/vxp3/review/generated_art_v8/kaia-windrow/gameplay_color.png,ONLY_ON_106,OBSOLETE,DISCARD_OBSOLETE,.png
artifacts/vxp3/review/generated_art_v8/kaia-windrow/gameplay_grayscale.png,ONLY_ON_106,OBSOLETE,DISCARD_OBSOLETE,.png
artifacts/vxp3/review/generated_art_v8/kaia-windrow/gameplay_scale.png,ONLY_ON_106,OBSOLETE,DISCARD_OBSOLETE,.png
artifacts/vxp3/review/generated_art_v8/kaia-windrow/glove_fist.png,ONLY_ON_106,OBSOLETE,DISCARD_OBSOLETE,.png
artifacts/vxp3/review/generated_art_v8/kaia-windrow/glove_guard.png,ONLY_ON_106,OBSOLETE,DISCARD_OBSOLETE,.png
artifacts/vxp3/review/generated_art_v8/kaia-windrow/glove_open.png,ONLY_ON_106,OBSOLETE,DISCARD_OBSOLETE,.png
artifacts/vxp3/review/generated_art_v8/kaia-windrow/grayscale_values.png,ONLY_ON_106,OBSOLETE,DISCARD_OBSOLETE,.png
artifacts/vxp3/review/generated_art_v8/kaia-windrow/head_detail.png,ONLY_ON_106,OBSOLETE,DISCARD_OBSOLETE,.png
artifacts/vxp3/review/generated_art_v8/kaia-windrow/heavy_anticipation_pair.png,ONLY_ON_106,OBSOLETE,DISCARD_OBSOLETE,.png
artifacts/vxp3/review/generated_art_v8/kaia-windrow/heavy_contact_pair_debug.png,ONLY_ON_106,OBSOLETE,DISCARD_OBSOLETE,.png
artifacts/vxp3/review/generated_art_v8/kaia-windrow/heavy_contact_pair_off.png,ONLY_ON_106,OBSOLETE,DISCARD_OBSOLETE,.png
artifacts/vxp3/review/generated_art_v8/kaia-windrow/heavy_contact_pair_on.png,ONLY_ON_106,OBSOLETE,DISCARD_OBSOLETE,.png
artifacts/vxp3/review/generated_art_v8/kaia-windrow/heavy_follow.png,ONLY_ON_106,OBSOLETE,DISCARD_OBSOLETE,.png
artifacts/vxp3/review/generated_art_v8/kaia-windrow/hurt_peak_no_knockback.png,ONLY_ON_106,OBSOLETE,DISCARD_OBSOLETE,.png
artifacts/vxp3/review/generated_art_v8/kaia-windrow/idle.png,ONLY_ON_106,OBSOLETE,DISCARD_OBSOLETE,.png
artifacts/vxp3/review/generated_art_v8/kaia-windrow/launch_start.png,ONLY_ON_106,OBSOLETE,DISCARD_OBSOLETE,.png
artifacts/vxp3/review/generated_art_v8/kaia-windrow/mask_detail.png,ONLY_ON_106,OBSOLETE,DISCARD_OBSOLETE,.png
artifacts/vxp3/review/generated_art_v8/kaia-windrow/orientation.json,ONLY_ON_106,OBSOLETE,REFERENCE_ONLY,.json
artifacts/vxp3/review/generated_art_v8/kaia-windrow/personality_idle.png,ONLY_ON_106,OBSOLETE,DISCARD_OBSOLETE,.png
artifacts/vxp3/review/generated_art_v8/kaia-windrow/run.png,ONLY_ON_106,OBSOLETE,DISCARD_OBSOLETE,.png
artifacts/vxp3/review/generated_art_v8/kaia-windrow/select_preview.png,ONLY_ON_106,OBSOLETE,DISCARD_OBSOLETE,.png
artifacts/vxp3/review/generated_art_v8/kaia-windrow/side.png,ONLY_ON_106,OBSOLETE,DISCARD_OBSOLETE,.png
artifacts/vxp3/review/generated_art_v8/kaia-windrow/silhouette_idle.png,ONLY_ON_106,OBSOLETE,DISCARD_OBSOLETE,.png
artifacts/vxp3/review/generated_art_v8/kaia-windrow/silhouette_super.png,ONLY_ON_106,OBSOLETE,DISCARD_OBSOLETE,.png
artifacts/vxp3/review/generated_art_v8/kaia-windrow/super_off.png,ONLY_ON_106,OBSOLETE,DISCARD_OBSOLETE,.png
artifacts/vxp3/review/generated_art_v8/kaia-windrow/super_on.png,ONLY_ON_106,OBSOLETE,DISCARD_OBSOLETE,.png
artifacts/vxp3/review/generated_art_v8/kaia-windrow/super_silhouette.png,ONLY_ON_106,OBSOLETE,DISCARD_OBSOLETE,.png
artifacts/vxp3/review/generated_art_v8/kaia-windrow/walk.png,ONLY_ON_106,OBSOLETE,DISCARD_OBSOLETE,.png
artifacts/vxp3/review/generated_art_v8/nix-calder/KO.png,ONLY_ON_106,OBSOLETE,DISCARD_OBSOLETE,.png
artifacts/vxp3/review/generated_art_v8/nix-calder/attachment_stress.png,ONLY_ON_106,OBSOLETE,DISCARD_OBSOLETE,.png
artifacts/vxp3/review/generated_art_v8/nix-calder/back.png,ONLY_ON_106,OBSOLETE,DISCARD_OBSOLETE,.png
artifacts/vxp3/review/generated_art_v8/nix-calder/boot_detail.png,ONLY_ON_106,OBSOLETE,DISCARD_OBSOLETE,.png
artifacts/vxp3/review/generated_art_v8/nix-calder/charge_0_off.png,ONLY_ON_106,OBSOLETE,DISCARD_OBSOLETE,.png
artifacts/vxp3/review/generated_art_v8/nix-calder/charge_100_off.png,ONLY_ON_106,OBSOLETE,DISCARD_OBSOLETE,.png
artifacts/vxp3/review/generated_art_v8/nix-calder/charge_100_on.png,ONLY_ON_106,OBSOLETE,DISCARD_OBSOLETE,.png
artifacts/vxp3/review/generated_art_v8/nix-calder/clash_lock.png,ONLY_ON_106,OBSOLETE,DISCARD_OBSOLETE,.png
artifacts/vxp3/review/generated_art_v8/nix-calder/clash_lose.png,ONLY_ON_106,OBSOLETE,DISCARD_OBSOLETE,.png
artifacts/vxp3/review/generated_art_v8/nix-calder/clash_push.png,ONLY_ON_106,OBSOLETE,DISCARD_OBSOLETE,.png
artifacts/vxp3/review/generated_art_v8/nix-calder/clash_start.png,ONLY_ON_106,OBSOLETE,DISCARD_OBSOLETE,.png
artifacts/vxp3/review/generated_art_v8/nix-calder/clash_win.png,ONLY_ON_106,OBSOLETE,DISCARD_OBSOLETE,.png
artifacts/vxp3/review/generated_art_v8/nix-calder/costume_detail.png,ONLY_ON_106,OBSOLETE,DISCARD_OBSOLETE,.png
artifacts/vxp3/review/generated_art_v8/nix-calder/dash.png,ONLY_ON_106,OBSOLETE,DISCARD_OBSOLETE,.png
artifacts/vxp3/review/generated_art_v8/nix-calder/emission_off.png,ONLY_ON_106,OBSOLETE,DISCARD_OBSOLETE,.png
artifacts/vxp3/review/generated_art_v8/nix-calder/front.png,ONLY_ON_106,OBSOLETE,DISCARD_OBSOLETE,.png
artifacts/vxp3/review/generated_art_v8/nix-calder/front_3q.png,ONLY_ON_106,OBSOLETE,DISCARD_OBSOLETE,.png
artifacts/vxp3/review/generated_art_v8/nix-calder/front_3q_color.png,ONLY_ON_106,OBSOLETE,DISCARD_OBSOLETE,.png
artifacts/vxp3/review/generated_art_v8/nix-calder/front_3q_grayscale.png,ONLY_ON_106,OBSOLETE,DISCARD_OBSOLETE,.png
artifacts/vxp3/review/generated_art_v8/nix-calder/gameplay_color.png,ONLY_ON_106,OBSOLETE,DISCARD_OBSOLETE,.png
artifacts/vxp3/review/generated_art_v8/nix-calder/gameplay_grayscale.png,ONLY_ON_106,OBSOLETE,DISCARD_OBSOLETE,.png
artifacts/vxp3/review/generated_art_v8/nix-calder/gameplay_scale.png,ONLY_ON_106,OBSOLETE,DISCARD_OBSOLETE,.png
artifacts/vxp3/review/generated_art_v8/nix-calder/glove_fist.png,ONLY_ON_106,OBSOLETE,DISCARD_OBSOLETE,.png
artifacts/vxp3/review/generated_art_v8/nix-calder/glove_guard.png,ONLY_ON_106,OBSOLETE,DISCARD_OBSOLETE,.png
artifacts/vxp3/review/generated_art_v8/nix-calder/glove_open.png,ONLY_ON_106,OBSOLETE,DISCARD_OBSOLETE,.png
artifacts/vxp3/review/generated_art_v8/nix-calder/grayscale_values.png,ONLY_ON_106,OBSOLETE,DISCARD_OBSOLETE,.png
artifacts/vxp3/review/generated_art_v8/nix-calder/head_detail.png,ONLY_ON_106,OBSOLETE,DISCARD_OBSOLETE,.png
artifacts/vxp3/review/generated_art_v8/nix-calder/heavy_anticipation_pair.png,ONLY_ON_106,OBSOLETE,DISCARD_OBSOLETE,.png
artifacts/vxp3/review/generated_art_v8/nix-calder/heavy_contact_pair_debug.png,ONLY_ON_106,OBSOLETE,DISCARD_OBSOLETE,.png
artifacts/vxp3/review/generated_art_v8/nix-calder/heavy_contact_pair_off.png,ONLY_ON_106,OBSOLETE,DISCARD_OBSOLETE,.png
artifacts/vxp3/review/generated_art_v8/nix-calder/heavy_contact_pair_on.png,ONLY_ON_106,OBSOLETE,DISCARD_OBSOLETE,.png
artifacts/vxp3/review/generated_art_v8/nix-calder/heavy_follow.png,ONLY_ON_106,OBSOLETE,DISCARD_OBSOLETE,.png
artifacts/vxp3/review/generated_art_v8/nix-calder/hurt_peak_no_knockback.png,ONLY_ON_106,OBSOLETE,DISCARD_OBSOLETE,.png
artifacts/vxp3/review/generated_art_v8/nix-calder/idle.png,ONLY_ON_106,OBSOLETE,DISCARD_OBSOLETE,.png
artifacts/vxp3/review/generated_art_v8/nix-calder/launch_start.png,ONLY_ON_106,OBSOLETE,DISCARD_OBSOLETE,.png
artifacts/vxp3/review/generated_art_v8/nix-calder/mask_detail.png,ONLY_ON_106,OBSOLETE,DISCARD_OBSOLETE,.png
artifacts/vxp3/review/generated_art_v8/nix-calder/orientation.json,ONLY_ON_106,OBSOLETE,REFERENCE_ONLY,.json
artifacts/vxp3/review/generated_art_v8/nix-calder/personality_idle.png,ONLY_ON_106,OBSOLETE,DISCARD_OBSOLETE,.png
artifacts/vxp3/review/generated_art_v8/nix-calder/run.png,ONLY_ON_106,OBSOLETE,DISCARD_OBSOLETE,.png
artifacts/vxp3/review/generated_art_v8/nix-calder/select_preview.png,ONLY_ON_106,OBSOLETE,DISCARD_OBSOLETE,.png
artifacts/vxp3/review/generated_art_v8/nix-calder/side.png,ONLY_ON_106,OBSOLETE,DISCARD_OBSOLETE,.png
artifacts/vxp3/review/generated_art_v8/nix-calder/silhouette_idle.png,ONLY_ON_106,OBSOLETE,DISCARD_OBSOLETE,.png
artifacts/vxp3/review/generated_art_v8/nix-calder/silhouette_super.png,ONLY_ON_106,OBSOLETE,DISCARD_OBSOLETE,.png
artifacts/vxp3/review/generated_art_v8/nix-calder/super_off.png,ONLY_ON_106,OBSOLETE,DISCARD_OBSOLETE,.png
artifacts/vxp3/review/generated_art_v8/nix-calder/super_on.png,ONLY_ON_106,OBSOLETE,DISCARD_OBSOLETE,.png
artifacts/vxp3/review/generated_art_v8/nix-calder/super_silhouette.png,ONLY_ON_106,OBSOLETE,DISCARD_OBSOLETE,.png
artifacts/vxp3/review/generated_art_v8/nix-calder/walk.png,ONLY_ON_106,OBSOLETE,DISCARD_OBSOLETE,.png
artifacts/vxp3/review/generated_art_v8/orion-vell/KO.png,ONLY_ON_106,OBSOLETE,DISCARD_OBSOLETE,.png
artifacts/vxp3/review/generated_art_v8/orion-vell/attachment_stress.png,ONLY_ON_106,OBSOLETE,DISCARD_OBSOLETE,.png
artifacts/vxp3/review/generated_art_v8/orion-vell/back.png,ONLY_ON_106,OBSOLETE,DISCARD_OBSOLETE,.png
artifacts/vxp3/review/generated_art_v8/orion-vell/boot_detail.png,ONLY_ON_106,OBSOLETE,DISCARD_OBSOLETE,.png
artifacts/vxp3/review/generated_art_v8/orion-vell/charge_0_off.png,ONLY_ON_106,OBSOLETE,DISCARD_OBSOLETE,.png
artifacts/vxp3/review/generated_art_v8/orion-vell/charge_100_off.png,ONLY_ON_106,OBSOLETE,DISCARD_OBSOLETE,.png
artifacts/vxp3/review/generated_art_v8/orion-vell/charge_100_on.png,ONLY_ON_106,OBSOLETE,DISCARD_OBSOLETE,.png
artifacts/vxp3/review/generated_art_v8/orion-vell/clash_lock.png,ONLY_ON_106,OBSOLETE,DISCARD_OBSOLETE,.png
artifacts/vxp3/review/generated_art_v8/orion-vell/clash_lose.png,ONLY_ON_106,OBSOLETE,DISCARD_OBSOLETE,.png
artifacts/vxp3/review/generated_art_v8/orion-vell/clash_push.png,ONLY_ON_106,OBSOLETE,DISCARD_OBSOLETE,.png
artifacts/vxp3/review/generated_art_v8/orion-vell/clash_start.png,ONLY_ON_106,OBSOLETE,DISCARD_OBSOLETE,.png
artifacts/vxp3/review/generated_art_v8/orion-vell/clash_win.png,ONLY_ON_106,OBSOLETE,DISCARD_OBSOLETE,.png
artifacts/vxp3/review/generated_art_v8/orion-vell/costume_detail.png,ONLY_ON_106,OBSOLETE,DISCARD_OBSOLETE,.png
artifacts/vxp3/review/generated_art_v8/orion-vell/dash.png,ONLY_ON_106,OBSOLETE,DISCARD_OBSOLETE,.png
artifacts/vxp3/review/generated_art_v8/orion-vell/emission_off.png,ONLY_ON_106,OBSOLETE,DISCARD_OBSOLETE,.png
artifacts/vxp3/review/generated_art_v8/orion-vell/front.png,ONLY_ON_106,OBSOLETE,DISCARD_OBSOLETE,.png
artifacts/vxp3/review/generated_art_v8/orion-vell/front_3q.png,ONLY_ON_106,OBSOLETE,DISCARD_OBSOLETE,.png
artifacts/vxp3/review/generated_art_v8/orion-vell/front_3q_color.png,ONLY_ON_106,OBSOLETE,DISCARD_OBSOLETE,.png
artifacts/vxp3/review/generated_art_v8/orion-vell/front_3q_grayscale.png,ONLY_ON_106,OBSOLETE,DISCARD_OBSOLETE,.png
artifacts/vxp3/review/generated_art_v8/orion-vell/gameplay_color.png,ONLY_ON_106,OBSOLETE,DISCARD_OBSOLETE,.png
artifacts/vxp3/review/generated_art_v8/orion-vell/gameplay_grayscale.png,ONLY_ON_106,OBSOLETE,DISCARD_OBSOLETE,.png
artifacts/vxp3/review/generated_art_v8/orion-vell/gameplay_scale.png,ONLY_ON_106,OBSOLETE,DISCARD_OBSOLETE,.png
artifacts/vxp3/review/generated_art_v8/orion-vell/glove_fist.png,ONLY_ON_106,OBSOLETE,DISCARD_OBSOLETE,.png
artifacts/vxp3/review/generated_art_v8/orion-vell/glove_guard.png,ONLY_ON_106,OBSOLETE,DISCARD_OBSOLETE,.png
artifacts/vxp3/review/generated_art_v8/orion-vell/glove_open.png,ONLY_ON_106,OBSOLETE,DISCARD_OBSOLETE,.png
artifacts/vxp3/review/generated_art_v8/orion-vell/grayscale_values.png,ONLY_ON_106,OBSOLETE,DISCARD_OBSOLETE,.png
artifacts/vxp3/review/generated_art_v8/orion-vell/head_detail.png,ONLY_ON_106,OBSOLETE,DISCARD_OBSOLETE,.png
artifacts/vxp3/review/generated_art_v8/orion-vell/heavy_anticipation_pair.png,ONLY_ON_106,OBSOLETE,DISCARD_OBSOLETE,.png
artifacts/vxp3/review/generated_art_v8/orion-vell/heavy_contact_pair_debug.png,ONLY_ON_106,OBSOLETE,DISCARD_OBSOLETE,.png
artifacts/vxp3/review/generated_art_v8/orion-vell/heavy_contact_pair_off.png,ONLY_ON_106,OBSOLETE,DISCARD_OBSOLETE,.png
artifacts/vxp3/review/generated_art_v8/orion-vell/heavy_contact_pair_on.png,ONLY_ON_106,OBSOLETE,DISCARD_OBSOLETE,.png
artifacts/vxp3/review/generated_art_v8/orion-vell/heavy_follow.png,ONLY_ON_106,OBSOLETE,DISCARD_OBSOLETE,.png
artifacts/vxp3/review/generated_art_v8/orion-vell/hurt_peak_no_knockback.png,ONLY_ON_106,OBSOLETE,DISCARD_OBSOLETE,.png
artifacts/vxp3/review/generated_art_v8/orion-vell/idle.png,ONLY_ON_106,OBSOLETE,DISCARD_OBSOLETE,.png
artifacts/vxp3/review/generated_art_v8/orion-vell/launch_start.png,ONLY_ON_106,OBSOLETE,DISCARD_OBSOLETE,.png
artifacts/vxp3/review/generated_art_v8/orion-vell/mask_detail.png,ONLY_ON_106,OBSOLETE,DISCARD_OBSOLETE,.png
artifacts/vxp3/review/generated_art_v8/orion-vell/orientation.json,ONLY_ON_106,OBSOLETE,REFERENCE_ONLY,.json
artifacts/vxp3/review/generated_art_v8/orion-vell/personality_idle.png,ONLY_ON_106,OBSOLETE,DISCARD_OBSOLETE,.png
artifacts/vxp3/review/generated_art_v8/orion-vell/run.png,ONLY_ON_106,OBSOLETE,DISCARD_OBSOLETE,.png
artifacts/vxp3/review/generated_art_v8/orion-vell/select_preview.png,ONLY_ON_106,OBSOLETE,DISCARD_OBSOLETE,.png
artifacts/vxp3/review/generated_art_v8/orion-vell/side.png,ONLY_ON_106,OBSOLETE,DISCARD_OBSOLETE,.png
artifacts/vxp3/review/generated_art_v8/orion-vell/silhouette_idle.png,ONLY_ON_106,OBSOLETE,DISCARD_OBSOLETE,.png
artifacts/vxp3/review/generated_art_v8/orion-vell/silhouette_super.png,ONLY_ON_106,OBSOLETE,DISCARD_OBSOLETE,.png
artifacts/vxp3/review/generated_art_v8/orion-vell/super_off.png,ONLY_ON_106,OBSOLETE,DISCARD_OBSOLETE,.png
artifacts/vxp3/review/generated_art_v8/orion-vell/super_on.png,ONLY_ON_106,OBSOLETE,DISCARD_OBSOLETE,.png
artifacts/vxp3/review/generated_art_v8/orion-vell/super_silhouette.png,ONLY_ON_106,OBSOLETE,DISCARD_OBSOLETE,.png
artifacts/vxp3/review/generated_art_v8/orion-vell/walk.png,ONLY_ON_106,OBSOLETE,DISCARD_OBSOLETE,.png
artifacts/vxp3/review/generated_art_v8/rook-ironside/KO.png,ONLY_ON_106,OBSOLETE,DISCARD_OBSOLETE,.png
artifacts/vxp3/review/generated_art_v8/rook-ironside/attachment_stress.png,ONLY_ON_106,OBSOLETE,DISCARD_OBSOLETE,.png
artifacts/vxp3/review/generated_art_v8/rook-ironside/back.png,ONLY_ON_106,OBSOLETE,DISCARD_OBSOLETE,.png
artifacts/vxp3/review/generated_art_v8/rook-ironside/boot_detail.png,ONLY_ON_106,OBSOLETE,DISCARD_OBSOLETE,.png
artifacts/vxp3/review/generated_art_v8/rook-ironside/charge_0_off.png,ONLY_ON_106,OBSOLETE,DISCARD_OBSOLETE,.png
artifacts/vxp3/review/generated_art_v8/rook-ironside/charge_100_off.png,ONLY_ON_106,OBSOLETE,DISCARD_OBSOLETE,.png
artifacts/vxp3/review/generated_art_v8/rook-ironside/charge_100_on.png,ONLY_ON_106,OBSOLETE,DISCARD_OBSOLETE,.png
artifacts/vxp3/review/generated_art_v8/rook-ironside/clash_lock.png,ONLY_ON_106,OBSOLETE,DISCARD_OBSOLETE,.png
artifacts/vxp3/review/generated_art_v8/rook-ironside/clash_lose.png,ONLY_ON_106,OBSOLETE,DISCARD_OBSOLETE,.png
artifacts/vxp3/review/generated_art_v8/rook-ironside/clash_push.png,ONLY_ON_106,OBSOLETE,DISCARD_OBSOLETE,.png
artifacts/vxp3/review/generated_art_v8/rook-ironside/clash_start.png,ONLY_ON_106,OBSOLETE,DISCARD_OBSOLETE,.png
artifacts/vxp3/review/generated_art_v8/rook-ironside/clash_win.png,ONLY_ON_106,OBSOLETE,DISCARD_OBSOLETE,.png
artifacts/vxp3/review/generated_art_v8/rook-ironside/costume_detail.png,ONLY_ON_106,OBSOLETE,DISCARD_OBSOLETE,.png
artifacts/vxp3/review/generated_art_v8/rook-ironside/dash.png,ONLY_ON_106,OBSOLETE,DISCARD_OBSOLETE,.png
artifacts/vxp3/review/generated_art_v8/rook-ironside/emission_off.png,ONLY_ON_106,OBSOLETE,DISCARD_OBSOLETE,.png
artifacts/vxp3/review/generated_art_v8/rook-ironside/front.png,ONLY_ON_106,OBSOLETE,DISCARD_OBSOLETE,.png
artifacts/vxp3/review/generated_art_v8/rook-ironside/front_3q.png,ONLY_ON_106,OBSOLETE,DISCARD_OBSOLETE,.png
artifacts/vxp3/review/generated_art_v8/rook-ironside/front_3q_color.png,ONLY_ON_106,OBSOLETE,DISCARD_OBSOLETE,.png
artifacts/vxp3/review/generated_art_v8/rook-ironside/front_3q_grayscale.png,ONLY_ON_106,OBSOLETE,DISCARD_OBSOLETE,.png
artifacts/vxp3/review/generated_art_v8/rook-ironside/gameplay_color.png,ONLY_ON_106,OBSOLETE,DISCARD_OBSOLETE,.png
artifacts/vxp3/review/generated_art_v8/rook-ironside/gameplay_grayscale.png,ONLY_ON_106,OBSOLETE,DISCARD_OBSOLETE,.png
artifacts/vxp3/review/generated_art_v8/rook-ironside/gameplay_scale.png,ONLY_ON_106,OBSOLETE,DISCARD_OBSOLETE,.png
artifacts/vxp3/review/generated_art_v8/rook-ironside/glove_fist.png,ONLY_ON_106,OBSOLETE,DISCARD_OBSOLETE,.png
artifacts/vxp3/review/generated_art_v8/rook-ironside/glove_guard.png,ONLY_ON_106,OBSOLETE,DISCARD_OBSOLETE,.png
artifacts/vxp3/review/generated_art_v8/rook-ironside/glove_open.png,ONLY_ON_106,OBSOLETE,DISCARD_OBSOLETE,.png
artifacts/vxp3/review/generated_art_v8/rook-ironside/grayscale_values.png,ONLY_ON_106,OBSOLETE,DISCARD_OBSOLETE,.png
artifacts/vxp3/review/generated_art_v8/rook-ironside/head_detail.png,ONLY_ON_106,OBSOLETE,DISCARD_OBSOLETE,.png
artifacts/vxp3/review/generated_art_v8/rook-ironside/heavy_anticipation_pair.png,ONLY_ON_106,OBSOLETE,DISCARD_OBSOLETE,.png
artifacts/vxp3/review/generated_art_v8/rook-ironside/heavy_contact_pair_debug.png,ONLY_ON_106,OBSOLETE,DISCARD_OBSOLETE,.png
artifacts/vxp3/review/generated_art_v8/rook-ironside/heavy_contact_pair_off.png,ONLY_ON_106,OBSOLETE,DISCARD_OBSOLETE,.png
artifacts/vxp3/review/generated_art_v8/rook-ironside/heavy_contact_pair_on.png,ONLY_ON_106,OBSOLETE,DISCARD_OBSOLETE,.png
artifacts/vxp3/review/generated_art_v8/rook-ironside/heavy_follow.png,ONLY_ON_106,OBSOLETE,DISCARD_OBSOLETE,.png
artifacts/vxp3/review/generated_art_v8/rook-ironside/hurt_peak_no_knockback.png,ONLY_ON_106,OBSOLETE,DISCARD_OBSOLETE,.png
artifacts/vxp3/review/generated_art_v8/rook-ironside/idle.png,ONLY_ON_106,OBSOLETE,DISCARD_OBSOLETE,.png
artifacts/vxp3/review/generated_art_v8/rook-ironside/launch_start.png,ONLY_ON_106,OBSOLETE,DISCARD_OBSOLETE,.png
artifacts/vxp3/review/generated_art_v8/rook-ironside/mask_detail.png,ONLY_ON_106,OBSOLETE,DISCARD_OBSOLETE,.png
artifacts/vxp3/review/generated_art_v8/rook-ironside/orientation.json,ONLY_ON_106,OBSOLETE,REFERENCE_ONLY,.json
artifacts/vxp3/review/generated_art_v8/rook-ironside/personality_idle.png,ONLY_ON_106,OBSOLETE,DISCARD_OBSOLETE,.png
artifacts/vxp3/review/generated_art_v8/rook-ironside/run.png,ONLY_ON_106,OBSOLETE,DISCARD_OBSOLETE,.png
artifacts/vxp3/review/generated_art_v8/rook-ironside/select_preview.png,ONLY_ON_106,OBSOLETE,DISCARD_OBSOLETE,.png
artifacts/vxp3/review/generated_art_v8/rook-ironside/side.png,ONLY_ON_106,OBSOLETE,DISCARD_OBSOLETE,.png
artifacts/vxp3/review/generated_art_v8/rook-ironside/silhouette_idle.png,ONLY_ON_106,OBSOLETE,DISCARD_OBSOLETE,.png
artifacts/vxp3/review/generated_art_v8/rook-ironside/silhouette_super.png,ONLY_ON_106,OBSOLETE,DISCARD_OBSOLETE,.png
artifacts/vxp3/review/generated_art_v8/rook-ironside/super_off.png,ONLY_ON_106,OBSOLETE,DISCARD_OBSOLETE,.png
artifacts/vxp3/review/generated_art_v8/rook-ironside/super_on.png,ONLY_ON_106,OBSOLETE,DISCARD_OBSOLETE,.png
artifacts/vxp3/review/generated_art_v8/rook-ironside/super_silhouette.png,ONLY_ON_106,OBSOLETE,DISCARD_OBSOLETE,.png
artifacts/vxp3/review/generated_art_v8/rook-ironside/walk.png,ONLY_ON_106,OBSOLETE,DISCARD_OBSOLETE,.png
artifacts/vxp3/review/generated_art_v8/roster/attachment_stress.png,ONLY_ON_106,OBSOLETE,DISCARD_OBSOLETE,.png
artifacts/vxp3/review/generated_art_v8/roster/boots.png,ONLY_ON_106,OBSOLETE,DISCARD_OBSOLETE,.png
artifacts/vxp3/review/generated_art_v8/roster/charge_transformation.png,ONLY_ON_106,OBSOLETE,DISCARD_OBSOLETE,.png
artifacts/vxp3/review/generated_art_v8/roster/clash_presets.png,ONLY_ON_106,OBSOLETE,DISCARD_OBSOLETE,.png
artifacts/vxp3/review/generated_art_v8/roster/color_lineup.png,ONLY_ON_106,OBSOLETE,DISCARD_OBSOLETE,.png
artifacts/vxp3/review/generated_art_v8/roster/gloves.png,ONLY_ON_106,OBSOLETE,DISCARD_OBSOLETE,.png
artifacts/vxp3/review/generated_art_v8/roster/grayscale_lineup.png,ONLY_ON_106,OBSOLETE,DISCARD_OBSOLETE,.png
artifacts/vxp3/review/generated_art_v8/roster/heavy_pairs.png,ONLY_ON_106,OBSOLETE,DISCARD_OBSOLETE,.png
artifacts/vxp3/review/generated_art_v8/roster/hero_features.png,ONLY_ON_106,OBSOLETE,DISCARD_OBSOLETE,.png
artifacts/vxp3/review/generated_art_v8/roster/hurt_peaks.png,ONLY_ON_106,OBSOLETE,DISCARD_OBSOLETE,.png
artifacts/vxp3/review/generated_art_v8/roster/idle_identities.png,ONLY_ON_106,OBSOLETE,DISCARD_OBSOLETE,.png
artifacts/vxp3/review/generated_art_v8/roster/masks.png,ONLY_ON_106,OBSOLETE,DISCARD_OBSOLETE,.png
artifacts/vxp3/review/generated_art_v8/roster/select_lineup.png,ONLY_ON_106,OBSOLETE,DISCARD_OBSOLETE,.png
artifacts/vxp3/review/generated_art_v8/roster/silhouettes.png,ONLY_ON_106,OBSOLETE,DISCARD_OBSOLETE,.png
artifacts/vxp3/review/generated_art_v8/roster/supers.png,ONLY_ON_106,OBSOLETE,DISCARD_OBSOLETE,.png
artifacts/vxp3/review/generated_art_v8/roster/value_groups.png,ONLY_ON_106,OBSOLETE,DISCARD_OBSOLETE,.png
artifacts/vxp3/review/generated_art_v8/vesper-nyx/KO.png,ONLY_ON_106,OBSOLETE,DISCARD_OBSOLETE,.png
artifacts/vxp3/review/generated_art_v8/vesper-nyx/attachment_stress.png,ONLY_ON_106,OBSOLETE,DISCARD_OBSOLETE,.png
artifacts/vxp3/review/generated_art_v8/vesper-nyx/back.png,ONLY_ON_106,OBSOLETE,DISCARD_OBSOLETE,.png
artifacts/vxp3/review/generated_art_v8/vesper-nyx/boot_detail.png,ONLY_ON_106,OBSOLETE,DISCARD_OBSOLETE,.png
artifacts/vxp3/review/generated_art_v8/vesper-nyx/charge_0_off.png,ONLY_ON_106,OBSOLETE,DISCARD_OBSOLETE,.png
artifacts/vxp3/review/generated_art_v8/vesper-nyx/charge_100_off.png,ONLY_ON_106,OBSOLETE,DISCARD_OBSOLETE,.png
artifacts/vxp3/review/generated_art_v8/vesper-nyx/charge_100_on.png,ONLY_ON_106,OBSOLETE,DISCARD_OBSOLETE,.png
artifacts/vxp3/review/generated_art_v8/vesper-nyx/clash_lock.png,ONLY_ON_106,OBSOLETE,DISCARD_OBSOLETE,.png
artifacts/vxp3/review/generated_art_v8/vesper-nyx/clash_lose.png,ONLY_ON_106,OBSOLETE,DISCARD_OBSOLETE,.png
artifacts/vxp3/review/generated_art_v8/vesper-nyx/clash_push.png,ONLY_ON_106,OBSOLETE,DISCARD_OBSOLETE,.png
artifacts/vxp3/review/generated_art_v8/vesper-nyx/clash_start.png,ONLY_ON_106,OBSOLETE,DISCARD_OBSOLETE,.png
artifacts/vxp3/review/generated_art_v8/vesper-nyx/clash_win.png,ONLY_ON_106,OBSOLETE,DISCARD_OBSOLETE,.png
artifacts/vxp3/review/generated_art_v8/vesper-nyx/costume_detail.png,ONLY_ON_106,OBSOLETE,DISCARD_OBSOLETE,.png
artifacts/vxp3/review/generated_art_v8/vesper-nyx/dash.png,ONLY_ON_106,OBSOLETE,DISCARD_OBSOLETE,.png
artifacts/vxp3/review/generated_art_v8/vesper-nyx/emission_off.png,ONLY_ON_106,OBSOLETE,DISCARD_OBSOLETE,.png
artifacts/vxp3/review/generated_art_v8/vesper-nyx/front.png,ONLY_ON_106,OBSOLETE,DISCARD_OBSOLETE,.png
artifacts/vxp3/review/generated_art_v8/vesper-nyx/front_3q.png,ONLY_ON_106,OBSOLETE,DISCARD_OBSOLETE,.png
artifacts/vxp3/review/generated_art_v8/vesper-nyx/front_3q_color.png,ONLY_ON_106,OBSOLETE,DISCARD_OBSOLETE,.png
artifacts/vxp3/review/generated_art_v8/vesper-nyx/front_3q_grayscale.png,ONLY_ON_106,OBSOLETE,DISCARD_OBSOLETE,.png
artifacts/vxp3/review/generated_art_v8/vesper-nyx/gameplay_color.png,ONLY_ON_106,OBSOLETE,DISCARD_OBSOLETE,.png
artifacts/vxp3/review/generated_art_v8/vesper-nyx/gameplay_grayscale.png,ONLY_ON_106,OBSOLETE,DISCARD_OBSOLETE,.png
artifacts/vxp3/review/generated_art_v8/vesper-nyx/gameplay_scale.png,ONLY_ON_106,OBSOLETE,DISCARD_OBSOLETE,.png
artifacts/vxp3/review/generated_art_v8/vesper-nyx/glove_fist.png,ONLY_ON_106,OBSOLETE,DISCARD_OBSOLETE,.png
artifacts/vxp3/review/generated_art_v8/vesper-nyx/glove_guard.png,ONLY_ON_106,OBSOLETE,DISCARD_OBSOLETE,.png
artifacts/vxp3/review/generated_art_v8/vesper-nyx/glove_open.png,ONLY_ON_106,OBSOLETE,DISCARD_OBSOLETE,.png
artifacts/vxp3/review/generated_art_v8/vesper-nyx/grayscale_values.png,ONLY_ON_106,OBSOLETE,DISCARD_OBSOLETE,.png
artifacts/vxp3/review/generated_art_v8/vesper-nyx/head_detail.png,ONLY_ON_106,OBSOLETE,DISCARD_OBSOLETE,.png
artifacts/vxp3/review/generated_art_v8/vesper-nyx/heavy_anticipation_pair.png,ONLY_ON_106,OBSOLETE,DISCARD_OBSOLETE,.png
artifacts/vxp3/review/generated_art_v8/vesper-nyx/heavy_contact_pair_debug.png,ONLY_ON_106,OBSOLETE,DISCARD_OBSOLETE,.png
artifacts/vxp3/review/generated_art_v8/vesper-nyx/heavy_contact_pair_off.png,ONLY_ON_106,OBSOLETE,DISCARD_OBSOLETE,.png
artifacts/vxp3/review/generated_art_v8/vesper-nyx/heavy_contact_pair_on.png,ONLY_ON_106,OBSOLETE,DISCARD_OBSOLETE,.png
artifacts/vxp3/review/generated_art_v8/vesper-nyx/heavy_follow.png,ONLY_ON_106,OBSOLETE,DISCARD_OBSOLETE,.png
artifacts/vxp3/review/generated_art_v8/vesper-nyx/hurt_peak_no_knockback.png,ONLY_ON_106,OBSOLETE,DISCARD_OBSOLETE,.png
artifacts/vxp3/review/generated_art_v8/vesper-nyx/idle.png,ONLY_ON_106,OBSOLETE,DISCARD_OBSOLETE,.png
artifacts/vxp3/review/generated_art_v8/vesper-nyx/launch_start.png,ONLY_ON_106,OBSOLETE,DISCARD_OBSOLETE,.png
artifacts/vxp3/review/generated_art_v8/vesper-nyx/mask_detail.png,ONLY_ON_106,OBSOLETE,DISCARD_OBSOLETE,.png
artifacts/vxp3/review/generated_art_v8/vesper-nyx/orientation.json,ONLY_ON_106,OBSOLETE,REFERENCE_ONLY,.json
artifacts/vxp3/review/generated_art_v8/vesper-nyx/personality_idle.png,ONLY_ON_106,OBSOLETE,DISCARD_OBSOLETE,.png
artifacts/vxp3/review/generated_art_v8/vesper-nyx/run.png,ONLY_ON_106,OBSOLETE,DISCARD_OBSOLETE,.png
artifacts/vxp3/review/generated_art_v8/vesper-nyx/select_preview.png,ONLY_ON_106,OBSOLETE,DISCARD_OBSOLETE,.png
artifacts/vxp3/review/generated_art_v8/vesper-nyx/side.png,ONLY_ON_106,OBSOLETE,DISCARD_OBSOLETE,.png
artifacts/vxp3/review/generated_art_v8/vesper-nyx/silhouette_idle.png,ONLY_ON_106,OBSOLETE,DISCARD_OBSOLETE,.png
artifacts/vxp3/review/generated_art_v8/vesper-nyx/silhouette_super.png,ONLY_ON_106,OBSOLETE,DISCARD_OBSOLETE,.png
artifacts/vxp3/review/generated_art_v8/vesper-nyx/super_off.png,ONLY_ON_106,OBSOLETE,DISCARD_OBSOLETE,.png
artifacts/vxp3/review/generated_art_v8/vesper-nyx/super_on.png,ONLY_ON_106,OBSOLETE,DISCARD_OBSOLETE,.png
artifacts/vxp3/review/generated_art_v8/vesper-nyx/super_silhouette.png,ONLY_ON_106,OBSOLETE,DISCARD_OBSOLETE,.png
artifacts/vxp3/review/generated_art_v8/vesper-nyx/walk.png,ONLY_ON_106,OBSOLETE,DISCARD_OBSOLETE,.png
artifacts/vxp3/review/generated_art_v9/attachment_stress/ember-vale/clash_lock.png,ONLY_ON_106,OBSOLETE,DISCARD_OBSOLETE,.png
artifacts/vxp3/review/generated_art_v9/attachment_stress/ember-vale/dash.png,ONLY_ON_106,OBSOLETE,DISCARD_OBSOLETE,.png
artifacts/vxp3/review/generated_art_v9/attachment_stress/ember-vale/heavy_contact.png,ONLY_ON_106,OBSOLETE,DISCARD_OBSOLETE,.png
artifacts/vxp3/review/generated_art_v9/attachment_stress/ember-vale/hurt_heavy.png,ONLY_ON_106,OBSOLETE,DISCARD_OBSOLETE,.png
artifacts/vxp3/review/generated_art_v9/attachment_stress/ember-vale/idle.png,ONLY_ON_106,OBSOLETE,DISCARD_OBSOLETE,.png
artifacts/vxp3/review/generated_art_v9/attachment_stress/juno-spark/clash_lock.png,ONLY_ON_106,OBSOLETE,DISCARD_OBSOLETE,.png
artifacts/vxp3/review/generated_art_v9/attachment_stress/juno-spark/dash.png,ONLY_ON_106,OBSOLETE,DISCARD_OBSOLETE,.png
artifacts/vxp3/review/generated_art_v9/attachment_stress/juno-spark/heavy_contact.png,ONLY_ON_106,OBSOLETE,DISCARD_OBSOLETE,.png
artifacts/vxp3/review/generated_art_v9/attachment_stress/juno-spark/hurt_heavy.png,ONLY_ON_106,OBSOLETE,DISCARD_OBSOLETE,.png
artifacts/vxp3/review/generated_art_v9/attachment_stress/juno-spark/idle.png,ONLY_ON_106,OBSOLETE,DISCARD_OBSOLETE,.png
artifacts/vxp3/review/generated_art_v9/attachment_stress/kaia-windrow/clash_lock.png,ONLY_ON_106,OBSOLETE,DISCARD_OBSOLETE,.png
artifacts/vxp3/review/generated_art_v9/attachment_stress/kaia-windrow/dash.png,ONLY_ON_106,OBSOLETE,DISCARD_OBSOLETE,.png
artifacts/vxp3/review/generated_art_v9/attachment_stress/kaia-windrow/heavy_contact.png,ONLY_ON_106,OBSOLETE,DISCARD_OBSOLETE,.png
artifacts/vxp3/review/generated_art_v9/attachment_stress/kaia-windrow/hurt_heavy.png,ONLY_ON_106,OBSOLETE,DISCARD_OBSOLETE,.png
artifacts/vxp3/review/generated_art_v9/attachment_stress/kaia-windrow/idle.png,ONLY_ON_106,OBSOLETE,DISCARD_OBSOLETE,.png
artifacts/vxp3/review/generated_art_v9/attachment_stress/nix-calder/clash_lock.png,ONLY_ON_106,OBSOLETE,DISCARD_OBSOLETE,.png
artifacts/vxp3/review/generated_art_v9/attachment_stress/nix-calder/dash.png,ONLY_ON_106,OBSOLETE,DISCARD_OBSOLETE,.png
artifacts/vxp3/review/generated_art_v9/attachment_stress/nix-calder/heavy_contact.png,ONLY_ON_106,OBSOLETE,DISCARD_OBSOLETE,.png
artifacts/vxp3/review/generated_art_v9/attachment_stress/nix-calder/hurt_heavy.png,ONLY_ON_106,OBSOLETE,DISCARD_OBSOLETE,.png
artifacts/vxp3/review/generated_art_v9/attachment_stress/nix-calder/idle.png,ONLY_ON_106,OBSOLETE,DISCARD_OBSOLETE,.png
artifacts/vxp3/review/generated_art_v9/attachment_stress/orion-vell/clash_lock.png,ONLY_ON_106,OBSOLETE,DISCARD_OBSOLETE,.png
artifacts/vxp3/review/generated_art_v9/attachment_stress/orion-vell/dash.png,ONLY_ON_106,OBSOLETE,DISCARD_OBSOLETE,.png
artifacts/vxp3/review/generated_art_v9/attachment_stress/orion-vell/heavy_contact.png,ONLY_ON_106,OBSOLETE,DISCARD_OBSOLETE,.png
artifacts/vxp3/review/generated_art_v9/attachment_stress/orion-vell/hurt_heavy.png,ONLY_ON_106,OBSOLETE,DISCARD_OBSOLETE,.png
artifacts/vxp3/review/generated_art_v9/attachment_stress/orion-vell/idle.png,ONLY_ON_106,OBSOLETE,DISCARD_OBSOLETE,.png
artifacts/vxp3/review/generated_art_v9/attachment_stress/rook-ironside/clash_lock.png,ONLY_ON_106,OBSOLETE,DISCARD_OBSOLETE,.png
artifacts/vxp3/review/generated_art_v9/attachment_stress/rook-ironside/dash.png,ONLY_ON_106,OBSOLETE,DISCARD_OBSOLETE,.png
artifacts/vxp3/review/generated_art_v9/attachment_stress/rook-ironside/heavy_contact.png,ONLY_ON_106,OBSOLETE,DISCARD_OBSOLETE,.png
artifacts/vxp3/review/generated_art_v9/attachment_stress/rook-ironside/hurt_heavy.png,ONLY_ON_106,OBSOLETE,DISCARD_OBSOLETE,.png
artifacts/vxp3/review/generated_art_v9/attachment_stress/rook-ironside/idle.png,ONLY_ON_106,OBSOLETE,DISCARD_OBSOLETE,.png
artifacts/vxp3/review/generated_art_v9/attachment_stress/vesper-nyx/clash_lock.png,ONLY_ON_106,OBSOLETE,DISCARD_OBSOLETE,.png
artifacts/vxp3/review/generated_art_v9/attachment_stress/vesper-nyx/dash.png,ONLY_ON_106,OBSOLETE,DISCARD_OBSOLETE,.png
artifacts/vxp3/review/generated_art_v9/attachment_stress/vesper-nyx/heavy_contact.png,ONLY_ON_106,OBSOLETE,DISCARD_OBSOLETE,.png
artifacts/vxp3/review/generated_art_v9/attachment_stress/vesper-nyx/hurt_heavy.png,ONLY_ON_106,OBSOLETE,DISCARD_OBSOLETE,.png
artifacts/vxp3/review/generated_art_v9/attachment_stress/vesper-nyx/idle.png,ONLY_ON_106,OBSOLETE,DISCARD_OBSOLETE,.png
artifacts/vxp3/review/generated_art_v9/ember-vale/KO.png,ONLY_ON_106,OBSOLETE,DISCARD_OBSOLETE,.png
artifacts/vxp3/review/generated_art_v9/ember-vale/attachment_stress.png,ONLY_ON_106,OBSOLETE,DISCARD_OBSOLETE,.png
artifacts/vxp3/review/generated_art_v9/ember-vale/back.png,ONLY_ON_106,OBSOLETE,DISCARD_OBSOLETE,.png
artifacts/vxp3/review/generated_art_v9/ember-vale/boot_detail.png,ONLY_ON_106,OBSOLETE,DISCARD_OBSOLETE,.png
artifacts/vxp3/review/generated_art_v9/ember-vale/boot_silhouette.png,ONLY_ON_106,OBSOLETE,DISCARD_OBSOLETE,.png
artifacts/vxp3/review/generated_art_v9/ember-vale/charge_0_off.png,ONLY_ON_106,OBSOLETE,DISCARD_OBSOLETE,.png
artifacts/vxp3/review/generated_art_v9/ember-vale/charge_0_silhouette.png,ONLY_ON_106,OBSOLETE,DISCARD_OBSOLETE,.png
artifacts/vxp3/review/generated_art_v9/ember-vale/charge_100_off.png,ONLY_ON_106,OBSOLETE,DISCARD_OBSOLETE,.png
artifacts/vxp3/review/generated_art_v9/ember-vale/charge_100_on.png,ONLY_ON_106,OBSOLETE,DISCARD_OBSOLETE,.png
artifacts/vxp3/review/generated_art_v9/ember-vale/charge_100_silhouette.png,ONLY_ON_106,OBSOLETE,DISCARD_OBSOLETE,.png
artifacts/vxp3/review/generated_art_v9/ember-vale/clash_lock.png,ONLY_ON_106,OBSOLETE,DISCARD_OBSOLETE,.png
artifacts/vxp3/review/generated_art_v9/ember-vale/clash_lock_off.png,ONLY_ON_106,OBSOLETE,DISCARD_OBSOLETE,.png
artifacts/vxp3/review/generated_art_v9/ember-vale/clash_lock_on.png,ONLY_ON_106,OBSOLETE,DISCARD_OBSOLETE,.png
artifacts/vxp3/review/generated_art_v9/ember-vale/clash_lose.png,ONLY_ON_106,OBSOLETE,DISCARD_OBSOLETE,.png
artifacts/vxp3/review/generated_art_v9/ember-vale/clash_push.png,ONLY_ON_106,OBSOLETE,DISCARD_OBSOLETE,.png
artifacts/vxp3/review/generated_art_v9/ember-vale/clash_start.png,ONLY_ON_106,OBSOLETE,DISCARD_OBSOLETE,.png
artifacts/vxp3/review/generated_art_v9/ember-vale/clash_win.png,ONLY_ON_106,OBSOLETE,DISCARD_OBSOLETE,.png
artifacts/vxp3/review/generated_art_v9/ember-vale/costume_detail.png,ONLY_ON_106,OBSOLETE,DISCARD_OBSOLETE,.png
artifacts/vxp3/review/generated_art_v9/ember-vale/dash.png,ONLY_ON_106,OBSOLETE,DISCARD_OBSOLETE,.png
artifacts/vxp3/review/generated_art_v9/ember-vale/emission_off.png,ONLY_ON_106,OBSOLETE,DISCARD_OBSOLETE,.png
artifacts/vxp3/review/generated_art_v9/ember-vale/follow_through.png,ONLY_ON_106,OBSOLETE,DISCARD_OBSOLETE,.png
artifacts/vxp3/review/generated_art_v9/ember-vale/front.png,ONLY_ON_106,OBSOLETE,DISCARD_OBSOLETE,.png
artifacts/vxp3/review/generated_art_v9/ember-vale/front_3q.png,ONLY_ON_106,OBSOLETE,DISCARD_OBSOLETE,.png
artifacts/vxp3/review/generated_art_v9/ember-vale/front_3q_color.png,ONLY_ON_106,OBSOLETE,DISCARD_OBSOLETE,.png
artifacts/vxp3/review/generated_art_v9/ember-vale/front_3q_grayscale.png,ONLY_ON_106,OBSOLETE,DISCARD_OBSOLETE,.png
artifacts/vxp3/review/generated_art_v9/ember-vale/gameplay_color.png,ONLY_ON_106,OBSOLETE,DISCARD_OBSOLETE,.png
artifacts/vxp3/review/generated_art_v9/ember-vale/gameplay_grayscale.png,ONLY_ON_106,OBSOLETE,DISCARD_OBSOLETE,.png
artifacts/vxp3/review/generated_art_v9/ember-vale/gameplay_scale.png,ONLY_ON_106,OBSOLETE,DISCARD_OBSOLETE,.png
artifacts/vxp3/review/generated_art_v9/ember-vale/glove_cast.png,ONLY_ON_106,OBSOLETE,DISCARD_OBSOLETE,.png
artifacts/vxp3/review/generated_art_v9/ember-vale/glove_fist.png,ONLY_ON_106,OBSOLETE,DISCARD_OBSOLETE,.png
artifacts/vxp3/review/generated_art_v9/ember-vale/glove_fist_silhouette.png,ONLY_ON_106,OBSOLETE,DISCARD_OBSOLETE,.png
artifacts/vxp3/review/generated_art_v9/ember-vale/glove_guard.png,ONLY_ON_106,OBSOLETE,DISCARD_OBSOLETE,.png
artifacts/vxp3/review/generated_art_v9/ember-vale/glove_open.png,ONLY_ON_106,OBSOLETE,DISCARD_OBSOLETE,.png
artifacts/vxp3/review/generated_art_v9/ember-vale/glove_open_silhouette.png,ONLY_ON_106,OBSOLETE,DISCARD_OBSOLETE,.png
artifacts/vxp3/review/generated_art_v9/ember-vale/grayscale_values.png,ONLY_ON_106,OBSOLETE,DISCARD_OBSOLETE,.png
artifacts/vxp3/review/generated_art_v9/ember-vale/head_detail.png,ONLY_ON_106,OBSOLETE,DISCARD_OBSOLETE,.png
artifacts/vxp3/review/generated_art_v9/ember-vale/heavy_anticipation.png,ONLY_ON_106,OBSOLETE,DISCARD_OBSOLETE,.png
artifacts/vxp3/review/generated_art_v9/ember-vale/heavy_contact_grayscale.png,ONLY_ON_106,OBSOLETE,DISCARD_OBSOLETE,.png
artifacts/vxp3/review/generated_art_v9/ember-vale/heavy_contact_off.png,ONLY_ON_106,OBSOLETE,DISCARD_OBSOLETE,.png
artifacts/vxp3/review/generated_art_v9/ember-vale/heavy_contact_on.png,ONLY_ON_106,OBSOLETE,DISCARD_OBSOLETE,.png
artifacts/vxp3/review/generated_art_v9/ember-vale/heavy_contact_pair_debug.png,ONLY_ON_106,OBSOLETE,DISCARD_OBSOLETE,.png
artifacts/vxp3/review/generated_art_v9/ember-vale/heavy_contact_pair_off.png,ONLY_ON_106,OBSOLETE,DISCARD_OBSOLETE,.png
artifacts/vxp3/review/generated_art_v9/ember-vale/heavy_contact_pair_on.png,ONLY_ON_106,OBSOLETE,DISCARD_OBSOLETE,.png
artifacts/vxp3/review/generated_art_v9/ember-vale/heavy_follow.png,ONLY_ON_106,OBSOLETE,DISCARD_OBSOLETE,.png
artifacts/vxp3/review/generated_art_v9/ember-vale/heavy_precontact.png,ONLY_ON_106,OBSOLETE,DISCARD_OBSOLETE,.png
artifacts/vxp3/review/generated_art_v9/ember-vale/hurt_peak.png,ONLY_ON_106,OBSOLETE,DISCARD_OBSOLETE,.png
artifacts/vxp3/review/generated_art_v9/ember-vale/hurt_peak_no_knockback.png,ONLY_ON_106,OBSOLETE,DISCARD_OBSOLETE,.png
artifacts/vxp3/review/generated_art_v9/ember-vale/idle.png,ONLY_ON_106,OBSOLETE,DISCARD_OBSOLETE,.png
artifacts/vxp3/review/generated_art_v9/ember-vale/launch_start.png,ONLY_ON_106,OBSOLETE,DISCARD_OBSOLETE,.png
artifacts/vxp3/review/generated_art_v9/ember-vale/mask_detail.png,ONLY_ON_106,OBSOLETE,DISCARD_OBSOLETE,.png
artifacts/vxp3/review/generated_art_v9/ember-vale/orientation.json,ONLY_ON_106,OBSOLETE,REFERENCE_ONLY,.json
artifacts/vxp3/review/generated_art_v9/ember-vale/personality_idle.png,ONLY_ON_106,OBSOLETE,DISCARD_OBSOLETE,.png
artifacts/vxp3/review/generated_art_v9/ember-vale/run.png,ONLY_ON_106,OBSOLETE,DISCARD_OBSOLETE,.png
artifacts/vxp3/review/generated_art_v9/ember-vale/run_f0.png,ONLY_ON_106,OBSOLETE,DISCARD_OBSOLETE,.png
artifacts/vxp3/review/generated_art_v9/ember-vale/run_f1.png,ONLY_ON_106,OBSOLETE,DISCARD_OBSOLETE,.png
artifacts/vxp3/review/generated_art_v9/ember-vale/run_f2.png,ONLY_ON_106,OBSOLETE,DISCARD_OBSOLETE,.png
artifacts/vxp3/review/generated_art_v9/ember-vale/run_f3.png,ONLY_ON_106,OBSOLETE,DISCARD_OBSOLETE,.png
artifacts/vxp3/review/generated_art_v9/ember-vale/select_preview.png,ONLY_ON_106,OBSOLETE,DISCARD_OBSOLETE,.png
artifacts/vxp3/review/generated_art_v9/ember-vale/side.png,ONLY_ON_106,OBSOLETE,DISCARD_OBSOLETE,.png
artifacts/vxp3/review/generated_art_v9/ember-vale/silhouette_idle.png,ONLY_ON_106,OBSOLETE,DISCARD_OBSOLETE,.png
artifacts/vxp3/review/generated_art_v9/ember-vale/silhouette_super.png,ONLY_ON_106,OBSOLETE,DISCARD_OBSOLETE,.png
artifacts/vxp3/review/generated_art_v9/ember-vale/super_off.png,ONLY_ON_106,OBSOLETE,DISCARD_OBSOLETE,.png
artifacts/vxp3/review/generated_art_v9/ember-vale/super_on.png,ONLY_ON_106,OBSOLETE,DISCARD_OBSOLETE,.png
artifacts/vxp3/review/generated_art_v9/ember-vale/super_silhouette.png,ONLY_ON_106,OBSOLETE,DISCARD_OBSOLETE,.png
artifacts/vxp3/review/generated_art_v9/ember-vale/walk.png,ONLY_ON_106,OBSOLETE,DISCARD_OBSOLETE,.png
artifacts/vxp3/review/generated_art_v9/ember-vale/walk_f0.png,ONLY_ON_106,OBSOLETE,DISCARD_OBSOLETE,.png
artifacts/vxp3/review/generated_art_v9/ember-vale/walk_f1.png,ONLY_ON_106,OBSOLETE,DISCARD_OBSOLETE,.png
artifacts/vxp3/review/generated_art_v9/ember-vale/walk_f2.png,ONLY_ON_106,OBSOLETE,DISCARD_OBSOLETE,.png
artifacts/vxp3/review/generated_art_v9/ember-vale/walk_f3.png,ONLY_ON_106,OBSOLETE,DISCARD_OBSOLETE,.png
artifacts/vxp3/review/generated_art_v9/juno-spark/KO.png,ONLY_ON_106,OBSOLETE,DISCARD_OBSOLETE,.png
artifacts/vxp3/review/generated_art_v9/juno-spark/attachment_stress.png,ONLY_ON_106,OBSOLETE,DISCARD_OBSOLETE,.png
artifacts/vxp3/review/generated_art_v9/juno-spark/back.png,ONLY_ON_106,OBSOLETE,DISCARD_OBSOLETE,.png
artifacts/vxp3/review/generated_art_v9/juno-spark/boot_detail.png,ONLY_ON_106,OBSOLETE,DISCARD_OBSOLETE,.png
artifacts/vxp3/review/generated_art_v9/juno-spark/boot_silhouette.png,ONLY_ON_106,OBSOLETE,DISCARD_OBSOLETE,.png
artifacts/vxp3/review/generated_art_v9/juno-spark/charge_0_off.png,ONLY_ON_106,OBSOLETE,DISCARD_OBSOLETE,.png
artifacts/vxp3/review/generated_art_v9/juno-spark/charge_0_silhouette.png,ONLY_ON_106,OBSOLETE,DISCARD_OBSOLETE,.png
artifacts/vxp3/review/generated_art_v9/juno-spark/charge_100_off.png,ONLY_ON_106,OBSOLETE,DISCARD_OBSOLETE,.png
artifacts/vxp3/review/generated_art_v9/juno-spark/charge_100_on.png,ONLY_ON_106,OBSOLETE,DISCARD_OBSOLETE,.png
artifacts/vxp3/review/generated_art_v9/juno-spark/charge_100_silhouette.png,ONLY_ON_106,OBSOLETE,DISCARD_OBSOLETE,.png
artifacts/vxp3/review/generated_art_v9/juno-spark/clash_lock.png,ONLY_ON_106,OBSOLETE,DISCARD_OBSOLETE,.png
artifacts/vxp3/review/generated_art_v9/juno-spark/clash_lock_off.png,ONLY_ON_106,OBSOLETE,DISCARD_OBSOLETE,.png
artifacts/vxp3/review/generated_art_v9/juno-spark/clash_lock_on.png,ONLY_ON_106,OBSOLETE,DISCARD_OBSOLETE,.png
artifacts/vxp3/review/generated_art_v9/juno-spark/clash_lose.png,ONLY_ON_106,OBSOLETE,DISCARD_OBSOLETE,.png
artifacts/vxp3/review/generated_art_v9/juno-spark/clash_push.png,ONLY_ON_106,OBSOLETE,DISCARD_OBSOLETE,.png
artifacts/vxp3/review/generated_art_v9/juno-spark/clash_start.png,ONLY_ON_106,OBSOLETE,DISCARD_OBSOLETE,.png
artifacts/vxp3/review/generated_art_v9/juno-spark/clash_win.png,ONLY_ON_106,OBSOLETE,DISCARD_OBSOLETE,.png
artifacts/vxp3/review/generated_art_v9/juno-spark/costume_detail.png,ONLY_ON_106,OBSOLETE,DISCARD_OBSOLETE,.png
artifacts/vxp3/review/generated_art_v9/juno-spark/dash.png,ONLY_ON_106,OBSOLETE,DISCARD_OBSOLETE,.png
artifacts/vxp3/review/generated_art_v9/juno-spark/emission_off.png,ONLY_ON_106,OBSOLETE,DISCARD_OBSOLETE,.png
artifacts/vxp3/review/generated_art_v9/juno-spark/follow_through.png,ONLY_ON_106,OBSOLETE,DISCARD_OBSOLETE,.png
artifacts/vxp3/review/generated_art_v9/juno-spark/front.png,ONLY_ON_106,OBSOLETE,DISCARD_OBSOLETE,.png
artifacts/vxp3/review/generated_art_v9/juno-spark/front_3q.png,ONLY_ON_106,OBSOLETE,DISCARD_OBSOLETE,.png
artifacts/vxp3/review/generated_art_v9/juno-spark/front_3q_color.png,ONLY_ON_106,OBSOLETE,DISCARD_OBSOLETE,.png
artifacts/vxp3/review/generated_art_v9/juno-spark/front_3q_grayscale.png,ONLY_ON_106,OBSOLETE,DISCARD_OBSOLETE,.png
artifacts/vxp3/review/generated_art_v9/juno-spark/gameplay_color.png,ONLY_ON_106,OBSOLETE,DISCARD_OBSOLETE,.png
artifacts/vxp3/review/generated_art_v9/juno-spark/gameplay_grayscale.png,ONLY_ON_106,OBSOLETE,DISCARD_OBSOLETE,.png
artifacts/vxp3/review/generated_art_v9/juno-spark/gameplay_scale.png,ONLY_ON_106,OBSOLETE,DISCARD_OBSOLETE,.png
artifacts/vxp3/review/generated_art_v9/juno-spark/glove_cast.png,ONLY_ON_106,OBSOLETE,DISCARD_OBSOLETE,.png
artifacts/vxp3/review/generated_art_v9/juno-spark/glove_fist.png,ONLY_ON_106,OBSOLETE,DISCARD_OBSOLETE,.png
artifacts/vxp3/review/generated_art_v9/juno-spark/glove_fist_silhouette.png,ONLY_ON_106,OBSOLETE,DISCARD_OBSOLETE,.png
artifacts/vxp3/review/generated_art_v9/juno-spark/glove_guard.png,ONLY_ON_106,OBSOLETE,DISCARD_OBSOLETE,.png
artifacts/vxp3/review/generated_art_v9/juno-spark/glove_open.png,ONLY_ON_106,OBSOLETE,DISCARD_OBSOLETE,.png
artifacts/vxp3/review/generated_art_v9/juno-spark/glove_open_silhouette.png,ONLY_ON_106,OBSOLETE,DISCARD_OBSOLETE,.png
artifacts/vxp3/review/generated_art_v9/juno-spark/grayscale_values.png,ONLY_ON_106,OBSOLETE,DISCARD_OBSOLETE,.png
artifacts/vxp3/review/generated_art_v9/juno-spark/head_detail.png,ONLY_ON_106,OBSOLETE,DISCARD_OBSOLETE,.png
artifacts/vxp3/review/generated_art_v9/juno-spark/heavy_anticipation.png,ONLY_ON_106,OBSOLETE,DISCARD_OBSOLETE,.png
artifacts/vxp3/review/generated_art_v9/juno-spark/heavy_contact_grayscale.png,ONLY_ON_106,OBSOLETE,DISCARD_OBSOLETE,.png
artifacts/vxp3/review/generated_art_v9/juno-spark/heavy_contact_off.png,ONLY_ON_106,OBSOLETE,DISCARD_OBSOLETE,.png
artifacts/vxp3/review/generated_art_v9/juno-spark/heavy_contact_on.png,ONLY_ON_106,OBSOLETE,DISCARD_OBSOLETE,.png
artifacts/vxp3/review/generated_art_v9/juno-spark/heavy_contact_pair_debug.png,ONLY_ON_106,OBSOLETE,DISCARD_OBSOLETE,.png
artifacts/vxp3/review/generated_art_v9/juno-spark/heavy_contact_pair_off.png,ONLY_ON_106,OBSOLETE,DISCARD_OBSOLETE,.png
artifacts/vxp3/review/generated_art_v9/juno-spark/heavy_contact_pair_on.png,ONLY_ON_106,OBSOLETE,DISCARD_OBSOLETE,.png
artifacts/vxp3/review/generated_art_v9/juno-spark/heavy_follow.png,ONLY_ON_106,OBSOLETE,DISCARD_OBSOLETE,.png
artifacts/vxp3/review/generated_art_v9/juno-spark/heavy_precontact.png,ONLY_ON_106,OBSOLETE,DISCARD_OBSOLETE,.png
artifacts/vxp3/review/generated_art_v9/juno-spark/hurt_peak.png,ONLY_ON_106,OBSOLETE,DISCARD_OBSOLETE,.png
artifacts/vxp3/review/generated_art_v9/juno-spark/hurt_peak_no_knockback.png,ONLY_ON_106,OBSOLETE,DISCARD_OBSOLETE,.png
artifacts/vxp3/review/generated_art_v9/juno-spark/idle.png,ONLY_ON_106,OBSOLETE,DISCARD_OBSOLETE,.png
artifacts/vxp3/review/generated_art_v9/juno-spark/launch_start.png,ONLY_ON_106,OBSOLETE,DISCARD_OBSOLETE,.png
artifacts/vxp3/review/generated_art_v9/juno-spark/mask_detail.png,ONLY_ON_106,OBSOLETE,DISCARD_OBSOLETE,.png
artifacts/vxp3/review/generated_art_v9/juno-spark/orientation.json,ONLY_ON_106,OBSOLETE,REFERENCE_ONLY,.json
artifacts/vxp3/review/generated_art_v9/juno-spark/personality_idle.png,ONLY_ON_106,OBSOLETE,DISCARD_OBSOLETE,.png
artifacts/vxp3/review/generated_art_v9/juno-spark/run.png,ONLY_ON_106,OBSOLETE,DISCARD_OBSOLETE,.png
artifacts/vxp3/review/generated_art_v9/juno-spark/run_f0.png,ONLY_ON_106,OBSOLETE,DISCARD_OBSOLETE,.png
artifacts/vxp3/review/generated_art_v9/juno-spark/run_f1.png,ONLY_ON_106,OBSOLETE,DISCARD_OBSOLETE,.png
artifacts/vxp3/review/generated_art_v9/juno-spark/run_f2.png,ONLY_ON_106,OBSOLETE,DISCARD_OBSOLETE,.png
artifacts/vxp3/review/generated_art_v9/juno-spark/run_f3.png,ONLY_ON_106,OBSOLETE,DISCARD_OBSOLETE,.png
artifacts/vxp3/review/generated_art_v9/juno-spark/select_preview.png,ONLY_ON_106,OBSOLETE,DISCARD_OBSOLETE,.png
artifacts/vxp3/review/generated_art_v9/juno-spark/side.png,ONLY_ON_106,OBSOLETE,DISCARD_OBSOLETE,.png
artifacts/vxp3/review/generated_art_v9/juno-spark/silhouette_idle.png,ONLY_ON_106,OBSOLETE,DISCARD_OBSOLETE,.png
artifacts/vxp3/review/generated_art_v9/juno-spark/silhouette_super.png,ONLY_ON_106,OBSOLETE,DISCARD_OBSOLETE,.png
artifacts/vxp3/review/generated_art_v9/juno-spark/super_off.png,ONLY_ON_106,OBSOLETE,DISCARD_OBSOLETE,.png
artifacts/vxp3/review/generated_art_v9/juno-spark/super_on.png,ONLY_ON_106,OBSOLETE,DISCARD_OBSOLETE,.png
artifacts/vxp3/review/generated_art_v9/juno-spark/super_silhouette.png,ONLY_ON_106,OBSOLETE,DISCARD_OBSOLETE,.png
artifacts/vxp3/review/generated_art_v9/juno-spark/walk.png,ONLY_ON_106,OBSOLETE,DISCARD_OBSOLETE,.png
artifacts/vxp3/review/generated_art_v9/juno-spark/walk_f0.png,ONLY_ON_106,OBSOLETE,DISCARD_OBSOLETE,.png
artifacts/vxp3/review/generated_art_v9/juno-spark/walk_f1.png,ONLY_ON_106,OBSOLETE,DISCARD_OBSOLETE,.png
artifacts/vxp3/review/generated_art_v9/juno-spark/walk_f2.png,ONLY_ON_106,OBSOLETE,DISCARD_OBSOLETE,.png
artifacts/vxp3/review/generated_art_v9/juno-spark/walk_f3.png,ONLY_ON_106,OBSOLETE,DISCARD_OBSOLETE,.png
artifacts/vxp3/review/generated_art_v9/kaia-windrow/KO.png,ONLY_ON_106,OBSOLETE,DISCARD_OBSOLETE,.png
artifacts/vxp3/review/generated_art_v9/kaia-windrow/attachment_stress.png,ONLY_ON_106,OBSOLETE,DISCARD_OBSOLETE,.png
artifacts/vxp3/review/generated_art_v9/kaia-windrow/back.png,ONLY_ON_106,OBSOLETE,DISCARD_OBSOLETE,.png
artifacts/vxp3/review/generated_art_v9/kaia-windrow/boot_detail.png,ONLY_ON_106,OBSOLETE,DISCARD_OBSOLETE,.png
artifacts/vxp3/review/generated_art_v9/kaia-windrow/boot_silhouette.png,ONLY_ON_106,OBSOLETE,DISCARD_OBSOLETE,.png
artifacts/vxp3/review/generated_art_v9/kaia-windrow/charge_0_off.png,ONLY_ON_106,OBSOLETE,DISCARD_OBSOLETE,.png
artifacts/vxp3/review/generated_art_v9/kaia-windrow/charge_0_silhouette.png,ONLY_ON_106,OBSOLETE,DISCARD_OBSOLETE,.png
artifacts/vxp3/review/generated_art_v9/kaia-windrow/charge_100_off.png,ONLY_ON_106,OBSOLETE,DISCARD_OBSOLETE,.png
artifacts/vxp3/review/generated_art_v9/kaia-windrow/charge_100_on.png,ONLY_ON_106,OBSOLETE,DISCARD_OBSOLETE,.png
artifacts/vxp3/review/generated_art_v9/kaia-windrow/charge_100_silhouette.png,ONLY_ON_106,OBSOLETE,DISCARD_OBSOLETE,.png
artifacts/vxp3/review/generated_art_v9/kaia-windrow/clash_lock.png,ONLY_ON_106,OBSOLETE,DISCARD_OBSOLETE,.png
artifacts/vxp3/review/generated_art_v9/kaia-windrow/clash_lock_off.png,ONLY_ON_106,OBSOLETE,DISCARD_OBSOLETE,.png
artifacts/vxp3/review/generated_art_v9/kaia-windrow/clash_lock_on.png,ONLY_ON_106,OBSOLETE,DISCARD_OBSOLETE,.png
artifacts/vxp3/review/generated_art_v9/kaia-windrow/clash_lose.png,ONLY_ON_106,OBSOLETE,DISCARD_OBSOLETE,.png
artifacts/vxp3/review/generated_art_v9/kaia-windrow/clash_push.png,ONLY_ON_106,OBSOLETE,DISCARD_OBSOLETE,.png
artifacts/vxp3/review/generated_art_v9/kaia-windrow/clash_start.png,ONLY_ON_106,OBSOLETE,DISCARD_OBSOLETE,.png
artifacts/vxp3/review/generated_art_v9/kaia-windrow/clash_win.png,ONLY_ON_106,OBSOLETE,DISCARD_OBSOLETE,.png
artifacts/vxp3/review/generated_art_v9/kaia-windrow/costume_detail.png,ONLY_ON_106,OBSOLETE,DISCARD_OBSOLETE,.png
artifacts/vxp3/review/generated_art_v9/kaia-windrow/dash.png,ONLY_ON_106,OBSOLETE,DISCARD_OBSOLETE,.png
artifacts/vxp3/review/generated_art_v9/kaia-windrow/emission_off.png,ONLY_ON_106,OBSOLETE,DISCARD_OBSOLETE,.png
artifacts/vxp3/review/generated_art_v9/kaia-windrow/follow_through.png,ONLY_ON_106,OBSOLETE,DISCARD_OBSOLETE,.png
artifacts/vxp3/review/generated_art_v9/kaia-windrow/front.png,ONLY_ON_106,OBSOLETE,DISCARD_OBSOLETE,.png
artifacts/vxp3/review/generated_art_v9/kaia-windrow/front_3q.png,ONLY_ON_106,OBSOLETE,DISCARD_OBSOLETE,.png
artifacts/vxp3/review/generated_art_v9/kaia-windrow/front_3q_color.png,ONLY_ON_106,OBSOLETE,DISCARD_OBSOLETE,.png
artifacts/vxp3/review/generated_art_v9/kaia-windrow/front_3q_grayscale.png,ONLY_ON_106,OBSOLETE,DISCARD_OBSOLETE,.png
artifacts/vxp3/review/generated_art_v9/kaia-windrow/gameplay_color.png,ONLY_ON_106,OBSOLETE,DISCARD_OBSOLETE,.png
artifacts/vxp3/review/generated_art_v9/kaia-windrow/gameplay_grayscale.png,ONLY_ON_106,OBSOLETE,DISCARD_OBSOLETE,.png
artifacts/vxp3/review/generated_art_v9/kaia-windrow/gameplay_scale.png,ONLY_ON_106,OBSOLETE,DISCARD_OBSOLETE,.png
artifacts/vxp3/review/generated_art_v9/kaia-windrow/glove_cast.png,ONLY_ON_106,OBSOLETE,DISCARD_OBSOLETE,.png
artifacts/vxp3/review/generated_art_v9/kaia-windrow/glove_fist.png,ONLY_ON_106,OBSOLETE,DISCARD_OBSOLETE,.png
artifacts/vxp3/review/generated_art_v9/kaia-windrow/glove_fist_silhouette.png,ONLY_ON_106,OBSOLETE,DISCARD_OBSOLETE,.png
artifacts/vxp3/review/generated_art_v9/kaia-windrow/glove_guard.png,ONLY_ON_106,OBSOLETE,DISCARD_OBSOLETE,.png
artifacts/vxp3/review/generated_art_v9/kaia-windrow/glove_open.png,ONLY_ON_106,OBSOLETE,DISCARD_OBSOLETE,.png
artifacts/vxp3/review/generated_art_v9/kaia-windrow/glove_open_silhouette.png,ONLY_ON_106,OBSOLETE,DISCARD_OBSOLETE,.png
artifacts/vxp3/review/generated_art_v9/kaia-windrow/grayscale_values.png,ONLY_ON_106,OBSOLETE,DISCARD_OBSOLETE,.png
artifacts/vxp3/review/generated_art_v9/kaia-windrow/head_detail.png,ONLY_ON_106,OBSOLETE,DISCARD_OBSOLETE,.png
artifacts/vxp3/review/generated_art_v9/kaia-windrow/heavy_anticipation.png,ONLY_ON_106,OBSOLETE,DISCARD_OBSOLETE,.png
artifacts/vxp3/review/generated_art_v9/kaia-windrow/heavy_contact_grayscale.png,ONLY_ON_106,OBSOLETE,DISCARD_OBSOLETE,.png
artifacts/vxp3/review/generated_art_v9/kaia-windrow/heavy_contact_off.png,ONLY_ON_106,OBSOLETE,DISCARD_OBSOLETE,.png
artifacts/vxp3/review/generated_art_v9/kaia-windrow/heavy_contact_on.png,ONLY_ON_106,OBSOLETE,DISCARD_OBSOLETE,.png
artifacts/vxp3/review/generated_art_v9/kaia-windrow/heavy_contact_pair_debug.png,ONLY_ON_106,OBSOLETE,DISCARD_OBSOLETE,.png
artifacts/vxp3/review/generated_art_v9/kaia-windrow/heavy_contact_pair_off.png,ONLY_ON_106,OBSOLETE,DISCARD_OBSOLETE,.png
artifacts/vxp3/review/generated_art_v9/kaia-windrow/heavy_contact_pair_on.png,ONLY_ON_106,OBSOLETE,DISCARD_OBSOLETE,.png
artifacts/vxp3/review/generated_art_v9/kaia-windrow/heavy_follow.png,ONLY_ON_106,OBSOLETE,DISCARD_OBSOLETE,.png
artifacts/vxp3/review/generated_art_v9/kaia-windrow/heavy_precontact.png,ONLY_ON_106,OBSOLETE,DISCARD_OBSOLETE,.png
artifacts/vxp3/review/generated_art_v9/kaia-windrow/hurt_peak.png,ONLY_ON_106,OBSOLETE,DISCARD_OBSOLETE,.png
artifacts/vxp3/review/generated_art_v9/kaia-windrow/hurt_peak_no_knockback.png,ONLY_ON_106,OBSOLETE,DISCARD_OBSOLETE,.png
artifacts/vxp3/review/generated_art_v9/kaia-windrow/idle.png,ONLY_ON_106,OBSOLETE,DISCARD_OBSOLETE,.png
artifacts/vxp3/review/generated_art_v9/kaia-windrow/launch_start.png,ONLY_ON_106,OBSOLETE,DISCARD_OBSOLETE,.png
artifacts/vxp3/review/generated_art_v9/kaia-windrow/mask_detail.png,ONLY_ON_106,OBSOLETE,DISCARD_OBSOLETE,.png
artifacts/vxp3/review/generated_art_v9/kaia-windrow/orientation.json,ONLY_ON_106,OBSOLETE,REFERENCE_ONLY,.json
artifacts/vxp3/review/generated_art_v9/kaia-windrow/personality_idle.png,ONLY_ON_106,OBSOLETE,DISCARD_OBSOLETE,.png
artifacts/vxp3/review/generated_art_v9/kaia-windrow/run.png,ONLY_ON_106,OBSOLETE,DISCARD_OBSOLETE,.png
artifacts/vxp3/review/generated_art_v9/kaia-windrow/run_f0.png,ONLY_ON_106,OBSOLETE,DISCARD_OBSOLETE,.png
artifacts/vxp3/review/generated_art_v9/kaia-windrow/run_f1.png,ONLY_ON_106,OBSOLETE,DISCARD_OBSOLETE,.png
artifacts/vxp3/review/generated_art_v9/kaia-windrow/run_f2.png,ONLY_ON_106,OBSOLETE,DISCARD_OBSOLETE,.png
artifacts/vxp3/review/generated_art_v9/kaia-windrow/run_f3.png,ONLY_ON_106,OBSOLETE,DISCARD_OBSOLETE,.png
artifacts/vxp3/review/generated_art_v9/kaia-windrow/select_preview.png,ONLY_ON_106,OBSOLETE,DISCARD_OBSOLETE,.png
artifacts/vxp3/review/generated_art_v9/kaia-windrow/side.png,ONLY_ON_106,OBSOLETE,DISCARD_OBSOLETE,.png
artifacts/vxp3/review/generated_art_v9/kaia-windrow/silhouette_idle.png,ONLY_ON_106,OBSOLETE,DISCARD_OBSOLETE,.png
artifacts/vxp3/review/generated_art_v9/kaia-windrow/silhouette_super.png,ONLY_ON_106,OBSOLETE,DISCARD_OBSOLETE,.png
artifacts/vxp3/review/generated_art_v9/kaia-windrow/super_off.png,ONLY_ON_106,OBSOLETE,DISCARD_OBSOLETE,.png
artifacts/vxp3/review/generated_art_v9/kaia-windrow/super_on.png,ONLY_ON_106,OBSOLETE,DISCARD_OBSOLETE,.png
artifacts/vxp3/review/generated_art_v9/kaia-windrow/super_silhouette.png,ONLY_ON_106,OBSOLETE,DISCARD_OBSOLETE,.png
artifacts/vxp3/review/generated_art_v9/kaia-windrow/walk.png,ONLY_ON_106,OBSOLETE,DISCARD_OBSOLETE,.png
artifacts/vxp3/review/generated_art_v9/kaia-windrow/walk_f0.png,ONLY_ON_106,OBSOLETE,DISCARD_OBSOLETE,.png
artifacts/vxp3/review/generated_art_v9/kaia-windrow/walk_f1.png,ONLY_ON_106,OBSOLETE,DISCARD_OBSOLETE,.png
artifacts/vxp3/review/generated_art_v9/kaia-windrow/walk_f2.png,ONLY_ON_106,OBSOLETE,DISCARD_OBSOLETE,.png
artifacts/vxp3/review/generated_art_v9/kaia-windrow/walk_f3.png,ONLY_ON_106,OBSOLETE,DISCARD_OBSOLETE,.png
artifacts/vxp3/review/generated_art_v9/nix-calder/KO.png,ONLY_ON_106,OBSOLETE,DISCARD_OBSOLETE,.png
artifacts/vxp3/review/generated_art_v9/nix-calder/attachment_stress.png,ONLY_ON_106,OBSOLETE,DISCARD_OBSOLETE,.png
artifacts/vxp3/review/generated_art_v9/nix-calder/back.png,ONLY_ON_106,OBSOLETE,DISCARD_OBSOLETE,.png
artifacts/vxp3/review/generated_art_v9/nix-calder/boot_detail.png,ONLY_ON_106,OBSOLETE,DISCARD_OBSOLETE,.png
artifacts/vxp3/review/generated_art_v9/nix-calder/boot_silhouette.png,ONLY_ON_106,OBSOLETE,DISCARD_OBSOLETE,.png
artifacts/vxp3/review/generated_art_v9/nix-calder/charge_0_off.png,ONLY_ON_106,OBSOLETE,DISCARD_OBSOLETE,.png
artifacts/vxp3/review/generated_art_v9/nix-calder/charge_0_silhouette.png,ONLY_ON_106,OBSOLETE,DISCARD_OBSOLETE,.png
artifacts/vxp3/review/generated_art_v9/nix-calder/charge_100_off.png,ONLY_ON_106,OBSOLETE,DISCARD_OBSOLETE,.png
artifacts/vxp3/review/generated_art_v9/nix-calder/charge_100_on.png,ONLY_ON_106,OBSOLETE,DISCARD_OBSOLETE,.png
artifacts/vxp3/review/generated_art_v9/nix-calder/charge_100_silhouette.png,ONLY_ON_106,OBSOLETE,DISCARD_OBSOLETE,.png
artifacts/vxp3/review/generated_art_v9/nix-calder/clash_lock.png,ONLY_ON_106,OBSOLETE,DISCARD_OBSOLETE,.png
artifacts/vxp3/review/generated_art_v9/nix-calder/clash_lock_off.png,ONLY_ON_106,OBSOLETE,DISCARD_OBSOLETE,.png
artifacts/vxp3/review/generated_art_v9/nix-calder/clash_lock_on.png,ONLY_ON_106,OBSOLETE,DISCARD_OBSOLETE,.png
artifacts/vxp3/review/generated_art_v9/nix-calder/clash_lose.png,ONLY_ON_106,OBSOLETE,DISCARD_OBSOLETE,.png
artifacts/vxp3/review/generated_art_v9/nix-calder/clash_push.png,ONLY_ON_106,OBSOLETE,DISCARD_OBSOLETE,.png
artifacts/vxp3/review/generated_art_v9/nix-calder/clash_start.png,ONLY_ON_106,OBSOLETE,DISCARD_OBSOLETE,.png
artifacts/vxp3/review/generated_art_v9/nix-calder/clash_win.png,ONLY_ON_106,OBSOLETE,DISCARD_OBSOLETE,.png
artifacts/vxp3/review/generated_art_v9/nix-calder/costume_detail.png,ONLY_ON_106,OBSOLETE,DISCARD_OBSOLETE,.png
artifacts/vxp3/review/generated_art_v9/nix-calder/dash.png,ONLY_ON_106,OBSOLETE,DISCARD_OBSOLETE,.png
artifacts/vxp3/review/generated_art_v9/nix-calder/emission_off.png,ONLY_ON_106,OBSOLETE,DISCARD_OBSOLETE,.png
artifacts/vxp3/review/generated_art_v9/nix-calder/follow_through.png,ONLY_ON_106,OBSOLETE,DISCARD_OBSOLETE,.png
artifacts/vxp3/review/generated_art_v9/nix-calder/front.png,ONLY_ON_106,OBSOLETE,DISCARD_OBSOLETE,.png
artifacts/vxp3/review/generated_art_v9/nix-calder/front_3q.png,ONLY_ON_106,OBSOLETE,DISCARD_OBSOLETE,.png
artifacts/vxp3/review/generated_art_v9/nix-calder/front_3q_color.png,ONLY_ON_106,OBSOLETE,DISCARD_OBSOLETE,.png
artifacts/vxp3/review/generated_art_v9/nix-calder/front_3q_grayscale.png,ONLY_ON_106,OBSOLETE,DISCARD_OBSOLETE,.png
artifacts/vxp3/review/generated_art_v9/nix-calder/gameplay_color.png,ONLY_ON_106,OBSOLETE,DISCARD_OBSOLETE,.png
artifacts/vxp3/review/generated_art_v9/nix-calder/gameplay_grayscale.png,ONLY_ON_106,OBSOLETE,DISCARD_OBSOLETE,.png
artifacts/vxp3/review/generated_art_v9/nix-calder/gameplay_scale.png,ONLY_ON_106,OBSOLETE,DISCARD_OBSOLETE,.png
artifacts/vxp3/review/generated_art_v9/nix-calder/glove_cast.png,ONLY_ON_106,OBSOLETE,DISCARD_OBSOLETE,.png
artifacts/vxp3/review/generated_art_v9/nix-calder/glove_fist.png,ONLY_ON_106,OBSOLETE,DISCARD_OBSOLETE,.png
artifacts/vxp3/review/generated_art_v9/nix-calder/glove_fist_silhouette.png,ONLY_ON_106,OBSOLETE,DISCARD_OBSOLETE,.png
artifacts/vxp3/review/generated_art_v9/nix-calder/glove_guard.png,ONLY_ON_106,OBSOLETE,DISCARD_OBSOLETE,.png
artifacts/vxp3/review/generated_art_v9/nix-calder/glove_open.png,ONLY_ON_106,OBSOLETE,DISCARD_OBSOLETE,.png
artifacts/vxp3/review/generated_art_v9/nix-calder/glove_open_silhouette.png,ONLY_ON_106,OBSOLETE,DISCARD_OBSOLETE,.png
artifacts/vxp3/review/generated_art_v9/nix-calder/grayscale_values.png,ONLY_ON_106,OBSOLETE,DISCARD_OBSOLETE,.png
artifacts/vxp3/review/generated_art_v9/nix-calder/head_detail.png,ONLY_ON_106,OBSOLETE,DISCARD_OBSOLETE,.png
artifacts/vxp3/review/generated_art_v9/nix-calder/heavy_anticipation.png,ONLY_ON_106,OBSOLETE,DISCARD_OBSOLETE,.png
artifacts/vxp3/review/generated_art_v9/nix-calder/heavy_contact_grayscale.png,ONLY_ON_106,OBSOLETE,DISCARD_OBSOLETE,.png
artifacts/vxp3/review/generated_art_v9/nix-calder/heavy_contact_off.png,ONLY_ON_106,OBSOLETE,DISCARD_OBSOLETE,.png
artifacts/vxp3/review/generated_art_v9/nix-calder/heavy_contact_on.png,ONLY_ON_106,OBSOLETE,DISCARD_OBSOLETE,.png
artifacts/vxp3/review/generated_art_v9/nix-calder/heavy_contact_pair_debug.png,ONLY_ON_106,OBSOLETE,DISCARD_OBSOLETE,.png
artifacts/vxp3/review/generated_art_v9/nix-calder/heavy_contact_pair_off.png,ONLY_ON_106,OBSOLETE,DISCARD_OBSOLETE,.png
artifacts/vxp3/review/generated_art_v9/nix-calder/heavy_contact_pair_on.png,ONLY_ON_106,OBSOLETE,DISCARD_OBSOLETE,.png
artifacts/vxp3/review/generated_art_v9/nix-calder/heavy_follow.png,ONLY_ON_106,OBSOLETE,DISCARD_OBSOLETE,.png
artifacts/vxp3/review/generated_art_v9/nix-calder/heavy_precontact.png,ONLY_ON_106,OBSOLETE,DISCARD_OBSOLETE,.png
artifacts/vxp3/review/generated_art_v9/nix-calder/hurt_peak.png,ONLY_ON_106,OBSOLETE,DISCARD_OBSOLETE,.png
artifacts/vxp3/review/generated_art_v9/nix-calder/hurt_peak_no_knockback.png,ONLY_ON_106,OBSOLETE,DISCARD_OBSOLETE,.png
artifacts/vxp3/review/generated_art_v9/nix-calder/idle.png,ONLY_ON_106,OBSOLETE,DISCARD_OBSOLETE,.png
artifacts/vxp3/review/generated_art_v9/nix-calder/launch_start.png,ONLY_ON_106,OBSOLETE,DISCARD_OBSOLETE,.png
artifacts/vxp3/review/generated_art_v9/nix-calder/mask_detail.png,ONLY_ON_106,OBSOLETE,DISCARD_OBSOLETE,.png
artifacts/vxp3/review/generated_art_v9/nix-calder/orientation.json,ONLY_ON_106,OBSOLETE,REFERENCE_ONLY,.json
artifacts/vxp3/review/generated_art_v9/nix-calder/personality_idle.png,ONLY_ON_106,OBSOLETE,DISCARD_OBSOLETE,.png
artifacts/vxp3/review/generated_art_v9/nix-calder/run.png,ONLY_ON_106,OBSOLETE,DISCARD_OBSOLETE,.png
artifacts/vxp3/review/generated_art_v9/nix-calder/run_f0.png,ONLY_ON_106,OBSOLETE,DISCARD_OBSOLETE,.png
artifacts/vxp3/review/generated_art_v9/nix-calder/run_f1.png,ONLY_ON_106,OBSOLETE,DISCARD_OBSOLETE,.png
artifacts/vxp3/review/generated_art_v9/nix-calder/run_f2.png,ONLY_ON_106,OBSOLETE,DISCARD_OBSOLETE,.png
artifacts/vxp3/review/generated_art_v9/nix-calder/run_f3.png,ONLY_ON_106,OBSOLETE,DISCARD_OBSOLETE,.png
artifacts/vxp3/review/generated_art_v9/nix-calder/select_preview.png,ONLY_ON_106,OBSOLETE,DISCARD_OBSOLETE,.png
artifacts/vxp3/review/generated_art_v9/nix-calder/side.png,ONLY_ON_106,OBSOLETE,DISCARD_OBSOLETE,.png
artifacts/vxp3/review/generated_art_v9/nix-calder/silhouette_idle.png,ONLY_ON_106,OBSOLETE,DISCARD_OBSOLETE,.png
artifacts/vxp3/review/generated_art_v9/nix-calder/silhouette_super.png,ONLY_ON_106,OBSOLETE,DISCARD_OBSOLETE,.png
artifacts/vxp3/review/generated_art_v9/nix-calder/super_off.png,ONLY_ON_106,OBSOLETE,DISCARD_OBSOLETE,.png
artifacts/vxp3/review/generated_art_v9/nix-calder/super_on.png,ONLY_ON_106,OBSOLETE,DISCARD_OBSOLETE,.png
artifacts/vxp3/review/generated_art_v9/nix-calder/super_silhouette.png,ONLY_ON_106,OBSOLETE,DISCARD_OBSOLETE,.png
artifacts/vxp3/review/generated_art_v9/nix-calder/walk.png,ONLY_ON_106,OBSOLETE,DISCARD_OBSOLETE,.png
artifacts/vxp3/review/generated_art_v9/nix-calder/walk_f0.png,ONLY_ON_106,OBSOLETE,DISCARD_OBSOLETE,.png
artifacts/vxp3/review/generated_art_v9/nix-calder/walk_f1.png,ONLY_ON_106,OBSOLETE,DISCARD_OBSOLETE,.png
artifacts/vxp3/review/generated_art_v9/nix-calder/walk_f2.png,ONLY_ON_106,OBSOLETE,DISCARD_OBSOLETE,.png
artifacts/vxp3/review/generated_art_v9/nix-calder/walk_f3.png,ONLY_ON_106,OBSOLETE,DISCARD_OBSOLETE,.png
artifacts/vxp3/review/generated_art_v9/orion-vell/KO.png,ONLY_ON_106,OBSOLETE,DISCARD_OBSOLETE,.png
artifacts/vxp3/review/generated_art_v9/orion-vell/attachment_stress.png,ONLY_ON_106,OBSOLETE,DISCARD_OBSOLETE,.png
artifacts/vxp3/review/generated_art_v9/orion-vell/back.png,ONLY_ON_106,OBSOLETE,DISCARD_OBSOLETE,.png
artifacts/vxp3/review/generated_art_v9/orion-vell/boot_detail.png,ONLY_ON_106,OBSOLETE,DISCARD_OBSOLETE,.png
artifacts/vxp3/review/generated_art_v9/orion-vell/boot_silhouette.png,ONLY_ON_106,OBSOLETE,DISCARD_OBSOLETE,.png
artifacts/vxp3/review/generated_art_v9/orion-vell/charge_0_off.png,ONLY_ON_106,OBSOLETE,DISCARD_OBSOLETE,.png
artifacts/vxp3/review/generated_art_v9/orion-vell/charge_0_silhouette.png,ONLY_ON_106,OBSOLETE,DISCARD_OBSOLETE,.png
artifacts/vxp3/review/generated_art_v9/orion-vell/charge_100_off.png,ONLY_ON_106,OBSOLETE,DISCARD_OBSOLETE,.png
artifacts/vxp3/review/generated_art_v9/orion-vell/charge_100_on.png,ONLY_ON_106,OBSOLETE,DISCARD_OBSOLETE,.png
artifacts/vxp3/review/generated_art_v9/orion-vell/charge_100_silhouette.png,ONLY_ON_106,OBSOLETE,DISCARD_OBSOLETE,.png
artifacts/vxp3/review/generated_art_v9/orion-vell/clash_lock.png,ONLY_ON_106,OBSOLETE,DISCARD_OBSOLETE,.png
artifacts/vxp3/review/generated_art_v9/orion-vell/clash_lock_off.png,ONLY_ON_106,OBSOLETE,DISCARD_OBSOLETE,.png
artifacts/vxp3/review/generated_art_v9/orion-vell/clash_lock_on.png,ONLY_ON_106,OBSOLETE,DISCARD_OBSOLETE,.png
artifacts/vxp3/review/generated_art_v9/orion-vell/clash_lose.png,ONLY_ON_106,OBSOLETE,DISCARD_OBSOLETE,.png
artifacts/vxp3/review/generated_art_v9/orion-vell/clash_push.png,ONLY_ON_106,OBSOLETE,DISCARD_OBSOLETE,.png
artifacts/vxp3/review/generated_art_v9/orion-vell/clash_start.png,ONLY_ON_106,OBSOLETE,DISCARD_OBSOLETE,.png
artifacts/vxp3/review/generated_art_v9/orion-vell/clash_win.png,ONLY_ON_106,OBSOLETE,DISCARD_OBSOLETE,.png
artifacts/vxp3/review/generated_art_v9/orion-vell/costume_detail.png,ONLY_ON_106,OBSOLETE,DISCARD_OBSOLETE,.png
artifacts/vxp3/review/generated_art_v9/orion-vell/dash.png,ONLY_ON_106,OBSOLETE,DISCARD_OBSOLETE,.png
artifacts/vxp3/review/generated_art_v9/orion-vell/emission_off.png,ONLY_ON_106,OBSOLETE,DISCARD_OBSOLETE,.png
artifacts/vxp3/review/generated_art_v9/orion-vell/follow_through.png,ONLY_ON_106,OBSOLETE,DISCARD_OBSOLETE,.png
artifacts/vxp3/review/generated_art_v9/orion-vell/front.png,ONLY_ON_106,OBSOLETE,DISCARD_OBSOLETE,.png
artifacts/vxp3/review/generated_art_v9/orion-vell/front_3q.png,ONLY_ON_106,OBSOLETE,DISCARD_OBSOLETE,.png
artifacts/vxp3/review/generated_art_v9/orion-vell/front_3q_color.png,ONLY_ON_106,OBSOLETE,DISCARD_OBSOLETE,.png
artifacts/vxp3/review/generated_art_v9/orion-vell/front_3q_grayscale.png,ONLY_ON_106,OBSOLETE,DISCARD_OBSOLETE,.png
artifacts/vxp3/review/generated_art_v9/orion-vell/gameplay_color.png,ONLY_ON_106,OBSOLETE,DISCARD_OBSOLETE,.png
artifacts/vxp3/review/generated_art_v9/orion-vell/gameplay_grayscale.png,ONLY_ON_106,OBSOLETE,DISCARD_OBSOLETE,.png
artifacts/vxp3/review/generated_art_v9/orion-vell/gameplay_scale.png,ONLY_ON_106,OBSOLETE,DISCARD_OBSOLETE,.png
artifacts/vxp3/review/generated_art_v9/orion-vell/glove_cast.png,ONLY_ON_106,OBSOLETE,DISCARD_OBSOLETE,.png
artifacts/vxp3/review/generated_art_v9/orion-vell/glove_fist.png,ONLY_ON_106,OBSOLETE,DISCARD_OBSOLETE,.png
artifacts/vxp3/review/generated_art_v9/orion-vell/glove_fist_silhouette.png,ONLY_ON_106,OBSOLETE,DISCARD_OBSOLETE,.png
artifacts/vxp3/review/generated_art_v9/orion-vell/glove_guard.png,ONLY_ON_106,OBSOLETE,DISCARD_OBSOLETE,.png
artifacts/vxp3/review/generated_art_v9/orion-vell/glove_open.png,ONLY_ON_106,OBSOLETE,DISCARD_OBSOLETE,.png
artifacts/vxp3/review/generated_art_v9/orion-vell/glove_open_silhouette.png,ONLY_ON_106,OBSOLETE,DISCARD_OBSOLETE,.png
artifacts/vxp3/review/generated_art_v9/orion-vell/grayscale_values.png,ONLY_ON_106,OBSOLETE,DISCARD_OBSOLETE,.png
artifacts/vxp3/review/generated_art_v9/orion-vell/head_detail.png,ONLY_ON_106,OBSOLETE,DISCARD_OBSOLETE,.png
artifacts/vxp3/review/generated_art_v9/orion-vell/heavy_anticipation.png,ONLY_ON_106,OBSOLETE,DISCARD_OBSOLETE,.png
artifacts/vxp3/review/generated_art_v9/orion-vell/heavy_contact_grayscale.png,ONLY_ON_106,OBSOLETE,DISCARD_OBSOLETE,.png
artifacts/vxp3/review/generated_art_v9/orion-vell/heavy_contact_off.png,ONLY_ON_106,OBSOLETE,DISCARD_OBSOLETE,.png
artifacts/vxp3/review/generated_art_v9/orion-vell/heavy_contact_on.png,ONLY_ON_106,OBSOLETE,DISCARD_OBSOLETE,.png
artifacts/vxp3/review/generated_art_v9/orion-vell/heavy_contact_pair_debug.png,ONLY_ON_106,OBSOLETE,DISCARD_OBSOLETE,.png
artifacts/vxp3/review/generated_art_v9/orion-vell/heavy_contact_pair_off.png,ONLY_ON_106,OBSOLETE,DISCARD_OBSOLETE,.png
artifacts/vxp3/review/generated_art_v9/orion-vell/heavy_contact_pair_on.png,ONLY_ON_106,OBSOLETE,DISCARD_OBSOLETE,.png
artifacts/vxp3/review/generated_art_v9/orion-vell/heavy_follow.png,ONLY_ON_106,OBSOLETE,DISCARD_OBSOLETE,.png
artifacts/vxp3/review/generated_art_v9/orion-vell/heavy_precontact.png,ONLY_ON_106,OBSOLETE,DISCARD_OBSOLETE,.png
artifacts/vxp3/review/generated_art_v9/orion-vell/hurt_peak.png,ONLY_ON_106,OBSOLETE,DISCARD_OBSOLETE,.png
artifacts/vxp3/review/generated_art_v9/orion-vell/hurt_peak_no_knockback.png,ONLY_ON_106,OBSOLETE,DISCARD_OBSOLETE,.png
artifacts/vxp3/review/generated_art_v9/orion-vell/idle.png,ONLY_ON_106,OBSOLETE,DISCARD_OBSOLETE,.png
artifacts/vxp3/review/generated_art_v9/orion-vell/launch_start.png,ONLY_ON_106,OBSOLETE,DISCARD_OBSOLETE,.png
artifacts/vxp3/review/generated_art_v9/orion-vell/mask_detail.png,ONLY_ON_106,OBSOLETE,DISCARD_OBSOLETE,.png
artifacts/vxp3/review/generated_art_v9/orion-vell/orientation.json,ONLY_ON_106,OBSOLETE,REFERENCE_ONLY,.json
artifacts/vxp3/review/generated_art_v9/orion-vell/personality_idle.png,ONLY_ON_106,OBSOLETE,DISCARD_OBSOLETE,.png
artifacts/vxp3/review/generated_art_v9/orion-vell/run.png,ONLY_ON_106,OBSOLETE,DISCARD_OBSOLETE,.png
artifacts/vxp3/review/generated_art_v9/orion-vell/run_f0.png,ONLY_ON_106,OBSOLETE,DISCARD_OBSOLETE,.png
artifacts/vxp3/review/generated_art_v9/orion-vell/run_f1.png,ONLY_ON_106,OBSOLETE,DISCARD_OBSOLETE,.png
artifacts/vxp3/review/generated_art_v9/orion-vell/run_f2.png,ONLY_ON_106,OBSOLETE,DISCARD_OBSOLETE,.png
artifacts/vxp3/review/generated_art_v9/orion-vell/run_f3.png,ONLY_ON_106,OBSOLETE,DISCARD_OBSOLETE,.png
artifacts/vxp3/review/generated_art_v9/orion-vell/select_preview.png,ONLY_ON_106,OBSOLETE,DISCARD_OBSOLETE,.png
artifacts/vxp3/review/generated_art_v9/orion-vell/side.png,ONLY_ON_106,OBSOLETE,DISCARD_OBSOLETE,.png
artifacts/vxp3/review/generated_art_v9/orion-vell/silhouette_idle.png,ONLY_ON_106,OBSOLETE,DISCARD_OBSOLETE,.png
artifacts/vxp3/review/generated_art_v9/orion-vell/silhouette_super.png,ONLY_ON_106,OBSOLETE,DISCARD_OBSOLETE,.png
artifacts/vxp3/review/generated_art_v9/orion-vell/super_off.png,ONLY_ON_106,OBSOLETE,DISCARD_OBSOLETE,.png
artifacts/vxp3/review/generated_art_v9/orion-vell/super_on.png,ONLY_ON_106,OBSOLETE,DISCARD_OBSOLETE,.png
artifacts/vxp3/review/generated_art_v9/orion-vell/super_silhouette.png,ONLY_ON_106,OBSOLETE,DISCARD_OBSOLETE,.png
artifacts/vxp3/review/generated_art_v9/orion-vell/walk.png,ONLY_ON_106,OBSOLETE,DISCARD_OBSOLETE,.png
artifacts/vxp3/review/generated_art_v9/orion-vell/walk_f0.png,ONLY_ON_106,OBSOLETE,DISCARD_OBSOLETE,.png
artifacts/vxp3/review/generated_art_v9/orion-vell/walk_f1.png,ONLY_ON_106,OBSOLETE,DISCARD_OBSOLETE,.png
artifacts/vxp3/review/generated_art_v9/orion-vell/walk_f2.png,ONLY_ON_106,OBSOLETE,DISCARD_OBSOLETE,.png
artifacts/vxp3/review/generated_art_v9/orion-vell/walk_f3.png,ONLY_ON_106,OBSOLETE,DISCARD_OBSOLETE,.png
artifacts/vxp3/review/generated_art_v9/rook-ironside/KO.png,ONLY_ON_106,OBSOLETE,DISCARD_OBSOLETE,.png
artifacts/vxp3/review/generated_art_v9/rook-ironside/attachment_stress.png,ONLY_ON_106,OBSOLETE,DISCARD_OBSOLETE,.png
artifacts/vxp3/review/generated_art_v9/rook-ironside/back.png,ONLY_ON_106,OBSOLETE,DISCARD_OBSOLETE,.png
artifacts/vxp3/review/generated_art_v9/rook-ironside/boot_detail.png,ONLY_ON_106,OBSOLETE,DISCARD_OBSOLETE,.png
artifacts/vxp3/review/generated_art_v9/rook-ironside/boot_silhouette.png,ONLY_ON_106,OBSOLETE,DISCARD_OBSOLETE,.png
artifacts/vxp3/review/generated_art_v9/rook-ironside/charge_0_off.png,ONLY_ON_106,OBSOLETE,DISCARD_OBSOLETE,.png
artifacts/vxp3/review/generated_art_v9/rook-ironside/charge_0_silhouette.png,ONLY_ON_106,OBSOLETE,DISCARD_OBSOLETE,.png
artifacts/vxp3/review/generated_art_v9/rook-ironside/charge_100_off.png,ONLY_ON_106,OBSOLETE,DISCARD_OBSOLETE,.png
artifacts/vxp3/review/generated_art_v9/rook-ironside/charge_100_on.png,ONLY_ON_106,OBSOLETE,DISCARD_OBSOLETE,.png
artifacts/vxp3/review/generated_art_v9/rook-ironside/charge_100_silhouette.png,ONLY_ON_106,OBSOLETE,DISCARD_OBSOLETE,.png
artifacts/vxp3/review/generated_art_v9/rook-ironside/clash_lock.png,ONLY_ON_106,OBSOLETE,DISCARD_OBSOLETE,.png
artifacts/vxp3/review/generated_art_v9/rook-ironside/clash_lock_off.png,ONLY_ON_106,OBSOLETE,DISCARD_OBSOLETE,.png
artifacts/vxp3/review/generated_art_v9/rook-ironside/clash_lock_on.png,ONLY_ON_106,OBSOLETE,DISCARD_OBSOLETE,.png
artifacts/vxp3/review/generated_art_v9/rook-ironside/clash_lose.png,ONLY_ON_106,OBSOLETE,DISCARD_OBSOLETE,.png
artifacts/vxp3/review/generated_art_v9/rook-ironside/clash_push.png,ONLY_ON_106,OBSOLETE,DISCARD_OBSOLETE,.png
artifacts/vxp3/review/generated_art_v9/rook-ironside/clash_start.png,ONLY_ON_106,OBSOLETE,DISCARD_OBSOLETE,.png
artifacts/vxp3/review/generated_art_v9/rook-ironside/clash_win.png,ONLY_ON_106,OBSOLETE,DISCARD_OBSOLETE,.png
artifacts/vxp3/review/generated_art_v9/rook-ironside/costume_detail.png,ONLY_ON_106,OBSOLETE,DISCARD_OBSOLETE,.png
artifacts/vxp3/review/generated_art_v9/rook-ironside/dash.png,ONLY_ON_106,OBSOLETE,DISCARD_OBSOLETE,.png
artifacts/vxp3/review/generated_art_v9/rook-ironside/emission_off.png,ONLY_ON_106,OBSOLETE,DISCARD_OBSOLETE,.png
artifacts/vxp3/review/generated_art_v9/rook-ironside/follow_through.png,ONLY_ON_106,OBSOLETE,DISCARD_OBSOLETE,.png
artifacts/vxp3/review/generated_art_v9/rook-ironside/front.png,ONLY_ON_106,OBSOLETE,DISCARD_OBSOLETE,.png
artifacts/vxp3/review/generated_art_v9/rook-ironside/front_3q.png,ONLY_ON_106,OBSOLETE,DISCARD_OBSOLETE,.png
artifacts/vxp3/review/generated_art_v9/rook-ironside/front_3q_color.png,ONLY_ON_106,OBSOLETE,DISCARD_OBSOLETE,.png
artifacts/vxp3/review/generated_art_v9/rook-ironside/front_3q_grayscale.png,ONLY_ON_106,OBSOLETE,DISCARD_OBSOLETE,.png
artifacts/vxp3/review/generated_art_v9/rook-ironside/gameplay_color.png,ONLY_ON_106,OBSOLETE,DISCARD_OBSOLETE,.png
artifacts/vxp3/review/generated_art_v9/rook-ironside/gameplay_grayscale.png,ONLY_ON_106,OBSOLETE,DISCARD_OBSOLETE,.png
artifacts/vxp3/review/generated_art_v9/rook-ironside/gameplay_scale.png,ONLY_ON_106,OBSOLETE,DISCARD_OBSOLETE,.png
artifacts/vxp3/review/generated_art_v9/rook-ironside/glove_cast.png,ONLY_ON_106,OBSOLETE,DISCARD_OBSOLETE,.png
artifacts/vxp3/review/generated_art_v9/rook-ironside/glove_fist.png,ONLY_ON_106,OBSOLETE,DISCARD_OBSOLETE,.png
artifacts/vxp3/review/generated_art_v9/rook-ironside/glove_fist_silhouette.png,ONLY_ON_106,OBSOLETE,DISCARD_OBSOLETE,.png
artifacts/vxp3/review/generated_art_v9/rook-ironside/glove_guard.png,ONLY_ON_106,OBSOLETE,DISCARD_OBSOLETE,.png
artifacts/vxp3/review/generated_art_v9/rook-ironside/glove_open.png,ONLY_ON_106,OBSOLETE,DISCARD_OBSOLETE,.png
artifacts/vxp3/review/generated_art_v9/rook-ironside/glove_open_silhouette.png,ONLY_ON_106,OBSOLETE,DISCARD_OBSOLETE,.png
artifacts/vxp3/review/generated_art_v9/rook-ironside/grayscale_values.png,ONLY_ON_106,OBSOLETE,DISCARD_OBSOLETE,.png
artifacts/vxp3/review/generated_art_v9/rook-ironside/head_detail.png,ONLY_ON_106,OBSOLETE,DISCARD_OBSOLETE,.png
artifacts/vxp3/review/generated_art_v9/rook-ironside/heavy_anticipation.png,ONLY_ON_106,OBSOLETE,DISCARD_OBSOLETE,.png
artifacts/vxp3/review/generated_art_v9/rook-ironside/heavy_contact_grayscale.png,ONLY_ON_106,OBSOLETE,DISCARD_OBSOLETE,.png
artifacts/vxp3/review/generated_art_v9/rook-ironside/heavy_contact_off.png,ONLY_ON_106,OBSOLETE,DISCARD_OBSOLETE,.png
artifacts/vxp3/review/generated_art_v9/rook-ironside/heavy_contact_on.png,ONLY_ON_106,OBSOLETE,DISCARD_OBSOLETE,.png
artifacts/vxp3/review/generated_art_v9/rook-ironside/heavy_contact_pair_debug.png,ONLY_ON_106,OBSOLETE,DISCARD_OBSOLETE,.png
artifacts/vxp3/review/generated_art_v9/rook-ironside/heavy_contact_pair_off.png,ONLY_ON_106,OBSOLETE,DISCARD_OBSOLETE,.png
artifacts/vxp3/review/generated_art_v9/rook-ironside/heavy_contact_pair_on.png,ONLY_ON_106,OBSOLETE,DISCARD_OBSOLETE,.png
artifacts/vxp3/review/generated_art_v9/rook-ironside/heavy_follow.png,ONLY_ON_106,OBSOLETE,DISCARD_OBSOLETE,.png
artifacts/vxp3/review/generated_art_v9/rook-ironside/heavy_precontact.png,ONLY_ON_106,OBSOLETE,DISCARD_OBSOLETE,.png
artifacts/vxp3/review/generated_art_v9/rook-ironside/hurt_peak.png,ONLY_ON_106,OBSOLETE,DISCARD_OBSOLETE,.png
artifacts/vxp3/review/generated_art_v9/rook-ironside/hurt_peak_no_knockback.png,ONLY_ON_106,OBSOLETE,DISCARD_OBSOLETE,.png
artifacts/vxp3/review/generated_art_v9/rook-ironside/idle.png,ONLY_ON_106,OBSOLETE,DISCARD_OBSOLETE,.png
artifacts/vxp3/review/generated_art_v9/rook-ironside/launch_start.png,ONLY_ON_106,OBSOLETE,DISCARD_OBSOLETE,.png
artifacts/vxp3/review/generated_art_v9/rook-ironside/mask_detail.png,ONLY_ON_106,OBSOLETE,DISCARD_OBSOLETE,.png
artifacts/vxp3/review/generated_art_v9/rook-ironside/orientation.json,ONLY_ON_106,OBSOLETE,REFERENCE_ONLY,.json
artifacts/vxp3/review/generated_art_v9/rook-ironside/personality_idle.png,ONLY_ON_106,OBSOLETE,DISCARD_OBSOLETE,.png
artifacts/vxp3/review/generated_art_v9/rook-ironside/run.png,ONLY_ON_106,OBSOLETE,DISCARD_OBSOLETE,.png
artifacts/vxp3/review/generated_art_v9/rook-ironside/run_f0.png,ONLY_ON_106,OBSOLETE,DISCARD_OBSOLETE,.png
artifacts/vxp3/review/generated_art_v9/rook-ironside/run_f1.png,ONLY_ON_106,OBSOLETE,DISCARD_OBSOLETE,.png
artifacts/vxp3/review/generated_art_v9/rook-ironside/run_f2.png,ONLY_ON_106,OBSOLETE,DISCARD_OBSOLETE,.png
artifacts/vxp3/review/generated_art_v9/rook-ironside/run_f3.png,ONLY_ON_106,OBSOLETE,DISCARD_OBSOLETE,.png
artifacts/vxp3/review/generated_art_v9/rook-ironside/select_preview.png,ONLY_ON_106,OBSOLETE,DISCARD_OBSOLETE,.png
artifacts/vxp3/review/generated_art_v9/rook-ironside/side.png,ONLY_ON_106,OBSOLETE,DISCARD_OBSOLETE,.png
artifacts/vxp3/review/generated_art_v9/rook-ironside/silhouette_idle.png,ONLY_ON_106,OBSOLETE,DISCARD_OBSOLETE,.png
artifacts/vxp3/review/generated_art_v9/rook-ironside/silhouette_super.png,ONLY_ON_106,OBSOLETE,DISCARD_OBSOLETE,.png
artifacts/vxp3/review/generated_art_v9/rook-ironside/super_off.png,ONLY_ON_106,OBSOLETE,DISCARD_OBSOLETE,.png
artifacts/vxp3/review/generated_art_v9/rook-ironside/super_on.png,ONLY_ON_106,OBSOLETE,DISCARD_OBSOLETE,.png
artifacts/vxp3/review/generated_art_v9/rook-ironside/super_silhouette.png,ONLY_ON_106,OBSOLETE,DISCARD_OBSOLETE,.png
artifacts/vxp3/review/generated_art_v9/rook-ironside/walk.png,ONLY_ON_106,OBSOLETE,DISCARD_OBSOLETE,.png
artifacts/vxp3/review/generated_art_v9/rook-ironside/walk_f0.png,ONLY_ON_106,OBSOLETE,DISCARD_OBSOLETE,.png
artifacts/vxp3/review/generated_art_v9/rook-ironside/walk_f1.png,ONLY_ON_106,OBSOLETE,DISCARD_OBSOLETE,.png
artifacts/vxp3/review/generated_art_v9/rook-ironside/walk_f2.png,ONLY_ON_106,OBSOLETE,DISCARD_OBSOLETE,.png
artifacts/vxp3/review/generated_art_v9/rook-ironside/walk_f3.png,ONLY_ON_106,OBSOLETE,DISCARD_OBSOLETE,.png
artifacts/vxp3/review/generated_art_v9/roster/attachment_stress.png,ONLY_ON_106,OBSOLETE,DISCARD_OBSOLETE,.png
artifacts/vxp3/review/generated_art_v9/roster/boot_silhouettes.png,ONLY_ON_106,OBSOLETE,DISCARD_OBSOLETE,.png
artifacts/vxp3/review/generated_art_v9/roster/boots.png,ONLY_ON_106,OBSOLETE,DISCARD_OBSOLETE,.png
artifacts/vxp3/review/generated_art_v9/roster/charge_compare.png,ONLY_ON_106,OBSOLETE,DISCARD_OBSOLETE,.png
artifacts/vxp3/review/generated_art_v9/roster/charge_idle_silhouette_compare.png,ONLY_ON_106,OBSOLETE,DISCARD_OBSOLETE,.png
artifacts/vxp3/review/generated_art_v9/roster/charge_transformation.png,ONLY_ON_106,OBSOLETE,DISCARD_OBSOLETE,.png
artifacts/vxp3/review/generated_art_v9/roster/clash_grid.png,ONLY_ON_106,OBSOLETE,DISCARD_OBSOLETE,.png
artifacts/vxp3/review/generated_art_v9/roster/clash_presets.png,ONLY_ON_106,OBSOLETE,DISCARD_OBSOLETE,.png
artifacts/vxp3/review/generated_art_v9/roster/color_lineup.png,ONLY_ON_106,OBSOLETE,DISCARD_OBSOLETE,.png
artifacts/vxp3/review/generated_art_v9/roster/glove_silhouettes.png,ONLY_ON_106,OBSOLETE,DISCARD_OBSOLETE,.png
artifacts/vxp3/review/generated_art_v9/roster/gloves.png,ONLY_ON_106,OBSOLETE,DISCARD_OBSOLETE,.png
artifacts/vxp3/review/generated_art_v9/roster/grayscale_lineup.png,ONLY_ON_106,OBSOLETE,DISCARD_OBSOLETE,.png
artifacts/vxp3/review/generated_art_v9/roster/heavy_contact_grid.png,ONLY_ON_106,OBSOLETE,DISCARD_OBSOLETE,.png
artifacts/vxp3/review/generated_art_v9/roster/heavy_pairs.png,ONLY_ON_106,OBSOLETE,DISCARD_OBSOLETE,.png
artifacts/vxp3/review/generated_art_v9/roster/hero_features.png,ONLY_ON_106,OBSOLETE,DISCARD_OBSOLETE,.png
artifacts/vxp3/review/generated_art_v9/roster/hurt_grid.png,ONLY_ON_106,OBSOLETE,DISCARD_OBSOLETE,.png
artifacts/vxp3/review/generated_art_v9/roster/hurt_peaks.png,ONLY_ON_106,OBSOLETE,DISCARD_OBSOLETE,.png
artifacts/vxp3/review/generated_art_v9/roster/idle_identities.png,ONLY_ON_106,OBSOLETE,DISCARD_OBSOLETE,.png
artifacts/vxp3/review/generated_art_v9/roster/idle_silhouettes.png,ONLY_ON_106,OBSOLETE,DISCARD_OBSOLETE,.png
artifacts/vxp3/review/generated_art_v9/roster/locomotion_strips.png,ONLY_ON_106,OBSOLETE,DISCARD_OBSOLETE,.png
artifacts/vxp3/review/generated_art_v9/roster/masks.png,ONLY_ON_106,OBSOLETE,DISCARD_OBSOLETE,.png
artifacts/vxp3/review/generated_art_v9/roster/select_lineup.png,ONLY_ON_106,OBSOLETE,DISCARD_OBSOLETE,.png
artifacts/vxp3/review/generated_art_v9/roster/silhouettes.png,ONLY_ON_106,OBSOLETE,DISCARD_OBSOLETE,.png
artifacts/vxp3/review/generated_art_v9/roster/super_silhouettes.png,ONLY_ON_106,OBSOLETE,DISCARD_OBSOLETE,.png
artifacts/vxp3/review/generated_art_v9/roster/supers.png,ONLY_ON_106,OBSOLETE,DISCARD_OBSOLETE,.png
artifacts/vxp3/review/generated_art_v9/roster/value_groups.png,ONLY_ON_106,OBSOLETE,DISCARD_OBSOLETE,.png
artifacts/vxp3/review/generated_art_v9/vesper-nyx/KO.png,ONLY_ON_106,OBSOLETE,DISCARD_OBSOLETE,.png
artifacts/vxp3/review/generated_art_v9/vesper-nyx/attachment_stress.png,ONLY_ON_106,OBSOLETE,DISCARD_OBSOLETE,.png
artifacts/vxp3/review/generated_art_v9/vesper-nyx/back.png,ONLY_ON_106,OBSOLETE,DISCARD_OBSOLETE,.png
artifacts/vxp3/review/generated_art_v9/vesper-nyx/boot_detail.png,ONLY_ON_106,OBSOLETE,DISCARD_OBSOLETE,.png
artifacts/vxp3/review/generated_art_v9/vesper-nyx/boot_silhouette.png,ONLY_ON_106,OBSOLETE,DISCARD_OBSOLETE,.png
artifacts/vxp3/review/generated_art_v9/vesper-nyx/charge_0_off.png,ONLY_ON_106,OBSOLETE,DISCARD_OBSOLETE,.png
artifacts/vxp3/review/generated_art_v9/vesper-nyx/charge_0_silhouette.png,ONLY_ON_106,OBSOLETE,DISCARD_OBSOLETE,.png
artifacts/vxp3/review/generated_art_v9/vesper-nyx/charge_100_off.png,ONLY_ON_106,OBSOLETE,DISCARD_OBSOLETE,.png
artifacts/vxp3/review/generated_art_v9/vesper-nyx/charge_100_on.png,ONLY_ON_106,OBSOLETE,DISCARD_OBSOLETE,.png
artifacts/vxp3/review/generated_art_v9/vesper-nyx/charge_100_silhouette.png,ONLY_ON_106,OBSOLETE,DISCARD_OBSOLETE,.png
artifacts/vxp3/review/generated_art_v9/vesper-nyx/clash_lock.png,ONLY_ON_106,OBSOLETE,DISCARD_OBSOLETE,.png
artifacts/vxp3/review/generated_art_v9/vesper-nyx/clash_lock_off.png,ONLY_ON_106,OBSOLETE,DISCARD_OBSOLETE,.png
artifacts/vxp3/review/generated_art_v9/vesper-nyx/clash_lock_on.png,ONLY_ON_106,OBSOLETE,DISCARD_OBSOLETE,.png
artifacts/vxp3/review/generated_art_v9/vesper-nyx/clash_lose.png,ONLY_ON_106,OBSOLETE,DISCARD_OBSOLETE,.png
artifacts/vxp3/review/generated_art_v9/vesper-nyx/clash_push.png,ONLY_ON_106,OBSOLETE,DISCARD_OBSOLETE,.png
artifacts/vxp3/review/generated_art_v9/vesper-nyx/clash_start.png,ONLY_ON_106,OBSOLETE,DISCARD_OBSOLETE,.png
artifacts/vxp3/review/generated_art_v9/vesper-nyx/clash_win.png,ONLY_ON_106,OBSOLETE,DISCARD_OBSOLETE,.png
artifacts/vxp3/review/generated_art_v9/vesper-nyx/costume_detail.png,ONLY_ON_106,OBSOLETE,DISCARD_OBSOLETE,.png
artifacts/vxp3/review/generated_art_v9/vesper-nyx/dash.png,ONLY_ON_106,OBSOLETE,DISCARD_OBSOLETE,.png
artifacts/vxp3/review/generated_art_v9/vesper-nyx/emission_off.png,ONLY_ON_106,OBSOLETE,DISCARD_OBSOLETE,.png
artifacts/vxp3/review/generated_art_v9/vesper-nyx/follow_through.png,ONLY_ON_106,OBSOLETE,DISCARD_OBSOLETE,.png
artifacts/vxp3/review/generated_art_v9/vesper-nyx/front.png,ONLY_ON_106,OBSOLETE,DISCARD_OBSOLETE,.png
artifacts/vxp3/review/generated_art_v9/vesper-nyx/front_3q.png,ONLY_ON_106,OBSOLETE,DISCARD_OBSOLETE,.png
artifacts/vxp3/review/generated_art_v9/vesper-nyx/front_3q_color.png,ONLY_ON_106,OBSOLETE,DISCARD_OBSOLETE,.png
artifacts/vxp3/review/generated_art_v9/vesper-nyx/front_3q_grayscale.png,ONLY_ON_106,OBSOLETE,DISCARD_OBSOLETE,.png
artifacts/vxp3/review/generated_art_v9/vesper-nyx/gameplay_color.png,ONLY_ON_106,OBSOLETE,DISCARD_OBSOLETE,.png
artifacts/vxp3/review/generated_art_v9/vesper-nyx/gameplay_grayscale.png,ONLY_ON_106,OBSOLETE,DISCARD_OBSOLETE,.png
artifacts/vxp3/review/generated_art_v9/vesper-nyx/gameplay_scale.png,ONLY_ON_106,OBSOLETE,DISCARD_OBSOLETE,.png
artifacts/vxp3/review/generated_art_v9/vesper-nyx/glove_cast.png,ONLY_ON_106,OBSOLETE,DISCARD_OBSOLETE,.png
artifacts/vxp3/review/generated_art_v9/vesper-nyx/glove_fist.png,ONLY_ON_106,OBSOLETE,DISCARD_OBSOLETE,.png
artifacts/vxp3/review/generated_art_v9/vesper-nyx/glove_fist_silhouette.png,ONLY_ON_106,OBSOLETE,DISCARD_OBSOLETE,.png
artifacts/vxp3/review/generated_art_v9/vesper-nyx/glove_guard.png,ONLY_ON_106,OBSOLETE,DISCARD_OBSOLETE,.png
artifacts/vxp3/review/generated_art_v9/vesper-nyx/glove_open.png,ONLY_ON_106,OBSOLETE,DISCARD_OBSOLETE,.png
artifacts/vxp3/review/generated_art_v9/vesper-nyx/glove_open_silhouette.png,ONLY_ON_106,OBSOLETE,DISCARD_OBSOLETE,.png
artifacts/vxp3/review/generated_art_v9/vesper-nyx/grayscale_values.png,ONLY_ON_106,OBSOLETE,DISCARD_OBSOLETE,.png
artifacts/vxp3/review/generated_art_v9/vesper-nyx/head_detail.png,ONLY_ON_106,OBSOLETE,DISCARD_OBSOLETE,.png
artifacts/vxp3/review/generated_art_v9/vesper-nyx/heavy_anticipation.png,ONLY_ON_106,OBSOLETE,DISCARD_OBSOLETE,.png
artifacts/vxp3/review/generated_art_v9/vesper-nyx/heavy_contact_grayscale.png,ONLY_ON_106,OBSOLETE,DISCARD_OBSOLETE,.png
artifacts/vxp3/review/generated_art_v9/vesper-nyx/heavy_contact_off.png,ONLY_ON_106,OBSOLETE,DISCARD_OBSOLETE,.png
artifacts/vxp3/review/generated_art_v9/vesper-nyx/heavy_contact_on.png,ONLY_ON_106,OBSOLETE,DISCARD_OBSOLETE,.png
artifacts/vxp3/review/generated_art_v9/vesper-nyx/heavy_contact_pair_debug.png,ONLY_ON_106,OBSOLETE,DISCARD_OBSOLETE,.png
artifacts/vxp3/review/generated_art_v9/vesper-nyx/heavy_contact_pair_off.png,ONLY_ON_106,OBSOLETE,DISCARD_OBSOLETE,.png
artifacts/vxp3/review/generated_art_v9/vesper-nyx/heavy_contact_pair_on.png,ONLY_ON_106,OBSOLETE,DISCARD_OBSOLETE,.png
artifacts/vxp3/review/generated_art_v9/vesper-nyx/heavy_follow.png,ONLY_ON_106,OBSOLETE,DISCARD_OBSOLETE,.png
artifacts/vxp3/review/generated_art_v9/vesper-nyx/heavy_precontact.png,ONLY_ON_106,OBSOLETE,DISCARD_OBSOLETE,.png
artifacts/vxp3/review/generated_art_v9/vesper-nyx/hurt_peak.png,ONLY_ON_106,OBSOLETE,DISCARD_OBSOLETE,.png
artifacts/vxp3/review/generated_art_v9/vesper-nyx/hurt_peak_no_knockback.png,ONLY_ON_106,OBSOLETE,DISCARD_OBSOLETE,.png
artifacts/vxp3/review/generated_art_v9/vesper-nyx/idle.png,ONLY_ON_106,OBSOLETE,DISCARD_OBSOLETE,.png
artifacts/vxp3/review/generated_art_v9/vesper-nyx/launch_start.png,ONLY_ON_106,OBSOLETE,DISCARD_OBSOLETE,.png
artifacts/vxp3/review/generated_art_v9/vesper-nyx/mask_detail.png,ONLY_ON_106,OBSOLETE,DISCARD_OBSOLETE,.png
artifacts/vxp3/review/generated_art_v9/vesper-nyx/orientation.json,ONLY_ON_106,OBSOLETE,REFERENCE_ONLY,.json
artifacts/vxp3/review/generated_art_v9/vesper-nyx/personality_idle.png,ONLY_ON_106,OBSOLETE,DISCARD_OBSOLETE,.png
artifacts/vxp3/review/generated_art_v9/vesper-nyx/run.png,ONLY_ON_106,OBSOLETE,DISCARD_OBSOLETE,.png
artifacts/vxp3/review/generated_art_v9/vesper-nyx/run_f0.png,ONLY_ON_106,OBSOLETE,DISCARD_OBSOLETE,.png
artifacts/vxp3/review/generated_art_v9/vesper-nyx/run_f1.png,ONLY_ON_106,OBSOLETE,DISCARD_OBSOLETE,.png
artifacts/vxp3/review/generated_art_v9/vesper-nyx/run_f2.png,ONLY_ON_106,OBSOLETE,DISCARD_OBSOLETE,.png
artifacts/vxp3/review/generated_art_v9/vesper-nyx/run_f3.png,ONLY_ON_106,OBSOLETE,DISCARD_OBSOLETE,.png
artifacts/vxp3/review/generated_art_v9/vesper-nyx/select_preview.png,ONLY_ON_106,OBSOLETE,DISCARD_OBSOLETE,.png
artifacts/vxp3/review/generated_art_v9/vesper-nyx/side.png,ONLY_ON_106,OBSOLETE,DISCARD_OBSOLETE,.png
artifacts/vxp3/review/generated_art_v9/vesper-nyx/silhouette_idle.png,ONLY_ON_106,OBSOLETE,DISCARD_OBSOLETE,.png
artifacts/vxp3/review/generated_art_v9/vesper-nyx/silhouette_super.png,ONLY_ON_106,OBSOLETE,DISCARD_OBSOLETE,.png
artifacts/vxp3/review/generated_art_v9/vesper-nyx/super_off.png,ONLY_ON_106,OBSOLETE,DISCARD_OBSOLETE,.png
artifacts/vxp3/review/generated_art_v9/vesper-nyx/super_on.png,ONLY_ON_106,OBSOLETE,DISCARD_OBSOLETE,.png
artifacts/vxp3/review/generated_art_v9/vesper-nyx/super_silhouette.png,ONLY_ON_106,OBSOLETE,DISCARD_OBSOLETE,.png
artifacts/vxp3/review/generated_art_v9/vesper-nyx/walk.png,ONLY_ON_106,OBSOLETE,DISCARD_OBSOLETE,.png
artifacts/vxp3/review/generated_art_v9/vesper-nyx/walk_f0.png,ONLY_ON_106,OBSOLETE,DISCARD_OBSOLETE,.png
artifacts/vxp3/review/generated_art_v9/vesper-nyx/walk_f1.png,ONLY_ON_106,OBSOLETE,DISCARD_OBSOLETE,.png
artifacts/vxp3/review/generated_art_v9/vesper-nyx/walk_f2.png,ONLY_ON_106,OBSOLETE,DISCARD_OBSOLETE,.png
artifacts/vxp3/review/generated_art_v9/vesper-nyx/walk_f3.png,ONLY_ON_106,OBSOLETE,DISCARD_OBSOLETE,.png
artifacts/vxp3/review/generated_production/ember-vale/aura.png,ONLY_ON_106,OBSOLETE,DISCARD_OBSOLETE,.png
artifacts/vxp3/review/generated_production/ember-vale/charge_100.png,ONLY_ON_106,OBSOLETE,DISCARD_OBSOLETE,.png
artifacts/vxp3/review/generated_production/ember-vale/close_body_3q.png,ONLY_ON_106,OBSOLETE,DISCARD_OBSOLETE,.png
artifacts/vxp3/review/generated_production/ember-vale/costume_detail.png,ONLY_ON_106,OBSOLETE,DISCARD_OBSOLETE,.png
artifacts/vxp3/review/generated_production/ember-vale/dash.png,ONLY_ON_106,OBSOLETE,DISCARD_OBSOLETE,.png
artifacts/vxp3/review/generated_production/ember-vale/deformation_stress.png,ONLY_ON_106,OBSOLETE,DISCARD_OBSOLETE,.png
artifacts/vxp3/review/generated_production/ember-vale/heavy_anticipation.png,ONLY_ON_106,OBSOLETE,DISCARD_OBSOLETE,.png
artifacts/vxp3/review/generated_production/ember-vale/heavy_contact.png,ONLY_ON_106,OBSOLETE,DISCARD_OBSOLETE,.png
artifacts/vxp3/review/generated_production/ember-vale/heavy_follow.png,ONLY_ON_106,OBSOLETE,DISCARD_OBSOLETE,.png
artifacts/vxp3/review/generated_production/ember-vale/hurt_heavy.png,ONLY_ON_106,OBSOLETE,DISCARD_OBSOLETE,.png
artifacts/vxp3/review/generated_production/ember-vale/idle.png,ONLY_ON_106,OBSOLETE,DISCARD_OBSOLETE,.png
artifacts/vxp3/review/generated_production/ember-vale/ko.png,ONLY_ON_106,OBSOLETE,DISCARD_OBSOLETE,.png
artifacts/vxp3/review/generated_production/ember-vale/personality_idle.png,ONLY_ON_106,OBSOLETE,DISCARD_OBSOLETE,.png
artifacts/vxp3/review/generated_production/ember-vale/run.png,ONLY_ON_106,OBSOLETE,DISCARD_OBSOLETE,.png
artifacts/vxp3/review/generated_production/ember-vale/silhouette.png,ONLY_ON_106,OBSOLETE,DISCARD_OBSOLETE,.png
artifacts/vxp3/review/generated_production/ember-vale/super.png,ONLY_ON_106,OBSOLETE,DISCARD_OBSOLETE,.png
artifacts/vxp3/review/generated_production/ember-vale/walk.png,ONLY_ON_106,OBSOLETE,DISCARD_OBSOLETE,.png
artifacts/vxp3/review/generated_production/juno-spark/aura.png,ONLY_ON_106,OBSOLETE,DISCARD_OBSOLETE,.png
artifacts/vxp3/review/generated_production/juno-spark/charge_100.png,ONLY_ON_106,OBSOLETE,DISCARD_OBSOLETE,.png
artifacts/vxp3/review/generated_production/juno-spark/close_body_3q.png,ONLY_ON_106,OBSOLETE,DISCARD_OBSOLETE,.png
artifacts/vxp3/review/generated_production/juno-spark/costume_detail.png,ONLY_ON_106,OBSOLETE,DISCARD_OBSOLETE,.png
artifacts/vxp3/review/generated_production/juno-spark/dash.png,ONLY_ON_106,OBSOLETE,DISCARD_OBSOLETE,.png
artifacts/vxp3/review/generated_production/juno-spark/deformation_stress.png,ONLY_ON_106,OBSOLETE,DISCARD_OBSOLETE,.png
artifacts/vxp3/review/generated_production/juno-spark/heavy_anticipation.png,ONLY_ON_106,OBSOLETE,DISCARD_OBSOLETE,.png
artifacts/vxp3/review/generated_production/juno-spark/heavy_contact.png,ONLY_ON_106,OBSOLETE,DISCARD_OBSOLETE,.png
artifacts/vxp3/review/generated_production/juno-spark/heavy_follow.png,ONLY_ON_106,OBSOLETE,DISCARD_OBSOLETE,.png
artifacts/vxp3/review/generated_production/juno-spark/hurt_heavy.png,ONLY_ON_106,OBSOLETE,DISCARD_OBSOLETE,.png
artifacts/vxp3/review/generated_production/juno-spark/idle.png,ONLY_ON_106,OBSOLETE,DISCARD_OBSOLETE,.png
artifacts/vxp3/review/generated_production/juno-spark/ko.png,ONLY_ON_106,OBSOLETE,DISCARD_OBSOLETE,.png
artifacts/vxp3/review/generated_production/juno-spark/personality_idle.png,ONLY_ON_106,OBSOLETE,DISCARD_OBSOLETE,.png
artifacts/vxp3/review/generated_production/juno-spark/run.png,ONLY_ON_106,OBSOLETE,DISCARD_OBSOLETE,.png
artifacts/vxp3/review/generated_production/juno-spark/silhouette.png,ONLY_ON_106,OBSOLETE,DISCARD_OBSOLETE,.png
artifacts/vxp3/review/generated_production/juno-spark/super.png,ONLY_ON_106,OBSOLETE,DISCARD_OBSOLETE,.png
artifacts/vxp3/review/generated_production/juno-spark/walk.png,ONLY_ON_106,OBSOLETE,DISCARD_OBSOLETE,.png
artifacts/vxp3/review/generated_production/kaia-windrow/aura.png,ONLY_ON_106,OBSOLETE,DISCARD_OBSOLETE,.png
artifacts/vxp3/review/generated_production/kaia-windrow/charge_100.png,ONLY_ON_106,OBSOLETE,DISCARD_OBSOLETE,.png
artifacts/vxp3/review/generated_production/kaia-windrow/close_body_3q.png,ONLY_ON_106,OBSOLETE,DISCARD_OBSOLETE,.png
artifacts/vxp3/review/generated_production/kaia-windrow/costume_detail.png,ONLY_ON_106,OBSOLETE,DISCARD_OBSOLETE,.png
artifacts/vxp3/review/generated_production/kaia-windrow/dash.png,ONLY_ON_106,OBSOLETE,DISCARD_OBSOLETE,.png
artifacts/vxp3/review/generated_production/kaia-windrow/deformation_stress.png,ONLY_ON_106,OBSOLETE,DISCARD_OBSOLETE,.png
artifacts/vxp3/review/generated_production/kaia-windrow/heavy_anticipation.png,ONLY_ON_106,OBSOLETE,DISCARD_OBSOLETE,.png
artifacts/vxp3/review/generated_production/kaia-windrow/heavy_contact.png,ONLY_ON_106,OBSOLETE,DISCARD_OBSOLETE,.png
artifacts/vxp3/review/generated_production/kaia-windrow/heavy_follow.png,ONLY_ON_106,OBSOLETE,DISCARD_OBSOLETE,.png
artifacts/vxp3/review/generated_production/kaia-windrow/hurt_heavy.png,ONLY_ON_106,OBSOLETE,DISCARD_OBSOLETE,.png
artifacts/vxp3/review/generated_production/kaia-windrow/idle.png,ONLY_ON_106,OBSOLETE,DISCARD_OBSOLETE,.png
artifacts/vxp3/review/generated_production/kaia-windrow/ko.png,ONLY_ON_106,OBSOLETE,DISCARD_OBSOLETE,.png
artifacts/vxp3/review/generated_production/kaia-windrow/personality_idle.png,ONLY_ON_106,OBSOLETE,DISCARD_OBSOLETE,.png
artifacts/vxp3/review/generated_production/kaia-windrow/run.png,ONLY_ON_106,OBSOLETE,DISCARD_OBSOLETE,.png
artifacts/vxp3/review/generated_production/kaia-windrow/silhouette.png,ONLY_ON_106,OBSOLETE,DISCARD_OBSOLETE,.png
artifacts/vxp3/review/generated_production/kaia-windrow/super.png,ONLY_ON_106,OBSOLETE,DISCARD_OBSOLETE,.png
artifacts/vxp3/review/generated_production/kaia-windrow/walk.png,ONLY_ON_106,OBSOLETE,DISCARD_OBSOLETE,.png
artifacts/vxp3/review/generated_production/nix-calder/aura.png,ONLY_ON_106,OBSOLETE,DISCARD_OBSOLETE,.png
artifacts/vxp3/review/generated_production/nix-calder/charge_100.png,ONLY_ON_106,OBSOLETE,DISCARD_OBSOLETE,.png
artifacts/vxp3/review/generated_production/nix-calder/close_body_3q.png,ONLY_ON_106,OBSOLETE,DISCARD_OBSOLETE,.png
artifacts/vxp3/review/generated_production/nix-calder/costume_detail.png,ONLY_ON_106,OBSOLETE,DISCARD_OBSOLETE,.png
artifacts/vxp3/review/generated_production/nix-calder/dash.png,ONLY_ON_106,OBSOLETE,DISCARD_OBSOLETE,.png
artifacts/vxp3/review/generated_production/nix-calder/deformation_stress.png,ONLY_ON_106,OBSOLETE,DISCARD_OBSOLETE,.png
artifacts/vxp3/review/generated_production/nix-calder/heavy_anticipation.png,ONLY_ON_106,OBSOLETE,DISCARD_OBSOLETE,.png
artifacts/vxp3/review/generated_production/nix-calder/heavy_contact.png,ONLY_ON_106,OBSOLETE,DISCARD_OBSOLETE,.png
artifacts/vxp3/review/generated_production/nix-calder/heavy_follow.png,ONLY_ON_106,OBSOLETE,DISCARD_OBSOLETE,.png
artifacts/vxp3/review/generated_production/nix-calder/hurt_heavy.png,ONLY_ON_106,OBSOLETE,DISCARD_OBSOLETE,.png
artifacts/vxp3/review/generated_production/nix-calder/idle.png,ONLY_ON_106,OBSOLETE,DISCARD_OBSOLETE,.png
artifacts/vxp3/review/generated_production/nix-calder/ko.png,ONLY_ON_106,OBSOLETE,DISCARD_OBSOLETE,.png
artifacts/vxp3/review/generated_production/nix-calder/personality_idle.png,ONLY_ON_106,OBSOLETE,DISCARD_OBSOLETE,.png
artifacts/vxp3/review/generated_production/nix-calder/run.png,ONLY_ON_106,OBSOLETE,DISCARD_OBSOLETE,.png
artifacts/vxp3/review/generated_production/nix-calder/silhouette.png,ONLY_ON_106,OBSOLETE,DISCARD_OBSOLETE,.png
artifacts/vxp3/review/generated_production/nix-calder/super.png,ONLY_ON_106,OBSOLETE,DISCARD_OBSOLETE,.png
artifacts/vxp3/review/generated_production/nix-calder/walk.png,ONLY_ON_106,OBSOLETE,DISCARD_OBSOLETE,.png
artifacts/vxp3/review/generated_production/orion-vell/aura.png,ONLY_ON_106,OBSOLETE,DISCARD_OBSOLETE,.png
artifacts/vxp3/review/generated_production/orion-vell/charge_100.png,ONLY_ON_106,OBSOLETE,DISCARD_OBSOLETE,.png
artifacts/vxp3/review/generated_production/orion-vell/close_body_3q.png,ONLY_ON_106,OBSOLETE,DISCARD_OBSOLETE,.png
artifacts/vxp3/review/generated_production/orion-vell/costume_detail.png,ONLY_ON_106,OBSOLETE,DISCARD_OBSOLETE,.png
artifacts/vxp3/review/generated_production/orion-vell/dash.png,ONLY_ON_106,OBSOLETE,DISCARD_OBSOLETE,.png
artifacts/vxp3/review/generated_production/orion-vell/deformation_stress.png,ONLY_ON_106,OBSOLETE,DISCARD_OBSOLETE,.png
artifacts/vxp3/review/generated_production/orion-vell/heavy_anticipation.png,ONLY_ON_106,OBSOLETE,DISCARD_OBSOLETE,.png
artifacts/vxp3/review/generated_production/orion-vell/heavy_contact.png,ONLY_ON_106,OBSOLETE,DISCARD_OBSOLETE,.png
artifacts/vxp3/review/generated_production/orion-vell/heavy_follow.png,ONLY_ON_106,OBSOLETE,DISCARD_OBSOLETE,.png
artifacts/vxp3/review/generated_production/orion-vell/hurt_heavy.png,ONLY_ON_106,OBSOLETE,DISCARD_OBSOLETE,.png
artifacts/vxp3/review/generated_production/orion-vell/idle.png,ONLY_ON_106,OBSOLETE,DISCARD_OBSOLETE,.png
artifacts/vxp3/review/generated_production/orion-vell/ko.png,ONLY_ON_106,OBSOLETE,DISCARD_OBSOLETE,.png
artifacts/vxp3/review/generated_production/orion-vell/personality_idle.png,ONLY_ON_106,OBSOLETE,DISCARD_OBSOLETE,.png
artifacts/vxp3/review/generated_production/orion-vell/run.png,ONLY_ON_106,OBSOLETE,DISCARD_OBSOLETE,.png
artifacts/vxp3/review/generated_production/orion-vell/silhouette.png,ONLY_ON_106,OBSOLETE,DISCARD_OBSOLETE,.png
artifacts/vxp3/review/generated_production/orion-vell/super.png,ONLY_ON_106,OBSOLETE,DISCARD_OBSOLETE,.png
artifacts/vxp3/review/generated_production/orion-vell/walk.png,ONLY_ON_106,OBSOLETE,DISCARD_OBSOLETE,.png
artifacts/vxp3/review/generated_production/rook-ironside/aura.png,ONLY_ON_106,OBSOLETE,DISCARD_OBSOLETE,.png
artifacts/vxp3/review/generated_production/rook-ironside/charge_100.png,ONLY_ON_106,OBSOLETE,DISCARD_OBSOLETE,.png
artifacts/vxp3/review/generated_production/rook-ironside/close_body_3q.png,ONLY_ON_106,OBSOLETE,DISCARD_OBSOLETE,.png
artifacts/vxp3/review/generated_production/rook-ironside/costume_detail.png,ONLY_ON_106,OBSOLETE,DISCARD_OBSOLETE,.png
artifacts/vxp3/review/generated_production/rook-ironside/dash.png,ONLY_ON_106,OBSOLETE,DISCARD_OBSOLETE,.png
artifacts/vxp3/review/generated_production/rook-ironside/deformation_stress.png,ONLY_ON_106,OBSOLETE,DISCARD_OBSOLETE,.png
artifacts/vxp3/review/generated_production/rook-ironside/heavy_anticipation.png,ONLY_ON_106,OBSOLETE,DISCARD_OBSOLETE,.png
artifacts/vxp3/review/generated_production/rook-ironside/heavy_contact.png,ONLY_ON_106,OBSOLETE,DISCARD_OBSOLETE,.png
artifacts/vxp3/review/generated_production/rook-ironside/heavy_follow.png,ONLY_ON_106,OBSOLETE,DISCARD_OBSOLETE,.png
artifacts/vxp3/review/generated_production/rook-ironside/hurt_heavy.png,ONLY_ON_106,OBSOLETE,DISCARD_OBSOLETE,.png
artifacts/vxp3/review/generated_production/rook-ironside/idle.png,ONLY_ON_106,OBSOLETE,DISCARD_OBSOLETE,.png
artifacts/vxp3/review/generated_production/rook-ironside/ko.png,ONLY_ON_106,OBSOLETE,DISCARD_OBSOLETE,.png
artifacts/vxp3/review/generated_production/rook-ironside/personality_idle.png,ONLY_ON_106,OBSOLETE,DISCARD_OBSOLETE,.png
artifacts/vxp3/review/generated_production/rook-ironside/run.png,ONLY_ON_106,OBSOLETE,DISCARD_OBSOLETE,.png
artifacts/vxp3/review/generated_production/rook-ironside/silhouette.png,ONLY_ON_106,OBSOLETE,DISCARD_OBSOLETE,.png
artifacts/vxp3/review/generated_production/rook-ironside/super.png,ONLY_ON_106,OBSOLETE,DISCARD_OBSOLETE,.png
artifacts/vxp3/review/generated_production/rook-ironside/walk.png,ONLY_ON_106,OBSOLETE,DISCARD_OBSOLETE,.png
artifacts/vxp3/review/generated_production/roster/roster_compare.html,ONLY_ON_106,OBSOLETE,REFERENCE_ONLY,.html
artifacts/vxp3/review/generated_production/vesper-nyx/aura.png,ONLY_ON_106,OBSOLETE,DISCARD_OBSOLETE,.png
artifacts/vxp3/review/generated_production/vesper-nyx/charge_100.png,ONLY_ON_106,OBSOLETE,DISCARD_OBSOLETE,.png
artifacts/vxp3/review/generated_production/vesper-nyx/close_body_3q.png,ONLY_ON_106,OBSOLETE,DISCARD_OBSOLETE,.png
artifacts/vxp3/review/generated_production/vesper-nyx/costume_detail.png,ONLY_ON_106,OBSOLETE,DISCARD_OBSOLETE,.png
artifacts/vxp3/review/generated_production/vesper-nyx/dash.png,ONLY_ON_106,OBSOLETE,DISCARD_OBSOLETE,.png
artifacts/vxp3/review/generated_production/vesper-nyx/deformation_stress.png,ONLY_ON_106,OBSOLETE,DISCARD_OBSOLETE,.png
artifacts/vxp3/review/generated_production/vesper-nyx/heavy_anticipation.png,ONLY_ON_106,OBSOLETE,DISCARD_OBSOLETE,.png
artifacts/vxp3/review/generated_production/vesper-nyx/heavy_contact.png,ONLY_ON_106,OBSOLETE,DISCARD_OBSOLETE,.png
artifacts/vxp3/review/generated_production/vesper-nyx/heavy_follow.png,ONLY_ON_106,OBSOLETE,DISCARD_OBSOLETE,.png
artifacts/vxp3/review/generated_production/vesper-nyx/hurt_heavy.png,ONLY_ON_106,OBSOLETE,DISCARD_OBSOLETE,.png
artifacts/vxp3/review/generated_production/vesper-nyx/idle.png,ONLY_ON_106,OBSOLETE,DISCARD_OBSOLETE,.png
artifacts/vxp3/review/generated_production/vesper-nyx/ko.png,ONLY_ON_106,OBSOLETE,DISCARD_OBSOLETE,.png
artifacts/vxp3/review/generated_production/vesper-nyx/personality_idle.png,ONLY_ON_106,OBSOLETE,DISCARD_OBSOLETE,.png
artifacts/vxp3/review/generated_production/vesper-nyx/run.png,ONLY_ON_106,OBSOLETE,DISCARD_OBSOLETE,.png
artifacts/vxp3/review/generated_production/vesper-nyx/silhouette.png,ONLY_ON_106,OBSOLETE,DISCARD_OBSOLETE,.png
artifacts/vxp3/review/generated_production/vesper-nyx/super.png,ONLY_ON_106,OBSOLETE,DISCARD_OBSOLETE,.png
artifacts/vxp3/review/generated_production/vesper-nyx/walk.png,ONLY_ON_106,OBSOLETE,DISCARD_OBSOLETE,.png
content/fighters/ember-vale/animations/procedural/aerial_back.anim.json,BOTH_DIVERGED,UNIQUE_BUT_STALE,REGENERATE_FROM_CURRENT_PIPELINE,.json
content/fighters/ember-vale/animations/procedural/aerial_down.anim.json,BOTH_DIVERGED,UNIQUE_BUT_STALE,REGENERATE_FROM_CURRENT_PIPELINE,.json
content/fighters/ember-vale/animations/procedural/aerial_forward.anim.json,BOTH_DIVERGED,UNIQUE_BUT_STALE,REGENERATE_FROM_CURRENT_PIPELINE,.json
content/fighters/ember-vale/animations/procedural/aerial_neutral.anim.json,BOTH_DIVERGED,UNIQUE_BUT_STALE,REGENERATE_FROM_CURRENT_PIPELINE,.json
content/fighters/ember-vale/animations/procedural/aerial_up.anim.json,BOTH_DIVERGED,UNIQUE_BUT_STALE,REGENERATE_FROM_CURRENT_PIPELINE,.json
content/fighters/ember-vale/animations/procedural/air_dodge.anim.json,BOTH_DIVERGED,UNIQUE_BUT_STALE,REGENERATE_FROM_CURRENT_PIPELINE,.json
content/fighters/ember-vale/animations/procedural/air_drift.anim.json,BOTH_DIVERGED,UNIQUE_BUT_STALE,REGENERATE_FROM_CURRENT_PIPELINE,.json
content/fighters/ember-vale/animations/procedural/aura_charge.anim.json,BOTH_DIVERGED,UNIQUE_BUT_STALE,REGENERATE_FROM_CURRENT_PIPELINE,.json
content/fighters/ember-vale/animations/procedural/aura_release.anim.json,BOTH_DIVERGED,UNIQUE_BUT_STALE,REGENERATE_FROM_CURRENT_PIPELINE,.json
content/fighters/ember-vale/animations/procedural/charge_full.anim.json,ONLY_ON_106,UNIQUE_BUT_STALE,REGENERATE_FROM_CURRENT_PIPELINE,.json
content/fighters/ember-vale/animations/procedural/charge_high.anim.json,ONLY_ON_106,UNIQUE_BUT_STALE,REGENERATE_FROM_CURRENT_PIPELINE,.json
content/fighters/ember-vale/animations/procedural/charge_low.anim.json,ONLY_ON_106,UNIQUE_BUT_STALE,REGENERATE_FROM_CURRENT_PIPELINE,.json
content/fighters/ember-vale/animations/procedural/charge_mid.anim.json,ONLY_ON_106,UNIQUE_BUT_STALE,REGENERATE_FROM_CURRENT_PIPELINE,.json
content/fighters/ember-vale/animations/procedural/charge_release.anim.json,ONLY_ON_106,UNIQUE_BUT_STALE,REGENERATE_FROM_CURRENT_PIPELINE,.json
content/fighters/ember-vale/animations/procedural/charge_start.anim.json,ONLY_ON_106,UNIQUE_BUT_STALE,REGENERATE_FROM_CURRENT_PIPELINE,.json
content/fighters/ember-vale/animations/procedural/charged_dash.anim.json,ONLY_ON_106,UNIQUE_BUT_STALE,REGENERATE_FROM_CURRENT_PIPELINE,.json
content/fighters/ember-vale/animations/procedural/charged_fall.anim.json,ONLY_ON_106,UNIQUE_BUT_STALE,REGENERATE_FROM_CURRENT_PIPELINE,.json
content/fighters/ember-vale/animations/procedural/charged_hold.anim.json,ONLY_ON_106,UNIQUE_BUT_STALE,REGENERATE_FROM_CURRENT_PIPELINE,.json
content/fighters/ember-vale/animations/procedural/charged_idle.anim.json,ONLY_ON_106,UNIQUE_BUT_STALE,REGENERATE_FROM_CURRENT_PIPELINE,.json
content/fighters/ember-vale/animations/procedural/charged_jump.anim.json,ONLY_ON_106,UNIQUE_BUT_STALE,REGENERATE_FROM_CURRENT_PIPELINE,.json
content/fighters/ember-vale/animations/procedural/charged_land.anim.json,ONLY_ON_106,UNIQUE_BUT_STALE,REGENERATE_FROM_CURRENT_PIPELINE,.json
content/fighters/ember-vale/animations/procedural/charged_run.anim.json,ONLY_ON_106,UNIQUE_BUT_STALE,REGENERATE_FROM_CURRENT_PIPELINE,.json
content/fighters/ember-vale/animations/procedural/charged_walk.anim.json,ONLY_ON_106,UNIQUE_BUT_STALE,REGENERATE_FROM_CURRENT_PIPELINE,.json
content/fighters/ember-vale/animations/procedural/contact_aura.anim.json,ONLY_ON_106,UNIQUE_BUT_STALE,REFERENCE_ONLY,.json
content/fighters/ember-vale/animations/procedural/contact_heavy.anim.json,ONLY_ON_106,UNIQUE_BUT_STALE,REFERENCE_ONLY,.json
content/fighters/ember-vale/animations/procedural/contact_ko.anim.json,ONLY_ON_106,UNIQUE_BUT_STALE,REFERENCE_ONLY,.json
content/fighters/ember-vale/animations/procedural/contact_light.anim.json,ONLY_ON_106,UNIQUE_BUT_STALE,REFERENCE_ONLY,.json
content/fighters/ember-vale/animations/procedural/contact_medium.anim.json,ONLY_ON_106,UNIQUE_BUT_STALE,REFERENCE_ONLY,.json
content/fighters/ember-vale/animations/procedural/contact_super.anim.json,ONLY_ON_106,UNIQUE_BUT_STALE,REFERENCE_ONLY,.json
content/fighters/ember-vale/animations/procedural/dash.anim.json,BOTH_DIVERGED,UNIQUE_BUT_STALE,REGENERATE_FROM_CURRENT_PIPELINE,.json
content/fighters/ember-vale/animations/procedural/dash_stop.anim.json,ONLY_ON_106,UNIQUE_BUT_STALE,REGENERATE_FROM_CURRENT_PIPELINE,.json
content/fighters/ember-vale/animations/procedural/defeat.anim.json,BOTH_DIVERGED,UNIQUE_BUT_STALE,REGENERATE_FROM_CURRENT_PIPELINE,.json
content/fighters/ember-vale/animations/procedural/dodge.anim.json,BOTH_DIVERGED,UNIQUE_BUT_STALE,REGENERATE_FROM_CURRENT_PIPELINE,.json
content/fighters/ember-vale/animations/procedural/fall.anim.json,BOTH_DIVERGED,UNIQUE_BUT_STALE,REGENERATE_FROM_CURRENT_PIPELINE,.json
content/fighters/ember-vale/animations/procedural/grab.anim.json,BOTH_DIVERGED,UNIQUE_BUT_STALE,REGENERATE_FROM_CURRENT_PIPELINE,.json
content/fighters/ember-vale/animations/procedural/grab_victim.anim.json,ONLY_ON_106,UNIQUE_BUT_STALE,REGENERATE_FROM_CURRENT_PIPELINE,.json
content/fighters/ember-vale/animations/procedural/heavy.anim.json,BOTH_DIVERGED,UNIQUE_BUT_STALE,REGENERATE_FROM_CURRENT_PIPELINE,.json
content/fighters/ember-vale/animations/procedural/hurt.anim.json,BOTH_DIVERGED,UNIQUE_BUT_STALE,REGENERATE_FROM_CURRENT_PIPELINE,.json
content/fighters/ember-vale/animations/procedural/hurt_body_snap.anim.json,ONLY_ON_106,UNIQUE_BUT_STALE,REGENERATE_FROM_CURRENT_PIPELINE,.json
content/fighters/ember-vale/animations/procedural/hurt_crumple.anim.json,ONLY_ON_106,UNIQUE_BUT_STALE,REGENERATE_FROM_CURRENT_PIPELINE,.json
content/fighters/ember-vale/animations/procedural/hurt_flinch.anim.json,ONLY_ON_106,UNIQUE_BUT_STALE,REGENERATE_FROM_CURRENT_PIPELINE,.json
content/fighters/ember-vale/animations/procedural/hurt_freeze_stiffness.anim.json,ONLY_ON_106,UNIQUE_BUT_STALE,REGENERATE_FROM_CURRENT_PIPELINE,.json
content/fighters/ember-vale/animations/procedural/hurt_ground_bounce.anim.json,ONLY_ON_106,UNIQUE_BUT_STALE,REGENERATE_FROM_CURRENT_PIPELINE,.json
content/fighters/ember-vale/animations/procedural/hurt_heavy.anim.json,BOTH_DIVERGED,UNIQUE_BUT_STALE,REGENERATE_FROM_CURRENT_PIPELINE,.json
content/fighters/ember-vale/animations/procedural/hurt_ko_spin.anim.json,ONLY_ON_106,UNIQUE_BUT_STALE,REGENERATE_FROM_CURRENT_PIPELINE,.json
content/fighters/ember-vale/animations/procedural/hurt_launch.anim.json,ONLY_ON_106,UNIQUE_BUT_STALE,REGENERATE_FROM_CURRENT_PIPELINE,.json
content/fighters/ember-vale/animations/procedural/hurt_light.anim.json,BOTH_DIVERGED,UNIQUE_BUT_STALE,REGENERATE_FROM_CURRENT_PIPELINE,.json
content/fighters/ember-vale/animations/procedural/hurt_medium.anim.json,BOTH_DIVERGED,UNIQUE_BUT_STALE,REGENERATE_FROM_CURRENT_PIPELINE,.json
content/fighters/ember-vale/animations/procedural/hurt_shield_recoil.anim.json,ONLY_ON_106,UNIQUE_BUT_STALE,REGENERATE_FROM_CURRENT_PIPELINE,.json
content/fighters/ember-vale/animations/procedural/hurt_spike.anim.json,ONLY_ON_106,UNIQUE_BUT_STALE,REGENERATE_FROM_CURRENT_PIPELINE,.json
content/fighters/ember-vale/animations/procedural/hurt_stagger.anim.json,ONLY_ON_106,UNIQUE_BUT_STALE,REGENERATE_FROM_CURRENT_PIPELINE,.json
content/fighters/ember-vale/animations/procedural/hurt_tumble.anim.json,ONLY_ON_106,UNIQUE_BUT_STALE,REGENERATE_FROM_CURRENT_PIPELINE,.json
content/fighters/ember-vale/animations/procedural/hurt_wall_splat.anim.json,ONLY_ON_106,UNIQUE_BUT_STALE,REGENERATE_FROM_CURRENT_PIPELINE,.json
content/fighters/ember-vale/animations/procedural/idle.anim.json,BOTH_DIVERGED,UNIQUE_BUT_STALE,REGENERATE_FROM_CURRENT_PIPELINE,.json
content/fighters/ember-vale/animations/procedural/idle_personality.anim.json,ONLY_ON_106,UNIQUE_BUT_STALE,REGENERATE_FROM_CURRENT_PIPELINE,.json
content/fighters/ember-vale/animations/procedural/jab.anim.json,BOTH_DIVERGED,UNIQUE_BUT_STALE,REGENERATE_FROM_CURRENT_PIPELINE,.json
content/fighters/ember-vale/animations/procedural/jab_chain_2.anim.json,BOTH_DIVERGED,UNIQUE_BUT_STALE,REGENERATE_FROM_CURRENT_PIPELINE,.json
content/fighters/ember-vale/animations/procedural/jab_chain_3.anim.json,BOTH_DIVERGED,UNIQUE_BUT_STALE,REGENERATE_FROM_CURRENT_PIPELINE,.json
content/fighters/ember-vale/animations/procedural/jump.anim.json,BOTH_DIVERGED,UNIQUE_BUT_STALE,REGENERATE_FROM_CURRENT_PIPELINE,.json
content/fighters/ember-vale/animations/procedural/jump_apex.anim.json,BOTH_DIVERGED,UNIQUE_BUT_STALE,REGENERATE_FROM_CURRENT_PIPELINE,.json
content/fighters/ember-vale/animations/procedural/jump_squat.anim.json,ONLY_ON_106,UNIQUE_BUT_STALE,REGENERATE_FROM_CURRENT_PIPELINE,.json
content/fighters/ember-vale/animations/procedural/ko.anim.json,BOTH_DIVERGED,UNIQUE_BUT_STALE,REGENERATE_FROM_CURRENT_PIPELINE,.json
content/fighters/ember-vale/animations/procedural/landing.anim.json,BOTH_DIVERGED,UNIQUE_BUT_STALE,REGENERATE_FROM_CURRENT_PIPELINE,.json
content/fighters/ember-vale/animations/procedural/launch.anim.json,BOTH_DIVERGED,UNIQUE_BUT_STALE,REGENERATE_FROM_CURRENT_PIPELINE,.json
content/fighters/ember-vale/animations/procedural/manifest.json,BOTH_DIVERGED,UNIQUE_BUT_STALE,REGENERATE_FROM_CURRENT_PIPELINE,.json
content/fighters/ember-vale/animations/procedural/projectile_full.anim.json,BOTH_DIVERGED,UNIQUE_BUT_STALE,REGENERATE_FROM_CURRENT_PIPELINE,.json
content/fighters/ember-vale/animations/procedural/projectile_medium.anim.json,BOTH_DIVERGED,UNIQUE_BUT_STALE,REGENERATE_FROM_CURRENT_PIPELINE,.json
content/fighters/ember-vale/animations/procedural/projectile_tap.anim.json,BOTH_DIVERGED,UNIQUE_BUT_STALE,REGENERATE_FROM_CURRENT_PIPELINE,.json
content/fighters/ember-vale/animations/procedural/recovery.anim.json,BOTH_DIVERGED,UNIQUE_BUT_STALE,REGENERATE_FROM_CURRENT_PIPELINE,.json
content/fighters/ember-vale/animations/procedural/recovery_identity.anim.json,ONLY_ON_106,UNIQUE_BUT_STALE,REGENERATE_FROM_CURRENT_PIPELINE,.json
content/fighters/ember-vale/animations/procedural/run.anim.json,BOTH_DIVERGED,UNIQUE_BUT_STALE,REGENERATE_FROM_CURRENT_PIPELINE,.json
content/fighters/ember-vale/animations/procedural/run_start.anim.json,ONLY_ON_106,UNIQUE_BUT_STALE,REGENERATE_FROM_CURRENT_PIPELINE,.json
content/fighters/ember-vale/animations/procedural/run_stop.anim.json,ONLY_ON_106,UNIQUE_BUT_STALE,REGENERATE_FROM_CURRENT_PIPELINE,.json
content/fighters/ember-vale/animations/procedural/shield.anim.json,BOTH_DIVERGED,UNIQUE_BUT_STALE,REGENERATE_FROM_CURRENT_PIPELINE,.json
content/fighters/ember-vale/animations/procedural/signature_lane_burst.anim.json,BOTH_DIVERGED,UNIQUE_BUT_STALE,REGENERATE_FROM_CURRENT_PIPELINE,.json
content/fighters/ember-vale/animations/procedural/signature_lane_confirm.anim.json,BOTH_DIVERGED,UNIQUE_BUT_STALE,REGENERATE_FROM_CURRENT_PIPELINE,.json
content/fighters/ember-vale/animations/procedural/signature_lane_control.anim.json,BOTH_DIVERGED,UNIQUE_BUT_STALE,REGENERATE_FROM_CURRENT_PIPELINE,.json
content/fighters/ember-vale/animations/procedural/signature_lane_counter.anim.json,BOTH_DIVERGED,UNIQUE_BUT_STALE,REGENERATE_FROM_CURRENT_PIPELINE,.json
content/fighters/ember-vale/animations/procedural/signature_lane_feint.anim.json,BOTH_DIVERGED,UNIQUE_BUT_STALE,REGENERATE_FROM_CURRENT_PIPELINE,.json
content/fighters/ember-vale/animations/procedural/signature_lane_finisher.anim.json,BOTH_DIVERGED,UNIQUE_BUT_STALE,REGENERATE_FROM_CURRENT_PIPELINE,.json
content/fighters/ember-vale/animations/procedural/signature_lane_launch.anim.json,BOTH_DIVERGED,UNIQUE_BUT_STALE,REGENERATE_FROM_CURRENT_PIPELINE,.json
content/fighters/ember-vale/animations/procedural/signature_lane_trap.anim.json,BOTH_DIVERGED,UNIQUE_BUT_STALE,REGENERATE_FROM_CURRENT_PIPELINE,.json
content/fighters/ember-vale/animations/procedural/smash_down.anim.json,BOTH_DIVERGED,UNIQUE_BUT_STALE,REGENERATE_FROM_CURRENT_PIPELINE,.json
content/fighters/ember-vale/animations/procedural/smash_forward.anim.json,BOTH_DIVERGED,UNIQUE_BUT_STALE,REGENERATE_FROM_CURRENT_PIPELINE,.json
content/fighters/ember-vale/animations/procedural/smash_up.anim.json,BOTH_DIVERGED,UNIQUE_BUT_STALE,REGENERATE_FROM_CURRENT_PIPELINE,.json
content/fighters/ember-vale/animations/procedural/super.anim.json,ONLY_ON_106,UNIQUE_BUT_STALE,REGENERATE_FROM_CURRENT_PIPELINE,.json
content/fighters/ember-vale/animations/procedural/throw_back.anim.json,BOTH_DIVERGED,UNIQUE_BUT_STALE,REGENERATE_FROM_CURRENT_PIPELINE,.json
content/fighters/ember-vale/animations/procedural/throw_down.anim.json,BOTH_DIVERGED,UNIQUE_BUT_STALE,REGENERATE_FROM_CURRENT_PIPELINE,.json
content/fighters/ember-vale/animations/procedural/throw_forward.anim.json,BOTH_DIVERGED,UNIQUE_BUT_STALE,REGENERATE_FROM_CURRENT_PIPELINE,.json
content/fighters/ember-vale/animations/procedural/throw_up.anim.json,BOTH_DIVERGED,UNIQUE_BUT_STALE,REGENERATE_FROM_CURRENT_PIPELINE,.json
content/fighters/ember-vale/animations/procedural/throw_victim_back.anim.json,ONLY_ON_106,UNIQUE_BUT_STALE,REGENERATE_FROM_CURRENT_PIPELINE,.json
content/fighters/ember-vale/animations/procedural/throw_victim_down.anim.json,ONLY_ON_106,UNIQUE_BUT_STALE,REGENERATE_FROM_CURRENT_PIPELINE,.json
content/fighters/ember-vale/animations/procedural/throw_victim_forward.anim.json,ONLY_ON_106,UNIQUE_BUT_STALE,REGENERATE_FROM_CURRENT_PIPELINE,.json
content/fighters/ember-vale/animations/procedural/throw_victim_up.anim.json,ONLY_ON_106,UNIQUE_BUT_STALE,REGENERATE_FROM_CURRENT_PIPELINE,.json
content/fighters/ember-vale/animations/procedural/tilt_down.anim.json,BOTH_DIVERGED,UNIQUE_BUT_STALE,REGENERATE_FROM_CURRENT_PIPELINE,.json
content/fighters/ember-vale/animations/procedural/tilt_forward.anim.json,BOTH_DIVERGED,UNIQUE_BUT_STALE,REGENERATE_FROM_CURRENT_PIPELINE,.json
content/fighters/ember-vale/animations/procedural/tilt_up.anim.json,BOTH_DIVERGED,UNIQUE_BUT_STALE,REGENERATE_FROM_CURRENT_PIPELINE,.json
content/fighters/ember-vale/animations/procedural/transition_idle_walk.anim.json,ONLY_ON_106,UNIQUE_BUT_STALE,REGENERATE_FROM_CURRENT_PIPELINE,.json
content/fighters/ember-vale/animations/procedural/transition_walk_run.anim.json,ONLY_ON_106,UNIQUE_BUT_STALE,REGENERATE_FROM_CURRENT_PIPELINE,.json
content/fighters/ember-vale/animations/procedural/tumble.anim.json,BOTH_DIVERGED,UNIQUE_BUT_STALE,REGENERATE_FROM_CURRENT_PIPELINE,.json
content/fighters/ember-vale/animations/procedural/turn.anim.json,BOTH_DIVERGED,UNIQUE_BUT_STALE,REGENERATE_FROM_CURRENT_PIPELINE,.json
content/fighters/ember-vale/animations/procedural/uncharged_release.anim.json,ONLY_ON_106,UNIQUE_BUT_STALE,REGENERATE_FROM_CURRENT_PIPELINE,.json
content/fighters/ember-vale/animations/procedural/victory.anim.json,BOTH_DIVERGED,UNIQUE_BUT_STALE,REGENERATE_FROM_CURRENT_PIPELINE,.json
content/fighters/ember-vale/animations/procedural/walk.anim.json,BOTH_DIVERGED,UNIQUE_BUT_STALE,REGENERATE_FROM_CURRENT_PIPELINE,.json
content/fighters/ember-vale/animations/procedural/walk_start.anim.json,ONLY_ON_106,UNIQUE_BUT_STALE,REGENERATE_FROM_CURRENT_PIPELINE,.json
content/fighters/ember-vale/animations/procedural/walk_stop.anim.json,ONLY_ON_106,UNIQUE_BUT_STALE,REGENERATE_FROM_CURRENT_PIPELINE,.json
content/fighters/juno-spark/animations/procedural/aerial_back.anim.json,BOTH_DIVERGED,UNIQUE_BUT_STALE,REGENERATE_FROM_CURRENT_PIPELINE,.json
content/fighters/juno-spark/animations/procedural/aerial_down.anim.json,BOTH_DIVERGED,UNIQUE_BUT_STALE,REGENERATE_FROM_CURRENT_PIPELINE,.json
content/fighters/juno-spark/animations/procedural/aerial_forward.anim.json,BOTH_DIVERGED,UNIQUE_BUT_STALE,REGENERATE_FROM_CURRENT_PIPELINE,.json
content/fighters/juno-spark/animations/procedural/aerial_neutral.anim.json,BOTH_DIVERGED,UNIQUE_BUT_STALE,REGENERATE_FROM_CURRENT_PIPELINE,.json
content/fighters/juno-spark/animations/procedural/aerial_up.anim.json,BOTH_DIVERGED,UNIQUE_BUT_STALE,REGENERATE_FROM_CURRENT_PIPELINE,.json
content/fighters/juno-spark/animations/procedural/air_dodge.anim.json,BOTH_DIVERGED,UNIQUE_BUT_STALE,REGENERATE_FROM_CURRENT_PIPELINE,.json
content/fighters/juno-spark/animations/procedural/air_drift.anim.json,BOTH_DIVERGED,UNIQUE_BUT_STALE,REGENERATE_FROM_CURRENT_PIPELINE,.json
content/fighters/juno-spark/animations/procedural/aura_charge.anim.json,BOTH_DIVERGED,UNIQUE_BUT_STALE,REGENERATE_FROM_CURRENT_PIPELINE,.json
content/fighters/juno-spark/animations/procedural/aura_release.anim.json,BOTH_DIVERGED,UNIQUE_BUT_STALE,REGENERATE_FROM_CURRENT_PIPELINE,.json
content/fighters/juno-spark/animations/procedural/charge_full.anim.json,ONLY_ON_106,UNIQUE_BUT_STALE,REGENERATE_FROM_CURRENT_PIPELINE,.json
content/fighters/juno-spark/animations/procedural/charge_high.anim.json,ONLY_ON_106,UNIQUE_BUT_STALE,REGENERATE_FROM_CURRENT_PIPELINE,.json
content/fighters/juno-spark/animations/procedural/charge_low.anim.json,ONLY_ON_106,UNIQUE_BUT_STALE,REGENERATE_FROM_CURRENT_PIPELINE,.json
content/fighters/juno-spark/animations/procedural/charge_mid.anim.json,ONLY_ON_106,UNIQUE_BUT_STALE,REGENERATE_FROM_CURRENT_PIPELINE,.json
content/fighters/juno-spark/animations/procedural/charge_release.anim.json,ONLY_ON_106,UNIQUE_BUT_STALE,REGENERATE_FROM_CURRENT_PIPELINE,.json
content/fighters/juno-spark/animations/procedural/charge_start.anim.json,ONLY_ON_106,UNIQUE_BUT_STALE,REGENERATE_FROM_CURRENT_PIPELINE,.json
content/fighters/juno-spark/animations/procedural/charged_dash.anim.json,ONLY_ON_106,UNIQUE_BUT_STALE,REGENERATE_FROM_CURRENT_PIPELINE,.json
content/fighters/juno-spark/animations/procedural/charged_fall.anim.json,ONLY_ON_106,UNIQUE_BUT_STALE,REGENERATE_FROM_CURRENT_PIPELINE,.json
content/fighters/juno-spark/animations/procedural/charged_hold.anim.json,ONLY_ON_106,UNIQUE_BUT_STALE,REGENERATE_FROM_CURRENT_PIPELINE,.json
content/fighters/juno-spark/animations/procedural/charged_idle.anim.json,ONLY_ON_106,UNIQUE_BUT_STALE,REGENERATE_FROM_CURRENT_PIPELINE,.json
content/fighters/juno-spark/animations/procedural/charged_jump.anim.json,ONLY_ON_106,UNIQUE_BUT_STALE,REGENERATE_FROM_CURRENT_PIPELINE,.json
content/fighters/juno-spark/animations/procedural/charged_land.anim.json,ONLY_ON_106,UNIQUE_BUT_STALE,REGENERATE_FROM_CURRENT_PIPELINE,.json
content/fighters/juno-spark/animations/procedural/charged_run.anim.json,ONLY_ON_106,UNIQUE_BUT_STALE,REGENERATE_FROM_CURRENT_PIPELINE,.json
content/fighters/juno-spark/animations/procedural/charged_walk.anim.json,ONLY_ON_106,UNIQUE_BUT_STALE,REGENERATE_FROM_CURRENT_PIPELINE,.json
content/fighters/juno-spark/animations/procedural/contact_aura.anim.json,ONLY_ON_106,UNIQUE_BUT_STALE,REFERENCE_ONLY,.json
content/fighters/juno-spark/animations/procedural/contact_heavy.anim.json,ONLY_ON_106,UNIQUE_BUT_STALE,REFERENCE_ONLY,.json
content/fighters/juno-spark/animations/procedural/contact_ko.anim.json,ONLY_ON_106,UNIQUE_BUT_STALE,REFERENCE_ONLY,.json
content/fighters/juno-spark/animations/procedural/contact_light.anim.json,ONLY_ON_106,UNIQUE_BUT_STALE,REFERENCE_ONLY,.json
content/fighters/juno-spark/animations/procedural/contact_medium.anim.json,ONLY_ON_106,UNIQUE_BUT_STALE,REFERENCE_ONLY,.json
content/fighters/juno-spark/animations/procedural/contact_super.anim.json,ONLY_ON_106,UNIQUE_BUT_STALE,REFERENCE_ONLY,.json
content/fighters/juno-spark/animations/procedural/dash.anim.json,BOTH_DIVERGED,UNIQUE_BUT_STALE,REGENERATE_FROM_CURRENT_PIPELINE,.json
content/fighters/juno-spark/animations/procedural/dash_stop.anim.json,ONLY_ON_106,UNIQUE_BUT_STALE,REGENERATE_FROM_CURRENT_PIPELINE,.json
content/fighters/juno-spark/animations/procedural/defeat.anim.json,BOTH_DIVERGED,UNIQUE_BUT_STALE,REGENERATE_FROM_CURRENT_PIPELINE,.json
content/fighters/juno-spark/animations/procedural/dodge.anim.json,BOTH_DIVERGED,UNIQUE_BUT_STALE,REGENERATE_FROM_CURRENT_PIPELINE,.json
content/fighters/juno-spark/animations/procedural/fall.anim.json,BOTH_DIVERGED,UNIQUE_BUT_STALE,REGENERATE_FROM_CURRENT_PIPELINE,.json
content/fighters/juno-spark/animations/procedural/grab.anim.json,BOTH_DIVERGED,UNIQUE_BUT_STALE,REGENERATE_FROM_CURRENT_PIPELINE,.json
content/fighters/juno-spark/animations/procedural/grab_victim.anim.json,ONLY_ON_106,UNIQUE_BUT_STALE,REGENERATE_FROM_CURRENT_PIPELINE,.json
content/fighters/juno-spark/animations/procedural/heavy.anim.json,BOTH_DIVERGED,UNIQUE_BUT_STALE,REGENERATE_FROM_CURRENT_PIPELINE,.json
content/fighters/juno-spark/animations/procedural/hurt.anim.json,BOTH_DIVERGED,UNIQUE_BUT_STALE,REGENERATE_FROM_CURRENT_PIPELINE,.json
content/fighters/juno-spark/animations/procedural/hurt_body_snap.anim.json,ONLY_ON_106,UNIQUE_BUT_STALE,REGENERATE_FROM_CURRENT_PIPELINE,.json
content/fighters/juno-spark/animations/procedural/hurt_crumple.anim.json,ONLY_ON_106,UNIQUE_BUT_STALE,REGENERATE_FROM_CURRENT_PIPELINE,.json
content/fighters/juno-spark/animations/procedural/hurt_flinch.anim.json,ONLY_ON_106,UNIQUE_BUT_STALE,REGENERATE_FROM_CURRENT_PIPELINE,.json
content/fighters/juno-spark/animations/procedural/hurt_freeze_stiffness.anim.json,ONLY_ON_106,UNIQUE_BUT_STALE,REGENERATE_FROM_CURRENT_PIPELINE,.json
content/fighters/juno-spark/animations/procedural/hurt_ground_bounce.anim.json,ONLY_ON_106,UNIQUE_BUT_STALE,REGENERATE_FROM_CURRENT_PIPELINE,.json
content/fighters/juno-spark/animations/procedural/hurt_heavy.anim.json,BOTH_DIVERGED,UNIQUE_BUT_STALE,REGENERATE_FROM_CURRENT_PIPELINE,.json
content/fighters/juno-spark/animations/procedural/hurt_ko_spin.anim.json,ONLY_ON_106,UNIQUE_BUT_STALE,REGENERATE_FROM_CURRENT_PIPELINE,.json
content/fighters/juno-spark/animations/procedural/hurt_launch.anim.json,ONLY_ON_106,UNIQUE_BUT_STALE,REGENERATE_FROM_CURRENT_PIPELINE,.json
content/fighters/juno-spark/animations/procedural/hurt_light.anim.json,BOTH_DIVERGED,UNIQUE_BUT_STALE,REGENERATE_FROM_CURRENT_PIPELINE,.json
content/fighters/juno-spark/animations/procedural/hurt_medium.anim.json,BOTH_DIVERGED,UNIQUE_BUT_STALE,REGENERATE_FROM_CURRENT_PIPELINE,.json
content/fighters/juno-spark/animations/procedural/hurt_shield_recoil.anim.json,ONLY_ON_106,UNIQUE_BUT_STALE,REGENERATE_FROM_CURRENT_PIPELINE,.json
content/fighters/juno-spark/animations/procedural/hurt_spike.anim.json,ONLY_ON_106,UNIQUE_BUT_STALE,REGENERATE_FROM_CURRENT_PIPELINE,.json
content/fighters/juno-spark/animations/procedural/hurt_stagger.anim.json,ONLY_ON_106,UNIQUE_BUT_STALE,REGENERATE_FROM_CURRENT_PIPELINE,.json
content/fighters/juno-spark/animations/procedural/hurt_tumble.anim.json,ONLY_ON_106,UNIQUE_BUT_STALE,REGENERATE_FROM_CURRENT_PIPELINE,.json
content/fighters/juno-spark/animations/procedural/hurt_wall_splat.anim.json,ONLY_ON_106,UNIQUE_BUT_STALE,REGENERATE_FROM_CURRENT_PIPELINE,.json
content/fighters/juno-spark/animations/procedural/idle.anim.json,BOTH_DIVERGED,UNIQUE_BUT_STALE,REGENERATE_FROM_CURRENT_PIPELINE,.json
content/fighters/juno-spark/animations/procedural/idle_personality.anim.json,ONLY_ON_106,UNIQUE_BUT_STALE,REGENERATE_FROM_CURRENT_PIPELINE,.json
content/fighters/juno-spark/animations/procedural/jab.anim.json,BOTH_DIVERGED,UNIQUE_BUT_STALE,REGENERATE_FROM_CURRENT_PIPELINE,.json
content/fighters/juno-spark/animations/procedural/jab_chain_2.anim.json,BOTH_DIVERGED,UNIQUE_BUT_STALE,REGENERATE_FROM_CURRENT_PIPELINE,.json
content/fighters/juno-spark/animations/procedural/jab_chain_3.anim.json,BOTH_DIVERGED,UNIQUE_BUT_STALE,REGENERATE_FROM_CURRENT_PIPELINE,.json
content/fighters/juno-spark/animations/procedural/jump.anim.json,BOTH_DIVERGED,UNIQUE_BUT_STALE,REGENERATE_FROM_CURRENT_PIPELINE,.json
content/fighters/juno-spark/animations/procedural/jump_apex.anim.json,BOTH_DIVERGED,UNIQUE_BUT_STALE,REGENERATE_FROM_CURRENT_PIPELINE,.json
content/fighters/juno-spark/animations/procedural/jump_squat.anim.json,ONLY_ON_106,UNIQUE_BUT_STALE,REGENERATE_FROM_CURRENT_PIPELINE,.json
content/fighters/juno-spark/animations/procedural/ko.anim.json,BOTH_DIVERGED,UNIQUE_BUT_STALE,REGENERATE_FROM_CURRENT_PIPELINE,.json
content/fighters/juno-spark/animations/procedural/landing.anim.json,BOTH_DIVERGED,UNIQUE_BUT_STALE,REGENERATE_FROM_CURRENT_PIPELINE,.json
content/fighters/juno-spark/animations/procedural/launch.anim.json,BOTH_DIVERGED,UNIQUE_BUT_STALE,REGENERATE_FROM_CURRENT_PIPELINE,.json
content/fighters/juno-spark/animations/procedural/manifest.json,BOTH_DIVERGED,UNIQUE_BUT_STALE,REGENERATE_FROM_CURRENT_PIPELINE,.json
content/fighters/juno-spark/animations/procedural/projectile_full.anim.json,BOTH_DIVERGED,UNIQUE_BUT_STALE,REGENERATE_FROM_CURRENT_PIPELINE,.json
content/fighters/juno-spark/animations/procedural/projectile_medium.anim.json,BOTH_DIVERGED,UNIQUE_BUT_STALE,REGENERATE_FROM_CURRENT_PIPELINE,.json
content/fighters/juno-spark/animations/procedural/projectile_tap.anim.json,BOTH_DIVERGED,UNIQUE_BUT_STALE,REGENERATE_FROM_CURRENT_PIPELINE,.json
content/fighters/juno-spark/animations/procedural/recovery.anim.json,BOTH_DIVERGED,UNIQUE_BUT_STALE,REGENERATE_FROM_CURRENT_PIPELINE,.json
content/fighters/juno-spark/animations/procedural/recovery_identity.anim.json,ONLY_ON_106,UNIQUE_BUT_STALE,REGENERATE_FROM_CURRENT_PIPELINE,.json
content/fighters/juno-spark/animations/procedural/run.anim.json,BOTH_DIVERGED,UNIQUE_BUT_STALE,REGENERATE_FROM_CURRENT_PIPELINE,.json
content/fighters/juno-spark/animations/procedural/run_start.anim.json,ONLY_ON_106,UNIQUE_BUT_STALE,REGENERATE_FROM_CURRENT_PIPELINE,.json
content/fighters/juno-spark/animations/procedural/run_stop.anim.json,ONLY_ON_106,UNIQUE_BUT_STALE,REGENERATE_FROM_CURRENT_PIPELINE,.json
content/fighters/juno-spark/animations/procedural/shield.anim.json,BOTH_DIVERGED,UNIQUE_BUT_STALE,REGENERATE_FROM_CURRENT_PIPELINE,.json
content/fighters/juno-spark/animations/procedural/signature_lane_burst.anim.json,BOTH_DIVERGED,UNIQUE_BUT_STALE,REGENERATE_FROM_CURRENT_PIPELINE,.json
content/fighters/juno-spark/animations/procedural/signature_lane_confirm.anim.json,BOTH_DIVERGED,UNIQUE_BUT_STALE,REGENERATE_FROM_CURRENT_PIPELINE,.json
content/fighters/juno-spark/animations/procedural/signature_lane_control.anim.json,BOTH_DIVERGED,UNIQUE_BUT_STALE,REGENERATE_FROM_CURRENT_PIPELINE,.json
content/fighters/juno-spark/animations/procedural/signature_lane_counter.anim.json,BOTH_DIVERGED,UNIQUE_BUT_STALE,REGENERATE_FROM_CURRENT_PIPELINE,.json
content/fighters/juno-spark/animations/procedural/signature_lane_feint.anim.json,BOTH_DIVERGED,UNIQUE_BUT_STALE,REGENERATE_FROM_CURRENT_PIPELINE,.json
content/fighters/juno-spark/animations/procedural/signature_lane_finisher.anim.json,BOTH_DIVERGED,UNIQUE_BUT_STALE,REGENERATE_FROM_CURRENT_PIPELINE,.json
content/fighters/juno-spark/animations/procedural/signature_lane_launch.anim.json,BOTH_DIVERGED,UNIQUE_BUT_STALE,REGENERATE_FROM_CURRENT_PIPELINE,.json
content/fighters/juno-spark/animations/procedural/signature_lane_trap.anim.json,BOTH_DIVERGED,UNIQUE_BUT_STALE,REGENERATE_FROM_CURRENT_PIPELINE,.json
content/fighters/juno-spark/animations/procedural/smash_down.anim.json,BOTH_DIVERGED,UNIQUE_BUT_STALE,REGENERATE_FROM_CURRENT_PIPELINE,.json
content/fighters/juno-spark/animations/procedural/smash_forward.anim.json,BOTH_DIVERGED,UNIQUE_BUT_STALE,REGENERATE_FROM_CURRENT_PIPELINE,.json
content/fighters/juno-spark/animations/procedural/smash_up.anim.json,BOTH_DIVERGED,UNIQUE_BUT_STALE,REGENERATE_FROM_CURRENT_PIPELINE,.json
content/fighters/juno-spark/animations/procedural/super.anim.json,ONLY_ON_106,UNIQUE_BUT_STALE,REGENERATE_FROM_CURRENT_PIPELINE,.json
content/fighters/juno-spark/animations/procedural/throw_back.anim.json,BOTH_DIVERGED,UNIQUE_BUT_STALE,REGENERATE_FROM_CURRENT_PIPELINE,.json
content/fighters/juno-spark/animations/procedural/throw_down.anim.json,BOTH_DIVERGED,UNIQUE_BUT_STALE,REGENERATE_FROM_CURRENT_PIPELINE,.json
content/fighters/juno-spark/animations/procedural/throw_forward.anim.json,BOTH_DIVERGED,UNIQUE_BUT_STALE,REGENERATE_FROM_CURRENT_PIPELINE,.json
content/fighters/juno-spark/animations/procedural/throw_up.anim.json,BOTH_DIVERGED,UNIQUE_BUT_STALE,REGENERATE_FROM_CURRENT_PIPELINE,.json
content/fighters/juno-spark/animations/procedural/throw_victim_back.anim.json,ONLY_ON_106,UNIQUE_BUT_STALE,REGENERATE_FROM_CURRENT_PIPELINE,.json
content/fighters/juno-spark/animations/procedural/throw_victim_down.anim.json,ONLY_ON_106,UNIQUE_BUT_STALE,REGENERATE_FROM_CURRENT_PIPELINE,.json
content/fighters/juno-spark/animations/procedural/throw_victim_forward.anim.json,ONLY_ON_106,UNIQUE_BUT_STALE,REGENERATE_FROM_CURRENT_PIPELINE,.json
content/fighters/juno-spark/animations/procedural/throw_victim_up.anim.json,ONLY_ON_106,UNIQUE_BUT_STALE,REGENERATE_FROM_CURRENT_PIPELINE,.json
content/fighters/juno-spark/animations/procedural/tilt_down.anim.json,BOTH_DIVERGED,UNIQUE_BUT_STALE,REGENERATE_FROM_CURRENT_PIPELINE,.json
content/fighters/juno-spark/animations/procedural/tilt_forward.anim.json,BOTH_DIVERGED,UNIQUE_BUT_STALE,REGENERATE_FROM_CURRENT_PIPELINE,.json
content/fighters/juno-spark/animations/procedural/tilt_up.anim.json,BOTH_DIVERGED,UNIQUE_BUT_STALE,REGENERATE_FROM_CURRENT_PIPELINE,.json
content/fighters/juno-spark/animations/procedural/transition_idle_walk.anim.json,ONLY_ON_106,UNIQUE_BUT_STALE,REGENERATE_FROM_CURRENT_PIPELINE,.json
content/fighters/juno-spark/animations/procedural/transition_walk_run.anim.json,ONLY_ON_106,UNIQUE_BUT_STALE,REGENERATE_FROM_CURRENT_PIPELINE,.json
content/fighters/juno-spark/animations/procedural/tumble.anim.json,BOTH_DIVERGED,UNIQUE_BUT_STALE,REGENERATE_FROM_CURRENT_PIPELINE,.json
content/fighters/juno-spark/animations/procedural/turn.anim.json,BOTH_DIVERGED,UNIQUE_BUT_STALE,REGENERATE_FROM_CURRENT_PIPELINE,.json
content/fighters/juno-spark/animations/procedural/uncharged_release.anim.json,ONLY_ON_106,UNIQUE_BUT_STALE,REGENERATE_FROM_CURRENT_PIPELINE,.json
content/fighters/juno-spark/animations/procedural/victory.anim.json,BOTH_DIVERGED,UNIQUE_BUT_STALE,REGENERATE_FROM_CURRENT_PIPELINE,.json
content/fighters/juno-spark/animations/procedural/walk.anim.json,BOTH_DIVERGED,UNIQUE_BUT_STALE,REGENERATE_FROM_CURRENT_PIPELINE,.json
content/fighters/juno-spark/animations/procedural/walk_start.anim.json,ONLY_ON_106,UNIQUE_BUT_STALE,REGENERATE_FROM_CURRENT_PIPELINE,.json
content/fighters/juno-spark/animations/procedural/walk_stop.anim.json,ONLY_ON_106,UNIQUE_BUT_STALE,REGENERATE_FROM_CURRENT_PIPELINE,.json
content/fighters/kaia-windrow/animations/procedural/aerial_back.anim.json,BOTH_DIVERGED,UNIQUE_BUT_STALE,REGENERATE_FROM_CURRENT_PIPELINE,.json
content/fighters/kaia-windrow/animations/procedural/aerial_down.anim.json,BOTH_DIVERGED,UNIQUE_BUT_STALE,REGENERATE_FROM_CURRENT_PIPELINE,.json
content/fighters/kaia-windrow/animations/procedural/aerial_forward.anim.json,BOTH_DIVERGED,UNIQUE_BUT_STALE,REGENERATE_FROM_CURRENT_PIPELINE,.json
content/fighters/kaia-windrow/animations/procedural/aerial_neutral.anim.json,BOTH_DIVERGED,UNIQUE_BUT_STALE,REGENERATE_FROM_CURRENT_PIPELINE,.json
content/fighters/kaia-windrow/animations/procedural/aerial_up.anim.json,BOTH_DIVERGED,UNIQUE_BUT_STALE,REGENERATE_FROM_CURRENT_PIPELINE,.json
content/fighters/kaia-windrow/animations/procedural/air_dodge.anim.json,BOTH_DIVERGED,UNIQUE_BUT_STALE,REGENERATE_FROM_CURRENT_PIPELINE,.json
content/fighters/kaia-windrow/animations/procedural/air_drift.anim.json,BOTH_DIVERGED,UNIQUE_BUT_STALE,REGENERATE_FROM_CURRENT_PIPELINE,.json
content/fighters/kaia-windrow/animations/procedural/aura_charge.anim.json,BOTH_DIVERGED,UNIQUE_BUT_STALE,REGENERATE_FROM_CURRENT_PIPELINE,.json
content/fighters/kaia-windrow/animations/procedural/aura_release.anim.json,BOTH_DIVERGED,UNIQUE_BUT_STALE,REGENERATE_FROM_CURRENT_PIPELINE,.json
content/fighters/kaia-windrow/animations/procedural/charge_full.anim.json,ONLY_ON_106,UNIQUE_BUT_STALE,REGENERATE_FROM_CURRENT_PIPELINE,.json
content/fighters/kaia-windrow/animations/procedural/charge_high.anim.json,ONLY_ON_106,UNIQUE_BUT_STALE,REGENERATE_FROM_CURRENT_PIPELINE,.json
content/fighters/kaia-windrow/animations/procedural/charge_low.anim.json,ONLY_ON_106,UNIQUE_BUT_STALE,REGENERATE_FROM_CURRENT_PIPELINE,.json
content/fighters/kaia-windrow/animations/procedural/charge_mid.anim.json,ONLY_ON_106,UNIQUE_BUT_STALE,REGENERATE_FROM_CURRENT_PIPELINE,.json
content/fighters/kaia-windrow/animations/procedural/charge_release.anim.json,ONLY_ON_106,UNIQUE_BUT_STALE,REGENERATE_FROM_CURRENT_PIPELINE,.json
content/fighters/kaia-windrow/animations/procedural/charge_start.anim.json,ONLY_ON_106,UNIQUE_BUT_STALE,REGENERATE_FROM_CURRENT_PIPELINE,.json
content/fighters/kaia-windrow/animations/procedural/charged_dash.anim.json,ONLY_ON_106,UNIQUE_BUT_STALE,REGENERATE_FROM_CURRENT_PIPELINE,.json
content/fighters/kaia-windrow/animations/procedural/charged_fall.anim.json,ONLY_ON_106,UNIQUE_BUT_STALE,REGENERATE_FROM_CURRENT_PIPELINE,.json
content/fighters/kaia-windrow/animations/procedural/charged_hold.anim.json,ONLY_ON_106,UNIQUE_BUT_STALE,REGENERATE_FROM_CURRENT_PIPELINE,.json
content/fighters/kaia-windrow/animations/procedural/charged_idle.anim.json,ONLY_ON_106,UNIQUE_BUT_STALE,REGENERATE_FROM_CURRENT_PIPELINE,.json
content/fighters/kaia-windrow/animations/procedural/charged_jump.anim.json,ONLY_ON_106,UNIQUE_BUT_STALE,REGENERATE_FROM_CURRENT_PIPELINE,.json
content/fighters/kaia-windrow/animations/procedural/charged_land.anim.json,ONLY_ON_106,UNIQUE_BUT_STALE,REGENERATE_FROM_CURRENT_PIPELINE,.json
content/fighters/kaia-windrow/animations/procedural/charged_run.anim.json,ONLY_ON_106,UNIQUE_BUT_STALE,REGENERATE_FROM_CURRENT_PIPELINE,.json
content/fighters/kaia-windrow/animations/procedural/charged_walk.anim.json,ONLY_ON_106,UNIQUE_BUT_STALE,REGENERATE_FROM_CURRENT_PIPELINE,.json
content/fighters/kaia-windrow/animations/procedural/contact_aura.anim.json,ONLY_ON_106,UNIQUE_BUT_STALE,REFERENCE_ONLY,.json
content/fighters/kaia-windrow/animations/procedural/contact_heavy.anim.json,ONLY_ON_106,UNIQUE_BUT_STALE,REFERENCE_ONLY,.json
content/fighters/kaia-windrow/animations/procedural/contact_ko.anim.json,ONLY_ON_106,UNIQUE_BUT_STALE,REFERENCE_ONLY,.json
content/fighters/kaia-windrow/animations/procedural/contact_light.anim.json,ONLY_ON_106,UNIQUE_BUT_STALE,REFERENCE_ONLY,.json
content/fighters/kaia-windrow/animations/procedural/contact_medium.anim.json,ONLY_ON_106,UNIQUE_BUT_STALE,REFERENCE_ONLY,.json
content/fighters/kaia-windrow/animations/procedural/contact_super.anim.json,ONLY_ON_106,UNIQUE_BUT_STALE,REFERENCE_ONLY,.json
content/fighters/kaia-windrow/animations/procedural/dash.anim.json,BOTH_DIVERGED,UNIQUE_BUT_STALE,REGENERATE_FROM_CURRENT_PIPELINE,.json
content/fighters/kaia-windrow/animations/procedural/dash_stop.anim.json,ONLY_ON_106,UNIQUE_BUT_STALE,REGENERATE_FROM_CURRENT_PIPELINE,.json
content/fighters/kaia-windrow/animations/procedural/defeat.anim.json,BOTH_DIVERGED,UNIQUE_BUT_STALE,REGENERATE_FROM_CURRENT_PIPELINE,.json
content/fighters/kaia-windrow/animations/procedural/dodge.anim.json,BOTH_DIVERGED,UNIQUE_BUT_STALE,REGENERATE_FROM_CURRENT_PIPELINE,.json
content/fighters/kaia-windrow/animations/procedural/fall.anim.json,BOTH_DIVERGED,UNIQUE_BUT_STALE,REGENERATE_FROM_CURRENT_PIPELINE,.json
content/fighters/kaia-windrow/animations/procedural/grab.anim.json,BOTH_DIVERGED,UNIQUE_BUT_STALE,REGENERATE_FROM_CURRENT_PIPELINE,.json
content/fighters/kaia-windrow/animations/procedural/grab_victim.anim.json,ONLY_ON_106,UNIQUE_BUT_STALE,REGENERATE_FROM_CURRENT_PIPELINE,.json
content/fighters/kaia-windrow/animations/procedural/heavy.anim.json,BOTH_DIVERGED,UNIQUE_BUT_STALE,REGENERATE_FROM_CURRENT_PIPELINE,.json
content/fighters/kaia-windrow/animations/procedural/hurt.anim.json,BOTH_DIVERGED,UNIQUE_BUT_STALE,REGENERATE_FROM_CURRENT_PIPELINE,.json
content/fighters/kaia-windrow/animations/procedural/hurt_body_snap.anim.json,ONLY_ON_106,UNIQUE_BUT_STALE,REGENERATE_FROM_CURRENT_PIPELINE,.json
content/fighters/kaia-windrow/animations/procedural/hurt_crumple.anim.json,ONLY_ON_106,UNIQUE_BUT_STALE,REGENERATE_FROM_CURRENT_PIPELINE,.json
content/fighters/kaia-windrow/animations/procedural/hurt_flinch.anim.json,ONLY_ON_106,UNIQUE_BUT_STALE,REGENERATE_FROM_CURRENT_PIPELINE,.json
content/fighters/kaia-windrow/animations/procedural/hurt_freeze_stiffness.anim.json,ONLY_ON_106,UNIQUE_BUT_STALE,REGENERATE_FROM_CURRENT_PIPELINE,.json
content/fighters/kaia-windrow/animations/procedural/hurt_ground_bounce.anim.json,ONLY_ON_106,UNIQUE_BUT_STALE,REGENERATE_FROM_CURRENT_PIPELINE,.json
content/fighters/kaia-windrow/animations/procedural/hurt_heavy.anim.json,BOTH_DIVERGED,UNIQUE_BUT_STALE,REGENERATE_FROM_CURRENT_PIPELINE,.json
content/fighters/kaia-windrow/animations/procedural/hurt_ko_spin.anim.json,ONLY_ON_106,UNIQUE_BUT_STALE,REGENERATE_FROM_CURRENT_PIPELINE,.json
content/fighters/kaia-windrow/animations/procedural/hurt_launch.anim.json,ONLY_ON_106,UNIQUE_BUT_STALE,REGENERATE_FROM_CURRENT_PIPELINE,.json
content/fighters/kaia-windrow/animations/procedural/hurt_light.anim.json,BOTH_DIVERGED,UNIQUE_BUT_STALE,REGENERATE_FROM_CURRENT_PIPELINE,.json
content/fighters/kaia-windrow/animations/procedural/hurt_medium.anim.json,BOTH_DIVERGED,UNIQUE_BUT_STALE,REGENERATE_FROM_CURRENT_PIPELINE,.json
content/fighters/kaia-windrow/animations/procedural/hurt_shield_recoil.anim.json,ONLY_ON_106,UNIQUE_BUT_STALE,REGENERATE_FROM_CURRENT_PIPELINE,.json
content/fighters/kaia-windrow/animations/procedural/hurt_spike.anim.json,ONLY_ON_106,UNIQUE_BUT_STALE,REGENERATE_FROM_CURRENT_PIPELINE,.json
content/fighters/kaia-windrow/animations/procedural/hurt_stagger.anim.json,ONLY_ON_106,UNIQUE_BUT_STALE,REGENERATE_FROM_CURRENT_PIPELINE,.json
content/fighters/kaia-windrow/animations/procedural/hurt_tumble.anim.json,ONLY_ON_106,UNIQUE_BUT_STALE,REGENERATE_FROM_CURRENT_PIPELINE,.json
content/fighters/kaia-windrow/animations/procedural/hurt_wall_splat.anim.json,ONLY_ON_106,UNIQUE_BUT_STALE,REGENERATE_FROM_CURRENT_PIPELINE,.json
content/fighters/kaia-windrow/animations/procedural/idle.anim.json,BOTH_DIVERGED,UNIQUE_BUT_STALE,REGENERATE_FROM_CURRENT_PIPELINE,.json
content/fighters/kaia-windrow/animations/procedural/idle_personality.anim.json,ONLY_ON_106,UNIQUE_BUT_STALE,REGENERATE_FROM_CURRENT_PIPELINE,.json
content/fighters/kaia-windrow/animations/procedural/jab.anim.json,BOTH_DIVERGED,UNIQUE_BUT_STALE,REGENERATE_FROM_CURRENT_PIPELINE,.json
content/fighters/kaia-windrow/animations/procedural/jab_chain_2.anim.json,BOTH_DIVERGED,UNIQUE_BUT_STALE,REGENERATE_FROM_CURRENT_PIPELINE,.json
content/fighters/kaia-windrow/animations/procedural/jab_chain_3.anim.json,BOTH_DIVERGED,UNIQUE_BUT_STALE,REGENERATE_FROM_CURRENT_PIPELINE,.json
content/fighters/kaia-windrow/animations/procedural/jump.anim.json,BOTH_DIVERGED,UNIQUE_BUT_STALE,REGENERATE_FROM_CURRENT_PIPELINE,.json
content/fighters/kaia-windrow/animations/procedural/jump_apex.anim.json,BOTH_DIVERGED,UNIQUE_BUT_STALE,REGENERATE_FROM_CURRENT_PIPELINE,.json
content/fighters/kaia-windrow/animations/procedural/jump_squat.anim.json,ONLY_ON_106,UNIQUE_BUT_STALE,REGENERATE_FROM_CURRENT_PIPELINE,.json
content/fighters/kaia-windrow/animations/procedural/ko.anim.json,BOTH_DIVERGED,UNIQUE_BUT_STALE,REGENERATE_FROM_CURRENT_PIPELINE,.json
content/fighters/kaia-windrow/animations/procedural/landing.anim.json,BOTH_DIVERGED,UNIQUE_BUT_STALE,REGENERATE_FROM_CURRENT_PIPELINE,.json
content/fighters/kaia-windrow/animations/procedural/launch.anim.json,BOTH_DIVERGED,UNIQUE_BUT_STALE,REGENERATE_FROM_CURRENT_PIPELINE,.json
content/fighters/kaia-windrow/animations/procedural/manifest.json,BOTH_DIVERGED,UNIQUE_BUT_STALE,REGENERATE_FROM_CURRENT_PIPELINE,.json
content/fighters/kaia-windrow/animations/procedural/projectile_full.anim.json,BOTH_DIVERGED,UNIQUE_BUT_STALE,REGENERATE_FROM_CURRENT_PIPELINE,.json
content/fighters/kaia-windrow/animations/procedural/projectile_medium.anim.json,BOTH_DIVERGED,UNIQUE_BUT_STALE,REGENERATE_FROM_CURRENT_PIPELINE,.json
content/fighters/kaia-windrow/animations/procedural/projectile_tap.anim.json,BOTH_DIVERGED,UNIQUE_BUT_STALE,REGENERATE_FROM_CURRENT_PIPELINE,.json
content/fighters/kaia-windrow/animations/procedural/recovery.anim.json,BOTH_DIVERGED,UNIQUE_BUT_STALE,REGENERATE_FROM_CURRENT_PIPELINE,.json
content/fighters/kaia-windrow/animations/procedural/recovery_identity.anim.json,ONLY_ON_106,UNIQUE_BUT_STALE,REGENERATE_FROM_CURRENT_PIPELINE,.json
content/fighters/kaia-windrow/animations/procedural/run.anim.json,BOTH_DIVERGED,UNIQUE_BUT_STALE,REGENERATE_FROM_CURRENT_PIPELINE,.json
content/fighters/kaia-windrow/animations/procedural/run_start.anim.json,ONLY_ON_106,UNIQUE_BUT_STALE,REGENERATE_FROM_CURRENT_PIPELINE,.json
content/fighters/kaia-windrow/animations/procedural/run_stop.anim.json,ONLY_ON_106,UNIQUE_BUT_STALE,REGENERATE_FROM_CURRENT_PIPELINE,.json
content/fighters/kaia-windrow/animations/procedural/shield.anim.json,BOTH_DIVERGED,UNIQUE_BUT_STALE,REGENERATE_FROM_CURRENT_PIPELINE,.json
content/fighters/kaia-windrow/animations/procedural/signature_lane_burst.anim.json,BOTH_DIVERGED,UNIQUE_BUT_STALE,REGENERATE_FROM_CURRENT_PIPELINE,.json
content/fighters/kaia-windrow/animations/procedural/signature_lane_confirm.anim.json,BOTH_DIVERGED,UNIQUE_BUT_STALE,REGENERATE_FROM_CURRENT_PIPELINE,.json
content/fighters/kaia-windrow/animations/procedural/signature_lane_control.anim.json,BOTH_DIVERGED,UNIQUE_BUT_STALE,REGENERATE_FROM_CURRENT_PIPELINE,.json
content/fighters/kaia-windrow/animations/procedural/signature_lane_counter.anim.json,BOTH_DIVERGED,UNIQUE_BUT_STALE,REGENERATE_FROM_CURRENT_PIPELINE,.json
content/fighters/kaia-windrow/animations/procedural/signature_lane_feint.anim.json,BOTH_DIVERGED,UNIQUE_BUT_STALE,REGENERATE_FROM_CURRENT_PIPELINE,.json
content/fighters/kaia-windrow/animations/procedural/signature_lane_finisher.anim.json,BOTH_DIVERGED,UNIQUE_BUT_STALE,REGENERATE_FROM_CURRENT_PIPELINE,.json
content/fighters/kaia-windrow/animations/procedural/signature_lane_launch.anim.json,BOTH_DIVERGED,UNIQUE_BUT_STALE,REGENERATE_FROM_CURRENT_PIPELINE,.json
content/fighters/kaia-windrow/animations/procedural/signature_lane_trap.anim.json,BOTH_DIVERGED,UNIQUE_BUT_STALE,REGENERATE_FROM_CURRENT_PIPELINE,.json
content/fighters/kaia-windrow/animations/procedural/smash_down.anim.json,BOTH_DIVERGED,UNIQUE_BUT_STALE,REGENERATE_FROM_CURRENT_PIPELINE,.json
content/fighters/kaia-windrow/animations/procedural/smash_forward.anim.json,BOTH_DIVERGED,UNIQUE_BUT_STALE,REGENERATE_FROM_CURRENT_PIPELINE,.json
content/fighters/kaia-windrow/animations/procedural/smash_up.anim.json,BOTH_DIVERGED,UNIQUE_BUT_STALE,REGENERATE_FROM_CURRENT_PIPELINE,.json
content/fighters/kaia-windrow/animations/procedural/super.anim.json,ONLY_ON_106,UNIQUE_BUT_STALE,REGENERATE_FROM_CURRENT_PIPELINE,.json
content/fighters/kaia-windrow/animations/procedural/throw_back.anim.json,BOTH_DIVERGED,UNIQUE_BUT_STALE,REGENERATE_FROM_CURRENT_PIPELINE,.json
content/fighters/kaia-windrow/animations/procedural/throw_down.anim.json,BOTH_DIVERGED,UNIQUE_BUT_STALE,REGENERATE_FROM_CURRENT_PIPELINE,.json
content/fighters/kaia-windrow/animations/procedural/throw_forward.anim.json,BOTH_DIVERGED,UNIQUE_BUT_STALE,REGENERATE_FROM_CURRENT_PIPELINE,.json
content/fighters/kaia-windrow/animations/procedural/throw_up.anim.json,BOTH_DIVERGED,UNIQUE_BUT_STALE,REGENERATE_FROM_CURRENT_PIPELINE,.json
content/fighters/kaia-windrow/animations/procedural/throw_victim_back.anim.json,ONLY_ON_106,UNIQUE_BUT_STALE,REGENERATE_FROM_CURRENT_PIPELINE,.json
content/fighters/kaia-windrow/animations/procedural/throw_victim_down.anim.json,ONLY_ON_106,UNIQUE_BUT_STALE,REGENERATE_FROM_CURRENT_PIPELINE,.json
content/fighters/kaia-windrow/animations/procedural/throw_victim_forward.anim.json,ONLY_ON_106,UNIQUE_BUT_STALE,REGENERATE_FROM_CURRENT_PIPELINE,.json
content/fighters/kaia-windrow/animations/procedural/throw_victim_up.anim.json,ONLY_ON_106,UNIQUE_BUT_STALE,REGENERATE_FROM_CURRENT_PIPELINE,.json
content/fighters/kaia-windrow/animations/procedural/tilt_down.anim.json,BOTH_DIVERGED,UNIQUE_BUT_STALE,REGENERATE_FROM_CURRENT_PIPELINE,.json
content/fighters/kaia-windrow/animations/procedural/tilt_forward.anim.json,BOTH_DIVERGED,UNIQUE_BUT_STALE,REGENERATE_FROM_CURRENT_PIPELINE,.json
content/fighters/kaia-windrow/animations/procedural/tilt_up.anim.json,BOTH_DIVERGED,UNIQUE_BUT_STALE,REGENERATE_FROM_CURRENT_PIPELINE,.json
content/fighters/kaia-windrow/animations/procedural/transition_idle_walk.anim.json,ONLY_ON_106,UNIQUE_BUT_STALE,REGENERATE_FROM_CURRENT_PIPELINE,.json
content/fighters/kaia-windrow/animations/procedural/transition_walk_run.anim.json,ONLY_ON_106,UNIQUE_BUT_STALE,REGENERATE_FROM_CURRENT_PIPELINE,.json
content/fighters/kaia-windrow/animations/procedural/tumble.anim.json,BOTH_DIVERGED,UNIQUE_BUT_STALE,REGENERATE_FROM_CURRENT_PIPELINE,.json
content/fighters/kaia-windrow/animations/procedural/turn.anim.json,BOTH_DIVERGED,UNIQUE_BUT_STALE,REGENERATE_FROM_CURRENT_PIPELINE,.json
content/fighters/kaia-windrow/animations/procedural/uncharged_release.anim.json,ONLY_ON_106,UNIQUE_BUT_STALE,REGENERATE_FROM_CURRENT_PIPELINE,.json
content/fighters/kaia-windrow/animations/procedural/victory.anim.json,BOTH_DIVERGED,UNIQUE_BUT_STALE,REGENERATE_FROM_CURRENT_PIPELINE,.json
content/fighters/kaia-windrow/animations/procedural/walk.anim.json,BOTH_DIVERGED,UNIQUE_BUT_STALE,REGENERATE_FROM_CURRENT_PIPELINE,.json
content/fighters/kaia-windrow/animations/procedural/walk_start.anim.json,ONLY_ON_106,UNIQUE_BUT_STALE,REGENERATE_FROM_CURRENT_PIPELINE,.json
content/fighters/kaia-windrow/animations/procedural/walk_stop.anim.json,ONLY_ON_106,UNIQUE_BUT_STALE,REGENERATE_FROM_CURRENT_PIPELINE,.json
content/fighters/nix-calder/animations/procedural/aerial_back.anim.json,BOTH_DIVERGED,UNIQUE_BUT_STALE,REGENERATE_FROM_CURRENT_PIPELINE,.json
content/fighters/nix-calder/animations/procedural/aerial_down.anim.json,BOTH_DIVERGED,UNIQUE_BUT_STALE,REGENERATE_FROM_CURRENT_PIPELINE,.json
content/fighters/nix-calder/animations/procedural/aerial_forward.anim.json,BOTH_DIVERGED,UNIQUE_BUT_STALE,REGENERATE_FROM_CURRENT_PIPELINE,.json
content/fighters/nix-calder/animations/procedural/aerial_neutral.anim.json,BOTH_DIVERGED,UNIQUE_BUT_STALE,REGENERATE_FROM_CURRENT_PIPELINE,.json
content/fighters/nix-calder/animations/procedural/aerial_up.anim.json,BOTH_DIVERGED,UNIQUE_BUT_STALE,REGENERATE_FROM_CURRENT_PIPELINE,.json
content/fighters/nix-calder/animations/procedural/air_dodge.anim.json,BOTH_DIVERGED,UNIQUE_BUT_STALE,REGENERATE_FROM_CURRENT_PIPELINE,.json
content/fighters/nix-calder/animations/procedural/air_drift.anim.json,BOTH_DIVERGED,UNIQUE_BUT_STALE,REGENERATE_FROM_CURRENT_PIPELINE,.json
content/fighters/nix-calder/animations/procedural/aura_charge.anim.json,BOTH_DIVERGED,UNIQUE_BUT_STALE,REGENERATE_FROM_CURRENT_PIPELINE,.json
content/fighters/nix-calder/animations/procedural/aura_release.anim.json,BOTH_DIVERGED,UNIQUE_BUT_STALE,REGENERATE_FROM_CURRENT_PIPELINE,.json
content/fighters/nix-calder/animations/procedural/charge_full.anim.json,ONLY_ON_106,UNIQUE_BUT_STALE,REGENERATE_FROM_CURRENT_PIPELINE,.json
content/fighters/nix-calder/animations/procedural/charge_high.anim.json,ONLY_ON_106,UNIQUE_BUT_STALE,REGENERATE_FROM_CURRENT_PIPELINE,.json
content/fighters/nix-calder/animations/procedural/charge_low.anim.json,ONLY_ON_106,UNIQUE_BUT_STALE,REGENERATE_FROM_CURRENT_PIPELINE,.json
content/fighters/nix-calder/animations/procedural/charge_mid.anim.json,ONLY_ON_106,UNIQUE_BUT_STALE,REGENERATE_FROM_CURRENT_PIPELINE,.json
content/fighters/nix-calder/animations/procedural/charge_release.anim.json,ONLY_ON_106,UNIQUE_BUT_STALE,REGENERATE_FROM_CURRENT_PIPELINE,.json
content/fighters/nix-calder/animations/procedural/charge_start.anim.json,ONLY_ON_106,UNIQUE_BUT_STALE,REGENERATE_FROM_CURRENT_PIPELINE,.json
content/fighters/nix-calder/animations/procedural/charged_dash.anim.json,ONLY_ON_106,UNIQUE_BUT_STALE,REGENERATE_FROM_CURRENT_PIPELINE,.json
content/fighters/nix-calder/animations/procedural/charged_fall.anim.json,ONLY_ON_106,UNIQUE_BUT_STALE,REGENERATE_FROM_CURRENT_PIPELINE,.json
content/fighters/nix-calder/animations/procedural/charged_hold.anim.json,ONLY_ON_106,UNIQUE_BUT_STALE,REGENERATE_FROM_CURRENT_PIPELINE,.json
content/fighters/nix-calder/animations/procedural/charged_idle.anim.json,ONLY_ON_106,UNIQUE_BUT_STALE,REGENERATE_FROM_CURRENT_PIPELINE,.json
content/fighters/nix-calder/animations/procedural/charged_jump.anim.json,ONLY_ON_106,UNIQUE_BUT_STALE,REGENERATE_FROM_CURRENT_PIPELINE,.json
content/fighters/nix-calder/animations/procedural/charged_land.anim.json,ONLY_ON_106,UNIQUE_BUT_STALE,REGENERATE_FROM_CURRENT_PIPELINE,.json
content/fighters/nix-calder/animations/procedural/charged_run.anim.json,ONLY_ON_106,UNIQUE_BUT_STALE,REGENERATE_FROM_CURRENT_PIPELINE,.json
content/fighters/nix-calder/animations/procedural/charged_walk.anim.json,ONLY_ON_106,UNIQUE_BUT_STALE,REGENERATE_FROM_CURRENT_PIPELINE,.json
content/fighters/nix-calder/animations/procedural/contact_aura.anim.json,ONLY_ON_106,UNIQUE_BUT_STALE,REFERENCE_ONLY,.json
content/fighters/nix-calder/animations/procedural/contact_heavy.anim.json,ONLY_ON_106,UNIQUE_BUT_STALE,REFERENCE_ONLY,.json
content/fighters/nix-calder/animations/procedural/contact_ko.anim.json,ONLY_ON_106,UNIQUE_BUT_STALE,REFERENCE_ONLY,.json
content/fighters/nix-calder/animations/procedural/contact_light.anim.json,ONLY_ON_106,UNIQUE_BUT_STALE,REFERENCE_ONLY,.json
content/fighters/nix-calder/animations/procedural/contact_medium.anim.json,ONLY_ON_106,UNIQUE_BUT_STALE,REFERENCE_ONLY,.json
content/fighters/nix-calder/animations/procedural/contact_super.anim.json,ONLY_ON_106,UNIQUE_BUT_STALE,REFERENCE_ONLY,.json
content/fighters/nix-calder/animations/procedural/dash.anim.json,BOTH_DIVERGED,UNIQUE_BUT_STALE,REGENERATE_FROM_CURRENT_PIPELINE,.json
content/fighters/nix-calder/animations/procedural/dash_stop.anim.json,ONLY_ON_106,UNIQUE_BUT_STALE,REGENERATE_FROM_CURRENT_PIPELINE,.json
content/fighters/nix-calder/animations/procedural/defeat.anim.json,BOTH_DIVERGED,UNIQUE_BUT_STALE,REGENERATE_FROM_CURRENT_PIPELINE,.json
content/fighters/nix-calder/animations/procedural/dodge.anim.json,BOTH_DIVERGED,UNIQUE_BUT_STALE,REGENERATE_FROM_CURRENT_PIPELINE,.json
content/fighters/nix-calder/animations/procedural/fall.anim.json,BOTH_DIVERGED,UNIQUE_BUT_STALE,REGENERATE_FROM_CURRENT_PIPELINE,.json
content/fighters/nix-calder/animations/procedural/grab.anim.json,BOTH_DIVERGED,UNIQUE_BUT_STALE,REGENERATE_FROM_CURRENT_PIPELINE,.json
content/fighters/nix-calder/animations/procedural/grab_victim.anim.json,ONLY_ON_106,UNIQUE_BUT_STALE,REGENERATE_FROM_CURRENT_PIPELINE,.json
content/fighters/nix-calder/animations/procedural/heavy.anim.json,BOTH_DIVERGED,UNIQUE_BUT_STALE,REGENERATE_FROM_CURRENT_PIPELINE,.json
content/fighters/nix-calder/animations/procedural/hurt.anim.json,BOTH_DIVERGED,UNIQUE_BUT_STALE,REGENERATE_FROM_CURRENT_PIPELINE,.json
content/fighters/nix-calder/animations/procedural/hurt_body_snap.anim.json,ONLY_ON_106,UNIQUE_BUT_STALE,REGENERATE_FROM_CURRENT_PIPELINE,.json
content/fighters/nix-calder/animations/procedural/hurt_crumple.anim.json,ONLY_ON_106,UNIQUE_BUT_STALE,REGENERATE_FROM_CURRENT_PIPELINE,.json
content/fighters/nix-calder/animations/procedural/hurt_flinch.anim.json,ONLY_ON_106,UNIQUE_BUT_STALE,REGENERATE_FROM_CURRENT_PIPELINE,.json
content/fighters/nix-calder/animations/procedural/hurt_freeze_stiffness.anim.json,ONLY_ON_106,UNIQUE_BUT_STALE,REGENERATE_FROM_CURRENT_PIPELINE,.json
content/fighters/nix-calder/animations/procedural/hurt_ground_bounce.anim.json,ONLY_ON_106,UNIQUE_BUT_STALE,REGENERATE_FROM_CURRENT_PIPELINE,.json
content/fighters/nix-calder/animations/procedural/hurt_heavy.anim.json,BOTH_DIVERGED,UNIQUE_BUT_STALE,REGENERATE_FROM_CURRENT_PIPELINE,.json
content/fighters/nix-calder/animations/procedural/hurt_ko_spin.anim.json,ONLY_ON_106,UNIQUE_BUT_STALE,REGENERATE_FROM_CURRENT_PIPELINE,.json
content/fighters/nix-calder/animations/procedural/hurt_launch.anim.json,ONLY_ON_106,UNIQUE_BUT_STALE,REGENERATE_FROM_CURRENT_PIPELINE,.json
content/fighters/nix-calder/animations/procedural/hurt_light.anim.json,BOTH_DIVERGED,UNIQUE_BUT_STALE,REGENERATE_FROM_CURRENT_PIPELINE,.json
content/fighters/nix-calder/animations/procedural/hurt_medium.anim.json,BOTH_DIVERGED,UNIQUE_BUT_STALE,REGENERATE_FROM_CURRENT_PIPELINE,.json
content/fighters/nix-calder/animations/procedural/hurt_shield_recoil.anim.json,ONLY_ON_106,UNIQUE_BUT_STALE,REGENERATE_FROM_CURRENT_PIPELINE,.json
content/fighters/nix-calder/animations/procedural/hurt_spike.anim.json,ONLY_ON_106,UNIQUE_BUT_STALE,REGENERATE_FROM_CURRENT_PIPELINE,.json
content/fighters/nix-calder/animations/procedural/hurt_stagger.anim.json,ONLY_ON_106,UNIQUE_BUT_STALE,REGENERATE_FROM_CURRENT_PIPELINE,.json
content/fighters/nix-calder/animations/procedural/hurt_tumble.anim.json,ONLY_ON_106,UNIQUE_BUT_STALE,REGENERATE_FROM_CURRENT_PIPELINE,.json
content/fighters/nix-calder/animations/procedural/hurt_wall_splat.anim.json,ONLY_ON_106,UNIQUE_BUT_STALE,REGENERATE_FROM_CURRENT_PIPELINE,.json
content/fighters/nix-calder/animations/procedural/idle.anim.json,BOTH_DIVERGED,UNIQUE_BUT_STALE,REGENERATE_FROM_CURRENT_PIPELINE,.json
content/fighters/nix-calder/animations/procedural/idle_personality.anim.json,ONLY_ON_106,UNIQUE_BUT_STALE,REGENERATE_FROM_CURRENT_PIPELINE,.json
content/fighters/nix-calder/animations/procedural/jab.anim.json,BOTH_DIVERGED,UNIQUE_BUT_STALE,REGENERATE_FROM_CURRENT_PIPELINE,.json
content/fighters/nix-calder/animations/procedural/jab_chain_2.anim.json,BOTH_DIVERGED,UNIQUE_BUT_STALE,REGENERATE_FROM_CURRENT_PIPELINE,.json
content/fighters/nix-calder/animations/procedural/jab_chain_3.anim.json,BOTH_DIVERGED,UNIQUE_BUT_STALE,REGENERATE_FROM_CURRENT_PIPELINE,.json
content/fighters/nix-calder/animations/procedural/jump.anim.json,BOTH_DIVERGED,UNIQUE_BUT_STALE,REGENERATE_FROM_CURRENT_PIPELINE,.json
content/fighters/nix-calder/animations/procedural/jump_apex.anim.json,BOTH_DIVERGED,UNIQUE_BUT_STALE,REGENERATE_FROM_CURRENT_PIPELINE,.json
content/fighters/nix-calder/animations/procedural/jump_squat.anim.json,ONLY_ON_106,UNIQUE_BUT_STALE,REGENERATE_FROM_CURRENT_PIPELINE,.json
content/fighters/nix-calder/animations/procedural/ko.anim.json,BOTH_DIVERGED,UNIQUE_BUT_STALE,REGENERATE_FROM_CURRENT_PIPELINE,.json
content/fighters/nix-calder/animations/procedural/landing.anim.json,BOTH_DIVERGED,UNIQUE_BUT_STALE,REGENERATE_FROM_CURRENT_PIPELINE,.json
content/fighters/nix-calder/animations/procedural/launch.anim.json,BOTH_DIVERGED,UNIQUE_BUT_STALE,REGENERATE_FROM_CURRENT_PIPELINE,.json
content/fighters/nix-calder/animations/procedural/manifest.json,BOTH_DIVERGED,UNIQUE_BUT_STALE,REGENERATE_FROM_CURRENT_PIPELINE,.json
content/fighters/nix-calder/animations/procedural/projectile_full.anim.json,BOTH_DIVERGED,UNIQUE_BUT_STALE,REGENERATE_FROM_CURRENT_PIPELINE,.json
content/fighters/nix-calder/animations/procedural/projectile_medium.anim.json,BOTH_DIVERGED,UNIQUE_BUT_STALE,REGENERATE_FROM_CURRENT_PIPELINE,.json
content/fighters/nix-calder/animations/procedural/projectile_tap.anim.json,BOTH_DIVERGED,UNIQUE_BUT_STALE,REGENERATE_FROM_CURRENT_PIPELINE,.json
content/fighters/nix-calder/animations/procedural/recovery.anim.json,BOTH_DIVERGED,UNIQUE_BUT_STALE,REGENERATE_FROM_CURRENT_PIPELINE,.json
content/fighters/nix-calder/animations/procedural/recovery_identity.anim.json,ONLY_ON_106,UNIQUE_BUT_STALE,REGENERATE_FROM_CURRENT_PIPELINE,.json
content/fighters/nix-calder/animations/procedural/run.anim.json,BOTH_DIVERGED,UNIQUE_BUT_STALE,REGENERATE_FROM_CURRENT_PIPELINE,.json
content/fighters/nix-calder/animations/procedural/run_start.anim.json,ONLY_ON_106,UNIQUE_BUT_STALE,REGENERATE_FROM_CURRENT_PIPELINE,.json
content/fighters/nix-calder/animations/procedural/run_stop.anim.json,ONLY_ON_106,UNIQUE_BUT_STALE,REGENERATE_FROM_CURRENT_PIPELINE,.json
content/fighters/nix-calder/animations/procedural/shield.anim.json,BOTH_DIVERGED,UNIQUE_BUT_STALE,REGENERATE_FROM_CURRENT_PIPELINE,.json
content/fighters/nix-calder/animations/procedural/signature_lane_burst.anim.json,BOTH_DIVERGED,UNIQUE_BUT_STALE,REGENERATE_FROM_CURRENT_PIPELINE,.json
content/fighters/nix-calder/animations/procedural/signature_lane_confirm.anim.json,BOTH_DIVERGED,UNIQUE_BUT_STALE,REGENERATE_FROM_CURRENT_PIPELINE,.json
content/fighters/nix-calder/animations/procedural/signature_lane_control.anim.json,BOTH_DIVERGED,UNIQUE_BUT_STALE,REGENERATE_FROM_CURRENT_PIPELINE,.json
content/fighters/nix-calder/animations/procedural/signature_lane_counter.anim.json,BOTH_DIVERGED,UNIQUE_BUT_STALE,REGENERATE_FROM_CURRENT_PIPELINE,.json
content/fighters/nix-calder/animations/procedural/signature_lane_feint.anim.json,BOTH_DIVERGED,UNIQUE_BUT_STALE,REGENERATE_FROM_CURRENT_PIPELINE,.json
content/fighters/nix-calder/animations/procedural/signature_lane_finisher.anim.json,BOTH_DIVERGED,UNIQUE_BUT_STALE,REGENERATE_FROM_CURRENT_PIPELINE,.json
content/fighters/nix-calder/animations/procedural/signature_lane_launch.anim.json,BOTH_DIVERGED,UNIQUE_BUT_STALE,REGENERATE_FROM_CURRENT_PIPELINE,.json
content/fighters/nix-calder/animations/procedural/signature_lane_trap.anim.json,BOTH_DIVERGED,UNIQUE_BUT_STALE,REGENERATE_FROM_CURRENT_PIPELINE,.json
content/fighters/nix-calder/animations/procedural/smash_down.anim.json,BOTH_DIVERGED,UNIQUE_BUT_STALE,REGENERATE_FROM_CURRENT_PIPELINE,.json
content/fighters/nix-calder/animations/procedural/smash_forward.anim.json,BOTH_DIVERGED,UNIQUE_BUT_STALE,REGENERATE_FROM_CURRENT_PIPELINE,.json
content/fighters/nix-calder/animations/procedural/smash_up.anim.json,BOTH_DIVERGED,UNIQUE_BUT_STALE,REGENERATE_FROM_CURRENT_PIPELINE,.json
content/fighters/nix-calder/animations/procedural/super.anim.json,ONLY_ON_106,UNIQUE_BUT_STALE,REGENERATE_FROM_CURRENT_PIPELINE,.json
content/fighters/nix-calder/animations/procedural/throw_back.anim.json,BOTH_DIVERGED,UNIQUE_BUT_STALE,REGENERATE_FROM_CURRENT_PIPELINE,.json
content/fighters/nix-calder/animations/procedural/throw_down.anim.json,BOTH_DIVERGED,UNIQUE_BUT_STALE,REGENERATE_FROM_CURRENT_PIPELINE,.json
content/fighters/nix-calder/animations/procedural/throw_forward.anim.json,BOTH_DIVERGED,UNIQUE_BUT_STALE,REGENERATE_FROM_CURRENT_PIPELINE,.json
content/fighters/nix-calder/animations/procedural/throw_up.anim.json,BOTH_DIVERGED,UNIQUE_BUT_STALE,REGENERATE_FROM_CURRENT_PIPELINE,.json
content/fighters/nix-calder/animations/procedural/throw_victim_back.anim.json,ONLY_ON_106,UNIQUE_BUT_STALE,REGENERATE_FROM_CURRENT_PIPELINE,.json
content/fighters/nix-calder/animations/procedural/throw_victim_down.anim.json,ONLY_ON_106,UNIQUE_BUT_STALE,REGENERATE_FROM_CURRENT_PIPELINE,.json
content/fighters/nix-calder/animations/procedural/throw_victim_forward.anim.json,ONLY_ON_106,UNIQUE_BUT_STALE,REGENERATE_FROM_CURRENT_PIPELINE,.json
content/fighters/nix-calder/animations/procedural/throw_victim_up.anim.json,ONLY_ON_106,UNIQUE_BUT_STALE,REGENERATE_FROM_CURRENT_PIPELINE,.json
content/fighters/nix-calder/animations/procedural/tilt_down.anim.json,BOTH_DIVERGED,UNIQUE_BUT_STALE,REGENERATE_FROM_CURRENT_PIPELINE,.json
content/fighters/nix-calder/animations/procedural/tilt_forward.anim.json,BOTH_DIVERGED,UNIQUE_BUT_STALE,REGENERATE_FROM_CURRENT_PIPELINE,.json
content/fighters/nix-calder/animations/procedural/tilt_up.anim.json,BOTH_DIVERGED,UNIQUE_BUT_STALE,REGENERATE_FROM_CURRENT_PIPELINE,.json
content/fighters/nix-calder/animations/procedural/transition_idle_walk.anim.json,ONLY_ON_106,UNIQUE_BUT_STALE,REGENERATE_FROM_CURRENT_PIPELINE,.json
content/fighters/nix-calder/animations/procedural/transition_walk_run.anim.json,ONLY_ON_106,UNIQUE_BUT_STALE,REGENERATE_FROM_CURRENT_PIPELINE,.json
content/fighters/nix-calder/animations/procedural/tumble.anim.json,BOTH_DIVERGED,UNIQUE_BUT_STALE,REGENERATE_FROM_CURRENT_PIPELINE,.json
content/fighters/nix-calder/animations/procedural/turn.anim.json,BOTH_DIVERGED,UNIQUE_BUT_STALE,REGENERATE_FROM_CURRENT_PIPELINE,.json
content/fighters/nix-calder/animations/procedural/uncharged_release.anim.json,ONLY_ON_106,UNIQUE_BUT_STALE,REGENERATE_FROM_CURRENT_PIPELINE,.json
content/fighters/nix-calder/animations/procedural/victory.anim.json,BOTH_DIVERGED,UNIQUE_BUT_STALE,REGENERATE_FROM_CURRENT_PIPELINE,.json
content/fighters/nix-calder/animations/procedural/walk.anim.json,BOTH_DIVERGED,UNIQUE_BUT_STALE,REGENERATE_FROM_CURRENT_PIPELINE,.json
content/fighters/nix-calder/animations/procedural/walk_start.anim.json,ONLY_ON_106,UNIQUE_BUT_STALE,REGENERATE_FROM_CURRENT_PIPELINE,.json
content/fighters/nix-calder/animations/procedural/walk_stop.anim.json,ONLY_ON_106,UNIQUE_BUT_STALE,REGENERATE_FROM_CURRENT_PIPELINE,.json
content/fighters/orion-vell/animations/procedural/aerial_back.anim.json,BOTH_DIVERGED,UNIQUE_BUT_STALE,REGENERATE_FROM_CURRENT_PIPELINE,.json
content/fighters/orion-vell/animations/procedural/aerial_down.anim.json,BOTH_DIVERGED,UNIQUE_BUT_STALE,REGENERATE_FROM_CURRENT_PIPELINE,.json
content/fighters/orion-vell/animations/procedural/aerial_forward.anim.json,BOTH_DIVERGED,UNIQUE_BUT_STALE,REGENERATE_FROM_CURRENT_PIPELINE,.json
content/fighters/orion-vell/animations/procedural/aerial_neutral.anim.json,BOTH_DIVERGED,UNIQUE_BUT_STALE,REGENERATE_FROM_CURRENT_PIPELINE,.json
content/fighters/orion-vell/animations/procedural/aerial_up.anim.json,BOTH_DIVERGED,UNIQUE_BUT_STALE,REGENERATE_FROM_CURRENT_PIPELINE,.json
content/fighters/orion-vell/animations/procedural/air_dodge.anim.json,BOTH_DIVERGED,UNIQUE_BUT_STALE,REGENERATE_FROM_CURRENT_PIPELINE,.json
content/fighters/orion-vell/animations/procedural/air_drift.anim.json,BOTH_DIVERGED,UNIQUE_BUT_STALE,REGENERATE_FROM_CURRENT_PIPELINE,.json
content/fighters/orion-vell/animations/procedural/aura_charge.anim.json,BOTH_DIVERGED,UNIQUE_BUT_STALE,REGENERATE_FROM_CURRENT_PIPELINE,.json
content/fighters/orion-vell/animations/procedural/aura_release.anim.json,BOTH_DIVERGED,UNIQUE_BUT_STALE,REGENERATE_FROM_CURRENT_PIPELINE,.json
content/fighters/orion-vell/animations/procedural/charge_full.anim.json,ONLY_ON_106,UNIQUE_BUT_STALE,REGENERATE_FROM_CURRENT_PIPELINE,.json
content/fighters/orion-vell/animations/procedural/charge_high.anim.json,ONLY_ON_106,UNIQUE_BUT_STALE,REGENERATE_FROM_CURRENT_PIPELINE,.json
content/fighters/orion-vell/animations/procedural/charge_low.anim.json,ONLY_ON_106,UNIQUE_BUT_STALE,REGENERATE_FROM_CURRENT_PIPELINE,.json
content/fighters/orion-vell/animations/procedural/charge_mid.anim.json,ONLY_ON_106,UNIQUE_BUT_STALE,REGENERATE_FROM_CURRENT_PIPELINE,.json
content/fighters/orion-vell/animations/procedural/charge_release.anim.json,ONLY_ON_106,UNIQUE_BUT_STALE,REGENERATE_FROM_CURRENT_PIPELINE,.json
content/fighters/orion-vell/animations/procedural/charge_start.anim.json,ONLY_ON_106,UNIQUE_BUT_STALE,REGENERATE_FROM_CURRENT_PIPELINE,.json
content/fighters/orion-vell/animations/procedural/charged_dash.anim.json,ONLY_ON_106,UNIQUE_BUT_STALE,REGENERATE_FROM_CURRENT_PIPELINE,.json
content/fighters/orion-vell/animations/procedural/charged_fall.anim.json,ONLY_ON_106,UNIQUE_BUT_STALE,REGENERATE_FROM_CURRENT_PIPELINE,.json
content/fighters/orion-vell/animations/procedural/charged_hold.anim.json,ONLY_ON_106,UNIQUE_BUT_STALE,REGENERATE_FROM_CURRENT_PIPELINE,.json
content/fighters/orion-vell/animations/procedural/charged_idle.anim.json,ONLY_ON_106,UNIQUE_BUT_STALE,REGENERATE_FROM_CURRENT_PIPELINE,.json
content/fighters/orion-vell/animations/procedural/charged_jump.anim.json,ONLY_ON_106,UNIQUE_BUT_STALE,REGENERATE_FROM_CURRENT_PIPELINE,.json
content/fighters/orion-vell/animations/procedural/charged_land.anim.json,ONLY_ON_106,UNIQUE_BUT_STALE,REGENERATE_FROM_CURRENT_PIPELINE,.json
content/fighters/orion-vell/animations/procedural/charged_run.anim.json,ONLY_ON_106,UNIQUE_BUT_STALE,REGENERATE_FROM_CURRENT_PIPELINE,.json
content/fighters/orion-vell/animations/procedural/charged_walk.anim.json,ONLY_ON_106,UNIQUE_BUT_STALE,REGENERATE_FROM_CURRENT_PIPELINE,.json
content/fighters/orion-vell/animations/procedural/contact_aura.anim.json,ONLY_ON_106,UNIQUE_BUT_STALE,REFERENCE_ONLY,.json
content/fighters/orion-vell/animations/procedural/contact_heavy.anim.json,ONLY_ON_106,UNIQUE_BUT_STALE,REFERENCE_ONLY,.json
content/fighters/orion-vell/animations/procedural/contact_ko.anim.json,ONLY_ON_106,UNIQUE_BUT_STALE,REFERENCE_ONLY,.json
content/fighters/orion-vell/animations/procedural/contact_light.anim.json,ONLY_ON_106,UNIQUE_BUT_STALE,REFERENCE_ONLY,.json
content/fighters/orion-vell/animations/procedural/contact_medium.anim.json,ONLY_ON_106,UNIQUE_BUT_STALE,REFERENCE_ONLY,.json
content/fighters/orion-vell/animations/procedural/contact_super.anim.json,ONLY_ON_106,UNIQUE_BUT_STALE,REFERENCE_ONLY,.json
content/fighters/orion-vell/animations/procedural/dash.anim.json,BOTH_DIVERGED,UNIQUE_BUT_STALE,REGENERATE_FROM_CURRENT_PIPELINE,.json
content/fighters/orion-vell/animations/procedural/dash_stop.anim.json,ONLY_ON_106,UNIQUE_BUT_STALE,REGENERATE_FROM_CURRENT_PIPELINE,.json
content/fighters/orion-vell/animations/procedural/defeat.anim.json,BOTH_DIVERGED,UNIQUE_BUT_STALE,REGENERATE_FROM_CURRENT_PIPELINE,.json
content/fighters/orion-vell/animations/procedural/dodge.anim.json,BOTH_DIVERGED,UNIQUE_BUT_STALE,REGENERATE_FROM_CURRENT_PIPELINE,.json
content/fighters/orion-vell/animations/procedural/fall.anim.json,BOTH_DIVERGED,UNIQUE_BUT_STALE,REGENERATE_FROM_CURRENT_PIPELINE,.json
content/fighters/orion-vell/animations/procedural/grab.anim.json,BOTH_DIVERGED,UNIQUE_BUT_STALE,REGENERATE_FROM_CURRENT_PIPELINE,.json
content/fighters/orion-vell/animations/procedural/grab_victim.anim.json,ONLY_ON_106,UNIQUE_BUT_STALE,REGENERATE_FROM_CURRENT_PIPELINE,.json
content/fighters/orion-vell/animations/procedural/heavy.anim.json,BOTH_DIVERGED,UNIQUE_BUT_STALE,REGENERATE_FROM_CURRENT_PIPELINE,.json
content/fighters/orion-vell/animations/procedural/hurt.anim.json,BOTH_DIVERGED,UNIQUE_BUT_STALE,REGENERATE_FROM_CURRENT_PIPELINE,.json
content/fighters/orion-vell/animations/procedural/hurt_body_snap.anim.json,ONLY_ON_106,UNIQUE_BUT_STALE,REGENERATE_FROM_CURRENT_PIPELINE,.json
content/fighters/orion-vell/animations/procedural/hurt_crumple.anim.json,ONLY_ON_106,UNIQUE_BUT_STALE,REGENERATE_FROM_CURRENT_PIPELINE,.json
content/fighters/orion-vell/animations/procedural/hurt_flinch.anim.json,ONLY_ON_106,UNIQUE_BUT_STALE,REGENERATE_FROM_CURRENT_PIPELINE,.json
content/fighters/orion-vell/animations/procedural/hurt_freeze_stiffness.anim.json,ONLY_ON_106,UNIQUE_BUT_STALE,REGENERATE_FROM_CURRENT_PIPELINE,.json
content/fighters/orion-vell/animations/procedural/hurt_ground_bounce.anim.json,ONLY_ON_106,UNIQUE_BUT_STALE,REGENERATE_FROM_CURRENT_PIPELINE,.json
content/fighters/orion-vell/animations/procedural/hurt_heavy.anim.json,BOTH_DIVERGED,UNIQUE_BUT_STALE,REGENERATE_FROM_CURRENT_PIPELINE,.json
content/fighters/orion-vell/animations/procedural/hurt_ko_spin.anim.json,ONLY_ON_106,UNIQUE_BUT_STALE,REGENERATE_FROM_CURRENT_PIPELINE,.json
content/fighters/orion-vell/animations/procedural/hurt_launch.anim.json,ONLY_ON_106,UNIQUE_BUT_STALE,REGENERATE_FROM_CURRENT_PIPELINE,.json
content/fighters/orion-vell/animations/procedural/hurt_light.anim.json,BOTH_DIVERGED,UNIQUE_BUT_STALE,REGENERATE_FROM_CURRENT_PIPELINE,.json
content/fighters/orion-vell/animations/procedural/hurt_medium.anim.json,BOTH_DIVERGED,UNIQUE_BUT_STALE,REGENERATE_FROM_CURRENT_PIPELINE,.json
content/fighters/orion-vell/animations/procedural/hurt_shield_recoil.anim.json,ONLY_ON_106,UNIQUE_BUT_STALE,REGENERATE_FROM_CURRENT_PIPELINE,.json
content/fighters/orion-vell/animations/procedural/hurt_spike.anim.json,ONLY_ON_106,UNIQUE_BUT_STALE,REGENERATE_FROM_CURRENT_PIPELINE,.json
content/fighters/orion-vell/animations/procedural/hurt_stagger.anim.json,ONLY_ON_106,UNIQUE_BUT_STALE,REGENERATE_FROM_CURRENT_PIPELINE,.json
content/fighters/orion-vell/animations/procedural/hurt_tumble.anim.json,ONLY_ON_106,UNIQUE_BUT_STALE,REGENERATE_FROM_CURRENT_PIPELINE,.json
content/fighters/orion-vell/animations/procedural/hurt_wall_splat.anim.json,ONLY_ON_106,UNIQUE_BUT_STALE,REGENERATE_FROM_CURRENT_PIPELINE,.json
content/fighters/orion-vell/animations/procedural/idle.anim.json,BOTH_DIVERGED,UNIQUE_BUT_STALE,REGENERATE_FROM_CURRENT_PIPELINE,.json
content/fighters/orion-vell/animations/procedural/idle_personality.anim.json,ONLY_ON_106,UNIQUE_BUT_STALE,REGENERATE_FROM_CURRENT_PIPELINE,.json
content/fighters/orion-vell/animations/procedural/jab.anim.json,BOTH_DIVERGED,UNIQUE_BUT_STALE,REGENERATE_FROM_CURRENT_PIPELINE,.json
content/fighters/orion-vell/animations/procedural/jab_chain_2.anim.json,BOTH_DIVERGED,UNIQUE_BUT_STALE,REGENERATE_FROM_CURRENT_PIPELINE,.json
content/fighters/orion-vell/animations/procedural/jab_chain_3.anim.json,BOTH_DIVERGED,UNIQUE_BUT_STALE,REGENERATE_FROM_CURRENT_PIPELINE,.json
content/fighters/orion-vell/animations/procedural/jump.anim.json,BOTH_DIVERGED,UNIQUE_BUT_STALE,REGENERATE_FROM_CURRENT_PIPELINE,.json
content/fighters/orion-vell/animations/procedural/jump_apex.anim.json,BOTH_DIVERGED,UNIQUE_BUT_STALE,REGENERATE_FROM_CURRENT_PIPELINE,.json
content/fighters/orion-vell/animations/procedural/jump_squat.anim.json,ONLY_ON_106,UNIQUE_BUT_STALE,REGENERATE_FROM_CURRENT_PIPELINE,.json
content/fighters/orion-vell/animations/procedural/ko.anim.json,BOTH_DIVERGED,UNIQUE_BUT_STALE,REGENERATE_FROM_CURRENT_PIPELINE,.json
content/fighters/orion-vell/animations/procedural/landing.anim.json,BOTH_DIVERGED,UNIQUE_BUT_STALE,REGENERATE_FROM_CURRENT_PIPELINE,.json
content/fighters/orion-vell/animations/procedural/launch.anim.json,BOTH_DIVERGED,UNIQUE_BUT_STALE,REGENERATE_FROM_CURRENT_PIPELINE,.json
content/fighters/orion-vell/animations/procedural/manifest.json,BOTH_DIVERGED,UNIQUE_BUT_STALE,REGENERATE_FROM_CURRENT_PIPELINE,.json
content/fighters/orion-vell/animations/procedural/projectile_full.anim.json,BOTH_DIVERGED,UNIQUE_BUT_STALE,REGENERATE_FROM_CURRENT_PIPELINE,.json
content/fighters/orion-vell/animations/procedural/projectile_medium.anim.json,BOTH_DIVERGED,UNIQUE_BUT_STALE,REGENERATE_FROM_CURRENT_PIPELINE,.json
content/fighters/orion-vell/animations/procedural/projectile_tap.anim.json,BOTH_DIVERGED,UNIQUE_BUT_STALE,REGENERATE_FROM_CURRENT_PIPELINE,.json
content/fighters/orion-vell/animations/procedural/recovery.anim.json,BOTH_DIVERGED,UNIQUE_BUT_STALE,REGENERATE_FROM_CURRENT_PIPELINE,.json
content/fighters/orion-vell/animations/procedural/recovery_identity.anim.json,ONLY_ON_106,UNIQUE_BUT_STALE,REGENERATE_FROM_CURRENT_PIPELINE,.json
content/fighters/orion-vell/animations/procedural/run.anim.json,BOTH_DIVERGED,UNIQUE_BUT_STALE,REGENERATE_FROM_CURRENT_PIPELINE,.json
content/fighters/orion-vell/animations/procedural/run_start.anim.json,ONLY_ON_106,UNIQUE_BUT_STALE,REGENERATE_FROM_CURRENT_PIPELINE,.json
content/fighters/orion-vell/animations/procedural/run_stop.anim.json,ONLY_ON_106,UNIQUE_BUT_STALE,REGENERATE_FROM_CURRENT_PIPELINE,.json
content/fighters/orion-vell/animations/procedural/shield.anim.json,BOTH_DIVERGED,UNIQUE_BUT_STALE,REGENERATE_FROM_CURRENT_PIPELINE,.json
content/fighters/orion-vell/animations/procedural/signature_lane_burst.anim.json,BOTH_DIVERGED,UNIQUE_BUT_STALE,REGENERATE_FROM_CURRENT_PIPELINE,.json
content/fighters/orion-vell/animations/procedural/signature_lane_confirm.anim.json,BOTH_DIVERGED,UNIQUE_BUT_STALE,REGENERATE_FROM_CURRENT_PIPELINE,.json
content/fighters/orion-vell/animations/procedural/signature_lane_control.anim.json,BOTH_DIVERGED,UNIQUE_BUT_STALE,REGENERATE_FROM_CURRENT_PIPELINE,.json
content/fighters/orion-vell/animations/procedural/signature_lane_counter.anim.json,BOTH_DIVERGED,UNIQUE_BUT_STALE,REGENERATE_FROM_CURRENT_PIPELINE,.json
content/fighters/orion-vell/animations/procedural/signature_lane_feint.anim.json,BOTH_DIVERGED,UNIQUE_BUT_STALE,REGENERATE_FROM_CURRENT_PIPELINE,.json
content/fighters/orion-vell/animations/procedural/signature_lane_finisher.anim.json,BOTH_DIVERGED,UNIQUE_BUT_STALE,REGENERATE_FROM_CURRENT_PIPELINE,.json
content/fighters/orion-vell/animations/procedural/signature_lane_launch.anim.json,BOTH_DIVERGED,UNIQUE_BUT_STALE,REGENERATE_FROM_CURRENT_PIPELINE,.json
content/fighters/orion-vell/animations/procedural/signature_lane_trap.anim.json,BOTH_DIVERGED,UNIQUE_BUT_STALE,REGENERATE_FROM_CURRENT_PIPELINE,.json
content/fighters/orion-vell/animations/procedural/smash_down.anim.json,BOTH_DIVERGED,UNIQUE_BUT_STALE,REGENERATE_FROM_CURRENT_PIPELINE,.json
content/fighters/orion-vell/animations/procedural/smash_forward.anim.json,BOTH_DIVERGED,UNIQUE_BUT_STALE,REGENERATE_FROM_CURRENT_PIPELINE,.json
content/fighters/orion-vell/animations/procedural/smash_up.anim.json,BOTH_DIVERGED,UNIQUE_BUT_STALE,REGENERATE_FROM_CURRENT_PIPELINE,.json
content/fighters/orion-vell/animations/procedural/super.anim.json,ONLY_ON_106,UNIQUE_BUT_STALE,REGENERATE_FROM_CURRENT_PIPELINE,.json
content/fighters/orion-vell/animations/procedural/throw_back.anim.json,BOTH_DIVERGED,UNIQUE_BUT_STALE,REGENERATE_FROM_CURRENT_PIPELINE,.json
content/fighters/orion-vell/animations/procedural/throw_down.anim.json,BOTH_DIVERGED,UNIQUE_BUT_STALE,REGENERATE_FROM_CURRENT_PIPELINE,.json
content/fighters/orion-vell/animations/procedural/throw_forward.anim.json,BOTH_DIVERGED,UNIQUE_BUT_STALE,REGENERATE_FROM_CURRENT_PIPELINE,.json
content/fighters/orion-vell/animations/procedural/throw_up.anim.json,BOTH_DIVERGED,UNIQUE_BUT_STALE,REGENERATE_FROM_CURRENT_PIPELINE,.json
content/fighters/orion-vell/animations/procedural/throw_victim_back.anim.json,ONLY_ON_106,UNIQUE_BUT_STALE,REGENERATE_FROM_CURRENT_PIPELINE,.json
content/fighters/orion-vell/animations/procedural/throw_victim_down.anim.json,ONLY_ON_106,UNIQUE_BUT_STALE,REGENERATE_FROM_CURRENT_PIPELINE,.json
content/fighters/orion-vell/animations/procedural/throw_victim_forward.anim.json,ONLY_ON_106,UNIQUE_BUT_STALE,REGENERATE_FROM_CURRENT_PIPELINE,.json
content/fighters/orion-vell/animations/procedural/throw_victim_up.anim.json,ONLY_ON_106,UNIQUE_BUT_STALE,REGENERATE_FROM_CURRENT_PIPELINE,.json
content/fighters/orion-vell/animations/procedural/tilt_down.anim.json,BOTH_DIVERGED,UNIQUE_BUT_STALE,REGENERATE_FROM_CURRENT_PIPELINE,.json
content/fighters/orion-vell/animations/procedural/tilt_forward.anim.json,BOTH_DIVERGED,UNIQUE_BUT_STALE,REGENERATE_FROM_CURRENT_PIPELINE,.json
content/fighters/orion-vell/animations/procedural/tilt_up.anim.json,BOTH_DIVERGED,UNIQUE_BUT_STALE,REGENERATE_FROM_CURRENT_PIPELINE,.json
content/fighters/orion-vell/animations/procedural/transition_idle_walk.anim.json,ONLY_ON_106,UNIQUE_BUT_STALE,REGENERATE_FROM_CURRENT_PIPELINE,.json
content/fighters/orion-vell/animations/procedural/transition_walk_run.anim.json,ONLY_ON_106,UNIQUE_BUT_STALE,REGENERATE_FROM_CURRENT_PIPELINE,.json
content/fighters/orion-vell/animations/procedural/tumble.anim.json,BOTH_DIVERGED,UNIQUE_BUT_STALE,REGENERATE_FROM_CURRENT_PIPELINE,.json
content/fighters/orion-vell/animations/procedural/turn.anim.json,BOTH_DIVERGED,UNIQUE_BUT_STALE,REGENERATE_FROM_CURRENT_PIPELINE,.json
content/fighters/orion-vell/animations/procedural/uncharged_release.anim.json,ONLY_ON_106,UNIQUE_BUT_STALE,REGENERATE_FROM_CURRENT_PIPELINE,.json
content/fighters/orion-vell/animations/procedural/victory.anim.json,BOTH_DIVERGED,UNIQUE_BUT_STALE,REGENERATE_FROM_CURRENT_PIPELINE,.json
content/fighters/orion-vell/animations/procedural/walk.anim.json,BOTH_DIVERGED,UNIQUE_BUT_STALE,REGENERATE_FROM_CURRENT_PIPELINE,.json
content/fighters/orion-vell/animations/procedural/walk_start.anim.json,ONLY_ON_106,UNIQUE_BUT_STALE,REGENERATE_FROM_CURRENT_PIPELINE,.json
content/fighters/orion-vell/animations/procedural/walk_stop.anim.json,ONLY_ON_106,UNIQUE_BUT_STALE,REGENERATE_FROM_CURRENT_PIPELINE,.json
content/fighters/rook-ironside/animations/procedural/aerial_back.anim.json,BOTH_DIVERGED,UNIQUE_BUT_STALE,REGENERATE_FROM_CURRENT_PIPELINE,.json
content/fighters/rook-ironside/animations/procedural/aerial_down.anim.json,BOTH_DIVERGED,UNIQUE_BUT_STALE,REGENERATE_FROM_CURRENT_PIPELINE,.json
content/fighters/rook-ironside/animations/procedural/aerial_forward.anim.json,BOTH_DIVERGED,UNIQUE_BUT_STALE,REGENERATE_FROM_CURRENT_PIPELINE,.json
content/fighters/rook-ironside/animations/procedural/aerial_neutral.anim.json,BOTH_DIVERGED,UNIQUE_BUT_STALE,REGENERATE_FROM_CURRENT_PIPELINE,.json
content/fighters/rook-ironside/animations/procedural/aerial_up.anim.json,BOTH_DIVERGED,UNIQUE_BUT_STALE,REGENERATE_FROM_CURRENT_PIPELINE,.json
content/fighters/rook-ironside/animations/procedural/air_dodge.anim.json,BOTH_DIVERGED,UNIQUE_BUT_STALE,REGENERATE_FROM_CURRENT_PIPELINE,.json
content/fighters/rook-ironside/animations/procedural/air_drift.anim.json,BOTH_DIVERGED,UNIQUE_BUT_STALE,REGENERATE_FROM_CURRENT_PIPELINE,.json
content/fighters/rook-ironside/animations/procedural/aura_charge.anim.json,BOTH_DIVERGED,UNIQUE_BUT_STALE,REGENERATE_FROM_CURRENT_PIPELINE,.json
content/fighters/rook-ironside/animations/procedural/aura_release.anim.json,BOTH_DIVERGED,UNIQUE_BUT_STALE,REGENERATE_FROM_CURRENT_PIPELINE,.json
content/fighters/rook-ironside/animations/procedural/charge_full.anim.json,ONLY_ON_106,UNIQUE_BUT_STALE,REGENERATE_FROM_CURRENT_PIPELINE,.json
content/fighters/rook-ironside/animations/procedural/charge_high.anim.json,ONLY_ON_106,UNIQUE_BUT_STALE,REGENERATE_FROM_CURRENT_PIPELINE,.json
content/fighters/rook-ironside/animations/procedural/charge_low.anim.json,ONLY_ON_106,UNIQUE_BUT_STALE,REGENERATE_FROM_CURRENT_PIPELINE,.json
content/fighters/rook-ironside/animations/procedural/charge_mid.anim.json,ONLY_ON_106,UNIQUE_BUT_STALE,REGENERATE_FROM_CURRENT_PIPELINE,.json
content/fighters/rook-ironside/animations/procedural/charge_release.anim.json,ONLY_ON_106,UNIQUE_BUT_STALE,REGENERATE_FROM_CURRENT_PIPELINE,.json
content/fighters/rook-ironside/animations/procedural/charge_start.anim.json,ONLY_ON_106,UNIQUE_BUT_STALE,REGENERATE_FROM_CURRENT_PIPELINE,.json
content/fighters/rook-ironside/animations/procedural/charged_dash.anim.json,ONLY_ON_106,UNIQUE_BUT_STALE,REGENERATE_FROM_CURRENT_PIPELINE,.json
content/fighters/rook-ironside/animations/procedural/charged_fall.anim.json,ONLY_ON_106,UNIQUE_BUT_STALE,REGENERATE_FROM_CURRENT_PIPELINE,.json
content/fighters/rook-ironside/animations/procedural/charged_hold.anim.json,ONLY_ON_106,UNIQUE_BUT_STALE,REGENERATE_FROM_CURRENT_PIPELINE,.json
content/fighters/rook-ironside/animations/procedural/charged_idle.anim.json,ONLY_ON_106,UNIQUE_BUT_STALE,REGENERATE_FROM_CURRENT_PIPELINE,.json
content/fighters/rook-ironside/animations/procedural/charged_jump.anim.json,ONLY_ON_106,UNIQUE_BUT_STALE,REGENERATE_FROM_CURRENT_PIPELINE,.json
content/fighters/rook-ironside/animations/procedural/charged_land.anim.json,ONLY_ON_106,UNIQUE_BUT_STALE,REGENERATE_FROM_CURRENT_PIPELINE,.json
content/fighters/rook-ironside/animations/procedural/charged_run.anim.json,ONLY_ON_106,UNIQUE_BUT_STALE,REGENERATE_FROM_CURRENT_PIPELINE,.json
content/fighters/rook-ironside/animations/procedural/charged_walk.anim.json,ONLY_ON_106,UNIQUE_BUT_STALE,REGENERATE_FROM_CURRENT_PIPELINE,.json
content/fighters/rook-ironside/animations/procedural/contact_aura.anim.json,ONLY_ON_106,UNIQUE_BUT_STALE,REFERENCE_ONLY,.json
content/fighters/rook-ironside/animations/procedural/contact_heavy.anim.json,ONLY_ON_106,UNIQUE_BUT_STALE,REFERENCE_ONLY,.json
content/fighters/rook-ironside/animations/procedural/contact_ko.anim.json,ONLY_ON_106,UNIQUE_BUT_STALE,REFERENCE_ONLY,.json
content/fighters/rook-ironside/animations/procedural/contact_light.anim.json,ONLY_ON_106,UNIQUE_BUT_STALE,REFERENCE_ONLY,.json
content/fighters/rook-ironside/animations/procedural/contact_medium.anim.json,ONLY_ON_106,UNIQUE_BUT_STALE,REFERENCE_ONLY,.json
content/fighters/rook-ironside/animations/procedural/contact_super.anim.json,ONLY_ON_106,UNIQUE_BUT_STALE,REFERENCE_ONLY,.json
content/fighters/rook-ironside/animations/procedural/dash.anim.json,BOTH_DIVERGED,UNIQUE_BUT_STALE,REGENERATE_FROM_CURRENT_PIPELINE,.json
content/fighters/rook-ironside/animations/procedural/dash_stop.anim.json,ONLY_ON_106,UNIQUE_BUT_STALE,REGENERATE_FROM_CURRENT_PIPELINE,.json
content/fighters/rook-ironside/animations/procedural/defeat.anim.json,BOTH_DIVERGED,UNIQUE_BUT_STALE,REGENERATE_FROM_CURRENT_PIPELINE,.json
content/fighters/rook-ironside/animations/procedural/dodge.anim.json,BOTH_DIVERGED,UNIQUE_BUT_STALE,REGENERATE_FROM_CURRENT_PIPELINE,.json
content/fighters/rook-ironside/animations/procedural/fall.anim.json,BOTH_DIVERGED,UNIQUE_BUT_STALE,REGENERATE_FROM_CURRENT_PIPELINE,.json
content/fighters/rook-ironside/animations/procedural/grab.anim.json,BOTH_DIVERGED,UNIQUE_BUT_STALE,REGENERATE_FROM_CURRENT_PIPELINE,.json
content/fighters/rook-ironside/animations/procedural/grab_victim.anim.json,ONLY_ON_106,UNIQUE_BUT_STALE,REGENERATE_FROM_CURRENT_PIPELINE,.json
content/fighters/rook-ironside/animations/procedural/heavy.anim.json,BOTH_DIVERGED,UNIQUE_BUT_STALE,REGENERATE_FROM_CURRENT_PIPELINE,.json
content/fighters/rook-ironside/animations/procedural/hurt.anim.json,BOTH_DIVERGED,UNIQUE_BUT_STALE,REGENERATE_FROM_CURRENT_PIPELINE,.json
content/fighters/rook-ironside/animations/procedural/hurt_body_snap.anim.json,ONLY_ON_106,UNIQUE_BUT_STALE,REGENERATE_FROM_CURRENT_PIPELINE,.json
content/fighters/rook-ironside/animations/procedural/hurt_crumple.anim.json,ONLY_ON_106,UNIQUE_BUT_STALE,REGENERATE_FROM_CURRENT_PIPELINE,.json
content/fighters/rook-ironside/animations/procedural/hurt_flinch.anim.json,ONLY_ON_106,UNIQUE_BUT_STALE,REGENERATE_FROM_CURRENT_PIPELINE,.json
content/fighters/rook-ironside/animations/procedural/hurt_freeze_stiffness.anim.json,ONLY_ON_106,UNIQUE_BUT_STALE,REGENERATE_FROM_CURRENT_PIPELINE,.json
content/fighters/rook-ironside/animations/procedural/hurt_ground_bounce.anim.json,ONLY_ON_106,UNIQUE_BUT_STALE,REGENERATE_FROM_CURRENT_PIPELINE,.json
content/fighters/rook-ironside/animations/procedural/hurt_heavy.anim.json,BOTH_DIVERGED,UNIQUE_BUT_STALE,REGENERATE_FROM_CURRENT_PIPELINE,.json
content/fighters/rook-ironside/animations/procedural/hurt_ko_spin.anim.json,ONLY_ON_106,UNIQUE_BUT_STALE,REGENERATE_FROM_CURRENT_PIPELINE,.json
content/fighters/rook-ironside/animations/procedural/hurt_launch.anim.json,ONLY_ON_106,UNIQUE_BUT_STALE,REGENERATE_FROM_CURRENT_PIPELINE,.json
content/fighters/rook-ironside/animations/procedural/hurt_light.anim.json,BOTH_DIVERGED,UNIQUE_BUT_STALE,REGENERATE_FROM_CURRENT_PIPELINE,.json
content/fighters/rook-ironside/animations/procedural/hurt_medium.anim.json,BOTH_DIVERGED,UNIQUE_BUT_STALE,REGENERATE_FROM_CURRENT_PIPELINE,.json
content/fighters/rook-ironside/animations/procedural/hurt_shield_recoil.anim.json,ONLY_ON_106,UNIQUE_BUT_STALE,REGENERATE_FROM_CURRENT_PIPELINE,.json
content/fighters/rook-ironside/animations/procedural/hurt_spike.anim.json,ONLY_ON_106,UNIQUE_BUT_STALE,REGENERATE_FROM_CURRENT_PIPELINE,.json
content/fighters/rook-ironside/animations/procedural/hurt_stagger.anim.json,ONLY_ON_106,UNIQUE_BUT_STALE,REGENERATE_FROM_CURRENT_PIPELINE,.json
content/fighters/rook-ironside/animations/procedural/hurt_tumble.anim.json,ONLY_ON_106,UNIQUE_BUT_STALE,REGENERATE_FROM_CURRENT_PIPELINE,.json
content/fighters/rook-ironside/animations/procedural/hurt_wall_splat.anim.json,ONLY_ON_106,UNIQUE_BUT_STALE,REGENERATE_FROM_CURRENT_PIPELINE,.json
content/fighters/rook-ironside/animations/procedural/idle.anim.json,BOTH_DIVERGED,UNIQUE_BUT_STALE,REGENERATE_FROM_CURRENT_PIPELINE,.json
content/fighters/rook-ironside/animations/procedural/idle_personality.anim.json,ONLY_ON_106,UNIQUE_BUT_STALE,REGENERATE_FROM_CURRENT_PIPELINE,.json
content/fighters/rook-ironside/animations/procedural/jab.anim.json,BOTH_DIVERGED,UNIQUE_BUT_STALE,REGENERATE_FROM_CURRENT_PIPELINE,.json
content/fighters/rook-ironside/animations/procedural/jab_chain_2.anim.json,BOTH_DIVERGED,UNIQUE_BUT_STALE,REGENERATE_FROM_CURRENT_PIPELINE,.json
content/fighters/rook-ironside/animations/procedural/jab_chain_3.anim.json,BOTH_DIVERGED,UNIQUE_BUT_STALE,REGENERATE_FROM_CURRENT_PIPELINE,.json
content/fighters/rook-ironside/animations/procedural/jump.anim.json,BOTH_DIVERGED,UNIQUE_BUT_STALE,REGENERATE_FROM_CURRENT_PIPELINE,.json
content/fighters/rook-ironside/animations/procedural/jump_apex.anim.json,BOTH_DIVERGED,UNIQUE_BUT_STALE,REGENERATE_FROM_CURRENT_PIPELINE,.json
content/fighters/rook-ironside/animations/procedural/jump_squat.anim.json,ONLY_ON_106,UNIQUE_BUT_STALE,REGENERATE_FROM_CURRENT_PIPELINE,.json
content/fighters/rook-ironside/animations/procedural/ko.anim.json,BOTH_DIVERGED,UNIQUE_BUT_STALE,REGENERATE_FROM_CURRENT_PIPELINE,.json
content/fighters/rook-ironside/animations/procedural/landing.anim.json,BOTH_DIVERGED,UNIQUE_BUT_STALE,REGENERATE_FROM_CURRENT_PIPELINE,.json
content/fighters/rook-ironside/animations/procedural/launch.anim.json,BOTH_DIVERGED,UNIQUE_BUT_STALE,REGENERATE_FROM_CURRENT_PIPELINE,.json
content/fighters/rook-ironside/animations/procedural/manifest.json,BOTH_DIVERGED,UNIQUE_BUT_STALE,REGENERATE_FROM_CURRENT_PIPELINE,.json
content/fighters/rook-ironside/animations/procedural/projectile_full.anim.json,BOTH_DIVERGED,UNIQUE_BUT_STALE,REGENERATE_FROM_CURRENT_PIPELINE,.json
content/fighters/rook-ironside/animations/procedural/projectile_medium.anim.json,BOTH_DIVERGED,UNIQUE_BUT_STALE,REGENERATE_FROM_CURRENT_PIPELINE,.json
content/fighters/rook-ironside/animations/procedural/projectile_tap.anim.json,BOTH_DIVERGED,UNIQUE_BUT_STALE,REGENERATE_FROM_CURRENT_PIPELINE,.json
content/fighters/rook-ironside/animations/procedural/recovery.anim.json,BOTH_DIVERGED,UNIQUE_BUT_STALE,REGENERATE_FROM_CURRENT_PIPELINE,.json
content/fighters/rook-ironside/animations/procedural/recovery_identity.anim.json,ONLY_ON_106,UNIQUE_BUT_STALE,REGENERATE_FROM_CURRENT_PIPELINE,.json
content/fighters/rook-ironside/animations/procedural/run.anim.json,BOTH_DIVERGED,UNIQUE_BUT_STALE,REGENERATE_FROM_CURRENT_PIPELINE,.json
content/fighters/rook-ironside/animations/procedural/run_start.anim.json,ONLY_ON_106,UNIQUE_BUT_STALE,REGENERATE_FROM_CURRENT_PIPELINE,.json
content/fighters/rook-ironside/animations/procedural/run_stop.anim.json,ONLY_ON_106,UNIQUE_BUT_STALE,REGENERATE_FROM_CURRENT_PIPELINE,.json
content/fighters/rook-ironside/animations/procedural/shield.anim.json,BOTH_DIVERGED,UNIQUE_BUT_STALE,REGENERATE_FROM_CURRENT_PIPELINE,.json
content/fighters/rook-ironside/animations/procedural/signature_lane_burst.anim.json,BOTH_DIVERGED,UNIQUE_BUT_STALE,REGENERATE_FROM_CURRENT_PIPELINE,.json
content/fighters/rook-ironside/animations/procedural/signature_lane_confirm.anim.json,BOTH_DIVERGED,UNIQUE_BUT_STALE,REGENERATE_FROM_CURRENT_PIPELINE,.json
content/fighters/rook-ironside/animations/procedural/signature_lane_control.anim.json,BOTH_DIVERGED,UNIQUE_BUT_STALE,REGENERATE_FROM_CURRENT_PIPELINE,.json
content/fighters/rook-ironside/animations/procedural/signature_lane_counter.anim.json,BOTH_DIVERGED,UNIQUE_BUT_STALE,REGENERATE_FROM_CURRENT_PIPELINE,.json
content/fighters/rook-ironside/animations/procedural/signature_lane_feint.anim.json,BOTH_DIVERGED,UNIQUE_BUT_STALE,REGENERATE_FROM_CURRENT_PIPELINE,.json
content/fighters/rook-ironside/animations/procedural/signature_lane_finisher.anim.json,BOTH_DIVERGED,UNIQUE_BUT_STALE,REGENERATE_FROM_CURRENT_PIPELINE,.json
content/fighters/rook-ironside/animations/procedural/signature_lane_launch.anim.json,BOTH_DIVERGED,UNIQUE_BUT_STALE,REGENERATE_FROM_CURRENT_PIPELINE,.json
content/fighters/rook-ironside/animations/procedural/signature_lane_trap.anim.json,BOTH_DIVERGED,UNIQUE_BUT_STALE,REGENERATE_FROM_CURRENT_PIPELINE,.json
content/fighters/rook-ironside/animations/procedural/smash_down.anim.json,BOTH_DIVERGED,UNIQUE_BUT_STALE,REGENERATE_FROM_CURRENT_PIPELINE,.json
content/fighters/rook-ironside/animations/procedural/smash_forward.anim.json,BOTH_DIVERGED,UNIQUE_BUT_STALE,REGENERATE_FROM_CURRENT_PIPELINE,.json
content/fighters/rook-ironside/animations/procedural/smash_up.anim.json,BOTH_DIVERGED,UNIQUE_BUT_STALE,REGENERATE_FROM_CURRENT_PIPELINE,.json
content/fighters/rook-ironside/animations/procedural/super.anim.json,ONLY_ON_106,UNIQUE_BUT_STALE,REGENERATE_FROM_CURRENT_PIPELINE,.json
content/fighters/rook-ironside/animations/procedural/throw_back.anim.json,BOTH_DIVERGED,UNIQUE_BUT_STALE,REGENERATE_FROM_CURRENT_PIPELINE,.json
content/fighters/rook-ironside/animations/procedural/throw_down.anim.json,BOTH_DIVERGED,UNIQUE_BUT_STALE,REGENERATE_FROM_CURRENT_PIPELINE,.json
content/fighters/rook-ironside/animations/procedural/throw_forward.anim.json,BOTH_DIVERGED,UNIQUE_BUT_STALE,REGENERATE_FROM_CURRENT_PIPELINE,.json
content/fighters/rook-ironside/animations/procedural/throw_up.anim.json,BOTH_DIVERGED,UNIQUE_BUT_STALE,REGENERATE_FROM_CURRENT_PIPELINE,.json
content/fighters/rook-ironside/animations/procedural/throw_victim_back.anim.json,ONLY_ON_106,UNIQUE_BUT_STALE,REGENERATE_FROM_CURRENT_PIPELINE,.json
content/fighters/rook-ironside/animations/procedural/throw_victim_down.anim.json,ONLY_ON_106,UNIQUE_BUT_STALE,REGENERATE_FROM_CURRENT_PIPELINE,.json
content/fighters/rook-ironside/animations/procedural/throw_victim_forward.anim.json,ONLY_ON_106,UNIQUE_BUT_STALE,REGENERATE_FROM_CURRENT_PIPELINE,.json
content/fighters/rook-ironside/animations/procedural/throw_victim_up.anim.json,ONLY_ON_106,UNIQUE_BUT_STALE,REGENERATE_FROM_CURRENT_PIPELINE,.json
content/fighters/rook-ironside/animations/procedural/tilt_down.anim.json,BOTH_DIVERGED,UNIQUE_BUT_STALE,REGENERATE_FROM_CURRENT_PIPELINE,.json
content/fighters/rook-ironside/animations/procedural/tilt_forward.anim.json,BOTH_DIVERGED,UNIQUE_BUT_STALE,REGENERATE_FROM_CURRENT_PIPELINE,.json
content/fighters/rook-ironside/animations/procedural/tilt_up.anim.json,BOTH_DIVERGED,UNIQUE_BUT_STALE,REGENERATE_FROM_CURRENT_PIPELINE,.json
content/fighters/rook-ironside/animations/procedural/transition_idle_walk.anim.json,ONLY_ON_106,UNIQUE_BUT_STALE,REGENERATE_FROM_CURRENT_PIPELINE,.json
content/fighters/rook-ironside/animations/procedural/transition_walk_run.anim.json,ONLY_ON_106,UNIQUE_BUT_STALE,REGENERATE_FROM_CURRENT_PIPELINE,.json
content/fighters/rook-ironside/animations/procedural/tumble.anim.json,BOTH_DIVERGED,UNIQUE_BUT_STALE,REGENERATE_FROM_CURRENT_PIPELINE,.json
content/fighters/rook-ironside/animations/procedural/turn.anim.json,BOTH_DIVERGED,UNIQUE_BUT_STALE,REGENERATE_FROM_CURRENT_PIPELINE,.json
content/fighters/rook-ironside/animations/procedural/uncharged_release.anim.json,ONLY_ON_106,UNIQUE_BUT_STALE,REGENERATE_FROM_CURRENT_PIPELINE,.json
content/fighters/rook-ironside/animations/procedural/victory.anim.json,BOTH_DIVERGED,UNIQUE_BUT_STALE,REGENERATE_FROM_CURRENT_PIPELINE,.json
content/fighters/rook-ironside/animations/procedural/walk.anim.json,BOTH_DIVERGED,UNIQUE_BUT_STALE,REGENERATE_FROM_CURRENT_PIPELINE,.json
content/fighters/rook-ironside/animations/procedural/walk_start.anim.json,ONLY_ON_106,UNIQUE_BUT_STALE,REGENERATE_FROM_CURRENT_PIPELINE,.json
content/fighters/rook-ironside/animations/procedural/walk_stop.anim.json,ONLY_ON_106,UNIQUE_BUT_STALE,REGENERATE_FROM_CURRENT_PIPELINE,.json
content/fighters/vesper-nyx/animations/procedural/aerial_back.anim.json,BOTH_DIVERGED,UNIQUE_BUT_STALE,REGENERATE_FROM_CURRENT_PIPELINE,.json
content/fighters/vesper-nyx/animations/procedural/aerial_down.anim.json,BOTH_DIVERGED,UNIQUE_BUT_STALE,REGENERATE_FROM_CURRENT_PIPELINE,.json
content/fighters/vesper-nyx/animations/procedural/aerial_forward.anim.json,BOTH_DIVERGED,UNIQUE_BUT_STALE,REGENERATE_FROM_CURRENT_PIPELINE,.json
content/fighters/vesper-nyx/animations/procedural/aerial_neutral.anim.json,BOTH_DIVERGED,UNIQUE_BUT_STALE,REGENERATE_FROM_CURRENT_PIPELINE,.json
content/fighters/vesper-nyx/animations/procedural/aerial_up.anim.json,BOTH_DIVERGED,UNIQUE_BUT_STALE,REGENERATE_FROM_CURRENT_PIPELINE,.json
content/fighters/vesper-nyx/animations/procedural/air_dodge.anim.json,BOTH_DIVERGED,UNIQUE_BUT_STALE,REGENERATE_FROM_CURRENT_PIPELINE,.json
content/fighters/vesper-nyx/animations/procedural/air_drift.anim.json,BOTH_DIVERGED,UNIQUE_BUT_STALE,REGENERATE_FROM_CURRENT_PIPELINE,.json
content/fighters/vesper-nyx/animations/procedural/aura_charge.anim.json,BOTH_DIVERGED,UNIQUE_BUT_STALE,REGENERATE_FROM_CURRENT_PIPELINE,.json
content/fighters/vesper-nyx/animations/procedural/aura_release.anim.json,BOTH_DIVERGED,UNIQUE_BUT_STALE,REGENERATE_FROM_CURRENT_PIPELINE,.json
content/fighters/vesper-nyx/animations/procedural/charge_full.anim.json,ONLY_ON_106,UNIQUE_BUT_STALE,REGENERATE_FROM_CURRENT_PIPELINE,.json
content/fighters/vesper-nyx/animations/procedural/charge_high.anim.json,ONLY_ON_106,UNIQUE_BUT_STALE,REGENERATE_FROM_CURRENT_PIPELINE,.json
content/fighters/vesper-nyx/animations/procedural/charge_low.anim.json,ONLY_ON_106,UNIQUE_BUT_STALE,REGENERATE_FROM_CURRENT_PIPELINE,.json
content/fighters/vesper-nyx/animations/procedural/charge_mid.anim.json,ONLY_ON_106,UNIQUE_BUT_STALE,REGENERATE_FROM_CURRENT_PIPELINE,.json
content/fighters/vesper-nyx/animations/procedural/charge_release.anim.json,ONLY_ON_106,UNIQUE_BUT_STALE,REGENERATE_FROM_CURRENT_PIPELINE,.json
content/fighters/vesper-nyx/animations/procedural/charge_start.anim.json,ONLY_ON_106,UNIQUE_BUT_STALE,REGENERATE_FROM_CURRENT_PIPELINE,.json
content/fighters/vesper-nyx/animations/procedural/charged_dash.anim.json,ONLY_ON_106,UNIQUE_BUT_STALE,REGENERATE_FROM_CURRENT_PIPELINE,.json
content/fighters/vesper-nyx/animations/procedural/charged_fall.anim.json,ONLY_ON_106,UNIQUE_BUT_STALE,REGENERATE_FROM_CURRENT_PIPELINE,.json
content/fighters/vesper-nyx/animations/procedural/charged_hold.anim.json,ONLY_ON_106,UNIQUE_BUT_STALE,REGENERATE_FROM_CURRENT_PIPELINE,.json
content/fighters/vesper-nyx/animations/procedural/charged_idle.anim.json,ONLY_ON_106,UNIQUE_BUT_STALE,REGENERATE_FROM_CURRENT_PIPELINE,.json
content/fighters/vesper-nyx/animations/procedural/charged_jump.anim.json,ONLY_ON_106,UNIQUE_BUT_STALE,REGENERATE_FROM_CURRENT_PIPELINE,.json
content/fighters/vesper-nyx/animations/procedural/charged_land.anim.json,ONLY_ON_106,UNIQUE_BUT_STALE,REGENERATE_FROM_CURRENT_PIPELINE,.json
content/fighters/vesper-nyx/animations/procedural/charged_run.anim.json,ONLY_ON_106,UNIQUE_BUT_STALE,REGENERATE_FROM_CURRENT_PIPELINE,.json
content/fighters/vesper-nyx/animations/procedural/charged_walk.anim.json,ONLY_ON_106,UNIQUE_BUT_STALE,REGENERATE_FROM_CURRENT_PIPELINE,.json
content/fighters/vesper-nyx/animations/procedural/contact_aura.anim.json,ONLY_ON_106,UNIQUE_BUT_STALE,REFERENCE_ONLY,.json
content/fighters/vesper-nyx/animations/procedural/contact_heavy.anim.json,ONLY_ON_106,UNIQUE_BUT_STALE,REFERENCE_ONLY,.json
content/fighters/vesper-nyx/animations/procedural/contact_ko.anim.json,ONLY_ON_106,UNIQUE_BUT_STALE,REFERENCE_ONLY,.json
content/fighters/vesper-nyx/animations/procedural/contact_light.anim.json,ONLY_ON_106,UNIQUE_BUT_STALE,REFERENCE_ONLY,.json
content/fighters/vesper-nyx/animations/procedural/contact_medium.anim.json,ONLY_ON_106,UNIQUE_BUT_STALE,REFERENCE_ONLY,.json
content/fighters/vesper-nyx/animations/procedural/contact_super.anim.json,ONLY_ON_106,UNIQUE_BUT_STALE,REFERENCE_ONLY,.json
content/fighters/vesper-nyx/animations/procedural/dash.anim.json,BOTH_DIVERGED,UNIQUE_BUT_STALE,REGENERATE_FROM_CURRENT_PIPELINE,.json
content/fighters/vesper-nyx/animations/procedural/dash_stop.anim.json,ONLY_ON_106,UNIQUE_BUT_STALE,REGENERATE_FROM_CURRENT_PIPELINE,.json
content/fighters/vesper-nyx/animations/procedural/defeat.anim.json,BOTH_DIVERGED,UNIQUE_BUT_STALE,REGENERATE_FROM_CURRENT_PIPELINE,.json
content/fighters/vesper-nyx/animations/procedural/dodge.anim.json,BOTH_DIVERGED,UNIQUE_BUT_STALE,REGENERATE_FROM_CURRENT_PIPELINE,.json
content/fighters/vesper-nyx/animations/procedural/fall.anim.json,BOTH_DIVERGED,UNIQUE_BUT_STALE,REGENERATE_FROM_CURRENT_PIPELINE,.json
content/fighters/vesper-nyx/animations/procedural/grab.anim.json,BOTH_DIVERGED,UNIQUE_BUT_STALE,REGENERATE_FROM_CURRENT_PIPELINE,.json
content/fighters/vesper-nyx/animations/procedural/grab_victim.anim.json,ONLY_ON_106,UNIQUE_BUT_STALE,REGENERATE_FROM_CURRENT_PIPELINE,.json
content/fighters/vesper-nyx/animations/procedural/heavy.anim.json,BOTH_DIVERGED,UNIQUE_BUT_STALE,REGENERATE_FROM_CURRENT_PIPELINE,.json
content/fighters/vesper-nyx/animations/procedural/hurt.anim.json,BOTH_DIVERGED,UNIQUE_BUT_STALE,REGENERATE_FROM_CURRENT_PIPELINE,.json
content/fighters/vesper-nyx/animations/procedural/hurt_body_snap.anim.json,ONLY_ON_106,UNIQUE_BUT_STALE,REGENERATE_FROM_CURRENT_PIPELINE,.json
content/fighters/vesper-nyx/animations/procedural/hurt_crumple.anim.json,ONLY_ON_106,UNIQUE_BUT_STALE,REGENERATE_FROM_CURRENT_PIPELINE,.json
content/fighters/vesper-nyx/animations/procedural/hurt_flinch.anim.json,ONLY_ON_106,UNIQUE_BUT_STALE,REGENERATE_FROM_CURRENT_PIPELINE,.json
content/fighters/vesper-nyx/animations/procedural/hurt_freeze_stiffness.anim.json,ONLY_ON_106,UNIQUE_BUT_STALE,REGENERATE_FROM_CURRENT_PIPELINE,.json
content/fighters/vesper-nyx/animations/procedural/hurt_ground_bounce.anim.json,ONLY_ON_106,UNIQUE_BUT_STALE,REGENERATE_FROM_CURRENT_PIPELINE,.json
content/fighters/vesper-nyx/animations/procedural/hurt_heavy.anim.json,BOTH_DIVERGED,UNIQUE_BUT_STALE,REGENERATE_FROM_CURRENT_PIPELINE,.json
content/fighters/vesper-nyx/animations/procedural/hurt_ko_spin.anim.json,ONLY_ON_106,UNIQUE_BUT_STALE,REGENERATE_FROM_CURRENT_PIPELINE,.json
content/fighters/vesper-nyx/animations/procedural/hurt_launch.anim.json,ONLY_ON_106,UNIQUE_BUT_STALE,REGENERATE_FROM_CURRENT_PIPELINE,.json
content/fighters/vesper-nyx/animations/procedural/hurt_light.anim.json,BOTH_DIVERGED,UNIQUE_BUT_STALE,REGENERATE_FROM_CURRENT_PIPELINE,.json
content/fighters/vesper-nyx/animations/procedural/hurt_medium.anim.json,BOTH_DIVERGED,UNIQUE_BUT_STALE,REGENERATE_FROM_CURRENT_PIPELINE,.json
content/fighters/vesper-nyx/animations/procedural/hurt_shield_recoil.anim.json,ONLY_ON_106,UNIQUE_BUT_STALE,REGENERATE_FROM_CURRENT_PIPELINE,.json
content/fighters/vesper-nyx/animations/procedural/hurt_spike.anim.json,ONLY_ON_106,UNIQUE_BUT_STALE,REGENERATE_FROM_CURRENT_PIPELINE,.json
content/fighters/vesper-nyx/animations/procedural/hurt_stagger.anim.json,ONLY_ON_106,UNIQUE_BUT_STALE,REGENERATE_FROM_CURRENT_PIPELINE,.json
content/fighters/vesper-nyx/animations/procedural/hurt_tumble.anim.json,ONLY_ON_106,UNIQUE_BUT_STALE,REGENERATE_FROM_CURRENT_PIPELINE,.json
content/fighters/vesper-nyx/animations/procedural/hurt_wall_splat.anim.json,ONLY_ON_106,UNIQUE_BUT_STALE,REGENERATE_FROM_CURRENT_PIPELINE,.json
content/fighters/vesper-nyx/animations/procedural/idle.anim.json,BOTH_DIVERGED,UNIQUE_BUT_STALE,REGENERATE_FROM_CURRENT_PIPELINE,.json
content/fighters/vesper-nyx/animations/procedural/idle_personality.anim.json,ONLY_ON_106,UNIQUE_BUT_STALE,REGENERATE_FROM_CURRENT_PIPELINE,.json
content/fighters/vesper-nyx/animations/procedural/jab.anim.json,BOTH_DIVERGED,UNIQUE_BUT_STALE,REGENERATE_FROM_CURRENT_PIPELINE,.json
content/fighters/vesper-nyx/animations/procedural/jab_chain_2.anim.json,BOTH_DIVERGED,UNIQUE_BUT_STALE,REGENERATE_FROM_CURRENT_PIPELINE,.json
content/fighters/vesper-nyx/animations/procedural/jab_chain_3.anim.json,BOTH_DIVERGED,UNIQUE_BUT_STALE,REGENERATE_FROM_CURRENT_PIPELINE,.json
content/fighters/vesper-nyx/animations/procedural/jump.anim.json,BOTH_DIVERGED,UNIQUE_BUT_STALE,REGENERATE_FROM_CURRENT_PIPELINE,.json
content/fighters/vesper-nyx/animations/procedural/jump_apex.anim.json,BOTH_DIVERGED,UNIQUE_BUT_STALE,REGENERATE_FROM_CURRENT_PIPELINE,.json
content/fighters/vesper-nyx/animations/procedural/jump_squat.anim.json,ONLY_ON_106,UNIQUE_BUT_STALE,REGENERATE_FROM_CURRENT_PIPELINE,.json
content/fighters/vesper-nyx/animations/procedural/ko.anim.json,BOTH_DIVERGED,UNIQUE_BUT_STALE,REGENERATE_FROM_CURRENT_PIPELINE,.json
content/fighters/vesper-nyx/animations/procedural/landing.anim.json,BOTH_DIVERGED,UNIQUE_BUT_STALE,REGENERATE_FROM_CURRENT_PIPELINE,.json
content/fighters/vesper-nyx/animations/procedural/launch.anim.json,BOTH_DIVERGED,UNIQUE_BUT_STALE,REGENERATE_FROM_CURRENT_PIPELINE,.json
content/fighters/vesper-nyx/animations/procedural/manifest.json,BOTH_DIVERGED,UNIQUE_BUT_STALE,REGENERATE_FROM_CURRENT_PIPELINE,.json
content/fighters/vesper-nyx/animations/procedural/projectile_full.anim.json,BOTH_DIVERGED,UNIQUE_BUT_STALE,REGENERATE_FROM_CURRENT_PIPELINE,.json
content/fighters/vesper-nyx/animations/procedural/projectile_medium.anim.json,BOTH_DIVERGED,UNIQUE_BUT_STALE,REGENERATE_FROM_CURRENT_PIPELINE,.json
content/fighters/vesper-nyx/animations/procedural/projectile_tap.anim.json,BOTH_DIVERGED,UNIQUE_BUT_STALE,REGENERATE_FROM_CURRENT_PIPELINE,.json
content/fighters/vesper-nyx/animations/procedural/recovery.anim.json,BOTH_DIVERGED,UNIQUE_BUT_STALE,REGENERATE_FROM_CURRENT_PIPELINE,.json
content/fighters/vesper-nyx/animations/procedural/recovery_identity.anim.json,ONLY_ON_106,UNIQUE_BUT_STALE,REGENERATE_FROM_CURRENT_PIPELINE,.json
content/fighters/vesper-nyx/animations/procedural/run.anim.json,BOTH_DIVERGED,UNIQUE_BUT_STALE,REGENERATE_FROM_CURRENT_PIPELINE,.json
content/fighters/vesper-nyx/animations/procedural/run_start.anim.json,ONLY_ON_106,UNIQUE_BUT_STALE,REGENERATE_FROM_CURRENT_PIPELINE,.json
content/fighters/vesper-nyx/animations/procedural/run_stop.anim.json,ONLY_ON_106,UNIQUE_BUT_STALE,REGENERATE_FROM_CURRENT_PIPELINE,.json
content/fighters/vesper-nyx/animations/procedural/shield.anim.json,BOTH_DIVERGED,UNIQUE_BUT_STALE,REGENERATE_FROM_CURRENT_PIPELINE,.json
content/fighters/vesper-nyx/animations/procedural/signature_lane_burst.anim.json,BOTH_DIVERGED,UNIQUE_BUT_STALE,REGENERATE_FROM_CURRENT_PIPELINE,.json
content/fighters/vesper-nyx/animations/procedural/signature_lane_confirm.anim.json,BOTH_DIVERGED,UNIQUE_BUT_STALE,REGENERATE_FROM_CURRENT_PIPELINE,.json
content/fighters/vesper-nyx/animations/procedural/signature_lane_control.anim.json,BOTH_DIVERGED,UNIQUE_BUT_STALE,REGENERATE_FROM_CURRENT_PIPELINE,.json
content/fighters/vesper-nyx/animations/procedural/signature_lane_counter.anim.json,BOTH_DIVERGED,UNIQUE_BUT_STALE,REGENERATE_FROM_CURRENT_PIPELINE,.json
content/fighters/vesper-nyx/animations/procedural/signature_lane_feint.anim.json,BOTH_DIVERGED,UNIQUE_BUT_STALE,REGENERATE_FROM_CURRENT_PIPELINE,.json
content/fighters/vesper-nyx/animations/procedural/signature_lane_finisher.anim.json,BOTH_DIVERGED,UNIQUE_BUT_STALE,REGENERATE_FROM_CURRENT_PIPELINE,.json
content/fighters/vesper-nyx/animations/procedural/signature_lane_launch.anim.json,BOTH_DIVERGED,UNIQUE_BUT_STALE,REGENERATE_FROM_CURRENT_PIPELINE,.json
content/fighters/vesper-nyx/animations/procedural/signature_lane_trap.anim.json,BOTH_DIVERGED,UNIQUE_BUT_STALE,REGENERATE_FROM_CURRENT_PIPELINE,.json
content/fighters/vesper-nyx/animations/procedural/smash_down.anim.json,BOTH_DIVERGED,UNIQUE_BUT_STALE,REGENERATE_FROM_CURRENT_PIPELINE,.json
content/fighters/vesper-nyx/animations/procedural/smash_forward.anim.json,BOTH_DIVERGED,UNIQUE_BUT_STALE,REGENERATE_FROM_CURRENT_PIPELINE,.json
content/fighters/vesper-nyx/animations/procedural/smash_up.anim.json,BOTH_DIVERGED,UNIQUE_BUT_STALE,REGENERATE_FROM_CURRENT_PIPELINE,.json
content/fighters/vesper-nyx/animations/procedural/super.anim.json,ONLY_ON_106,UNIQUE_BUT_STALE,REGENERATE_FROM_CURRENT_PIPELINE,.json
content/fighters/vesper-nyx/animations/procedural/throw_back.anim.json,BOTH_DIVERGED,UNIQUE_BUT_STALE,REGENERATE_FROM_CURRENT_PIPELINE,.json
content/fighters/vesper-nyx/animations/procedural/throw_down.anim.json,BOTH_DIVERGED,UNIQUE_BUT_STALE,REGENERATE_FROM_CURRENT_PIPELINE,.json
content/fighters/vesper-nyx/animations/procedural/throw_forward.anim.json,BOTH_DIVERGED,UNIQUE_BUT_STALE,REGENERATE_FROM_CURRENT_PIPELINE,.json
content/fighters/vesper-nyx/animations/procedural/throw_up.anim.json,BOTH_DIVERGED,UNIQUE_BUT_STALE,REGENERATE_FROM_CURRENT_PIPELINE,.json
content/fighters/vesper-nyx/animations/procedural/throw_victim_back.anim.json,ONLY_ON_106,UNIQUE_BUT_STALE,REGENERATE_FROM_CURRENT_PIPELINE,.json
content/fighters/vesper-nyx/animations/procedural/throw_victim_down.anim.json,ONLY_ON_106,UNIQUE_BUT_STALE,REGENERATE_FROM_CURRENT_PIPELINE,.json
content/fighters/vesper-nyx/animations/procedural/throw_victim_forward.anim.json,ONLY_ON_106,UNIQUE_BUT_STALE,REGENERATE_FROM_CURRENT_PIPELINE,.json
content/fighters/vesper-nyx/animations/procedural/throw_victim_up.anim.json,ONLY_ON_106,UNIQUE_BUT_STALE,REGENERATE_FROM_CURRENT_PIPELINE,.json
content/fighters/vesper-nyx/animations/procedural/tilt_down.anim.json,BOTH_DIVERGED,UNIQUE_BUT_STALE,REGENERATE_FROM_CURRENT_PIPELINE,.json
content/fighters/vesper-nyx/animations/procedural/tilt_forward.anim.json,BOTH_DIVERGED,UNIQUE_BUT_STALE,REGENERATE_FROM_CURRENT_PIPELINE,.json
content/fighters/vesper-nyx/animations/procedural/tilt_up.anim.json,BOTH_DIVERGED,UNIQUE_BUT_STALE,REGENERATE_FROM_CURRENT_PIPELINE,.json
content/fighters/vesper-nyx/animations/procedural/transition_idle_walk.anim.json,ONLY_ON_106,UNIQUE_BUT_STALE,REGENERATE_FROM_CURRENT_PIPELINE,.json
content/fighters/vesper-nyx/animations/procedural/transition_walk_run.anim.json,ONLY_ON_106,UNIQUE_BUT_STALE,REGENERATE_FROM_CURRENT_PIPELINE,.json
content/fighters/vesper-nyx/animations/procedural/tumble.anim.json,BOTH_DIVERGED,UNIQUE_BUT_STALE,REGENERATE_FROM_CURRENT_PIPELINE,.json
content/fighters/vesper-nyx/animations/procedural/turn.anim.json,BOTH_DIVERGED,UNIQUE_BUT_STALE,REGENERATE_FROM_CURRENT_PIPELINE,.json
content/fighters/vesper-nyx/animations/procedural/uncharged_release.anim.json,ONLY_ON_106,UNIQUE_BUT_STALE,REGENERATE_FROM_CURRENT_PIPELINE,.json
content/fighters/vesper-nyx/animations/procedural/victory.anim.json,BOTH_DIVERGED,UNIQUE_BUT_STALE,REGENERATE_FROM_CURRENT_PIPELINE,.json
content/fighters/vesper-nyx/animations/procedural/walk.anim.json,BOTH_DIVERGED,UNIQUE_BUT_STALE,REGENERATE_FROM_CURRENT_PIPELINE,.json
content/fighters/vesper-nyx/animations/procedural/walk_start.anim.json,ONLY_ON_106,UNIQUE_BUT_STALE,REGENERATE_FROM_CURRENT_PIPELINE,.json
content/fighters/vesper-nyx/animations/procedural/walk_stop.anim.json,ONLY_ON_106,UNIQUE_BUT_STALE,REGENERATE_FROM_CURRENT_PIPELINE,.json
content/production_manifest.json,BOTH_DIVERGED,UNIQUE_BUT_STALE,REFERENCE_ONLY,.json
content/provenance.json,BOTH_DIVERGED,UNIQUE_BUT_STALE,REFERENCE_ONLY,.json
content/runtime/move_animation_application_matrix.json,BOTH_DIVERGED,UNIQUE_BUT_STALE,REFERENCE_ONLY,.json
content/runtime/move_clip_alias_map.json,BOTH_DIVERGED,UNIQUE_BUT_STALE,REFERENCE_ONLY,.json
docs/animation/CONTACT_FRAME_GUIDE.md,ONLY_ON_106,UNIQUE_AND_REUSABLE,REFERENCE_ONLY,.md
docs/art/GENERATED_ART_V6_STYLE_LOCK.md,ONLY_ON_106,UNIQUE_BUT_STALE,REFERENCE_ONLY,.md
docs/art/GENERATED_ART_V7_GRAPHIC_HERO_POLISH.md,ONLY_ON_106,UNIQUE_BUT_STALE,REFERENCE_ONLY,.md
docs/art/GENERATED_ART_V8_RIGGED_COSTUME.md,ONLY_ON_106,UNIQUE_BUT_STALE,REFERENCE_ONLY,.md
docs/art/GENERATED_ART_V9_HERO_PROPORTIONS.md,ONLY_ON_106,UNIQUE_BUT_STALE,REFERENCE_ONLY,.md
docs/art/GENERATED_CHARACTER_MODELING_PIPELINE.md,ONLY_ON_106,UNIQUE_BUT_STALE,REFERENCE_ONLY,.md
game-godot/assets/audio/generated_production/fighters/ember-vale/charge.wav,ONLY_ON_106,UNIQUE_BUT_STALE,HUMAN_ART_REVIEW_REQUIRED,.wav
game-godot/assets/audio/generated_production/fighters/ember-vale/charge.wav.import,ONLY_ON_106,UNIQUE_BUT_STALE,HUMAN_ART_REVIEW_REQUIRED,.import
game-godot/assets/audio/generated_production/fighters/ember-vale/element.wav,ONLY_ON_106,UNIQUE_BUT_STALE,HUMAN_ART_REVIEW_REQUIRED,.wav
game-godot/assets/audio/generated_production/fighters/ember-vale/element.wav.import,ONLY_ON_106,UNIQUE_BUT_STALE,HUMAN_ART_REVIEW_REQUIRED,.import
game-godot/assets/audio/generated_production/fighters/ember-vale/hit.wav,ONLY_ON_106,UNIQUE_BUT_STALE,HUMAN_ART_REVIEW_REQUIRED,.wav
game-godot/assets/audio/generated_production/fighters/ember-vale/hit.wav.import,ONLY_ON_106,UNIQUE_BUT_STALE,HUMAN_ART_REVIEW_REQUIRED,.import
game-godot/assets/audio/generated_production/fighters/ember-vale/whoosh.wav,ONLY_ON_106,UNIQUE_BUT_STALE,HUMAN_ART_REVIEW_REQUIRED,.wav
game-godot/assets/audio/generated_production/fighters/ember-vale/whoosh.wav.import,ONLY_ON_106,UNIQUE_BUT_STALE,HUMAN_ART_REVIEW_REQUIRED,.import
game-godot/assets/audio/generated_production/fighters/juno-spark/charge.wav,ONLY_ON_106,UNIQUE_BUT_STALE,HUMAN_ART_REVIEW_REQUIRED,.wav
game-godot/assets/audio/generated_production/fighters/juno-spark/charge.wav.import,ONLY_ON_106,UNIQUE_BUT_STALE,HUMAN_ART_REVIEW_REQUIRED,.import
game-godot/assets/audio/generated_production/fighters/juno-spark/element.wav,ONLY_ON_106,UNIQUE_BUT_STALE,HUMAN_ART_REVIEW_REQUIRED,.wav
game-godot/assets/audio/generated_production/fighters/juno-spark/element.wav.import,ONLY_ON_106,UNIQUE_BUT_STALE,HUMAN_ART_REVIEW_REQUIRED,.import
game-godot/assets/audio/generated_production/fighters/juno-spark/hit.wav,ONLY_ON_106,UNIQUE_BUT_STALE,HUMAN_ART_REVIEW_REQUIRED,.wav
game-godot/assets/audio/generated_production/fighters/juno-spark/hit.wav.import,ONLY_ON_106,UNIQUE_BUT_STALE,HUMAN_ART_REVIEW_REQUIRED,.import
game-godot/assets/audio/generated_production/fighters/juno-spark/whoosh.wav,ONLY_ON_106,UNIQUE_BUT_STALE,HUMAN_ART_REVIEW_REQUIRED,.wav
game-godot/assets/audio/generated_production/fighters/juno-spark/whoosh.wav.import,ONLY_ON_106,UNIQUE_BUT_STALE,HUMAN_ART_REVIEW_REQUIRED,.import
game-godot/assets/audio/generated_production/fighters/kaia-windrow/charge.wav,ONLY_ON_106,UNIQUE_BUT_STALE,HUMAN_ART_REVIEW_REQUIRED,.wav
game-godot/assets/audio/generated_production/fighters/kaia-windrow/charge.wav.import,ONLY_ON_106,UNIQUE_BUT_STALE,HUMAN_ART_REVIEW_REQUIRED,.import
game-godot/assets/audio/generated_production/fighters/kaia-windrow/element.wav,ONLY_ON_106,UNIQUE_BUT_STALE,HUMAN_ART_REVIEW_REQUIRED,.wav
game-godot/assets/audio/generated_production/fighters/kaia-windrow/element.wav.import,ONLY_ON_106,UNIQUE_BUT_STALE,HUMAN_ART_REVIEW_REQUIRED,.import
game-godot/assets/audio/generated_production/fighters/kaia-windrow/hit.wav,ONLY_ON_106,UNIQUE_BUT_STALE,HUMAN_ART_REVIEW_REQUIRED,.wav
game-godot/assets/audio/generated_production/fighters/kaia-windrow/hit.wav.import,ONLY_ON_106,UNIQUE_BUT_STALE,HUMAN_ART_REVIEW_REQUIRED,.import
game-godot/assets/audio/generated_production/fighters/kaia-windrow/whoosh.wav,ONLY_ON_106,UNIQUE_BUT_STALE,HUMAN_ART_REVIEW_REQUIRED,.wav
game-godot/assets/audio/generated_production/fighters/kaia-windrow/whoosh.wav.import,ONLY_ON_106,UNIQUE_BUT_STALE,HUMAN_ART_REVIEW_REQUIRED,.import
game-godot/assets/audio/generated_production/fighters/nix-calder/charge.wav,ONLY_ON_106,UNIQUE_BUT_STALE,HUMAN_ART_REVIEW_REQUIRED,.wav
game-godot/assets/audio/generated_production/fighters/nix-calder/charge.wav.import,ONLY_ON_106,UNIQUE_BUT_STALE,HUMAN_ART_REVIEW_REQUIRED,.import
game-godot/assets/audio/generated_production/fighters/nix-calder/element.wav,ONLY_ON_106,UNIQUE_BUT_STALE,HUMAN_ART_REVIEW_REQUIRED,.wav
game-godot/assets/audio/generated_production/fighters/nix-calder/element.wav.import,ONLY_ON_106,UNIQUE_BUT_STALE,HUMAN_ART_REVIEW_REQUIRED,.import
game-godot/assets/audio/generated_production/fighters/nix-calder/hit.wav,ONLY_ON_106,UNIQUE_BUT_STALE,HUMAN_ART_REVIEW_REQUIRED,.wav
game-godot/assets/audio/generated_production/fighters/nix-calder/hit.wav.import,ONLY_ON_106,UNIQUE_BUT_STALE,HUMAN_ART_REVIEW_REQUIRED,.import
game-godot/assets/audio/generated_production/fighters/nix-calder/whoosh.wav,ONLY_ON_106,UNIQUE_BUT_STALE,HUMAN_ART_REVIEW_REQUIRED,.wav
game-godot/assets/audio/generated_production/fighters/nix-calder/whoosh.wav.import,ONLY_ON_106,UNIQUE_BUT_STALE,HUMAN_ART_REVIEW_REQUIRED,.import
game-godot/assets/audio/generated_production/fighters/orion-vell/charge.wav,ONLY_ON_106,UNIQUE_BUT_STALE,HUMAN_ART_REVIEW_REQUIRED,.wav
game-godot/assets/audio/generated_production/fighters/orion-vell/charge.wav.import,ONLY_ON_106,UNIQUE_BUT_STALE,HUMAN_ART_REVIEW_REQUIRED,.import
game-godot/assets/audio/generated_production/fighters/orion-vell/element.wav,ONLY_ON_106,UNIQUE_BUT_STALE,HUMAN_ART_REVIEW_REQUIRED,.wav
game-godot/assets/audio/generated_production/fighters/orion-vell/element.wav.import,ONLY_ON_106,UNIQUE_BUT_STALE,HUMAN_ART_REVIEW_REQUIRED,.import
game-godot/assets/audio/generated_production/fighters/orion-vell/hit.wav,ONLY_ON_106,UNIQUE_BUT_STALE,HUMAN_ART_REVIEW_REQUIRED,.wav
game-godot/assets/audio/generated_production/fighters/orion-vell/hit.wav.import,ONLY_ON_106,UNIQUE_BUT_STALE,HUMAN_ART_REVIEW_REQUIRED,.import
game-godot/assets/audio/generated_production/fighters/orion-vell/whoosh.wav,ONLY_ON_106,UNIQUE_BUT_STALE,HUMAN_ART_REVIEW_REQUIRED,.wav
game-godot/assets/audio/generated_production/fighters/orion-vell/whoosh.wav.import,ONLY_ON_106,UNIQUE_BUT_STALE,HUMAN_ART_REVIEW_REQUIRED,.import
game-godot/assets/audio/generated_production/fighters/rook-ironside/charge.wav,ONLY_ON_106,UNIQUE_BUT_STALE,HUMAN_ART_REVIEW_REQUIRED,.wav
game-godot/assets/audio/generated_production/fighters/rook-ironside/charge.wav.import,ONLY_ON_106,UNIQUE_BUT_STALE,HUMAN_ART_REVIEW_REQUIRED,.import
game-godot/assets/audio/generated_production/fighters/rook-ironside/element.wav,ONLY_ON_106,UNIQUE_BUT_STALE,HUMAN_ART_REVIEW_REQUIRED,.wav
game-godot/assets/audio/generated_production/fighters/rook-ironside/element.wav.import,ONLY_ON_106,UNIQUE_BUT_STALE,HUMAN_ART_REVIEW_REQUIRED,.import
game-godot/assets/audio/generated_production/fighters/rook-ironside/hit.wav,ONLY_ON_106,UNIQUE_BUT_STALE,HUMAN_ART_REVIEW_REQUIRED,.wav
game-godot/assets/audio/generated_production/fighters/rook-ironside/hit.wav.import,ONLY_ON_106,UNIQUE_BUT_STALE,HUMAN_ART_REVIEW_REQUIRED,.import
game-godot/assets/audio/generated_production/fighters/rook-ironside/whoosh.wav,ONLY_ON_106,UNIQUE_BUT_STALE,HUMAN_ART_REVIEW_REQUIRED,.wav
game-godot/assets/audio/generated_production/fighters/rook-ironside/whoosh.wav.import,ONLY_ON_106,UNIQUE_BUT_STALE,HUMAN_ART_REVIEW_REQUIRED,.import
game-godot/assets/audio/generated_production/fighters/vesper-nyx/charge.wav,ONLY_ON_106,UNIQUE_BUT_STALE,HUMAN_ART_REVIEW_REQUIRED,.wav
game-godot/assets/audio/generated_production/fighters/vesper-nyx/charge.wav.import,ONLY_ON_106,UNIQUE_BUT_STALE,HUMAN_ART_REVIEW_REQUIRED,.import
game-godot/assets/audio/generated_production/fighters/vesper-nyx/element.wav,ONLY_ON_106,UNIQUE_BUT_STALE,HUMAN_ART_REVIEW_REQUIRED,.wav
game-godot/assets/audio/generated_production/fighters/vesper-nyx/element.wav.import,ONLY_ON_106,UNIQUE_BUT_STALE,HUMAN_ART_REVIEW_REQUIRED,.import
game-godot/assets/audio/generated_production/fighters/vesper-nyx/hit.wav,ONLY_ON_106,UNIQUE_BUT_STALE,HUMAN_ART_REVIEW_REQUIRED,.wav
game-godot/assets/audio/generated_production/fighters/vesper-nyx/hit.wav.import,ONLY_ON_106,UNIQUE_BUT_STALE,HUMAN_ART_REVIEW_REQUIRED,.import
game-godot/assets/audio/generated_production/fighters/vesper-nyx/whoosh.wav,ONLY_ON_106,UNIQUE_BUT_STALE,HUMAN_ART_REVIEW_REQUIRED,.wav
game-godot/assets/audio/generated_production/fighters/vesper-nyx/whoosh.wav.import,ONLY_ON_106,UNIQUE_BUT_STALE,HUMAN_ART_REVIEW_REQUIRED,.import
game-godot/assets/audio/generated_production/shared/charge_full.wav,ONLY_ON_106,UNIQUE_BUT_STALE,HUMAN_ART_REVIEW_REQUIRED,.wav
game-godot/assets/audio/generated_production/shared/charge_full.wav.import,ONLY_ON_106,UNIQUE_BUT_STALE,HUMAN_ART_REVIEW_REQUIRED,.import
game-godot/assets/audio/generated_production/shared/charge_high.wav,ONLY_ON_106,UNIQUE_BUT_STALE,HUMAN_ART_REVIEW_REQUIRED,.wav
game-godot/assets/audio/generated_production/shared/charge_high.wav.import,ONLY_ON_106,UNIQUE_BUT_STALE,HUMAN_ART_REVIEW_REQUIRED,.import
game-godot/assets/audio/generated_production/shared/charge_low.wav,ONLY_ON_106,UNIQUE_BUT_STALE,HUMAN_ART_REVIEW_REQUIRED,.wav
game-godot/assets/audio/generated_production/shared/charge_low.wav.import,ONLY_ON_106,UNIQUE_BUT_STALE,HUMAN_ART_REVIEW_REQUIRED,.import
game-godot/assets/audio/generated_production/shared/charge_mid.wav,ONLY_ON_106,UNIQUE_BUT_STALE,HUMAN_ART_REVIEW_REQUIRED,.wav
game-godot/assets/audio/generated_production/shared/charge_mid.wav.import,ONLY_ON_106,UNIQUE_BUT_STALE,HUMAN_ART_REVIEW_REQUIRED,.import
game-godot/assets/audio/generated_production/shared/clash_bed.wav,ONLY_ON_106,UNIQUE_BUT_STALE,HUMAN_ART_REVIEW_REQUIRED,.wav
game-godot/assets/audio/generated_production/shared/clash_bed.wav.import,ONLY_ON_106,UNIQUE_BUT_STALE,HUMAN_ART_REVIEW_REQUIRED,.import
game-godot/assets/audio/generated_production/shared/clash_resolution.wav,ONLY_ON_106,UNIQUE_BUT_STALE,HUMAN_ART_REVIEW_REQUIRED,.wav
game-godot/assets/audio/generated_production/shared/clash_resolution.wav.import,ONLY_ON_106,UNIQUE_BUT_STALE,HUMAN_ART_REVIEW_REQUIRED,.import
game-godot/assets/audio/generated_production/shared/hit_aura.wav,ONLY_ON_106,UNIQUE_BUT_STALE,HUMAN_ART_REVIEW_REQUIRED,.wav
game-godot/assets/audio/generated_production/shared/hit_aura.wav.import,ONLY_ON_106,UNIQUE_BUT_STALE,HUMAN_ART_REVIEW_REQUIRED,.import
game-godot/assets/audio/generated_production/shared/hit_heavy.wav,ONLY_ON_106,UNIQUE_BUT_STALE,HUMAN_ART_REVIEW_REQUIRED,.wav
game-godot/assets/audio/generated_production/shared/hit_heavy.wav.import,ONLY_ON_106,UNIQUE_BUT_STALE,HUMAN_ART_REVIEW_REQUIRED,.import
game-godot/assets/audio/generated_production/shared/hit_light.wav,ONLY_ON_106,UNIQUE_BUT_STALE,HUMAN_ART_REVIEW_REQUIRED,.wav
game-godot/assets/audio/generated_production/shared/hit_light.wav.import,ONLY_ON_106,UNIQUE_BUT_STALE,HUMAN_ART_REVIEW_REQUIRED,.import
game-godot/assets/audio/generated_production/shared/hit_medium.wav,ONLY_ON_106,UNIQUE_BUT_STALE,HUMAN_ART_REVIEW_REQUIRED,.wav
game-godot/assets/audio/generated_production/shared/hit_medium.wav.import,ONLY_ON_106,UNIQUE_BUT_STALE,HUMAN_ART_REVIEW_REQUIRED,.import
game-godot/assets/audio/generated_production/shared/ko.wav,ONLY_ON_106,UNIQUE_BUT_STALE,HUMAN_ART_REVIEW_REQUIRED,.wav
game-godot/assets/audio/generated_production/shared/ko.wav.import,ONLY_ON_106,UNIQUE_BUT_STALE,HUMAN_ART_REVIEW_REQUIRED,.import
game-godot/assets/audio/generated_production/shared/manifest.json,ONLY_ON_106,UNIQUE_BUT_STALE,HUMAN_ART_REVIEW_REQUIRED,.json
game-godot/assets/audio/generated_production/shared/super.wav,ONLY_ON_106,UNIQUE_BUT_STALE,HUMAN_ART_REVIEW_REQUIRED,.wav
game-godot/assets/audio/generated_production/shared/super.wav.import,ONLY_ON_106,UNIQUE_BUT_STALE,HUMAN_ART_REVIEW_REQUIRED,.import
game-godot/assets/audio/generated_production/shared/whoosh.wav,ONLY_ON_106,UNIQUE_BUT_STALE,HUMAN_ART_REVIEW_REQUIRED,.wav
game-godot/assets/audio/generated_production/shared/whoosh.wav.import,ONLY_ON_106,UNIQUE_BUT_STALE,HUMAN_ART_REVIEW_REQUIRED,.import
game-godot/assets/audio/procedural/impact/flame_aura.wav,ONLY_ON_106,UNIQUE_BUT_STALE,REGENERATE_FROM_CURRENT_PIPELINE,.wav
game-godot/assets/audio/procedural/impact/flame_aura.wav.import,ONLY_ON_106,UNIQUE_BUT_STALE,REGENERATE_FROM_CURRENT_PIPELINE,.import
game-godot/assets/audio/procedural/impact/flame_heavy.wav,ONLY_ON_106,UNIQUE_BUT_STALE,REGENERATE_FROM_CURRENT_PIPELINE,.wav
game-godot/assets/audio/procedural/impact/flame_heavy.wav.import,ONLY_ON_106,UNIQUE_BUT_STALE,REGENERATE_FROM_CURRENT_PIPELINE,.import
game-godot/assets/audio/procedural/impact/flame_ko.wav,ONLY_ON_106,UNIQUE_BUT_STALE,REGENERATE_FROM_CURRENT_PIPELINE,.wav
game-godot/assets/audio/procedural/impact/flame_ko.wav.import,ONLY_ON_106,UNIQUE_BUT_STALE,REGENERATE_FROM_CURRENT_PIPELINE,.import
game-godot/assets/audio/procedural/impact/flame_light.wav,ONLY_ON_106,UNIQUE_BUT_STALE,REGENERATE_FROM_CURRENT_PIPELINE,.wav
game-godot/assets/audio/procedural/impact/flame_light.wav.import,ONLY_ON_106,UNIQUE_BUT_STALE,REGENERATE_FROM_CURRENT_PIPELINE,.import
game-godot/assets/audio/procedural/impact/flame_medium.wav,ONLY_ON_106,UNIQUE_BUT_STALE,REGENERATE_FROM_CURRENT_PIPELINE,.wav
game-godot/assets/audio/procedural/impact/flame_medium.wav.import,ONLY_ON_106,UNIQUE_BUT_STALE,REGENERATE_FROM_CURRENT_PIPELINE,.import
game-godot/assets/audio/procedural/impact/flame_super.wav,ONLY_ON_106,UNIQUE_BUT_STALE,REGENERATE_FROM_CURRENT_PIPELINE,.wav
game-godot/assets/audio/procedural/impact/flame_super.wav.import,ONLY_ON_106,UNIQUE_BUT_STALE,REGENERATE_FROM_CURRENT_PIPELINE,.import
game-godot/assets/audio/procedural/impact/frost_aura.wav,ONLY_ON_106,UNIQUE_BUT_STALE,REGENERATE_FROM_CURRENT_PIPELINE,.wav
game-godot/assets/audio/procedural/impact/frost_aura.wav.import,ONLY_ON_106,UNIQUE_BUT_STALE,REGENERATE_FROM_CURRENT_PIPELINE,.import
game-godot/assets/audio/procedural/impact/frost_heavy.wav,ONLY_ON_106,UNIQUE_BUT_STALE,REGENERATE_FROM_CURRENT_PIPELINE,.wav
game-godot/assets/audio/procedural/impact/frost_heavy.wav.import,ONLY_ON_106,UNIQUE_BUT_STALE,REGENERATE_FROM_CURRENT_PIPELINE,.import
game-godot/assets/audio/procedural/impact/frost_ko.wav,ONLY_ON_106,UNIQUE_BUT_STALE,REGENERATE_FROM_CURRENT_PIPELINE,.wav
game-godot/assets/audio/procedural/impact/frost_ko.wav.import,ONLY_ON_106,UNIQUE_BUT_STALE,REGENERATE_FROM_CURRENT_PIPELINE,.import
game-godot/assets/audio/procedural/impact/frost_light.wav,ONLY_ON_106,UNIQUE_BUT_STALE,REGENERATE_FROM_CURRENT_PIPELINE,.wav
game-godot/assets/audio/procedural/impact/frost_light.wav.import,ONLY_ON_106,UNIQUE_BUT_STALE,REGENERATE_FROM_CURRENT_PIPELINE,.import
game-godot/assets/audio/procedural/impact/frost_medium.wav,ONLY_ON_106,UNIQUE_BUT_STALE,REGENERATE_FROM_CURRENT_PIPELINE,.wav
game-godot/assets/audio/procedural/impact/frost_medium.wav.import,ONLY_ON_106,UNIQUE_BUT_STALE,REGENERATE_FROM_CURRENT_PIPELINE,.import
game-godot/assets/audio/procedural/impact/frost_super.wav,ONLY_ON_106,UNIQUE_BUT_STALE,REGENERATE_FROM_CURRENT_PIPELINE,.wav
game-godot/assets/audio/procedural/impact/frost_super.wav.import,ONLY_ON_106,UNIQUE_BUT_STALE,REGENERATE_FROM_CURRENT_PIPELINE,.import
game-godot/assets/audio/procedural/impact/gale_aura.wav,ONLY_ON_106,UNIQUE_BUT_STALE,REGENERATE_FROM_CURRENT_PIPELINE,.wav
game-godot/assets/audio/procedural/impact/gale_aura.wav.import,ONLY_ON_106,UNIQUE_BUT_STALE,REGENERATE_FROM_CURRENT_PIPELINE,.import
game-godot/assets/audio/procedural/impact/gale_heavy.wav,ONLY_ON_106,UNIQUE_BUT_STALE,REGENERATE_FROM_CURRENT_PIPELINE,.wav
game-godot/assets/audio/procedural/impact/gale_heavy.wav.import,ONLY_ON_106,UNIQUE_BUT_STALE,REGENERATE_FROM_CURRENT_PIPELINE,.import
game-godot/assets/audio/procedural/impact/gale_ko.wav,ONLY_ON_106,UNIQUE_BUT_STALE,REGENERATE_FROM_CURRENT_PIPELINE,.wav
game-godot/assets/audio/procedural/impact/gale_ko.wav.import,ONLY_ON_106,UNIQUE_BUT_STALE,REGENERATE_FROM_CURRENT_PIPELINE,.import
game-godot/assets/audio/procedural/impact/gale_light.wav,ONLY_ON_106,UNIQUE_BUT_STALE,REGENERATE_FROM_CURRENT_PIPELINE,.wav
game-godot/assets/audio/procedural/impact/gale_light.wav.import,ONLY_ON_106,UNIQUE_BUT_STALE,REGENERATE_FROM_CURRENT_PIPELINE,.import
game-godot/assets/audio/procedural/impact/gale_medium.wav,ONLY_ON_106,UNIQUE_BUT_STALE,REGENERATE_FROM_CURRENT_PIPELINE,.wav
game-godot/assets/audio/procedural/impact/gale_medium.wav.import,ONLY_ON_106,UNIQUE_BUT_STALE,REGENERATE_FROM_CURRENT_PIPELINE,.import
game-godot/assets/audio/procedural/impact/gale_super.wav,ONLY_ON_106,UNIQUE_BUT_STALE,REGENERATE_FROM_CURRENT_PIPELINE,.wav
game-godot/assets/audio/procedural/impact/gale_super.wav.import,ONLY_ON_106,UNIQUE_BUT_STALE,REGENERATE_FROM_CURRENT_PIPELINE,.import
game-godot/assets/audio/procedural/impact/gravity_aura.wav,ONLY_ON_106,UNIQUE_BUT_STALE,REGENERATE_FROM_CURRENT_PIPELINE,.wav
game-godot/assets/audio/procedural/impact/gravity_aura.wav.import,ONLY_ON_106,UNIQUE_BUT_STALE,REGENERATE_FROM_CURRENT_PIPELINE,.import
game-godot/assets/audio/procedural/impact/gravity_heavy.wav,ONLY_ON_106,UNIQUE_BUT_STALE,REGENERATE_FROM_CURRENT_PIPELINE,.wav
game-godot/assets/audio/procedural/impact/gravity_heavy.wav.import,ONLY_ON_106,UNIQUE_BUT_STALE,REGENERATE_FROM_CURRENT_PIPELINE,.import
game-godot/assets/audio/procedural/impact/gravity_ko.wav,ONLY_ON_106,UNIQUE_BUT_STALE,REGENERATE_FROM_CURRENT_PIPELINE,.wav
game-godot/assets/audio/procedural/impact/gravity_ko.wav.import,ONLY_ON_106,UNIQUE_BUT_STALE,REGENERATE_FROM_CURRENT_PIPELINE,.import
game-godot/assets/audio/procedural/impact/gravity_light.wav,ONLY_ON_106,UNIQUE_BUT_STALE,REGENERATE_FROM_CURRENT_PIPELINE,.wav
game-godot/assets/audio/procedural/impact/gravity_light.wav.import,ONLY_ON_106,UNIQUE_BUT_STALE,REGENERATE_FROM_CURRENT_PIPELINE,.import
game-godot/assets/audio/procedural/impact/gravity_medium.wav,ONLY_ON_106,UNIQUE_BUT_STALE,REGENERATE_FROM_CURRENT_PIPELINE,.wav
game-godot/assets/audio/procedural/impact/gravity_medium.wav.import,ONLY_ON_106,UNIQUE_BUT_STALE,REGENERATE_FROM_CURRENT_PIPELINE,.import
game-godot/assets/audio/procedural/impact/gravity_super.wav,ONLY_ON_106,UNIQUE_BUT_STALE,REGENERATE_FROM_CURRENT_PIPELINE,.wav
game-godot/assets/audio/procedural/impact/gravity_super.wav.import,ONLY_ON_106,UNIQUE_BUT_STALE,REGENERATE_FROM_CURRENT_PIPELINE,.import
game-godot/assets/audio/procedural/impact/impact_aura.wav,ONLY_ON_106,UNIQUE_BUT_STALE,REGENERATE_FROM_CURRENT_PIPELINE,.wav
game-godot/assets/audio/procedural/impact/impact_aura.wav.import,ONLY_ON_106,UNIQUE_BUT_STALE,REGENERATE_FROM_CURRENT_PIPELINE,.import
game-godot/assets/audio/procedural/impact/impact_heavy.wav,ONLY_ON_106,UNIQUE_BUT_STALE,REGENERATE_FROM_CURRENT_PIPELINE,.wav
game-godot/assets/audio/procedural/impact/impact_heavy.wav.import,ONLY_ON_106,UNIQUE_BUT_STALE,REGENERATE_FROM_CURRENT_PIPELINE,.import
game-godot/assets/audio/procedural/impact/impact_ko.wav,ONLY_ON_106,UNIQUE_BUT_STALE,REGENERATE_FROM_CURRENT_PIPELINE,.wav
game-godot/assets/audio/procedural/impact/impact_ko.wav.import,ONLY_ON_106,UNIQUE_BUT_STALE,REGENERATE_FROM_CURRENT_PIPELINE,.import
game-godot/assets/audio/procedural/impact/impact_light.wav,ONLY_ON_106,UNIQUE_BUT_STALE,REGENERATE_FROM_CURRENT_PIPELINE,.wav
game-godot/assets/audio/procedural/impact/impact_light.wav.import,ONLY_ON_106,UNIQUE_BUT_STALE,REGENERATE_FROM_CURRENT_PIPELINE,.import
game-godot/assets/audio/procedural/impact/impact_medium.wav,ONLY_ON_106,UNIQUE_BUT_STALE,REGENERATE_FROM_CURRENT_PIPELINE,.wav
game-godot/assets/audio/procedural/impact/impact_medium.wav.import,ONLY_ON_106,UNIQUE_BUT_STALE,REGENERATE_FROM_CURRENT_PIPELINE,.import
game-godot/assets/audio/procedural/impact/impact_super.wav,ONLY_ON_106,UNIQUE_BUT_STALE,REGENERATE_FROM_CURRENT_PIPELINE,.wav
game-godot/assets/audio/procedural/impact/impact_super.wav.import,ONLY_ON_106,UNIQUE_BUT_STALE,REGENERATE_FROM_CURRENT_PIPELINE,.import
game-godot/assets/audio/procedural/impact/void_aura.wav,ONLY_ON_106,UNIQUE_BUT_STALE,REGENERATE_FROM_CURRENT_PIPELINE,.wav
game-godot/assets/audio/procedural/impact/void_aura.wav.import,ONLY_ON_106,UNIQUE_BUT_STALE,REGENERATE_FROM_CURRENT_PIPELINE,.import
game-godot/assets/audio/procedural/impact/void_heavy.wav,ONLY_ON_106,UNIQUE_BUT_STALE,REGENERATE_FROM_CURRENT_PIPELINE,.wav
game-godot/assets/audio/procedural/impact/void_heavy.wav.import,ONLY_ON_106,UNIQUE_BUT_STALE,REGENERATE_FROM_CURRENT_PIPELINE,.import
game-godot/assets/audio/procedural/impact/void_ko.wav,ONLY_ON_106,UNIQUE_BUT_STALE,REGENERATE_FROM_CURRENT_PIPELINE,.wav
game-godot/assets/audio/procedural/impact/void_ko.wav.import,ONLY_ON_106,UNIQUE_BUT_STALE,REGENERATE_FROM_CURRENT_PIPELINE,.import
game-godot/assets/audio/procedural/impact/void_light.wav,ONLY_ON_106,UNIQUE_BUT_STALE,REGENERATE_FROM_CURRENT_PIPELINE,.wav
game-godot/assets/audio/procedural/impact/void_light.wav.import,ONLY_ON_106,UNIQUE_BUT_STALE,REGENERATE_FROM_CURRENT_PIPELINE,.import
game-godot/assets/audio/procedural/impact/void_medium.wav,ONLY_ON_106,UNIQUE_BUT_STALE,REGENERATE_FROM_CURRENT_PIPELINE,.wav
game-godot/assets/audio/procedural/impact/void_medium.wav.import,ONLY_ON_106,UNIQUE_BUT_STALE,REGENERATE_FROM_CURRENT_PIPELINE,.import
game-godot/assets/audio/procedural/impact/void_super.wav,ONLY_ON_106,UNIQUE_BUT_STALE,REGENERATE_FROM_CURRENT_PIPELINE,.wav
game-godot/assets/audio/procedural/impact/void_super.wav.import,ONLY_ON_106,UNIQUE_BUT_STALE,REGENERATE_FROM_CURRENT_PIPELINE,.import
game-godot/assets/audio/procedural/impact/volt_aura.wav,ONLY_ON_106,UNIQUE_BUT_STALE,REGENERATE_FROM_CURRENT_PIPELINE,.wav
game-godot/assets/audio/procedural/impact/volt_aura.wav.import,ONLY_ON_106,UNIQUE_BUT_STALE,REGENERATE_FROM_CURRENT_PIPELINE,.import
game-godot/assets/audio/procedural/impact/volt_heavy.wav,ONLY_ON_106,UNIQUE_BUT_STALE,REGENERATE_FROM_CURRENT_PIPELINE,.wav
game-godot/assets/audio/procedural/impact/volt_heavy.wav.import,ONLY_ON_106,UNIQUE_BUT_STALE,REGENERATE_FROM_CURRENT_PIPELINE,.import
game-godot/assets/audio/procedural/impact/volt_ko.wav,ONLY_ON_106,UNIQUE_BUT_STALE,REGENERATE_FROM_CURRENT_PIPELINE,.wav
game-godot/assets/audio/procedural/impact/volt_ko.wav.import,ONLY_ON_106,UNIQUE_BUT_STALE,REGENERATE_FROM_CURRENT_PIPELINE,.import
game-godot/assets/audio/procedural/impact/volt_light.wav,ONLY_ON_106,UNIQUE_BUT_STALE,REGENERATE_FROM_CURRENT_PIPELINE,.wav
game-godot/assets/audio/procedural/impact/volt_light.wav.import,ONLY_ON_106,UNIQUE_BUT_STALE,REGENERATE_FROM_CURRENT_PIPELINE,.import
game-godot/assets/audio/procedural/impact/volt_medium.wav,ONLY_ON_106,UNIQUE_BUT_STALE,REGENERATE_FROM_CURRENT_PIPELINE,.wav
game-godot/assets/audio/procedural/impact/volt_medium.wav.import,ONLY_ON_106,UNIQUE_BUT_STALE,REGENERATE_FROM_CURRENT_PIPELINE,.import
game-godot/assets/audio/procedural/impact/volt_super.wav,ONLY_ON_106,UNIQUE_BUT_STALE,REGENERATE_FROM_CURRENT_PIPELINE,.wav
game-godot/assets/audio/procedural/impact/volt_super.wav.import,ONLY_ON_106,UNIQUE_BUT_STALE,REGENERATE_FROM_CURRENT_PIPELINE,.import
game-godot/assets/characters/authored/ember-vale/pipeline_proof.glb,ONLY_ON_106,UNIQUE_BUT_STALE,PROMOTE_TO_CURRENT_RUNTIME,.glb
game-godot/assets/characters/authored/juno-spark/pipeline_proof.glb,ONLY_ON_106,UNIQUE_BUT_STALE,PROMOTE_TO_CURRENT_RUNTIME,.glb
game-godot/assets/characters/authored/kaia-windrow/pipeline_proof.glb,ONLY_ON_106,UNIQUE_BUT_STALE,PROMOTE_TO_CURRENT_RUNTIME,.glb
game-godot/assets/characters/authored/nix-calder/pipeline_proof.glb,ONLY_ON_106,UNIQUE_BUT_STALE,PROMOTE_TO_CURRENT_RUNTIME,.glb
game-godot/assets/characters/authored/orion-vell/pipeline_proof.glb,ONLY_ON_106,UNIQUE_BUT_STALE,PROMOTE_TO_CURRENT_RUNTIME,.glb
game-godot/assets/characters/authored/rook-ironside/pipeline_proof.glb,ONLY_ON_106,UNIQUE_BUT_STALE,PROMOTE_TO_CURRENT_RUNTIME,.glb
game-godot/assets/characters/authored/vesper-nyx/pipeline_proof.glb,ONLY_ON_106,UNIQUE_BUT_STALE,PROMOTE_TO_CURRENT_RUNTIME,.glb
game-godot/content/fighters/ember-vale/animations/generated_production/aerial_back.anim.json,ONLY_ON_106,UNIQUE_BUT_STALE,REGENERATE_FROM_CURRENT_PIPELINE,.json
game-godot/content/fighters/ember-vale/animations/generated_production/aerial_down.anim.json,ONLY_ON_106,UNIQUE_BUT_STALE,REGENERATE_FROM_CURRENT_PIPELINE,.json
game-godot/content/fighters/ember-vale/animations/generated_production/aerial_forward.anim.json,ONLY_ON_106,UNIQUE_BUT_STALE,REGENERATE_FROM_CURRENT_PIPELINE,.json
game-godot/content/fighters/ember-vale/animations/generated_production/aerial_neutral.anim.json,ONLY_ON_106,UNIQUE_BUT_STALE,REGENERATE_FROM_CURRENT_PIPELINE,.json
game-godot/content/fighters/ember-vale/animations/generated_production/aerial_up.anim.json,ONLY_ON_106,UNIQUE_BUT_STALE,REGENERATE_FROM_CURRENT_PIPELINE,.json
game-godot/content/fighters/ember-vale/animations/generated_production/air_dodge.anim.json,ONLY_ON_106,UNIQUE_BUT_STALE,REGENERATE_FROM_CURRENT_PIPELINE,.json
game-godot/content/fighters/ember-vale/animations/generated_production/air_drift.anim.json,ONLY_ON_106,UNIQUE_BUT_STALE,REGENERATE_FROM_CURRENT_PIPELINE,.json
game-godot/content/fighters/ember-vale/animations/generated_production/aura_burst_super_pose.anim.json,ONLY_ON_106,UNIQUE_BUT_STALE,REGENERATE_FROM_CURRENT_PIPELINE,.json
game-godot/content/fighters/ember-vale/animations/generated_production/aura_charge.anim.json,ONLY_ON_106,UNIQUE_BUT_STALE,REGENERATE_FROM_CURRENT_PIPELINE,.json
game-godot/content/fighters/ember-vale/animations/generated_production/aura_release.anim.json,ONLY_ON_106,UNIQUE_BUT_STALE,REGENERATE_FROM_CURRENT_PIPELINE,.json
game-godot/content/fighters/ember-vale/animations/generated_production/aura_signature.anim.json,ONLY_ON_106,UNIQUE_BUT_STALE,REGENERATE_FROM_CURRENT_PIPELINE,.json
game-godot/content/fighters/ember-vale/animations/generated_production/charge_full.anim.json,ONLY_ON_106,UNIQUE_BUT_STALE,REGENERATE_FROM_CURRENT_PIPELINE,.json
game-godot/content/fighters/ember-vale/animations/generated_production/charge_high.anim.json,ONLY_ON_106,UNIQUE_BUT_STALE,REGENERATE_FROM_CURRENT_PIPELINE,.json
game-godot/content/fighters/ember-vale/animations/generated_production/charge_low.anim.json,ONLY_ON_106,UNIQUE_BUT_STALE,REGENERATE_FROM_CURRENT_PIPELINE,.json
game-godot/content/fighters/ember-vale/animations/generated_production/charge_mid.anim.json,ONLY_ON_106,UNIQUE_BUT_STALE,REGENERATE_FROM_CURRENT_PIPELINE,.json
game-godot/content/fighters/ember-vale/animations/generated_production/charge_release.anim.json,ONLY_ON_106,UNIQUE_BUT_STALE,REGENERATE_FROM_CURRENT_PIPELINE,.json
game-godot/content/fighters/ember-vale/animations/generated_production/charge_start.anim.json,ONLY_ON_106,UNIQUE_BUT_STALE,REGENERATE_FROM_CURRENT_PIPELINE,.json
game-godot/content/fighters/ember-vale/animations/generated_production/charged_dash.anim.json,ONLY_ON_106,UNIQUE_BUT_STALE,REGENERATE_FROM_CURRENT_PIPELINE,.json
game-godot/content/fighters/ember-vale/animations/generated_production/charged_fall.anim.json,ONLY_ON_106,UNIQUE_BUT_STALE,REGENERATE_FROM_CURRENT_PIPELINE,.json
game-godot/content/fighters/ember-vale/animations/generated_production/charged_idle.anim.json,ONLY_ON_106,UNIQUE_BUT_STALE,REGENERATE_FROM_CURRENT_PIPELINE,.json
game-godot/content/fighters/ember-vale/animations/generated_production/charged_jump.anim.json,ONLY_ON_106,UNIQUE_BUT_STALE,REGENERATE_FROM_CURRENT_PIPELINE,.json
game-godot/content/fighters/ember-vale/animations/generated_production/charged_land.anim.json,ONLY_ON_106,UNIQUE_BUT_STALE,REGENERATE_FROM_CURRENT_PIPELINE,.json
game-godot/content/fighters/ember-vale/animations/generated_production/charged_run.anim.json,ONLY_ON_106,UNIQUE_BUT_STALE,REGENERATE_FROM_CURRENT_PIPELINE,.json
game-godot/content/fighters/ember-vale/animations/generated_production/charged_walk.anim.json,ONLY_ON_106,UNIQUE_BUT_STALE,REGENERATE_FROM_CURRENT_PIPELINE,.json
game-godot/content/fighters/ember-vale/animations/generated_production/clash_break.anim.json,ONLY_ON_106,UNIQUE_BUT_STALE,REGENERATE_FROM_CURRENT_PIPELINE,.json
game-godot/content/fighters/ember-vale/animations/generated_production/clash_lock.anim.json,ONLY_ON_106,UNIQUE_BUT_STALE,REGENERATE_FROM_CURRENT_PIPELINE,.json
game-godot/content/fighters/ember-vale/animations/generated_production/clash_losing.anim.json,ONLY_ON_106,UNIQUE_BUT_STALE,REGENERATE_FROM_CURRENT_PIPELINE,.json
game-godot/content/fighters/ember-vale/animations/generated_production/clash_push.anim.json,ONLY_ON_106,UNIQUE_BUT_STALE,REGENERATE_FROM_CURRENT_PIPELINE,.json
game-godot/content/fighters/ember-vale/animations/generated_production/clash_start.anim.json,ONLY_ON_106,UNIQUE_BUT_STALE,REGENERATE_FROM_CURRENT_PIPELINE,.json
game-godot/content/fighters/ember-vale/animations/generated_production/clash_winning.anim.json,ONLY_ON_106,UNIQUE_BUT_STALE,REGENERATE_FROM_CURRENT_PIPELINE,.json
game-godot/content/fighters/ember-vale/animations/generated_production/crouch.anim.json,ONLY_ON_106,UNIQUE_BUT_STALE,REGENERATE_FROM_CURRENT_PIPELINE,.json
game-godot/content/fighters/ember-vale/animations/generated_production/dash.anim.json,ONLY_ON_106,UNIQUE_BUT_STALE,REGENERATE_FROM_CURRENT_PIPELINE,.json
game-godot/content/fighters/ember-vale/animations/generated_production/dash_stop.anim.json,ONLY_ON_106,UNIQUE_BUT_STALE,REGENERATE_FROM_CURRENT_PIPELINE,.json
game-godot/content/fighters/ember-vale/animations/generated_production/defeat.anim.json,ONLY_ON_106,UNIQUE_BUT_STALE,REGENERATE_FROM_CURRENT_PIPELINE,.json
game-godot/content/fighters/ember-vale/animations/generated_production/dodge.anim.json,ONLY_ON_106,UNIQUE_BUT_STALE,REGENERATE_FROM_CURRENT_PIPELINE,.json
game-godot/content/fighters/ember-vale/animations/generated_production/double_jump.anim.json,ONLY_ON_106,UNIQUE_BUT_STALE,REGENERATE_FROM_CURRENT_PIPELINE,.json
game-godot/content/fighters/ember-vale/animations/generated_production/fall.anim.json,ONLY_ON_106,UNIQUE_BUT_STALE,REGENERATE_FROM_CURRENT_PIPELINE,.json
game-godot/content/fighters/ember-vale/animations/generated_production/fast_fall.anim.json,ONLY_ON_106,UNIQUE_BUT_STALE,REGENERATE_FROM_CURRENT_PIPELINE,.json
game-godot/content/fighters/ember-vale/animations/generated_production/grab.anim.json,ONLY_ON_106,UNIQUE_BUT_STALE,REGENERATE_FROM_CURRENT_PIPELINE,.json
game-godot/content/fighters/ember-vale/animations/generated_production/grabbed_hold.anim.json,ONLY_ON_106,UNIQUE_BUT_STALE,REGENERATE_FROM_CURRENT_PIPELINE,.json
game-godot/content/fighters/ember-vale/animations/generated_production/ground_bounce.anim.json,ONLY_ON_106,UNIQUE_BUT_STALE,REGENERATE_FROM_CURRENT_PIPELINE,.json
game-godot/content/fighters/ember-vale/animations/generated_production/heavy.anim.json,ONLY_ON_106,UNIQUE_BUT_STALE,REGENERATE_FROM_CURRENT_PIPELINE,.json
game-godot/content/fighters/ember-vale/animations/generated_production/hurt.anim.json,ONLY_ON_106,UNIQUE_BUT_STALE,REGENERATE_FROM_CURRENT_PIPELINE,.json
game-godot/content/fighters/ember-vale/animations/generated_production/hurt_crumple.anim.json,ONLY_ON_106,UNIQUE_BUT_STALE,REGENERATE_FROM_CURRENT_PIPELINE,.json
game-godot/content/fighters/ember-vale/animations/generated_production/hurt_flinch.anim.json,ONLY_ON_106,UNIQUE_BUT_STALE,REGENERATE_FROM_CURRENT_PIPELINE,.json
game-godot/content/fighters/ember-vale/animations/generated_production/hurt_heavy.anim.json,ONLY_ON_106,UNIQUE_BUT_STALE,REGENERATE_FROM_CURRENT_PIPELINE,.json
game-godot/content/fighters/ember-vale/animations/generated_production/hurt_heavy_back.anim.json,ONLY_ON_106,UNIQUE_BUT_STALE,REGENERATE_FROM_CURRENT_PIPELINE,.json
game-godot/content/fighters/ember-vale/animations/generated_production/hurt_heavy_front.anim.json,ONLY_ON_106,UNIQUE_BUT_STALE,REGENERATE_FROM_CURRENT_PIPELINE,.json
game-godot/content/fighters/ember-vale/animations/generated_production/hurt_launch_diagonal.anim.json,ONLY_ON_106,UNIQUE_BUT_STALE,REGENERATE_FROM_CURRENT_PIPELINE,.json
game-godot/content/fighters/ember-vale/animations/generated_production/hurt_launch_horizontal.anim.json,ONLY_ON_106,UNIQUE_BUT_STALE,REGENERATE_FROM_CURRENT_PIPELINE,.json
game-godot/content/fighters/ember-vale/animations/generated_production/hurt_launch_up.anim.json,ONLY_ON_106,UNIQUE_BUT_STALE,REGENERATE_FROM_CURRENT_PIPELINE,.json
game-godot/content/fighters/ember-vale/animations/generated_production/hurt_light.anim.json,ONLY_ON_106,UNIQUE_BUT_STALE,REGENERATE_FROM_CURRENT_PIPELINE,.json
game-godot/content/fighters/ember-vale/animations/generated_production/hurt_light_high.anim.json,ONLY_ON_106,UNIQUE_BUT_STALE,REGENERATE_FROM_CURRENT_PIPELINE,.json
game-godot/content/fighters/ember-vale/animations/generated_production/hurt_light_low.anim.json,ONLY_ON_106,UNIQUE_BUT_STALE,REGENERATE_FROM_CURRENT_PIPELINE,.json
game-godot/content/fighters/ember-vale/animations/generated_production/hurt_light_mid.anim.json,ONLY_ON_106,UNIQUE_BUT_STALE,REGENERATE_FROM_CURRENT_PIPELINE,.json
game-godot/content/fighters/ember-vale/animations/generated_production/hurt_medium_back.anim.json,ONLY_ON_106,UNIQUE_BUT_STALE,REGENERATE_FROM_CURRENT_PIPELINE,.json
game-godot/content/fighters/ember-vale/animations/generated_production/hurt_medium_front.anim.json,ONLY_ON_106,UNIQUE_BUT_STALE,REGENERATE_FROM_CURRENT_PIPELINE,.json
game-godot/content/fighters/ember-vale/animations/generated_production/hurt_stagger.anim.json,ONLY_ON_106,UNIQUE_BUT_STALE,REGENERATE_FROM_CURRENT_PIPELINE,.json
game-godot/content/fighters/ember-vale/animations/generated_production/idle.anim.json,ONLY_ON_106,UNIQUE_BUT_STALE,REGENERATE_FROM_CURRENT_PIPELINE,.json
game-godot/content/fighters/ember-vale/animations/generated_production/jab.anim.json,ONLY_ON_106,UNIQUE_BUT_STALE,REGENERATE_FROM_CURRENT_PIPELINE,.json
game-godot/content/fighters/ember-vale/animations/generated_production/jab_chain_2.anim.json,ONLY_ON_106,UNIQUE_BUT_STALE,REGENERATE_FROM_CURRENT_PIPELINE,.json
game-godot/content/fighters/ember-vale/animations/generated_production/jab_chain_3.anim.json,ONLY_ON_106,UNIQUE_BUT_STALE,REGENERATE_FROM_CURRENT_PIPELINE,.json
game-godot/content/fighters/ember-vale/animations/generated_production/jump.anim.json,ONLY_ON_106,UNIQUE_BUT_STALE,REGENERATE_FROM_CURRENT_PIPELINE,.json
game-godot/content/fighters/ember-vale/animations/generated_production/jump_apex.anim.json,ONLY_ON_106,UNIQUE_BUT_STALE,REGENERATE_FROM_CURRENT_PIPELINE,.json
game-godot/content/fighters/ember-vale/animations/generated_production/jump_squat.anim.json,ONLY_ON_106,UNIQUE_BUT_STALE,REGENERATE_FROM_CURRENT_PIPELINE,.json
game-godot/content/fighters/ember-vale/animations/generated_production/ko.anim.json,ONLY_ON_106,UNIQUE_BUT_STALE,REGENERATE_FROM_CURRENT_PIPELINE,.json
game-godot/content/fighters/ember-vale/animations/generated_production/ko_launch.anim.json,ONLY_ON_106,UNIQUE_BUT_STALE,REGENERATE_FROM_CURRENT_PIPELINE,.json
game-godot/content/fighters/ember-vale/animations/generated_production/ko_reaction.anim.json,ONLY_ON_106,UNIQUE_BUT_STALE,REGENERATE_FROM_CURRENT_PIPELINE,.json
game-godot/content/fighters/ember-vale/animations/generated_production/land_hard.anim.json,ONLY_ON_106,UNIQUE_BUT_STALE,REGENERATE_FROM_CURRENT_PIPELINE,.json
game-godot/content/fighters/ember-vale/animations/generated_production/land_soft.anim.json,ONLY_ON_106,UNIQUE_BUT_STALE,REGENERATE_FROM_CURRENT_PIPELINE,.json
game-godot/content/fighters/ember-vale/animations/generated_production/landing.anim.json,ONLY_ON_106,UNIQUE_BUT_STALE,REGENERATE_FROM_CURRENT_PIPELINE,.json
game-godot/content/fighters/ember-vale/animations/generated_production/launch.anim.json,ONLY_ON_106,UNIQUE_BUT_STALE,REGENERATE_FROM_CURRENT_PIPELINE,.json
game-godot/content/fighters/ember-vale/animations/generated_production/launch_tumble.anim.json,ONLY_ON_106,UNIQUE_BUT_STALE,REGENERATE_FROM_CURRENT_PIPELINE,.json
game-godot/content/fighters/ember-vale/animations/generated_production/manifest.json,ONLY_ON_106,UNIQUE_BUT_STALE,HUMAN_ART_REVIEW_REQUIRED,.json
game-godot/content/fighters/ember-vale/animations/generated_production/personality_idle.anim.json,ONLY_ON_106,UNIQUE_BUT_STALE,REGENERATE_FROM_CURRENT_PIPELINE,.json
game-godot/content/fighters/ember-vale/animations/generated_production/projectile_full.anim.json,ONLY_ON_106,UNIQUE_BUT_STALE,REGENERATE_FROM_CURRENT_PIPELINE,.json
game-godot/content/fighters/ember-vale/animations/generated_production/projectile_medium.anim.json,ONLY_ON_106,UNIQUE_BUT_STALE,REGENERATE_FROM_CURRENT_PIPELINE,.json
game-godot/content/fighters/ember-vale/animations/generated_production/projectile_tap.anim.json,ONLY_ON_106,UNIQUE_BUT_STALE,REGENERATE_FROM_CURRENT_PIPELINE,.json
game-godot/content/fighters/ember-vale/animations/generated_production/recovery.anim.json,ONLY_ON_106,UNIQUE_BUT_STALE,REGENERATE_FROM_CURRENT_PIPELINE,.json
game-godot/content/fighters/ember-vale/animations/generated_production/run.anim.json,ONLY_ON_106,UNIQUE_BUT_STALE,REGENERATE_FROM_CURRENT_PIPELINE,.json
game-godot/content/fighters/ember-vale/animations/generated_production/run_start.anim.json,ONLY_ON_106,UNIQUE_BUT_STALE,REGENERATE_FROM_CURRENT_PIPELINE,.json
game-godot/content/fighters/ember-vale/animations/generated_production/run_stop.anim.json,ONLY_ON_106,UNIQUE_BUT_STALE,REGENERATE_FROM_CURRENT_PIPELINE,.json
game-godot/content/fighters/ember-vale/animations/generated_production/shield.anim.json,ONLY_ON_106,UNIQUE_BUT_STALE,REGENERATE_FROM_CURRENT_PIPELINE,.json
game-godot/content/fighters/ember-vale/animations/generated_production/shield_hit_heavy.anim.json,ONLY_ON_106,UNIQUE_BUT_STALE,REGENERATE_FROM_CURRENT_PIPELINE,.json
game-godot/content/fighters/ember-vale/animations/generated_production/shield_hit_light.anim.json,ONLY_ON_106,UNIQUE_BUT_STALE,REGENERATE_FROM_CURRENT_PIPELINE,.json
game-godot/content/fighters/ember-vale/animations/generated_production/signature_lane_burst.anim.json,ONLY_ON_106,UNIQUE_BUT_STALE,REGENERATE_FROM_CURRENT_PIPELINE,.json
game-godot/content/fighters/ember-vale/animations/generated_production/signature_lane_confirm.anim.json,ONLY_ON_106,UNIQUE_BUT_STALE,REGENERATE_FROM_CURRENT_PIPELINE,.json
game-godot/content/fighters/ember-vale/animations/generated_production/signature_lane_control.anim.json,ONLY_ON_106,UNIQUE_BUT_STALE,REGENERATE_FROM_CURRENT_PIPELINE,.json
game-godot/content/fighters/ember-vale/animations/generated_production/signature_lane_counter.anim.json,ONLY_ON_106,UNIQUE_BUT_STALE,REGENERATE_FROM_CURRENT_PIPELINE,.json
game-godot/content/fighters/ember-vale/animations/generated_production/signature_lane_feint.anim.json,ONLY_ON_106,UNIQUE_BUT_STALE,REGENERATE_FROM_CURRENT_PIPELINE,.json
game-godot/content/fighters/ember-vale/animations/generated_production/signature_lane_finisher.anim.json,ONLY_ON_106,UNIQUE_BUT_STALE,REGENERATE_FROM_CURRENT_PIPELINE,.json
game-godot/content/fighters/ember-vale/animations/generated_production/signature_lane_launch.anim.json,ONLY_ON_106,UNIQUE_BUT_STALE,REGENERATE_FROM_CURRENT_PIPELINE,.json
game-godot/content/fighters/ember-vale/animations/generated_production/signature_lane_trap.anim.json,ONLY_ON_106,UNIQUE_BUT_STALE,REGENERATE_FROM_CURRENT_PIPELINE,.json
game-godot/content/fighters/ember-vale/animations/generated_production/smash_down.anim.json,ONLY_ON_106,UNIQUE_BUT_STALE,REGENERATE_FROM_CURRENT_PIPELINE,.json
game-godot/content/fighters/ember-vale/animations/generated_production/smash_forward.anim.json,ONLY_ON_106,UNIQUE_BUT_STALE,REGENERATE_FROM_CURRENT_PIPELINE,.json
game-godot/content/fighters/ember-vale/animations/generated_production/smash_up.anim.json,ONLY_ON_106,UNIQUE_BUT_STALE,REGENERATE_FROM_CURRENT_PIPELINE,.json
game-godot/content/fighters/ember-vale/animations/generated_production/throw_back.anim.json,ONLY_ON_106,UNIQUE_BUT_STALE,REGENERATE_FROM_CURRENT_PIPELINE,.json
game-godot/content/fighters/ember-vale/animations/generated_production/throw_down.anim.json,ONLY_ON_106,UNIQUE_BUT_STALE,REGENERATE_FROM_CURRENT_PIPELINE,.json
game-godot/content/fighters/ember-vale/animations/generated_production/throw_forward.anim.json,ONLY_ON_106,UNIQUE_BUT_STALE,REGENERATE_FROM_CURRENT_PIPELINE,.json
game-godot/content/fighters/ember-vale/animations/generated_production/throw_up.anim.json,ONLY_ON_106,UNIQUE_BUT_STALE,REGENERATE_FROM_CURRENT_PIPELINE,.json
game-godot/content/fighters/ember-vale/animations/generated_production/throw_victim_back.anim.json,ONLY_ON_106,UNIQUE_BUT_STALE,REGENERATE_FROM_CURRENT_PIPELINE,.json
game-godot/content/fighters/ember-vale/animations/generated_production/throw_victim_down.anim.json,ONLY_ON_106,UNIQUE_BUT_STALE,REGENERATE_FROM_CURRENT_PIPELINE,.json
game-godot/content/fighters/ember-vale/animations/generated_production/throw_victim_forward.anim.json,ONLY_ON_106,UNIQUE_BUT_STALE,REGENERATE_FROM_CURRENT_PIPELINE,.json
game-godot/content/fighters/ember-vale/animations/generated_production/throw_victim_up.anim.json,ONLY_ON_106,UNIQUE_BUT_STALE,REGENERATE_FROM_CURRENT_PIPELINE,.json
game-godot/content/fighters/ember-vale/animations/generated_production/tilt_down.anim.json,ONLY_ON_106,UNIQUE_BUT_STALE,REGENERATE_FROM_CURRENT_PIPELINE,.json
game-godot/content/fighters/ember-vale/animations/generated_production/tilt_forward.anim.json,ONLY_ON_106,UNIQUE_BUT_STALE,REGENERATE_FROM_CURRENT_PIPELINE,.json
game-godot/content/fighters/ember-vale/animations/generated_production/tilt_up.anim.json,ONLY_ON_106,UNIQUE_BUT_STALE,REGENERATE_FROM_CURRENT_PIPELINE,.json
game-godot/content/fighters/ember-vale/animations/generated_production/tumble.anim.json,ONLY_ON_106,UNIQUE_BUT_STALE,REGENERATE_FROM_CURRENT_PIPELINE,.json
game-godot/content/fighters/ember-vale/animations/generated_production/turn.anim.json,ONLY_ON_106,UNIQUE_BUT_STALE,REGENERATE_FROM_CURRENT_PIPELINE,.json
game-godot/content/fighters/ember-vale/animations/generated_production/victory.anim.json,ONLY_ON_106,UNIQUE_BUT_STALE,REGENERATE_FROM_CURRENT_PIPELINE,.json
game-godot/content/fighters/ember-vale/animations/generated_production/walk.anim.json,ONLY_ON_106,UNIQUE_BUT_STALE,REGENERATE_FROM_CURRENT_PIPELINE,.json
game-godot/content/fighters/ember-vale/animations/generated_production/walk_start.anim.json,ONLY_ON_106,UNIQUE_BUT_STALE,REGENERATE_FROM_CURRENT_PIPELINE,.json
game-godot/content/fighters/ember-vale/animations/generated_production/walk_stop.anim.json,ONLY_ON_106,UNIQUE_BUT_STALE,REGENERATE_FROM_CURRENT_PIPELINE,.json
game-godot/content/fighters/ember-vale/animations/generated_production/wall_splat.anim.json,ONLY_ON_106,UNIQUE_BUT_STALE,REGENERATE_FROM_CURRENT_PIPELINE,.json
game-godot/content/fighters/ember-vale/animations/procedural/aerial_back.anim.json,BOTH_DIVERGED,UNIQUE_BUT_STALE,REGENERATE_FROM_CURRENT_PIPELINE,.json
game-godot/content/fighters/ember-vale/animations/procedural/aerial_down.anim.json,BOTH_DIVERGED,UNIQUE_BUT_STALE,REGENERATE_FROM_CURRENT_PIPELINE,.json
game-godot/content/fighters/ember-vale/animations/procedural/aerial_forward.anim.json,BOTH_DIVERGED,UNIQUE_BUT_STALE,REGENERATE_FROM_CURRENT_PIPELINE,.json
game-godot/content/fighters/ember-vale/animations/procedural/aerial_neutral.anim.json,BOTH_DIVERGED,UNIQUE_BUT_STALE,REGENERATE_FROM_CURRENT_PIPELINE,.json
game-godot/content/fighters/ember-vale/animations/procedural/aerial_up.anim.json,BOTH_DIVERGED,UNIQUE_BUT_STALE,REGENERATE_FROM_CURRENT_PIPELINE,.json
game-godot/content/fighters/ember-vale/animations/procedural/air_dodge.anim.json,BOTH_DIVERGED,UNIQUE_BUT_STALE,REGENERATE_FROM_CURRENT_PIPELINE,.json
game-godot/content/fighters/ember-vale/animations/procedural/air_drift.anim.json,BOTH_DIVERGED,UNIQUE_BUT_STALE,REGENERATE_FROM_CURRENT_PIPELINE,.json
game-godot/content/fighters/ember-vale/animations/procedural/aura_charge.anim.json,BOTH_DIVERGED,UNIQUE_BUT_STALE,REGENERATE_FROM_CURRENT_PIPELINE,.json
game-godot/content/fighters/ember-vale/animations/procedural/aura_release.anim.json,BOTH_DIVERGED,UNIQUE_BUT_STALE,REGENERATE_FROM_CURRENT_PIPELINE,.json
game-godot/content/fighters/ember-vale/animations/procedural/charge_full.anim.json,ONLY_ON_106,UNIQUE_BUT_STALE,REGENERATE_FROM_CURRENT_PIPELINE,.json
game-godot/content/fighters/ember-vale/animations/procedural/charge_high.anim.json,ONLY_ON_106,UNIQUE_BUT_STALE,REGENERATE_FROM_CURRENT_PIPELINE,.json
game-godot/content/fighters/ember-vale/animations/procedural/charge_low.anim.json,ONLY_ON_106,UNIQUE_BUT_STALE,REGENERATE_FROM_CURRENT_PIPELINE,.json
game-godot/content/fighters/ember-vale/animations/procedural/charge_mid.anim.json,ONLY_ON_106,UNIQUE_BUT_STALE,REGENERATE_FROM_CURRENT_PIPELINE,.json
game-godot/content/fighters/ember-vale/animations/procedural/charge_release.anim.json,ONLY_ON_106,UNIQUE_BUT_STALE,REGENERATE_FROM_CURRENT_PIPELINE,.json
game-godot/content/fighters/ember-vale/animations/procedural/charge_start.anim.json,ONLY_ON_106,UNIQUE_BUT_STALE,REGENERATE_FROM_CURRENT_PIPELINE,.json
game-godot/content/fighters/ember-vale/animations/procedural/charged_dash.anim.json,ONLY_ON_106,UNIQUE_BUT_STALE,REGENERATE_FROM_CURRENT_PIPELINE,.json
game-godot/content/fighters/ember-vale/animations/procedural/charged_fall.anim.json,ONLY_ON_106,UNIQUE_BUT_STALE,REGENERATE_FROM_CURRENT_PIPELINE,.json
game-godot/content/fighters/ember-vale/animations/procedural/charged_hold.anim.json,ONLY_ON_106,UNIQUE_BUT_STALE,REGENERATE_FROM_CURRENT_PIPELINE,.json
game-godot/content/fighters/ember-vale/animations/procedural/charged_idle.anim.json,ONLY_ON_106,UNIQUE_BUT_STALE,REGENERATE_FROM_CURRENT_PIPELINE,.json
game-godot/content/fighters/ember-vale/animations/procedural/charged_jump.anim.json,ONLY_ON_106,UNIQUE_BUT_STALE,REGENERATE_FROM_CURRENT_PIPELINE,.json
game-godot/content/fighters/ember-vale/animations/procedural/charged_land.anim.json,ONLY_ON_106,UNIQUE_BUT_STALE,REGENERATE_FROM_CURRENT_PIPELINE,.json
game-godot/content/fighters/ember-vale/animations/procedural/charged_run.anim.json,ONLY_ON_106,UNIQUE_BUT_STALE,REGENERATE_FROM_CURRENT_PIPELINE,.json
game-godot/content/fighters/ember-vale/animations/procedural/charged_walk.anim.json,ONLY_ON_106,UNIQUE_BUT_STALE,REGENERATE_FROM_CURRENT_PIPELINE,.json
game-godot/content/fighters/ember-vale/animations/procedural/contact_aura.anim.json,ONLY_ON_106,UNIQUE_BUT_STALE,REFERENCE_ONLY,.json
game-godot/content/fighters/ember-vale/animations/procedural/contact_heavy.anim.json,ONLY_ON_106,UNIQUE_BUT_STALE,REFERENCE_ONLY,.json
game-godot/content/fighters/ember-vale/animations/procedural/contact_ko.anim.json,ONLY_ON_106,UNIQUE_BUT_STALE,REFERENCE_ONLY,.json
game-godot/content/fighters/ember-vale/animations/procedural/contact_light.anim.json,ONLY_ON_106,UNIQUE_BUT_STALE,REFERENCE_ONLY,.json
game-godot/content/fighters/ember-vale/animations/procedural/contact_medium.anim.json,ONLY_ON_106,UNIQUE_BUT_STALE,REFERENCE_ONLY,.json
game-godot/content/fighters/ember-vale/animations/procedural/contact_super.anim.json,ONLY_ON_106,UNIQUE_BUT_STALE,REFERENCE_ONLY,.json
game-godot/content/fighters/ember-vale/animations/procedural/dash.anim.json,BOTH_DIVERGED,UNIQUE_BUT_STALE,REGENERATE_FROM_CURRENT_PIPELINE,.json
game-godot/content/fighters/ember-vale/animations/procedural/dash_stop.anim.json,ONLY_ON_106,UNIQUE_BUT_STALE,REGENERATE_FROM_CURRENT_PIPELINE,.json
game-godot/content/fighters/ember-vale/animations/procedural/defeat.anim.json,BOTH_DIVERGED,UNIQUE_BUT_STALE,REGENERATE_FROM_CURRENT_PIPELINE,.json
game-godot/content/fighters/ember-vale/animations/procedural/dodge.anim.json,BOTH_DIVERGED,UNIQUE_BUT_STALE,REGENERATE_FROM_CURRENT_PIPELINE,.json
game-godot/content/fighters/ember-vale/animations/procedural/fall.anim.json,BOTH_DIVERGED,UNIQUE_BUT_STALE,REGENERATE_FROM_CURRENT_PIPELINE,.json
game-godot/content/fighters/ember-vale/animations/procedural/grab.anim.json,BOTH_DIVERGED,UNIQUE_BUT_STALE,REGENERATE_FROM_CURRENT_PIPELINE,.json
game-godot/content/fighters/ember-vale/animations/procedural/grab_victim.anim.json,ONLY_ON_106,UNIQUE_BUT_STALE,REGENERATE_FROM_CURRENT_PIPELINE,.json
game-godot/content/fighters/ember-vale/animations/procedural/heavy.anim.json,BOTH_DIVERGED,UNIQUE_BUT_STALE,REGENERATE_FROM_CURRENT_PIPELINE,.json
game-godot/content/fighters/ember-vale/animations/procedural/hurt.anim.json,BOTH_DIVERGED,UNIQUE_BUT_STALE,REGENERATE_FROM_CURRENT_PIPELINE,.json
game-godot/content/fighters/ember-vale/animations/procedural/hurt_body_snap.anim.json,ONLY_ON_106,UNIQUE_BUT_STALE,REGENERATE_FROM_CURRENT_PIPELINE,.json
game-godot/content/fighters/ember-vale/animations/procedural/hurt_crumple.anim.json,ONLY_ON_106,UNIQUE_BUT_STALE,REGENERATE_FROM_CURRENT_PIPELINE,.json
game-godot/content/fighters/ember-vale/animations/procedural/hurt_flinch.anim.json,ONLY_ON_106,UNIQUE_BUT_STALE,REGENERATE_FROM_CURRENT_PIPELINE,.json
game-godot/content/fighters/ember-vale/animations/procedural/hurt_freeze_stiffness.anim.json,ONLY_ON_106,UNIQUE_BUT_STALE,REGENERATE_FROM_CURRENT_PIPELINE,.json
game-godot/content/fighters/ember-vale/animations/procedural/hurt_ground_bounce.anim.json,ONLY_ON_106,UNIQUE_BUT_STALE,REGENERATE_FROM_CURRENT_PIPELINE,.json
game-godot/content/fighters/ember-vale/animations/procedural/hurt_heavy.anim.json,BOTH_DIVERGED,UNIQUE_BUT_STALE,REGENERATE_FROM_CURRENT_PIPELINE,.json
game-godot/content/fighters/ember-vale/animations/procedural/hurt_ko_spin.anim.json,ONLY_ON_106,UNIQUE_BUT_STALE,REGENERATE_FROM_CURRENT_PIPELINE,.json
game-godot/content/fighters/ember-vale/animations/procedural/hurt_launch.anim.json,ONLY_ON_106,UNIQUE_BUT_STALE,REGENERATE_FROM_CURRENT_PIPELINE,.json
game-godot/content/fighters/ember-vale/animations/procedural/hurt_light.anim.json,BOTH_DIVERGED,UNIQUE_BUT_STALE,REGENERATE_FROM_CURRENT_PIPELINE,.json
game-godot/content/fighters/ember-vale/animations/procedural/hurt_medium.anim.json,BOTH_DIVERGED,UNIQUE_BUT_STALE,REGENERATE_FROM_CURRENT_PIPELINE,.json
game-godot/content/fighters/ember-vale/animations/procedural/hurt_shield_recoil.anim.json,ONLY_ON_106,UNIQUE_BUT_STALE,REGENERATE_FROM_CURRENT_PIPELINE,.json
game-godot/content/fighters/ember-vale/animations/procedural/hurt_spike.anim.json,ONLY_ON_106,UNIQUE_BUT_STALE,REGENERATE_FROM_CURRENT_PIPELINE,.json
game-godot/content/fighters/ember-vale/animations/procedural/hurt_stagger.anim.json,ONLY_ON_106,UNIQUE_BUT_STALE,REGENERATE_FROM_CURRENT_PIPELINE,.json
game-godot/content/fighters/ember-vale/animations/procedural/hurt_tumble.anim.json,ONLY_ON_106,UNIQUE_BUT_STALE,REGENERATE_FROM_CURRENT_PIPELINE,.json
game-godot/content/fighters/ember-vale/animations/procedural/hurt_wall_splat.anim.json,ONLY_ON_106,UNIQUE_BUT_STALE,REGENERATE_FROM_CURRENT_PIPELINE,.json
game-godot/content/fighters/ember-vale/animations/procedural/idle.anim.json,BOTH_DIVERGED,UNIQUE_BUT_STALE,REGENERATE_FROM_CURRENT_PIPELINE,.json
game-godot/content/fighters/ember-vale/animations/procedural/idle_personality.anim.json,ONLY_ON_106,UNIQUE_BUT_STALE,REGENERATE_FROM_CURRENT_PIPELINE,.json
game-godot/content/fighters/ember-vale/animations/procedural/jab.anim.json,BOTH_DIVERGED,UNIQUE_BUT_STALE,REGENERATE_FROM_CURRENT_PIPELINE,.json
game-godot/content/fighters/ember-vale/animations/procedural/jab_chain_2.anim.json,BOTH_DIVERGED,UNIQUE_BUT_STALE,REGENERATE_FROM_CURRENT_PIPELINE,.json
game-godot/content/fighters/ember-vale/animations/procedural/jab_chain_3.anim.json,BOTH_DIVERGED,UNIQUE_BUT_STALE,REGENERATE_FROM_CURRENT_PIPELINE,.json
game-godot/content/fighters/ember-vale/animations/procedural/jump.anim.json,BOTH_DIVERGED,UNIQUE_BUT_STALE,REGENERATE_FROM_CURRENT_PIPELINE,.json
game-godot/content/fighters/ember-vale/animations/procedural/jump_apex.anim.json,BOTH_DIVERGED,UNIQUE_BUT_STALE,REGENERATE_FROM_CURRENT_PIPELINE,.json
game-godot/content/fighters/ember-vale/animations/procedural/jump_squat.anim.json,ONLY_ON_106,UNIQUE_BUT_STALE,REGENERATE_FROM_CURRENT_PIPELINE,.json
game-godot/content/fighters/ember-vale/animations/procedural/ko.anim.json,BOTH_DIVERGED,UNIQUE_BUT_STALE,REGENERATE_FROM_CURRENT_PIPELINE,.json
game-godot/content/fighters/ember-vale/animations/procedural/landing.anim.json,BOTH_DIVERGED,UNIQUE_BUT_STALE,REGENERATE_FROM_CURRENT_PIPELINE,.json
game-godot/content/fighters/ember-vale/animations/procedural/launch.anim.json,BOTH_DIVERGED,UNIQUE_BUT_STALE,REGENERATE_FROM_CURRENT_PIPELINE,.json
game-godot/content/fighters/ember-vale/animations/procedural/manifest.json,BOTH_DIVERGED,UNIQUE_BUT_STALE,REGENERATE_FROM_CURRENT_PIPELINE,.json
game-godot/content/fighters/ember-vale/animations/procedural/projectile_full.anim.json,BOTH_DIVERGED,UNIQUE_BUT_STALE,REGENERATE_FROM_CURRENT_PIPELINE,.json
game-godot/content/fighters/ember-vale/animations/procedural/projectile_medium.anim.json,BOTH_DIVERGED,UNIQUE_BUT_STALE,REGENERATE_FROM_CURRENT_PIPELINE,.json
game-godot/content/fighters/ember-vale/animations/procedural/projectile_tap.anim.json,BOTH_DIVERGED,UNIQUE_BUT_STALE,REGENERATE_FROM_CURRENT_PIPELINE,.json
game-godot/content/fighters/ember-vale/animations/procedural/recovery.anim.json,BOTH_DIVERGED,UNIQUE_BUT_STALE,REGENERATE_FROM_CURRENT_PIPELINE,.json
game-godot/content/fighters/ember-vale/animations/procedural/recovery_identity.anim.json,ONLY_ON_106,UNIQUE_BUT_STALE,REGENERATE_FROM_CURRENT_PIPELINE,.json
game-godot/content/fighters/ember-vale/animations/procedural/run.anim.json,BOTH_DIVERGED,UNIQUE_BUT_STALE,REGENERATE_FROM_CURRENT_PIPELINE,.json
game-godot/content/fighters/ember-vale/animations/procedural/run_start.anim.json,ONLY_ON_106,UNIQUE_BUT_STALE,REGENERATE_FROM_CURRENT_PIPELINE,.json
game-godot/content/fighters/ember-vale/animations/procedural/run_stop.anim.json,ONLY_ON_106,UNIQUE_BUT_STALE,REGENERATE_FROM_CURRENT_PIPELINE,.json
game-godot/content/fighters/ember-vale/animations/procedural/shield.anim.json,BOTH_DIVERGED,UNIQUE_BUT_STALE,REGENERATE_FROM_CURRENT_PIPELINE,.json
game-godot/content/fighters/ember-vale/animations/procedural/signature_lane_burst.anim.json,BOTH_DIVERGED,UNIQUE_BUT_STALE,REGENERATE_FROM_CURRENT_PIPELINE,.json
game-godot/content/fighters/ember-vale/animations/procedural/signature_lane_confirm.anim.json,BOTH_DIVERGED,UNIQUE_BUT_STALE,REGENERATE_FROM_CURRENT_PIPELINE,.json
game-godot/content/fighters/ember-vale/animations/procedural/signature_lane_control.anim.json,BOTH_DIVERGED,UNIQUE_BUT_STALE,REGENERATE_FROM_CURRENT_PIPELINE,.json
game-godot/content/fighters/ember-vale/animations/procedural/signature_lane_counter.anim.json,BOTH_DIVERGED,UNIQUE_BUT_STALE,REGENERATE_FROM_CURRENT_PIPELINE,.json
game-godot/content/fighters/ember-vale/animations/procedural/signature_lane_feint.anim.json,BOTH_DIVERGED,UNIQUE_BUT_STALE,REGENERATE_FROM_CURRENT_PIPELINE,.json
game-godot/content/fighters/ember-vale/animations/procedural/signature_lane_finisher.anim.json,BOTH_DIVERGED,UNIQUE_BUT_STALE,REGENERATE_FROM_CURRENT_PIPELINE,.json
game-godot/content/fighters/ember-vale/animations/procedural/signature_lane_launch.anim.json,BOTH_DIVERGED,UNIQUE_BUT_STALE,REGENERATE_FROM_CURRENT_PIPELINE,.json
game-godot/content/fighters/ember-vale/animations/procedural/signature_lane_trap.anim.json,BOTH_DIVERGED,UNIQUE_BUT_STALE,REGENERATE_FROM_CURRENT_PIPELINE,.json
game-godot/content/fighters/ember-vale/animations/procedural/smash_down.anim.json,BOTH_DIVERGED,UNIQUE_BUT_STALE,REGENERATE_FROM_CURRENT_PIPELINE,.json
game-godot/content/fighters/ember-vale/animations/procedural/smash_forward.anim.json,BOTH_DIVERGED,UNIQUE_BUT_STALE,REGENERATE_FROM_CURRENT_PIPELINE,.json
game-godot/content/fighters/ember-vale/animations/procedural/smash_up.anim.json,BOTH_DIVERGED,UNIQUE_BUT_STALE,REGENERATE_FROM_CURRENT_PIPELINE,.json
game-godot/content/fighters/ember-vale/animations/procedural/super.anim.json,ONLY_ON_106,UNIQUE_BUT_STALE,REGENERATE_FROM_CURRENT_PIPELINE,.json
game-godot/content/fighters/ember-vale/animations/procedural/throw_back.anim.json,BOTH_DIVERGED,UNIQUE_BUT_STALE,REGENERATE_FROM_CURRENT_PIPELINE,.json
game-godot/content/fighters/ember-vale/animations/procedural/throw_down.anim.json,BOTH_DIVERGED,UNIQUE_BUT_STALE,REGENERATE_FROM_CURRENT_PIPELINE,.json
game-godot/content/fighters/ember-vale/animations/procedural/throw_forward.anim.json,BOTH_DIVERGED,UNIQUE_BUT_STALE,REGENERATE_FROM_CURRENT_PIPELINE,.json
game-godot/content/fighters/ember-vale/animations/procedural/throw_up.anim.json,BOTH_DIVERGED,UNIQUE_BUT_STALE,REGENERATE_FROM_CURRENT_PIPELINE,.json
game-godot/content/fighters/ember-vale/animations/procedural/throw_victim_back.anim.json,ONLY_ON_106,UNIQUE_BUT_STALE,REGENERATE_FROM_CURRENT_PIPELINE,.json
game-godot/content/fighters/ember-vale/animations/procedural/throw_victim_down.anim.json,ONLY_ON_106,UNIQUE_BUT_STALE,REGENERATE_FROM_CURRENT_PIPELINE,.json
game-godot/content/fighters/ember-vale/animations/procedural/throw_victim_forward.anim.json,ONLY_ON_106,UNIQUE_BUT_STALE,REGENERATE_FROM_CURRENT_PIPELINE,.json
game-godot/content/fighters/ember-vale/animations/procedural/throw_victim_up.anim.json,ONLY_ON_106,UNIQUE_BUT_STALE,REGENERATE_FROM_CURRENT_PIPELINE,.json
game-godot/content/fighters/ember-vale/animations/procedural/tilt_down.anim.json,BOTH_DIVERGED,UNIQUE_BUT_STALE,REGENERATE_FROM_CURRENT_PIPELINE,.json
game-godot/content/fighters/ember-vale/animations/procedural/tilt_forward.anim.json,BOTH_DIVERGED,UNIQUE_BUT_STALE,REGENERATE_FROM_CURRENT_PIPELINE,.json
game-godot/content/fighters/ember-vale/animations/procedural/tilt_up.anim.json,BOTH_DIVERGED,UNIQUE_BUT_STALE,REGENERATE_FROM_CURRENT_PIPELINE,.json
game-godot/content/fighters/ember-vale/animations/procedural/transition_idle_walk.anim.json,ONLY_ON_106,UNIQUE_BUT_STALE,REGENERATE_FROM_CURRENT_PIPELINE,.json
game-godot/content/fighters/ember-vale/animations/procedural/transition_walk_run.anim.json,ONLY_ON_106,UNIQUE_BUT_STALE,REGENERATE_FROM_CURRENT_PIPELINE,.json
game-godot/content/fighters/ember-vale/animations/procedural/tumble.anim.json,BOTH_DIVERGED,UNIQUE_BUT_STALE,REGENERATE_FROM_CURRENT_PIPELINE,.json
game-godot/content/fighters/ember-vale/animations/procedural/turn.anim.json,BOTH_DIVERGED,UNIQUE_BUT_STALE,REGENERATE_FROM_CURRENT_PIPELINE,.json
game-godot/content/fighters/ember-vale/animations/procedural/uncharged_release.anim.json,ONLY_ON_106,UNIQUE_BUT_STALE,REGENERATE_FROM_CURRENT_PIPELINE,.json
game-godot/content/fighters/ember-vale/animations/procedural/victory.anim.json,BOTH_DIVERGED,UNIQUE_BUT_STALE,REGENERATE_FROM_CURRENT_PIPELINE,.json
game-godot/content/fighters/ember-vale/animations/procedural/walk.anim.json,BOTH_DIVERGED,UNIQUE_BUT_STALE,REGENERATE_FROM_CURRENT_PIPELINE,.json
game-godot/content/fighters/ember-vale/animations/procedural/walk_start.anim.json,ONLY_ON_106,UNIQUE_BUT_STALE,REGENERATE_FROM_CURRENT_PIPELINE,.json
game-godot/content/fighters/ember-vale/animations/procedural/walk_stop.anim.json,ONLY_ON_106,UNIQUE_BUT_STALE,REGENERATE_FROM_CURRENT_PIPELINE,.json
game-godot/content/fighters/ember-vale/model/ember-vale_generated_production.glb,ONLY_ON_106,UNIQUE_BUT_STALE,HUMAN_ART_REVIEW_REQUIRED,.glb
game-godot/content/fighters/ember-vale/model/ember-vale_generated_production.glb.import,ONLY_ON_106,UNIQUE_BUT_STALE,HUMAN_ART_REVIEW_REQUIRED,.import
game-godot/content/fighters/juno-spark/animations/generated_production/aerial_back.anim.json,ONLY_ON_106,UNIQUE_BUT_STALE,REGENERATE_FROM_CURRENT_PIPELINE,.json
game-godot/content/fighters/juno-spark/animations/generated_production/aerial_down.anim.json,ONLY_ON_106,UNIQUE_BUT_STALE,REGENERATE_FROM_CURRENT_PIPELINE,.json
game-godot/content/fighters/juno-spark/animations/generated_production/aerial_forward.anim.json,ONLY_ON_106,UNIQUE_BUT_STALE,REGENERATE_FROM_CURRENT_PIPELINE,.json
game-godot/content/fighters/juno-spark/animations/generated_production/aerial_neutral.anim.json,ONLY_ON_106,UNIQUE_BUT_STALE,REGENERATE_FROM_CURRENT_PIPELINE,.json
game-godot/content/fighters/juno-spark/animations/generated_production/aerial_up.anim.json,ONLY_ON_106,UNIQUE_BUT_STALE,REGENERATE_FROM_CURRENT_PIPELINE,.json
game-godot/content/fighters/juno-spark/animations/generated_production/air_dodge.anim.json,ONLY_ON_106,UNIQUE_BUT_STALE,REGENERATE_FROM_CURRENT_PIPELINE,.json
game-godot/content/fighters/juno-spark/animations/generated_production/air_drift.anim.json,ONLY_ON_106,UNIQUE_BUT_STALE,REGENERATE_FROM_CURRENT_PIPELINE,.json
game-godot/content/fighters/juno-spark/animations/generated_production/aura_burst_super_pose.anim.json,ONLY_ON_106,UNIQUE_BUT_STALE,REGENERATE_FROM_CURRENT_PIPELINE,.json
game-godot/content/fighters/juno-spark/animations/generated_production/aura_charge.anim.json,ONLY_ON_106,UNIQUE_BUT_STALE,REGENERATE_FROM_CURRENT_PIPELINE,.json
game-godot/content/fighters/juno-spark/animations/generated_production/aura_release.anim.json,ONLY_ON_106,UNIQUE_BUT_STALE,REGENERATE_FROM_CURRENT_PIPELINE,.json
game-godot/content/fighters/juno-spark/animations/generated_production/aura_signature.anim.json,ONLY_ON_106,UNIQUE_BUT_STALE,REGENERATE_FROM_CURRENT_PIPELINE,.json
game-godot/content/fighters/juno-spark/animations/generated_production/charge_full.anim.json,ONLY_ON_106,UNIQUE_BUT_STALE,REGENERATE_FROM_CURRENT_PIPELINE,.json
game-godot/content/fighters/juno-spark/animations/generated_production/charge_high.anim.json,ONLY_ON_106,UNIQUE_BUT_STALE,REGENERATE_FROM_CURRENT_PIPELINE,.json
game-godot/content/fighters/juno-spark/animations/generated_production/charge_low.anim.json,ONLY_ON_106,UNIQUE_BUT_STALE,REGENERATE_FROM_CURRENT_PIPELINE,.json
game-godot/content/fighters/juno-spark/animations/generated_production/charge_mid.anim.json,ONLY_ON_106,UNIQUE_BUT_STALE,REGENERATE_FROM_CURRENT_PIPELINE,.json
game-godot/content/fighters/juno-spark/animations/generated_production/charge_release.anim.json,ONLY_ON_106,UNIQUE_BUT_STALE,REGENERATE_FROM_CURRENT_PIPELINE,.json
game-godot/content/fighters/juno-spark/animations/generated_production/charge_start.anim.json,ONLY_ON_106,UNIQUE_BUT_STALE,REGENERATE_FROM_CURRENT_PIPELINE,.json
game-godot/content/fighters/juno-spark/animations/generated_production/charged_dash.anim.json,ONLY_ON_106,UNIQUE_BUT_STALE,REGENERATE_FROM_CURRENT_PIPELINE,.json
game-godot/content/fighters/juno-spark/animations/generated_production/charged_fall.anim.json,ONLY_ON_106,UNIQUE_BUT_STALE,REGENERATE_FROM_CURRENT_PIPELINE,.json
game-godot/content/fighters/juno-spark/animations/generated_production/charged_idle.anim.json,ONLY_ON_106,UNIQUE_BUT_STALE,REGENERATE_FROM_CURRENT_PIPELINE,.json
game-godot/content/fighters/juno-spark/animations/generated_production/charged_jump.anim.json,ONLY_ON_106,UNIQUE_BUT_STALE,REGENERATE_FROM_CURRENT_PIPELINE,.json
game-godot/content/fighters/juno-spark/animations/generated_production/charged_land.anim.json,ONLY_ON_106,UNIQUE_BUT_STALE,REGENERATE_FROM_CURRENT_PIPELINE,.json
game-godot/content/fighters/juno-spark/animations/generated_production/charged_run.anim.json,ONLY_ON_106,UNIQUE_BUT_STALE,REGENERATE_FROM_CURRENT_PIPELINE,.json
game-godot/content/fighters/juno-spark/animations/generated_production/charged_walk.anim.json,ONLY_ON_106,UNIQUE_BUT_STALE,REGENERATE_FROM_CURRENT_PIPELINE,.json
game-godot/content/fighters/juno-spark/animations/generated_production/clash_break.anim.json,ONLY_ON_106,UNIQUE_BUT_STALE,REGENERATE_FROM_CURRENT_PIPELINE,.json
game-godot/content/fighters/juno-spark/animations/generated_production/clash_lock.anim.json,ONLY_ON_106,UNIQUE_BUT_STALE,REGENERATE_FROM_CURRENT_PIPELINE,.json
game-godot/content/fighters/juno-spark/animations/generated_production/clash_losing.anim.json,ONLY_ON_106,UNIQUE_BUT_STALE,REGENERATE_FROM_CURRENT_PIPELINE,.json
game-godot/content/fighters/juno-spark/animations/generated_production/clash_push.anim.json,ONLY_ON_106,UNIQUE_BUT_STALE,REGENERATE_FROM_CURRENT_PIPELINE,.json
game-godot/content/fighters/juno-spark/animations/generated_production/clash_start.anim.json,ONLY_ON_106,UNIQUE_BUT_STALE,REGENERATE_FROM_CURRENT_PIPELINE,.json
game-godot/content/fighters/juno-spark/animations/generated_production/clash_winning.anim.json,ONLY_ON_106,UNIQUE_BUT_STALE,REGENERATE_FROM_CURRENT_PIPELINE,.json
game-godot/content/fighters/juno-spark/animations/generated_production/crouch.anim.json,ONLY_ON_106,UNIQUE_BUT_STALE,REGENERATE_FROM_CURRENT_PIPELINE,.json
game-godot/content/fighters/juno-spark/animations/generated_production/dash.anim.json,ONLY_ON_106,UNIQUE_BUT_STALE,REGENERATE_FROM_CURRENT_PIPELINE,.json
game-godot/content/fighters/juno-spark/animations/generated_production/dash_stop.anim.json,ONLY_ON_106,UNIQUE_BUT_STALE,REGENERATE_FROM_CURRENT_PIPELINE,.json
game-godot/content/fighters/juno-spark/animations/generated_production/defeat.anim.json,ONLY_ON_106,UNIQUE_BUT_STALE,REGENERATE_FROM_CURRENT_PIPELINE,.json
game-godot/content/fighters/juno-spark/animations/generated_production/dodge.anim.json,ONLY_ON_106,UNIQUE_BUT_STALE,REGENERATE_FROM_CURRENT_PIPELINE,.json
game-godot/content/fighters/juno-spark/animations/generated_production/double_jump.anim.json,ONLY_ON_106,UNIQUE_BUT_STALE,REGENERATE_FROM_CURRENT_PIPELINE,.json
game-godot/content/fighters/juno-spark/animations/generated_production/fall.anim.json,ONLY_ON_106,UNIQUE_BUT_STALE,REGENERATE_FROM_CURRENT_PIPELINE,.json
game-godot/content/fighters/juno-spark/animations/generated_production/fast_fall.anim.json,ONLY_ON_106,UNIQUE_BUT_STALE,REGENERATE_FROM_CURRENT_PIPELINE,.json
game-godot/content/fighters/juno-spark/animations/generated_production/grab.anim.json,ONLY_ON_106,UNIQUE_BUT_STALE,REGENERATE_FROM_CURRENT_PIPELINE,.json
game-godot/content/fighters/juno-spark/animations/generated_production/grabbed_hold.anim.json,ONLY_ON_106,UNIQUE_BUT_STALE,REGENERATE_FROM_CURRENT_PIPELINE,.json
game-godot/content/fighters/juno-spark/animations/generated_production/ground_bounce.anim.json,ONLY_ON_106,UNIQUE_BUT_STALE,REGENERATE_FROM_CURRENT_PIPELINE,.json
game-godot/content/fighters/juno-spark/animations/generated_production/heavy.anim.json,ONLY_ON_106,UNIQUE_BUT_STALE,REGENERATE_FROM_CURRENT_PIPELINE,.json
game-godot/content/fighters/juno-spark/animations/generated_production/hurt.anim.json,ONLY_ON_106,UNIQUE_BUT_STALE,REGENERATE_FROM_CURRENT_PIPELINE,.json
game-godot/content/fighters/juno-spark/animations/generated_production/hurt_crumple.anim.json,ONLY_ON_106,UNIQUE_BUT_STALE,REGENERATE_FROM_CURRENT_PIPELINE,.json
game-godot/content/fighters/juno-spark/animations/generated_production/hurt_flinch.anim.json,ONLY_ON_106,UNIQUE_BUT_STALE,REGENERATE_FROM_CURRENT_PIPELINE,.json
game-godot/content/fighters/juno-spark/animations/generated_production/hurt_heavy.anim.json,ONLY_ON_106,UNIQUE_BUT_STALE,REGENERATE_FROM_CURRENT_PIPELINE,.json
game-godot/content/fighters/juno-spark/animations/generated_production/hurt_heavy_back.anim.json,ONLY_ON_106,UNIQUE_BUT_STALE,REGENERATE_FROM_CURRENT_PIPELINE,.json
game-godot/content/fighters/juno-spark/animations/generated_production/hurt_heavy_front.anim.json,ONLY_ON_106,UNIQUE_BUT_STALE,REGENERATE_FROM_CURRENT_PIPELINE,.json
game-godot/content/fighters/juno-spark/animations/generated_production/hurt_launch_diagonal.anim.json,ONLY_ON_106,UNIQUE_BUT_STALE,REGENERATE_FROM_CURRENT_PIPELINE,.json
game-godot/content/fighters/juno-spark/animations/generated_production/hurt_launch_horizontal.anim.json,ONLY_ON_106,UNIQUE_BUT_STALE,REGENERATE_FROM_CURRENT_PIPELINE,.json
game-godot/content/fighters/juno-spark/animations/generated_production/hurt_launch_up.anim.json,ONLY_ON_106,UNIQUE_BUT_STALE,REGENERATE_FROM_CURRENT_PIPELINE,.json
game-godot/content/fighters/juno-spark/animations/generated_production/hurt_light.anim.json,ONLY_ON_106,UNIQUE_BUT_STALE,REGENERATE_FROM_CURRENT_PIPELINE,.json
game-godot/content/fighters/juno-spark/animations/generated_production/hurt_light_high.anim.json,ONLY_ON_106,UNIQUE_BUT_STALE,REGENERATE_FROM_CURRENT_PIPELINE,.json
game-godot/content/fighters/juno-spark/animations/generated_production/hurt_light_low.anim.json,ONLY_ON_106,UNIQUE_BUT_STALE,REGENERATE_FROM_CURRENT_PIPELINE,.json
game-godot/content/fighters/juno-spark/animations/generated_production/hurt_light_mid.anim.json,ONLY_ON_106,UNIQUE_BUT_STALE,REGENERATE_FROM_CURRENT_PIPELINE,.json
game-godot/content/fighters/juno-spark/animations/generated_production/hurt_medium_back.anim.json,ONLY_ON_106,UNIQUE_BUT_STALE,REGENERATE_FROM_CURRENT_PIPELINE,.json
game-godot/content/fighters/juno-spark/animations/generated_production/hurt_medium_front.anim.json,ONLY_ON_106,UNIQUE_BUT_STALE,REGENERATE_FROM_CURRENT_PIPELINE,.json
game-godot/content/fighters/juno-spark/animations/generated_production/hurt_stagger.anim.json,ONLY_ON_106,UNIQUE_BUT_STALE,REGENERATE_FROM_CURRENT_PIPELINE,.json
game-godot/content/fighters/juno-spark/animations/generated_production/idle.anim.json,ONLY_ON_106,UNIQUE_BUT_STALE,REGENERATE_FROM_CURRENT_PIPELINE,.json
game-godot/content/fighters/juno-spark/animations/generated_production/jab.anim.json,ONLY_ON_106,UNIQUE_BUT_STALE,REGENERATE_FROM_CURRENT_PIPELINE,.json
game-godot/content/fighters/juno-spark/animations/generated_production/jab_chain_2.anim.json,ONLY_ON_106,UNIQUE_BUT_STALE,REGENERATE_FROM_CURRENT_PIPELINE,.json
game-godot/content/fighters/juno-spark/animations/generated_production/jab_chain_3.anim.json,ONLY_ON_106,UNIQUE_BUT_STALE,REGENERATE_FROM_CURRENT_PIPELINE,.json
game-godot/content/fighters/juno-spark/animations/generated_production/jump.anim.json,ONLY_ON_106,UNIQUE_BUT_STALE,REGENERATE_FROM_CURRENT_PIPELINE,.json
game-godot/content/fighters/juno-spark/animations/generated_production/jump_apex.anim.json,ONLY_ON_106,UNIQUE_BUT_STALE,REGENERATE_FROM_CURRENT_PIPELINE,.json
game-godot/content/fighters/juno-spark/animations/generated_production/jump_squat.anim.json,ONLY_ON_106,UNIQUE_BUT_STALE,REGENERATE_FROM_CURRENT_PIPELINE,.json
game-godot/content/fighters/juno-spark/animations/generated_production/ko.anim.json,ONLY_ON_106,UNIQUE_BUT_STALE,REGENERATE_FROM_CURRENT_PIPELINE,.json
game-godot/content/fighters/juno-spark/animations/generated_production/ko_launch.anim.json,ONLY_ON_106,UNIQUE_BUT_STALE,REGENERATE_FROM_CURRENT_PIPELINE,.json
game-godot/content/fighters/juno-spark/animations/generated_production/ko_reaction.anim.json,ONLY_ON_106,UNIQUE_BUT_STALE,REGENERATE_FROM_CURRENT_PIPELINE,.json
game-godot/content/fighters/juno-spark/animations/generated_production/land_hard.anim.json,ONLY_ON_106,UNIQUE_BUT_STALE,REGENERATE_FROM_CURRENT_PIPELINE,.json
game-godot/content/fighters/juno-spark/animations/generated_production/land_soft.anim.json,ONLY_ON_106,UNIQUE_BUT_STALE,REGENERATE_FROM_CURRENT_PIPELINE,.json
game-godot/content/fighters/juno-spark/animations/generated_production/landing.anim.json,ONLY_ON_106,UNIQUE_BUT_STALE,REGENERATE_FROM_CURRENT_PIPELINE,.json
game-godot/content/fighters/juno-spark/animations/generated_production/launch.anim.json,ONLY_ON_106,UNIQUE_BUT_STALE,REGENERATE_FROM_CURRENT_PIPELINE,.json
game-godot/content/fighters/juno-spark/animations/generated_production/launch_tumble.anim.json,ONLY_ON_106,UNIQUE_BUT_STALE,REGENERATE_FROM_CURRENT_PIPELINE,.json
game-godot/content/fighters/juno-spark/animations/generated_production/manifest.json,ONLY_ON_106,UNIQUE_BUT_STALE,HUMAN_ART_REVIEW_REQUIRED,.json
game-godot/content/fighters/juno-spark/animations/generated_production/personality_idle.anim.json,ONLY_ON_106,UNIQUE_BUT_STALE,REGENERATE_FROM_CURRENT_PIPELINE,.json
game-godot/content/fighters/juno-spark/animations/generated_production/projectile_full.anim.json,ONLY_ON_106,UNIQUE_BUT_STALE,REGENERATE_FROM_CURRENT_PIPELINE,.json
game-godot/content/fighters/juno-spark/animations/generated_production/projectile_medium.anim.json,ONLY_ON_106,UNIQUE_BUT_STALE,REGENERATE_FROM_CURRENT_PIPELINE,.json
game-godot/content/fighters/juno-spark/animations/generated_production/projectile_tap.anim.json,ONLY_ON_106,UNIQUE_BUT_STALE,REGENERATE_FROM_CURRENT_PIPELINE,.json
game-godot/content/fighters/juno-spark/animations/generated_production/recovery.anim.json,ONLY_ON_106,UNIQUE_BUT_STALE,REGENERATE_FROM_CURRENT_PIPELINE,.json
game-godot/content/fighters/juno-spark/animations/generated_production/run.anim.json,ONLY_ON_106,UNIQUE_BUT_STALE,REGENERATE_FROM_CURRENT_PIPELINE,.json
game-godot/content/fighters/juno-spark/animations/generated_production/run_start.anim.json,ONLY_ON_106,UNIQUE_BUT_STALE,REGENERATE_FROM_CURRENT_PIPELINE,.json
game-godot/content/fighters/juno-spark/animations/generated_production/run_stop.anim.json,ONLY_ON_106,UNIQUE_BUT_STALE,REGENERATE_FROM_CURRENT_PIPELINE,.json
game-godot/content/fighters/juno-spark/animations/generated_production/shield.anim.json,ONLY_ON_106,UNIQUE_BUT_STALE,REGENERATE_FROM_CURRENT_PIPELINE,.json
game-godot/content/fighters/juno-spark/animations/generated_production/shield_hit_heavy.anim.json,ONLY_ON_106,UNIQUE_BUT_STALE,REGENERATE_FROM_CURRENT_PIPELINE,.json
game-godot/content/fighters/juno-spark/animations/generated_production/shield_hit_light.anim.json,ONLY_ON_106,UNIQUE_BUT_STALE,REGENERATE_FROM_CURRENT_PIPELINE,.json
game-godot/content/fighters/juno-spark/animations/generated_production/signature_lane_burst.anim.json,ONLY_ON_106,UNIQUE_BUT_STALE,REGENERATE_FROM_CURRENT_PIPELINE,.json
game-godot/content/fighters/juno-spark/animations/generated_production/signature_lane_confirm.anim.json,ONLY_ON_106,UNIQUE_BUT_STALE,REGENERATE_FROM_CURRENT_PIPELINE,.json
game-godot/content/fighters/juno-spark/animations/generated_production/signature_lane_control.anim.json,ONLY_ON_106,UNIQUE_BUT_STALE,REGENERATE_FROM_CURRENT_PIPELINE,.json
game-godot/content/fighters/juno-spark/animations/generated_production/signature_lane_counter.anim.json,ONLY_ON_106,UNIQUE_BUT_STALE,REGENERATE_FROM_CURRENT_PIPELINE,.json
game-godot/content/fighters/juno-spark/animations/generated_production/signature_lane_feint.anim.json,ONLY_ON_106,UNIQUE_BUT_STALE,REGENERATE_FROM_CURRENT_PIPELINE,.json
game-godot/content/fighters/juno-spark/animations/generated_production/signature_lane_finisher.anim.json,ONLY_ON_106,UNIQUE_BUT_STALE,REGENERATE_FROM_CURRENT_PIPELINE,.json
game-godot/content/fighters/juno-spark/animations/generated_production/signature_lane_launch.anim.json,ONLY_ON_106,UNIQUE_BUT_STALE,REGENERATE_FROM_CURRENT_PIPELINE,.json
game-godot/content/fighters/juno-spark/animations/generated_production/signature_lane_trap.anim.json,ONLY_ON_106,UNIQUE_BUT_STALE,REGENERATE_FROM_CURRENT_PIPELINE,.json
game-godot/content/fighters/juno-spark/animations/generated_production/smash_down.anim.json,ONLY_ON_106,UNIQUE_BUT_STALE,REGENERATE_FROM_CURRENT_PIPELINE,.json
game-godot/content/fighters/juno-spark/animations/generated_production/smash_forward.anim.json,ONLY_ON_106,UNIQUE_BUT_STALE,REGENERATE_FROM_CURRENT_PIPELINE,.json
game-godot/content/fighters/juno-spark/animations/generated_production/smash_up.anim.json,ONLY_ON_106,UNIQUE_BUT_STALE,REGENERATE_FROM_CURRENT_PIPELINE,.json
game-godot/content/fighters/juno-spark/animations/generated_production/throw_back.anim.json,ONLY_ON_106,UNIQUE_BUT_STALE,REGENERATE_FROM_CURRENT_PIPELINE,.json
game-godot/content/fighters/juno-spark/animations/generated_production/throw_down.anim.json,ONLY_ON_106,UNIQUE_BUT_STALE,REGENERATE_FROM_CURRENT_PIPELINE,.json
game-godot/content/fighters/juno-spark/animations/generated_production/throw_forward.anim.json,ONLY_ON_106,UNIQUE_BUT_STALE,REGENERATE_FROM_CURRENT_PIPELINE,.json
game-godot/content/fighters/juno-spark/animations/generated_production/throw_up.anim.json,ONLY_ON_106,UNIQUE_BUT_STALE,REGENERATE_FROM_CURRENT_PIPELINE,.json
game-godot/content/fighters/juno-spark/animations/generated_production/throw_victim_back.anim.json,ONLY_ON_106,UNIQUE_BUT_STALE,REGENERATE_FROM_CURRENT_PIPELINE,.json
game-godot/content/fighters/juno-spark/animations/generated_production/throw_victim_down.anim.json,ONLY_ON_106,UNIQUE_BUT_STALE,REGENERATE_FROM_CURRENT_PIPELINE,.json
game-godot/content/fighters/juno-spark/animations/generated_production/throw_victim_forward.anim.json,ONLY_ON_106,UNIQUE_BUT_STALE,REGENERATE_FROM_CURRENT_PIPELINE,.json
game-godot/content/fighters/juno-spark/animations/generated_production/throw_victim_up.anim.json,ONLY_ON_106,UNIQUE_BUT_STALE,REGENERATE_FROM_CURRENT_PIPELINE,.json
game-godot/content/fighters/juno-spark/animations/generated_production/tilt_down.anim.json,ONLY_ON_106,UNIQUE_BUT_STALE,REGENERATE_FROM_CURRENT_PIPELINE,.json
game-godot/content/fighters/juno-spark/animations/generated_production/tilt_forward.anim.json,ONLY_ON_106,UNIQUE_BUT_STALE,REGENERATE_FROM_CURRENT_PIPELINE,.json
game-godot/content/fighters/juno-spark/animations/generated_production/tilt_up.anim.json,ONLY_ON_106,UNIQUE_BUT_STALE,REGENERATE_FROM_CURRENT_PIPELINE,.json
game-godot/content/fighters/juno-spark/animations/generated_production/tumble.anim.json,ONLY_ON_106,UNIQUE_BUT_STALE,REGENERATE_FROM_CURRENT_PIPELINE,.json
game-godot/content/fighters/juno-spark/animations/generated_production/turn.anim.json,ONLY_ON_106,UNIQUE_BUT_STALE,REGENERATE_FROM_CURRENT_PIPELINE,.json
game-godot/content/fighters/juno-spark/animations/generated_production/victory.anim.json,ONLY_ON_106,UNIQUE_BUT_STALE,REGENERATE_FROM_CURRENT_PIPELINE,.json
game-godot/content/fighters/juno-spark/animations/generated_production/walk.anim.json,ONLY_ON_106,UNIQUE_BUT_STALE,REGENERATE_FROM_CURRENT_PIPELINE,.json
game-godot/content/fighters/juno-spark/animations/generated_production/walk_start.anim.json,ONLY_ON_106,UNIQUE_BUT_STALE,REGENERATE_FROM_CURRENT_PIPELINE,.json
game-godot/content/fighters/juno-spark/animations/generated_production/walk_stop.anim.json,ONLY_ON_106,UNIQUE_BUT_STALE,REGENERATE_FROM_CURRENT_PIPELINE,.json
game-godot/content/fighters/juno-spark/animations/generated_production/wall_splat.anim.json,ONLY_ON_106,UNIQUE_BUT_STALE,REGENERATE_FROM_CURRENT_PIPELINE,.json
game-godot/content/fighters/juno-spark/animations/procedural/aerial_back.anim.json,BOTH_DIVERGED,UNIQUE_BUT_STALE,REGENERATE_FROM_CURRENT_PIPELINE,.json
game-godot/content/fighters/juno-spark/animations/procedural/aerial_down.anim.json,BOTH_DIVERGED,UNIQUE_BUT_STALE,REGENERATE_FROM_CURRENT_PIPELINE,.json
game-godot/content/fighters/juno-spark/animations/procedural/aerial_forward.anim.json,BOTH_DIVERGED,UNIQUE_BUT_STALE,REGENERATE_FROM_CURRENT_PIPELINE,.json
game-godot/content/fighters/juno-spark/animations/procedural/aerial_neutral.anim.json,BOTH_DIVERGED,UNIQUE_BUT_STALE,REGENERATE_FROM_CURRENT_PIPELINE,.json
game-godot/content/fighters/juno-spark/animations/procedural/aerial_up.anim.json,BOTH_DIVERGED,UNIQUE_BUT_STALE,REGENERATE_FROM_CURRENT_PIPELINE,.json
game-godot/content/fighters/juno-spark/animations/procedural/air_dodge.anim.json,BOTH_DIVERGED,UNIQUE_BUT_STALE,REGENERATE_FROM_CURRENT_PIPELINE,.json
game-godot/content/fighters/juno-spark/animations/procedural/air_drift.anim.json,BOTH_DIVERGED,UNIQUE_BUT_STALE,REGENERATE_FROM_CURRENT_PIPELINE,.json
game-godot/content/fighters/juno-spark/animations/procedural/aura_charge.anim.json,BOTH_DIVERGED,UNIQUE_BUT_STALE,REGENERATE_FROM_CURRENT_PIPELINE,.json
game-godot/content/fighters/juno-spark/animations/procedural/aura_release.anim.json,BOTH_DIVERGED,UNIQUE_BUT_STALE,REGENERATE_FROM_CURRENT_PIPELINE,.json
game-godot/content/fighters/juno-spark/animations/procedural/charge_full.anim.json,ONLY_ON_106,UNIQUE_BUT_STALE,REGENERATE_FROM_CURRENT_PIPELINE,.json
game-godot/content/fighters/juno-spark/animations/procedural/charge_high.anim.json,ONLY_ON_106,UNIQUE_BUT_STALE,REGENERATE_FROM_CURRENT_PIPELINE,.json
game-godot/content/fighters/juno-spark/animations/procedural/charge_low.anim.json,ONLY_ON_106,UNIQUE_BUT_STALE,REGENERATE_FROM_CURRENT_PIPELINE,.json
game-godot/content/fighters/juno-spark/animations/procedural/charge_mid.anim.json,ONLY_ON_106,UNIQUE_BUT_STALE,REGENERATE_FROM_CURRENT_PIPELINE,.json
game-godot/content/fighters/juno-spark/animations/procedural/charge_release.anim.json,ONLY_ON_106,UNIQUE_BUT_STALE,REGENERATE_FROM_CURRENT_PIPELINE,.json
game-godot/content/fighters/juno-spark/animations/procedural/charge_start.anim.json,ONLY_ON_106,UNIQUE_BUT_STALE,REGENERATE_FROM_CURRENT_PIPELINE,.json
game-godot/content/fighters/juno-spark/animations/procedural/charged_dash.anim.json,ONLY_ON_106,UNIQUE_BUT_STALE,REGENERATE_FROM_CURRENT_PIPELINE,.json
game-godot/content/fighters/juno-spark/animations/procedural/charged_fall.anim.json,ONLY_ON_106,UNIQUE_BUT_STALE,REGENERATE_FROM_CURRENT_PIPELINE,.json
game-godot/content/fighters/juno-spark/animations/procedural/charged_hold.anim.json,ONLY_ON_106,UNIQUE_BUT_STALE,REGENERATE_FROM_CURRENT_PIPELINE,.json
game-godot/content/fighters/juno-spark/animations/procedural/charged_idle.anim.json,ONLY_ON_106,UNIQUE_BUT_STALE,REGENERATE_FROM_CURRENT_PIPELINE,.json
game-godot/content/fighters/juno-spark/animations/procedural/charged_jump.anim.json,ONLY_ON_106,UNIQUE_BUT_STALE,REGENERATE_FROM_CURRENT_PIPELINE,.json
game-godot/content/fighters/juno-spark/animations/procedural/charged_land.anim.json,ONLY_ON_106,UNIQUE_BUT_STALE,REGENERATE_FROM_CURRENT_PIPELINE,.json
game-godot/content/fighters/juno-spark/animations/procedural/charged_run.anim.json,ONLY_ON_106,UNIQUE_BUT_STALE,REGENERATE_FROM_CURRENT_PIPELINE,.json
game-godot/content/fighters/juno-spark/animations/procedural/charged_walk.anim.json,ONLY_ON_106,UNIQUE_BUT_STALE,REGENERATE_FROM_CURRENT_PIPELINE,.json
game-godot/content/fighters/juno-spark/animations/procedural/contact_aura.anim.json,ONLY_ON_106,UNIQUE_BUT_STALE,REFERENCE_ONLY,.json
game-godot/content/fighters/juno-spark/animations/procedural/contact_heavy.anim.json,ONLY_ON_106,UNIQUE_BUT_STALE,REFERENCE_ONLY,.json
game-godot/content/fighters/juno-spark/animations/procedural/contact_ko.anim.json,ONLY_ON_106,UNIQUE_BUT_STALE,REFERENCE_ONLY,.json
game-godot/content/fighters/juno-spark/animations/procedural/contact_light.anim.json,ONLY_ON_106,UNIQUE_BUT_STALE,REFERENCE_ONLY,.json
game-godot/content/fighters/juno-spark/animations/procedural/contact_medium.anim.json,ONLY_ON_106,UNIQUE_BUT_STALE,REFERENCE_ONLY,.json
game-godot/content/fighters/juno-spark/animations/procedural/contact_super.anim.json,ONLY_ON_106,UNIQUE_BUT_STALE,REFERENCE_ONLY,.json
game-godot/content/fighters/juno-spark/animations/procedural/dash.anim.json,BOTH_DIVERGED,UNIQUE_BUT_STALE,REGENERATE_FROM_CURRENT_PIPELINE,.json
game-godot/content/fighters/juno-spark/animations/procedural/dash_stop.anim.json,ONLY_ON_106,UNIQUE_BUT_STALE,REGENERATE_FROM_CURRENT_PIPELINE,.json
game-godot/content/fighters/juno-spark/animations/procedural/defeat.anim.json,BOTH_DIVERGED,UNIQUE_BUT_STALE,REGENERATE_FROM_CURRENT_PIPELINE,.json
game-godot/content/fighters/juno-spark/animations/procedural/dodge.anim.json,BOTH_DIVERGED,UNIQUE_BUT_STALE,REGENERATE_FROM_CURRENT_PIPELINE,.json
game-godot/content/fighters/juno-spark/animations/procedural/fall.anim.json,BOTH_DIVERGED,UNIQUE_BUT_STALE,REGENERATE_FROM_CURRENT_PIPELINE,.json
game-godot/content/fighters/juno-spark/animations/procedural/grab.anim.json,BOTH_DIVERGED,UNIQUE_BUT_STALE,REGENERATE_FROM_CURRENT_PIPELINE,.json
game-godot/content/fighters/juno-spark/animations/procedural/grab_victim.anim.json,ONLY_ON_106,UNIQUE_BUT_STALE,REGENERATE_FROM_CURRENT_PIPELINE,.json
game-godot/content/fighters/juno-spark/animations/procedural/heavy.anim.json,BOTH_DIVERGED,UNIQUE_BUT_STALE,REGENERATE_FROM_CURRENT_PIPELINE,.json
game-godot/content/fighters/juno-spark/animations/procedural/hurt.anim.json,BOTH_DIVERGED,UNIQUE_BUT_STALE,REGENERATE_FROM_CURRENT_PIPELINE,.json
game-godot/content/fighters/juno-spark/animations/procedural/hurt_body_snap.anim.json,ONLY_ON_106,UNIQUE_BUT_STALE,REGENERATE_FROM_CURRENT_PIPELINE,.json
game-godot/content/fighters/juno-spark/animations/procedural/hurt_crumple.anim.json,ONLY_ON_106,UNIQUE_BUT_STALE,REGENERATE_FROM_CURRENT_PIPELINE,.json
game-godot/content/fighters/juno-spark/animations/procedural/hurt_flinch.anim.json,ONLY_ON_106,UNIQUE_BUT_STALE,REGENERATE_FROM_CURRENT_PIPELINE,.json
game-godot/content/fighters/juno-spark/animations/procedural/hurt_freeze_stiffness.anim.json,ONLY_ON_106,UNIQUE_BUT_STALE,REGENERATE_FROM_CURRENT_PIPELINE,.json
game-godot/content/fighters/juno-spark/animations/procedural/hurt_ground_bounce.anim.json,ONLY_ON_106,UNIQUE_BUT_STALE,REGENERATE_FROM_CURRENT_PIPELINE,.json
game-godot/content/fighters/juno-spark/animations/procedural/hurt_heavy.anim.json,BOTH_DIVERGED,UNIQUE_BUT_STALE,REGENERATE_FROM_CURRENT_PIPELINE,.json
game-godot/content/fighters/juno-spark/animations/procedural/hurt_ko_spin.anim.json,ONLY_ON_106,UNIQUE_BUT_STALE,REGENERATE_FROM_CURRENT_PIPELINE,.json
game-godot/content/fighters/juno-spark/animations/procedural/hurt_launch.anim.json,ONLY_ON_106,UNIQUE_BUT_STALE,REGENERATE_FROM_CURRENT_PIPELINE,.json
game-godot/content/fighters/juno-spark/animations/procedural/hurt_light.anim.json,BOTH_DIVERGED,UNIQUE_BUT_STALE,REGENERATE_FROM_CURRENT_PIPELINE,.json
game-godot/content/fighters/juno-spark/animations/procedural/hurt_medium.anim.json,BOTH_DIVERGED,UNIQUE_BUT_STALE,REGENERATE_FROM_CURRENT_PIPELINE,.json
game-godot/content/fighters/juno-spark/animations/procedural/hurt_shield_recoil.anim.json,ONLY_ON_106,UNIQUE_BUT_STALE,REGENERATE_FROM_CURRENT_PIPELINE,.json
game-godot/content/fighters/juno-spark/animations/procedural/hurt_spike.anim.json,ONLY_ON_106,UNIQUE_BUT_STALE,REGENERATE_FROM_CURRENT_PIPELINE,.json
game-godot/content/fighters/juno-spark/animations/procedural/hurt_stagger.anim.json,ONLY_ON_106,UNIQUE_BUT_STALE,REGENERATE_FROM_CURRENT_PIPELINE,.json
game-godot/content/fighters/juno-spark/animations/procedural/hurt_tumble.anim.json,ONLY_ON_106,UNIQUE_BUT_STALE,REGENERATE_FROM_CURRENT_PIPELINE,.json
game-godot/content/fighters/juno-spark/animations/procedural/hurt_wall_splat.anim.json,ONLY_ON_106,UNIQUE_BUT_STALE,REGENERATE_FROM_CURRENT_PIPELINE,.json
game-godot/content/fighters/juno-spark/animations/procedural/idle.anim.json,BOTH_DIVERGED,UNIQUE_BUT_STALE,REGENERATE_FROM_CURRENT_PIPELINE,.json
game-godot/content/fighters/juno-spark/animations/procedural/idle_personality.anim.json,ONLY_ON_106,UNIQUE_BUT_STALE,REGENERATE_FROM_CURRENT_PIPELINE,.json
game-godot/content/fighters/juno-spark/animations/procedural/jab.anim.json,BOTH_DIVERGED,UNIQUE_BUT_STALE,REGENERATE_FROM_CURRENT_PIPELINE,.json
game-godot/content/fighters/juno-spark/animations/procedural/jab_chain_2.anim.json,BOTH_DIVERGED,UNIQUE_BUT_STALE,REGENERATE_FROM_CURRENT_PIPELINE,.json
game-godot/content/fighters/juno-spark/animations/procedural/jab_chain_3.anim.json,BOTH_DIVERGED,UNIQUE_BUT_STALE,REGENERATE_FROM_CURRENT_PIPELINE,.json
game-godot/content/fighters/juno-spark/animations/procedural/jump.anim.json,BOTH_DIVERGED,UNIQUE_BUT_STALE,REGENERATE_FROM_CURRENT_PIPELINE,.json
game-godot/content/fighters/juno-spark/animations/procedural/jump_apex.anim.json,BOTH_DIVERGED,UNIQUE_BUT_STALE,REGENERATE_FROM_CURRENT_PIPELINE,.json
game-godot/content/fighters/juno-spark/animations/procedural/jump_squat.anim.json,ONLY_ON_106,UNIQUE_BUT_STALE,REGENERATE_FROM_CURRENT_PIPELINE,.json
game-godot/content/fighters/juno-spark/animations/procedural/ko.anim.json,BOTH_DIVERGED,UNIQUE_BUT_STALE,REGENERATE_FROM_CURRENT_PIPELINE,.json
game-godot/content/fighters/juno-spark/animations/procedural/landing.anim.json,BOTH_DIVERGED,UNIQUE_BUT_STALE,REGENERATE_FROM_CURRENT_PIPELINE,.json
game-godot/content/fighters/juno-spark/animations/procedural/launch.anim.json,BOTH_DIVERGED,UNIQUE_BUT_STALE,REGENERATE_FROM_CURRENT_PIPELINE,.json
game-godot/content/fighters/juno-spark/animations/procedural/manifest.json,BOTH_DIVERGED,UNIQUE_BUT_STALE,REGENERATE_FROM_CURRENT_PIPELINE,.json
game-godot/content/fighters/juno-spark/animations/procedural/projectile_full.anim.json,BOTH_DIVERGED,UNIQUE_BUT_STALE,REGENERATE_FROM_CURRENT_PIPELINE,.json
game-godot/content/fighters/juno-spark/animations/procedural/projectile_medium.anim.json,BOTH_DIVERGED,UNIQUE_BUT_STALE,REGENERATE_FROM_CURRENT_PIPELINE,.json
game-godot/content/fighters/juno-spark/animations/procedural/projectile_tap.anim.json,BOTH_DIVERGED,UNIQUE_BUT_STALE,REGENERATE_FROM_CURRENT_PIPELINE,.json
game-godot/content/fighters/juno-spark/animations/procedural/recovery.anim.json,BOTH_DIVERGED,UNIQUE_BUT_STALE,REGENERATE_FROM_CURRENT_PIPELINE,.json
game-godot/content/fighters/juno-spark/animations/procedural/recovery_identity.anim.json,ONLY_ON_106,UNIQUE_BUT_STALE,REGENERATE_FROM_CURRENT_PIPELINE,.json
game-godot/content/fighters/juno-spark/animations/procedural/run.anim.json,BOTH_DIVERGED,UNIQUE_BUT_STALE,REGENERATE_FROM_CURRENT_PIPELINE,.json
game-godot/content/fighters/juno-spark/animations/procedural/run_start.anim.json,ONLY_ON_106,UNIQUE_BUT_STALE,REGENERATE_FROM_CURRENT_PIPELINE,.json
game-godot/content/fighters/juno-spark/animations/procedural/run_stop.anim.json,ONLY_ON_106,UNIQUE_BUT_STALE,REGENERATE_FROM_CURRENT_PIPELINE,.json
game-godot/content/fighters/juno-spark/animations/procedural/shield.anim.json,BOTH_DIVERGED,UNIQUE_BUT_STALE,REGENERATE_FROM_CURRENT_PIPELINE,.json
game-godot/content/fighters/juno-spark/animations/procedural/signature_lane_burst.anim.json,BOTH_DIVERGED,UNIQUE_BUT_STALE,REGENERATE_FROM_CURRENT_PIPELINE,.json
game-godot/content/fighters/juno-spark/animations/procedural/signature_lane_confirm.anim.json,BOTH_DIVERGED,UNIQUE_BUT_STALE,REGENERATE_FROM_CURRENT_PIPELINE,.json
game-godot/content/fighters/juno-spark/animations/procedural/signature_lane_control.anim.json,BOTH_DIVERGED,UNIQUE_BUT_STALE,REGENERATE_FROM_CURRENT_PIPELINE,.json
game-godot/content/fighters/juno-spark/animations/procedural/signature_lane_counter.anim.json,BOTH_DIVERGED,UNIQUE_BUT_STALE,REGENERATE_FROM_CURRENT_PIPELINE,.json
game-godot/content/fighters/juno-spark/animations/procedural/signature_lane_feint.anim.json,BOTH_DIVERGED,UNIQUE_BUT_STALE,REGENERATE_FROM_CURRENT_PIPELINE,.json
game-godot/content/fighters/juno-spark/animations/procedural/signature_lane_finisher.anim.json,BOTH_DIVERGED,UNIQUE_BUT_STALE,REGENERATE_FROM_CURRENT_PIPELINE,.json
game-godot/content/fighters/juno-spark/animations/procedural/signature_lane_launch.anim.json,BOTH_DIVERGED,UNIQUE_BUT_STALE,REGENERATE_FROM_CURRENT_PIPELINE,.json
game-godot/content/fighters/juno-spark/animations/procedural/signature_lane_trap.anim.json,BOTH_DIVERGED,UNIQUE_BUT_STALE,REGENERATE_FROM_CURRENT_PIPELINE,.json
game-godot/content/fighters/juno-spark/animations/procedural/smash_down.anim.json,BOTH_DIVERGED,UNIQUE_BUT_STALE,REGENERATE_FROM_CURRENT_PIPELINE,.json
game-godot/content/fighters/juno-spark/animations/procedural/smash_forward.anim.json,BOTH_DIVERGED,UNIQUE_BUT_STALE,REGENERATE_FROM_CURRENT_PIPELINE,.json
game-godot/content/fighters/juno-spark/animations/procedural/smash_up.anim.json,BOTH_DIVERGED,UNIQUE_BUT_STALE,REGENERATE_FROM_CURRENT_PIPELINE,.json
game-godot/content/fighters/juno-spark/animations/procedural/super.anim.json,ONLY_ON_106,UNIQUE_BUT_STALE,REGENERATE_FROM_CURRENT_PIPELINE,.json
game-godot/content/fighters/juno-spark/animations/procedural/throw_back.anim.json,BOTH_DIVERGED,UNIQUE_BUT_STALE,REGENERATE_FROM_CURRENT_PIPELINE,.json
game-godot/content/fighters/juno-spark/animations/procedural/throw_down.anim.json,BOTH_DIVERGED,UNIQUE_BUT_STALE,REGENERATE_FROM_CURRENT_PIPELINE,.json
game-godot/content/fighters/juno-spark/animations/procedural/throw_forward.anim.json,BOTH_DIVERGED,UNIQUE_BUT_STALE,REGENERATE_FROM_CURRENT_PIPELINE,.json
game-godot/content/fighters/juno-spark/animations/procedural/throw_up.anim.json,BOTH_DIVERGED,UNIQUE_BUT_STALE,REGENERATE_FROM_CURRENT_PIPELINE,.json
game-godot/content/fighters/juno-spark/animations/procedural/throw_victim_back.anim.json,ONLY_ON_106,UNIQUE_BUT_STALE,REGENERATE_FROM_CURRENT_PIPELINE,.json
game-godot/content/fighters/juno-spark/animations/procedural/throw_victim_down.anim.json,ONLY_ON_106,UNIQUE_BUT_STALE,REGENERATE_FROM_CURRENT_PIPELINE,.json
game-godot/content/fighters/juno-spark/animations/procedural/throw_victim_forward.anim.json,ONLY_ON_106,UNIQUE_BUT_STALE,REGENERATE_FROM_CURRENT_PIPELINE,.json
game-godot/content/fighters/juno-spark/animations/procedural/throw_victim_up.anim.json,ONLY_ON_106,UNIQUE_BUT_STALE,REGENERATE_FROM_CURRENT_PIPELINE,.json
game-godot/content/fighters/juno-spark/animations/procedural/tilt_down.anim.json,BOTH_DIVERGED,UNIQUE_BUT_STALE,REGENERATE_FROM_CURRENT_PIPELINE,.json
game-godot/content/fighters/juno-spark/animations/procedural/tilt_forward.anim.json,BOTH_DIVERGED,UNIQUE_BUT_STALE,REGENERATE_FROM_CURRENT_PIPELINE,.json
game-godot/content/fighters/juno-spark/animations/procedural/tilt_up.anim.json,BOTH_DIVERGED,UNIQUE_BUT_STALE,REGENERATE_FROM_CURRENT_PIPELINE,.json
game-godot/content/fighters/juno-spark/animations/procedural/transition_idle_walk.anim.json,ONLY_ON_106,UNIQUE_BUT_STALE,REGENERATE_FROM_CURRENT_PIPELINE,.json
game-godot/content/fighters/juno-spark/animations/procedural/transition_walk_run.anim.json,ONLY_ON_106,UNIQUE_BUT_STALE,REGENERATE_FROM_CURRENT_PIPELINE,.json
game-godot/content/fighters/juno-spark/animations/procedural/tumble.anim.json,BOTH_DIVERGED,UNIQUE_BUT_STALE,REGENERATE_FROM_CURRENT_PIPELINE,.json
game-godot/content/fighters/juno-spark/animations/procedural/turn.anim.json,BOTH_DIVERGED,UNIQUE_BUT_STALE,REGENERATE_FROM_CURRENT_PIPELINE,.json
game-godot/content/fighters/juno-spark/animations/procedural/uncharged_release.anim.json,ONLY_ON_106,UNIQUE_BUT_STALE,REGENERATE_FROM_CURRENT_PIPELINE,.json
game-godot/content/fighters/juno-spark/animations/procedural/victory.anim.json,BOTH_DIVERGED,UNIQUE_BUT_STALE,REGENERATE_FROM_CURRENT_PIPELINE,.json
game-godot/content/fighters/juno-spark/animations/procedural/walk.anim.json,BOTH_DIVERGED,UNIQUE_BUT_STALE,REGENERATE_FROM_CURRENT_PIPELINE,.json
game-godot/content/fighters/juno-spark/animations/procedural/walk_start.anim.json,ONLY_ON_106,UNIQUE_BUT_STALE,REGENERATE_FROM_CURRENT_PIPELINE,.json
game-godot/content/fighters/juno-spark/animations/procedural/walk_stop.anim.json,ONLY_ON_106,UNIQUE_BUT_STALE,REGENERATE_FROM_CURRENT_PIPELINE,.json
game-godot/content/fighters/juno-spark/model/juno-spark_generated_production.glb,ONLY_ON_106,UNIQUE_BUT_STALE,HUMAN_ART_REVIEW_REQUIRED,.glb
game-godot/content/fighters/juno-spark/model/juno-spark_generated_production.glb.import,ONLY_ON_106,UNIQUE_BUT_STALE,HUMAN_ART_REVIEW_REQUIRED,.import
game-godot/content/fighters/kaia-windrow/animations/generated_production/aerial_back.anim.json,ONLY_ON_106,UNIQUE_BUT_STALE,REGENERATE_FROM_CURRENT_PIPELINE,.json
game-godot/content/fighters/kaia-windrow/animations/generated_production/aerial_down.anim.json,ONLY_ON_106,UNIQUE_BUT_STALE,REGENERATE_FROM_CURRENT_PIPELINE,.json
game-godot/content/fighters/kaia-windrow/animations/generated_production/aerial_forward.anim.json,ONLY_ON_106,UNIQUE_BUT_STALE,REGENERATE_FROM_CURRENT_PIPELINE,.json
game-godot/content/fighters/kaia-windrow/animations/generated_production/aerial_neutral.anim.json,ONLY_ON_106,UNIQUE_BUT_STALE,REGENERATE_FROM_CURRENT_PIPELINE,.json
game-godot/content/fighters/kaia-windrow/animations/generated_production/aerial_up.anim.json,ONLY_ON_106,UNIQUE_BUT_STALE,REGENERATE_FROM_CURRENT_PIPELINE,.json
game-godot/content/fighters/kaia-windrow/animations/generated_production/air_dodge.anim.json,ONLY_ON_106,UNIQUE_BUT_STALE,REGENERATE_FROM_CURRENT_PIPELINE,.json
game-godot/content/fighters/kaia-windrow/animations/generated_production/air_drift.anim.json,ONLY_ON_106,UNIQUE_BUT_STALE,REGENERATE_FROM_CURRENT_PIPELINE,.json
game-godot/content/fighters/kaia-windrow/animations/generated_production/aura_burst_super_pose.anim.json,ONLY_ON_106,UNIQUE_BUT_STALE,REGENERATE_FROM_CURRENT_PIPELINE,.json
game-godot/content/fighters/kaia-windrow/animations/generated_production/aura_charge.anim.json,ONLY_ON_106,UNIQUE_BUT_STALE,REGENERATE_FROM_CURRENT_PIPELINE,.json
game-godot/content/fighters/kaia-windrow/animations/generated_production/aura_release.anim.json,ONLY_ON_106,UNIQUE_BUT_STALE,REGENERATE_FROM_CURRENT_PIPELINE,.json
game-godot/content/fighters/kaia-windrow/animations/generated_production/aura_signature.anim.json,ONLY_ON_106,UNIQUE_BUT_STALE,REGENERATE_FROM_CURRENT_PIPELINE,.json
game-godot/content/fighters/kaia-windrow/animations/generated_production/charge_full.anim.json,ONLY_ON_106,UNIQUE_BUT_STALE,REGENERATE_FROM_CURRENT_PIPELINE,.json
game-godot/content/fighters/kaia-windrow/animations/generated_production/charge_high.anim.json,ONLY_ON_106,UNIQUE_BUT_STALE,REGENERATE_FROM_CURRENT_PIPELINE,.json
game-godot/content/fighters/kaia-windrow/animations/generated_production/charge_low.anim.json,ONLY_ON_106,UNIQUE_BUT_STALE,REGENERATE_FROM_CURRENT_PIPELINE,.json
game-godot/content/fighters/kaia-windrow/animations/generated_production/charge_mid.anim.json,ONLY_ON_106,UNIQUE_BUT_STALE,REGENERATE_FROM_CURRENT_PIPELINE,.json
game-godot/content/fighters/kaia-windrow/animations/generated_production/charge_release.anim.json,ONLY_ON_106,UNIQUE_BUT_STALE,REGENERATE_FROM_CURRENT_PIPELINE,.json
game-godot/content/fighters/kaia-windrow/animations/generated_production/charge_start.anim.json,ONLY_ON_106,UNIQUE_BUT_STALE,REGENERATE_FROM_CURRENT_PIPELINE,.json
game-godot/content/fighters/kaia-windrow/animations/generated_production/charged_dash.anim.json,ONLY_ON_106,UNIQUE_BUT_STALE,REGENERATE_FROM_CURRENT_PIPELINE,.json
game-godot/content/fighters/kaia-windrow/animations/generated_production/charged_fall.anim.json,ONLY_ON_106,UNIQUE_BUT_STALE,REGENERATE_FROM_CURRENT_PIPELINE,.json
game-godot/content/fighters/kaia-windrow/animations/generated_production/charged_idle.anim.json,ONLY_ON_106,UNIQUE_BUT_STALE,REGENERATE_FROM_CURRENT_PIPELINE,.json
game-godot/content/fighters/kaia-windrow/animations/generated_production/charged_jump.anim.json,ONLY_ON_106,UNIQUE_BUT_STALE,REGENERATE_FROM_CURRENT_PIPELINE,.json
game-godot/content/fighters/kaia-windrow/animations/generated_production/charged_land.anim.json,ONLY_ON_106,UNIQUE_BUT_STALE,REGENERATE_FROM_CURRENT_PIPELINE,.json
game-godot/content/fighters/kaia-windrow/animations/generated_production/charged_run.anim.json,ONLY_ON_106,UNIQUE_BUT_STALE,REGENERATE_FROM_CURRENT_PIPELINE,.json
game-godot/content/fighters/kaia-windrow/animations/generated_production/charged_walk.anim.json,ONLY_ON_106,UNIQUE_BUT_STALE,REGENERATE_FROM_CURRENT_PIPELINE,.json
game-godot/content/fighters/kaia-windrow/animations/generated_production/clash_break.anim.json,ONLY_ON_106,UNIQUE_BUT_STALE,REGENERATE_FROM_CURRENT_PIPELINE,.json
game-godot/content/fighters/kaia-windrow/animations/generated_production/clash_lock.anim.json,ONLY_ON_106,UNIQUE_BUT_STALE,REGENERATE_FROM_CURRENT_PIPELINE,.json
game-godot/content/fighters/kaia-windrow/animations/generated_production/clash_losing.anim.json,ONLY_ON_106,UNIQUE_BUT_STALE,REGENERATE_FROM_CURRENT_PIPELINE,.json
game-godot/content/fighters/kaia-windrow/animations/generated_production/clash_push.anim.json,ONLY_ON_106,UNIQUE_BUT_STALE,REGENERATE_FROM_CURRENT_PIPELINE,.json
game-godot/content/fighters/kaia-windrow/animations/generated_production/clash_start.anim.json,ONLY_ON_106,UNIQUE_BUT_STALE,REGENERATE_FROM_CURRENT_PIPELINE,.json
game-godot/content/fighters/kaia-windrow/animations/generated_production/clash_winning.anim.json,ONLY_ON_106,UNIQUE_BUT_STALE,REGENERATE_FROM_CURRENT_PIPELINE,.json
game-godot/content/fighters/kaia-windrow/animations/generated_production/crouch.anim.json,ONLY_ON_106,UNIQUE_BUT_STALE,REGENERATE_FROM_CURRENT_PIPELINE,.json
game-godot/content/fighters/kaia-windrow/animations/generated_production/dash.anim.json,ONLY_ON_106,UNIQUE_BUT_STALE,REGENERATE_FROM_CURRENT_PIPELINE,.json
game-godot/content/fighters/kaia-windrow/animations/generated_production/dash_stop.anim.json,ONLY_ON_106,UNIQUE_BUT_STALE,REGENERATE_FROM_CURRENT_PIPELINE,.json
game-godot/content/fighters/kaia-windrow/animations/generated_production/defeat.anim.json,ONLY_ON_106,UNIQUE_BUT_STALE,REGENERATE_FROM_CURRENT_PIPELINE,.json
game-godot/content/fighters/kaia-windrow/animations/generated_production/dodge.anim.json,ONLY_ON_106,UNIQUE_BUT_STALE,REGENERATE_FROM_CURRENT_PIPELINE,.json
game-godot/content/fighters/kaia-windrow/animations/generated_production/double_jump.anim.json,ONLY_ON_106,UNIQUE_BUT_STALE,REGENERATE_FROM_CURRENT_PIPELINE,.json
game-godot/content/fighters/kaia-windrow/animations/generated_production/fall.anim.json,ONLY_ON_106,UNIQUE_BUT_STALE,REGENERATE_FROM_CURRENT_PIPELINE,.json
game-godot/content/fighters/kaia-windrow/animations/generated_production/fast_fall.anim.json,ONLY_ON_106,UNIQUE_BUT_STALE,REGENERATE_FROM_CURRENT_PIPELINE,.json
game-godot/content/fighters/kaia-windrow/animations/generated_production/grab.anim.json,ONLY_ON_106,UNIQUE_BUT_STALE,REGENERATE_FROM_CURRENT_PIPELINE,.json
game-godot/content/fighters/kaia-windrow/animations/generated_production/grabbed_hold.anim.json,ONLY_ON_106,UNIQUE_BUT_STALE,REGENERATE_FROM_CURRENT_PIPELINE,.json
game-godot/content/fighters/kaia-windrow/animations/generated_production/ground_bounce.anim.json,ONLY_ON_106,UNIQUE_BUT_STALE,REGENERATE_FROM_CURRENT_PIPELINE,.json
game-godot/content/fighters/kaia-windrow/animations/generated_production/heavy.anim.json,ONLY_ON_106,UNIQUE_BUT_STALE,REGENERATE_FROM_CURRENT_PIPELINE,.json
game-godot/content/fighters/kaia-windrow/animations/generated_production/hurt.anim.json,ONLY_ON_106,UNIQUE_BUT_STALE,REGENERATE_FROM_CURRENT_PIPELINE,.json
game-godot/content/fighters/kaia-windrow/animations/generated_production/hurt_crumple.anim.json,ONLY_ON_106,UNIQUE_BUT_STALE,REGENERATE_FROM_CURRENT_PIPELINE,.json
game-godot/content/fighters/kaia-windrow/animations/generated_production/hurt_flinch.anim.json,ONLY_ON_106,UNIQUE_BUT_STALE,REGENERATE_FROM_CURRENT_PIPELINE,.json
game-godot/content/fighters/kaia-windrow/animations/generated_production/hurt_heavy.anim.json,ONLY_ON_106,UNIQUE_BUT_STALE,REGENERATE_FROM_CURRENT_PIPELINE,.json
game-godot/content/fighters/kaia-windrow/animations/generated_production/hurt_heavy_back.anim.json,ONLY_ON_106,UNIQUE_BUT_STALE,REGENERATE_FROM_CURRENT_PIPELINE,.json
game-godot/content/fighters/kaia-windrow/animations/generated_production/hurt_heavy_front.anim.json,ONLY_ON_106,UNIQUE_BUT_STALE,REGENERATE_FROM_CURRENT_PIPELINE,.json
game-godot/content/fighters/kaia-windrow/animations/generated_production/hurt_launch_diagonal.anim.json,ONLY_ON_106,UNIQUE_BUT_STALE,REGENERATE_FROM_CURRENT_PIPELINE,.json
game-godot/content/fighters/kaia-windrow/animations/generated_production/hurt_launch_horizontal.anim.json,ONLY_ON_106,UNIQUE_BUT_STALE,REGENERATE_FROM_CURRENT_PIPELINE,.json
game-godot/content/fighters/kaia-windrow/animations/generated_production/hurt_launch_up.anim.json,ONLY_ON_106,UNIQUE_BUT_STALE,REGENERATE_FROM_CURRENT_PIPELINE,.json
game-godot/content/fighters/kaia-windrow/animations/generated_production/hurt_light.anim.json,ONLY_ON_106,UNIQUE_BUT_STALE,REGENERATE_FROM_CURRENT_PIPELINE,.json
game-godot/content/fighters/kaia-windrow/animations/generated_production/hurt_light_high.anim.json,ONLY_ON_106,UNIQUE_BUT_STALE,REGENERATE_FROM_CURRENT_PIPELINE,.json
game-godot/content/fighters/kaia-windrow/animations/generated_production/hurt_light_low.anim.json,ONLY_ON_106,UNIQUE_BUT_STALE,REGENERATE_FROM_CURRENT_PIPELINE,.json
game-godot/content/fighters/kaia-windrow/animations/generated_production/hurt_light_mid.anim.json,ONLY_ON_106,UNIQUE_BUT_STALE,REGENERATE_FROM_CURRENT_PIPELINE,.json
game-godot/content/fighters/kaia-windrow/animations/generated_production/hurt_medium_back.anim.json,ONLY_ON_106,UNIQUE_BUT_STALE,REGENERATE_FROM_CURRENT_PIPELINE,.json
game-godot/content/fighters/kaia-windrow/animations/generated_production/hurt_medium_front.anim.json,ONLY_ON_106,UNIQUE_BUT_STALE,REGENERATE_FROM_CURRENT_PIPELINE,.json
game-godot/content/fighters/kaia-windrow/animations/generated_production/hurt_stagger.anim.json,ONLY_ON_106,UNIQUE_BUT_STALE,REGENERATE_FROM_CURRENT_PIPELINE,.json
game-godot/content/fighters/kaia-windrow/animations/generated_production/idle.anim.json,ONLY_ON_106,UNIQUE_BUT_STALE,REGENERATE_FROM_CURRENT_PIPELINE,.json
game-godot/content/fighters/kaia-windrow/animations/generated_production/jab.anim.json,ONLY_ON_106,UNIQUE_BUT_STALE,REGENERATE_FROM_CURRENT_PIPELINE,.json
game-godot/content/fighters/kaia-windrow/animations/generated_production/jab_chain_2.anim.json,ONLY_ON_106,UNIQUE_BUT_STALE,REGENERATE_FROM_CURRENT_PIPELINE,.json
game-godot/content/fighters/kaia-windrow/animations/generated_production/jab_chain_3.anim.json,ONLY_ON_106,UNIQUE_BUT_STALE,REGENERATE_FROM_CURRENT_PIPELINE,.json
game-godot/content/fighters/kaia-windrow/animations/generated_production/jump.anim.json,ONLY_ON_106,UNIQUE_BUT_STALE,REGENERATE_FROM_CURRENT_PIPELINE,.json
game-godot/content/fighters/kaia-windrow/animations/generated_production/jump_apex.anim.json,ONLY_ON_106,UNIQUE_BUT_STALE,REGENERATE_FROM_CURRENT_PIPELINE,.json
game-godot/content/fighters/kaia-windrow/animations/generated_production/jump_squat.anim.json,ONLY_ON_106,UNIQUE_BUT_STALE,REGENERATE_FROM_CURRENT_PIPELINE,.json
game-godot/content/fighters/kaia-windrow/animations/generated_production/ko.anim.json,ONLY_ON_106,UNIQUE_BUT_STALE,REGENERATE_FROM_CURRENT_PIPELINE,.json
game-godot/content/fighters/kaia-windrow/animations/generated_production/ko_launch.anim.json,ONLY_ON_106,UNIQUE_BUT_STALE,REGENERATE_FROM_CURRENT_PIPELINE,.json
game-godot/content/fighters/kaia-windrow/animations/generated_production/ko_reaction.anim.json,ONLY_ON_106,UNIQUE_BUT_STALE,REGENERATE_FROM_CURRENT_PIPELINE,.json
game-godot/content/fighters/kaia-windrow/animations/generated_production/land_hard.anim.json,ONLY_ON_106,UNIQUE_BUT_STALE,REGENERATE_FROM_CURRENT_PIPELINE,.json
game-godot/content/fighters/kaia-windrow/animations/generated_production/land_soft.anim.json,ONLY_ON_106,UNIQUE_BUT_STALE,REGENERATE_FROM_CURRENT_PIPELINE,.json
game-godot/content/fighters/kaia-windrow/animations/generated_production/landing.anim.json,ONLY_ON_106,UNIQUE_BUT_STALE,REGENERATE_FROM_CURRENT_PIPELINE,.json
game-godot/content/fighters/kaia-windrow/animations/generated_production/launch.anim.json,ONLY_ON_106,UNIQUE_BUT_STALE,REGENERATE_FROM_CURRENT_PIPELINE,.json
game-godot/content/fighters/kaia-windrow/animations/generated_production/launch_tumble.anim.json,ONLY_ON_106,UNIQUE_BUT_STALE,REGENERATE_FROM_CURRENT_PIPELINE,.json
game-godot/content/fighters/kaia-windrow/animations/generated_production/manifest.json,ONLY_ON_106,UNIQUE_BUT_STALE,HUMAN_ART_REVIEW_REQUIRED,.json
game-godot/content/fighters/kaia-windrow/animations/generated_production/personality_idle.anim.json,ONLY_ON_106,UNIQUE_BUT_STALE,REGENERATE_FROM_CURRENT_PIPELINE,.json
game-godot/content/fighters/kaia-windrow/animations/generated_production/projectile_full.anim.json,ONLY_ON_106,UNIQUE_BUT_STALE,REGENERATE_FROM_CURRENT_PIPELINE,.json
game-godot/content/fighters/kaia-windrow/animations/generated_production/projectile_medium.anim.json,ONLY_ON_106,UNIQUE_BUT_STALE,REGENERATE_FROM_CURRENT_PIPELINE,.json
game-godot/content/fighters/kaia-windrow/animations/generated_production/projectile_tap.anim.json,ONLY_ON_106,UNIQUE_BUT_STALE,REGENERATE_FROM_CURRENT_PIPELINE,.json
game-godot/content/fighters/kaia-windrow/animations/generated_production/recovery.anim.json,ONLY_ON_106,UNIQUE_BUT_STALE,REGENERATE_FROM_CURRENT_PIPELINE,.json
game-godot/content/fighters/kaia-windrow/animations/generated_production/run.anim.json,ONLY_ON_106,UNIQUE_BUT_STALE,REGENERATE_FROM_CURRENT_PIPELINE,.json
game-godot/content/fighters/kaia-windrow/animations/generated_production/run_start.anim.json,ONLY_ON_106,UNIQUE_BUT_STALE,REGENERATE_FROM_CURRENT_PIPELINE,.json
game-godot/content/fighters/kaia-windrow/animations/generated_production/run_stop.anim.json,ONLY_ON_106,UNIQUE_BUT_STALE,REGENERATE_FROM_CURRENT_PIPELINE,.json
game-godot/content/fighters/kaia-windrow/animations/generated_production/shield.anim.json,ONLY_ON_106,UNIQUE_BUT_STALE,REGENERATE_FROM_CURRENT_PIPELINE,.json
game-godot/content/fighters/kaia-windrow/animations/generated_production/shield_hit_heavy.anim.json,ONLY_ON_106,UNIQUE_BUT_STALE,REGENERATE_FROM_CURRENT_PIPELINE,.json
game-godot/content/fighters/kaia-windrow/animations/generated_production/shield_hit_light.anim.json,ONLY_ON_106,UNIQUE_BUT_STALE,REGENERATE_FROM_CURRENT_PIPELINE,.json
game-godot/content/fighters/kaia-windrow/animations/generated_production/signature_lane_burst.anim.json,ONLY_ON_106,UNIQUE_BUT_STALE,REGENERATE_FROM_CURRENT_PIPELINE,.json
game-godot/content/fighters/kaia-windrow/animations/generated_production/signature_lane_confirm.anim.json,ONLY_ON_106,UNIQUE_BUT_STALE,REGENERATE_FROM_CURRENT_PIPELINE,.json
game-godot/content/fighters/kaia-windrow/animations/generated_production/signature_lane_control.anim.json,ONLY_ON_106,UNIQUE_BUT_STALE,REGENERATE_FROM_CURRENT_PIPELINE,.json
game-godot/content/fighters/kaia-windrow/animations/generated_production/signature_lane_counter.anim.json,ONLY_ON_106,UNIQUE_BUT_STALE,REGENERATE_FROM_CURRENT_PIPELINE,.json
game-godot/content/fighters/kaia-windrow/animations/generated_production/signature_lane_feint.anim.json,ONLY_ON_106,UNIQUE_BUT_STALE,REGENERATE_FROM_CURRENT_PIPELINE,.json
game-godot/content/fighters/kaia-windrow/animations/generated_production/signature_lane_finisher.anim.json,ONLY_ON_106,UNIQUE_BUT_STALE,REGENERATE_FROM_CURRENT_PIPELINE,.json
game-godot/content/fighters/kaia-windrow/animations/generated_production/signature_lane_launch.anim.json,ONLY_ON_106,UNIQUE_BUT_STALE,REGENERATE_FROM_CURRENT_PIPELINE,.json
game-godot/content/fighters/kaia-windrow/animations/generated_production/signature_lane_trap.anim.json,ONLY_ON_106,UNIQUE_BUT_STALE,REGENERATE_FROM_CURRENT_PIPELINE,.json
game-godot/content/fighters/kaia-windrow/animations/generated_production/smash_down.anim.json,ONLY_ON_106,UNIQUE_BUT_STALE,REGENERATE_FROM_CURRENT_PIPELINE,.json
game-godot/content/fighters/kaia-windrow/animations/generated_production/smash_forward.anim.json,ONLY_ON_106,UNIQUE_BUT_STALE,REGENERATE_FROM_CURRENT_PIPELINE,.json
game-godot/content/fighters/kaia-windrow/animations/generated_production/smash_up.anim.json,ONLY_ON_106,UNIQUE_BUT_STALE,REGENERATE_FROM_CURRENT_PIPELINE,.json
game-godot/content/fighters/kaia-windrow/animations/generated_production/throw_back.anim.json,ONLY_ON_106,UNIQUE_BUT_STALE,REGENERATE_FROM_CURRENT_PIPELINE,.json
game-godot/content/fighters/kaia-windrow/animations/generated_production/throw_down.anim.json,ONLY_ON_106,UNIQUE_BUT_STALE,REGENERATE_FROM_CURRENT_PIPELINE,.json
game-godot/content/fighters/kaia-windrow/animations/generated_production/throw_forward.anim.json,ONLY_ON_106,UNIQUE_BUT_STALE,REGENERATE_FROM_CURRENT_PIPELINE,.json
game-godot/content/fighters/kaia-windrow/animations/generated_production/throw_up.anim.json,ONLY_ON_106,UNIQUE_BUT_STALE,REGENERATE_FROM_CURRENT_PIPELINE,.json
game-godot/content/fighters/kaia-windrow/animations/generated_production/throw_victim_back.anim.json,ONLY_ON_106,UNIQUE_BUT_STALE,REGENERATE_FROM_CURRENT_PIPELINE,.json
game-godot/content/fighters/kaia-windrow/animations/generated_production/throw_victim_down.anim.json,ONLY_ON_106,UNIQUE_BUT_STALE,REGENERATE_FROM_CURRENT_PIPELINE,.json
game-godot/content/fighters/kaia-windrow/animations/generated_production/throw_victim_forward.anim.json,ONLY_ON_106,UNIQUE_BUT_STALE,REGENERATE_FROM_CURRENT_PIPELINE,.json
game-godot/content/fighters/kaia-windrow/animations/generated_production/throw_victim_up.anim.json,ONLY_ON_106,UNIQUE_BUT_STALE,REGENERATE_FROM_CURRENT_PIPELINE,.json
game-godot/content/fighters/kaia-windrow/animations/generated_production/tilt_down.anim.json,ONLY_ON_106,UNIQUE_BUT_STALE,REGENERATE_FROM_CURRENT_PIPELINE,.json
game-godot/content/fighters/kaia-windrow/animations/generated_production/tilt_forward.anim.json,ONLY_ON_106,UNIQUE_BUT_STALE,REGENERATE_FROM_CURRENT_PIPELINE,.json
game-godot/content/fighters/kaia-windrow/animations/generated_production/tilt_up.anim.json,ONLY_ON_106,UNIQUE_BUT_STALE,REGENERATE_FROM_CURRENT_PIPELINE,.json
game-godot/content/fighters/kaia-windrow/animations/generated_production/tumble.anim.json,ONLY_ON_106,UNIQUE_BUT_STALE,REGENERATE_FROM_CURRENT_PIPELINE,.json
game-godot/content/fighters/kaia-windrow/animations/generated_production/turn.anim.json,ONLY_ON_106,UNIQUE_BUT_STALE,REGENERATE_FROM_CURRENT_PIPELINE,.json
game-godot/content/fighters/kaia-windrow/animations/generated_production/victory.anim.json,ONLY_ON_106,UNIQUE_BUT_STALE,REGENERATE_FROM_CURRENT_PIPELINE,.json
game-godot/content/fighters/kaia-windrow/animations/generated_production/walk.anim.json,ONLY_ON_106,UNIQUE_BUT_STALE,REGENERATE_FROM_CURRENT_PIPELINE,.json
game-godot/content/fighters/kaia-windrow/animations/generated_production/walk_start.anim.json,ONLY_ON_106,UNIQUE_BUT_STALE,REGENERATE_FROM_CURRENT_PIPELINE,.json
game-godot/content/fighters/kaia-windrow/animations/generated_production/walk_stop.anim.json,ONLY_ON_106,UNIQUE_BUT_STALE,REGENERATE_FROM_CURRENT_PIPELINE,.json
game-godot/content/fighters/kaia-windrow/animations/generated_production/wall_splat.anim.json,ONLY_ON_106,UNIQUE_BUT_STALE,REGENERATE_FROM_CURRENT_PIPELINE,.json
game-godot/content/fighters/kaia-windrow/animations/procedural/aerial_back.anim.json,BOTH_DIVERGED,UNIQUE_BUT_STALE,REGENERATE_FROM_CURRENT_PIPELINE,.json
game-godot/content/fighters/kaia-windrow/animations/procedural/aerial_down.anim.json,BOTH_DIVERGED,UNIQUE_BUT_STALE,REGENERATE_FROM_CURRENT_PIPELINE,.json
game-godot/content/fighters/kaia-windrow/animations/procedural/aerial_forward.anim.json,BOTH_DIVERGED,UNIQUE_BUT_STALE,REGENERATE_FROM_CURRENT_PIPELINE,.json
game-godot/content/fighters/kaia-windrow/animations/procedural/aerial_neutral.anim.json,BOTH_DIVERGED,UNIQUE_BUT_STALE,REGENERATE_FROM_CURRENT_PIPELINE,.json
game-godot/content/fighters/kaia-windrow/animations/procedural/aerial_up.anim.json,BOTH_DIVERGED,UNIQUE_BUT_STALE,REGENERATE_FROM_CURRENT_PIPELINE,.json
game-godot/content/fighters/kaia-windrow/animations/procedural/air_dodge.anim.json,BOTH_DIVERGED,UNIQUE_BUT_STALE,REGENERATE_FROM_CURRENT_PIPELINE,.json
game-godot/content/fighters/kaia-windrow/animations/procedural/air_drift.anim.json,BOTH_DIVERGED,UNIQUE_BUT_STALE,REGENERATE_FROM_CURRENT_PIPELINE,.json
game-godot/content/fighters/kaia-windrow/animations/procedural/aura_charge.anim.json,BOTH_DIVERGED,UNIQUE_BUT_STALE,REGENERATE_FROM_CURRENT_PIPELINE,.json
game-godot/content/fighters/kaia-windrow/animations/procedural/aura_release.anim.json,BOTH_DIVERGED,UNIQUE_BUT_STALE,REGENERATE_FROM_CURRENT_PIPELINE,.json
game-godot/content/fighters/kaia-windrow/animations/procedural/charge_full.anim.json,ONLY_ON_106,UNIQUE_BUT_STALE,REGENERATE_FROM_CURRENT_PIPELINE,.json
game-godot/content/fighters/kaia-windrow/animations/procedural/charge_high.anim.json,ONLY_ON_106,UNIQUE_BUT_STALE,REGENERATE_FROM_CURRENT_PIPELINE,.json
game-godot/content/fighters/kaia-windrow/animations/procedural/charge_low.anim.json,ONLY_ON_106,UNIQUE_BUT_STALE,REGENERATE_FROM_CURRENT_PIPELINE,.json
game-godot/content/fighters/kaia-windrow/animations/procedural/charge_mid.anim.json,ONLY_ON_106,UNIQUE_BUT_STALE,REGENERATE_FROM_CURRENT_PIPELINE,.json
game-godot/content/fighters/kaia-windrow/animations/procedural/charge_release.anim.json,ONLY_ON_106,UNIQUE_BUT_STALE,REGENERATE_FROM_CURRENT_PIPELINE,.json
game-godot/content/fighters/kaia-windrow/animations/procedural/charge_start.anim.json,ONLY_ON_106,UNIQUE_BUT_STALE,REGENERATE_FROM_CURRENT_PIPELINE,.json
game-godot/content/fighters/kaia-windrow/animations/procedural/charged_dash.anim.json,ONLY_ON_106,UNIQUE_BUT_STALE,REGENERATE_FROM_CURRENT_PIPELINE,.json
game-godot/content/fighters/kaia-windrow/animations/procedural/charged_fall.anim.json,ONLY_ON_106,UNIQUE_BUT_STALE,REGENERATE_FROM_CURRENT_PIPELINE,.json
game-godot/content/fighters/kaia-windrow/animations/procedural/charged_hold.anim.json,ONLY_ON_106,UNIQUE_BUT_STALE,REGENERATE_FROM_CURRENT_PIPELINE,.json
game-godot/content/fighters/kaia-windrow/animations/procedural/charged_idle.anim.json,ONLY_ON_106,UNIQUE_BUT_STALE,REGENERATE_FROM_CURRENT_PIPELINE,.json
game-godot/content/fighters/kaia-windrow/animations/procedural/charged_jump.anim.json,ONLY_ON_106,UNIQUE_BUT_STALE,REGENERATE_FROM_CURRENT_PIPELINE,.json
game-godot/content/fighters/kaia-windrow/animations/procedural/charged_land.anim.json,ONLY_ON_106,UNIQUE_BUT_STALE,REGENERATE_FROM_CURRENT_PIPELINE,.json
game-godot/content/fighters/kaia-windrow/animations/procedural/charged_run.anim.json,ONLY_ON_106,UNIQUE_BUT_STALE,REGENERATE_FROM_CURRENT_PIPELINE,.json
game-godot/content/fighters/kaia-windrow/animations/procedural/charged_walk.anim.json,ONLY_ON_106,UNIQUE_BUT_STALE,REGENERATE_FROM_CURRENT_PIPELINE,.json
game-godot/content/fighters/kaia-windrow/animations/procedural/contact_aura.anim.json,ONLY_ON_106,UNIQUE_BUT_STALE,REFERENCE_ONLY,.json
game-godot/content/fighters/kaia-windrow/animations/procedural/contact_heavy.anim.json,ONLY_ON_106,UNIQUE_BUT_STALE,REFERENCE_ONLY,.json
game-godot/content/fighters/kaia-windrow/animations/procedural/contact_ko.anim.json,ONLY_ON_106,UNIQUE_BUT_STALE,REFERENCE_ONLY,.json
game-godot/content/fighters/kaia-windrow/animations/procedural/contact_light.anim.json,ONLY_ON_106,UNIQUE_BUT_STALE,REFERENCE_ONLY,.json
game-godot/content/fighters/kaia-windrow/animations/procedural/contact_medium.anim.json,ONLY_ON_106,UNIQUE_BUT_STALE,REFERENCE_ONLY,.json
game-godot/content/fighters/kaia-windrow/animations/procedural/contact_super.anim.json,ONLY_ON_106,UNIQUE_BUT_STALE,REFERENCE_ONLY,.json
game-godot/content/fighters/kaia-windrow/animations/procedural/dash.anim.json,BOTH_DIVERGED,UNIQUE_BUT_STALE,REGENERATE_FROM_CURRENT_PIPELINE,.json
game-godot/content/fighters/kaia-windrow/animations/procedural/dash_stop.anim.json,ONLY_ON_106,UNIQUE_BUT_STALE,REGENERATE_FROM_CURRENT_PIPELINE,.json
game-godot/content/fighters/kaia-windrow/animations/procedural/defeat.anim.json,BOTH_DIVERGED,UNIQUE_BUT_STALE,REGENERATE_FROM_CURRENT_PIPELINE,.json
game-godot/content/fighters/kaia-windrow/animations/procedural/dodge.anim.json,BOTH_DIVERGED,UNIQUE_BUT_STALE,REGENERATE_FROM_CURRENT_PIPELINE,.json
game-godot/content/fighters/kaia-windrow/animations/procedural/fall.anim.json,BOTH_DIVERGED,UNIQUE_BUT_STALE,REGENERATE_FROM_CURRENT_PIPELINE,.json
game-godot/content/fighters/kaia-windrow/animations/procedural/grab.anim.json,BOTH_DIVERGED,UNIQUE_BUT_STALE,REGENERATE_FROM_CURRENT_PIPELINE,.json
game-godot/content/fighters/kaia-windrow/animations/procedural/grab_victim.anim.json,ONLY_ON_106,UNIQUE_BUT_STALE,REGENERATE_FROM_CURRENT_PIPELINE,.json
game-godot/content/fighters/kaia-windrow/animations/procedural/heavy.anim.json,BOTH_DIVERGED,UNIQUE_BUT_STALE,REGENERATE_FROM_CURRENT_PIPELINE,.json
game-godot/content/fighters/kaia-windrow/animations/procedural/hurt.anim.json,BOTH_DIVERGED,UNIQUE_BUT_STALE,REGENERATE_FROM_CURRENT_PIPELINE,.json
game-godot/content/fighters/kaia-windrow/animations/procedural/hurt_body_snap.anim.json,ONLY_ON_106,UNIQUE_BUT_STALE,REGENERATE_FROM_CURRENT_PIPELINE,.json
game-godot/content/fighters/kaia-windrow/animations/procedural/hurt_crumple.anim.json,ONLY_ON_106,UNIQUE_BUT_STALE,REGENERATE_FROM_CURRENT_PIPELINE,.json
game-godot/content/fighters/kaia-windrow/animations/procedural/hurt_flinch.anim.json,ONLY_ON_106,UNIQUE_BUT_STALE,REGENERATE_FROM_CURRENT_PIPELINE,.json
game-godot/content/fighters/kaia-windrow/animations/procedural/hurt_freeze_stiffness.anim.json,ONLY_ON_106,UNIQUE_BUT_STALE,REGENERATE_FROM_CURRENT_PIPELINE,.json
game-godot/content/fighters/kaia-windrow/animations/procedural/hurt_ground_bounce.anim.json,ONLY_ON_106,UNIQUE_BUT_STALE,REGENERATE_FROM_CURRENT_PIPELINE,.json
game-godot/content/fighters/kaia-windrow/animations/procedural/hurt_heavy.anim.json,BOTH_DIVERGED,UNIQUE_BUT_STALE,REGENERATE_FROM_CURRENT_PIPELINE,.json
game-godot/content/fighters/kaia-windrow/animations/procedural/hurt_ko_spin.anim.json,ONLY_ON_106,UNIQUE_BUT_STALE,REGENERATE_FROM_CURRENT_PIPELINE,.json
game-godot/content/fighters/kaia-windrow/animations/procedural/hurt_launch.anim.json,ONLY_ON_106,UNIQUE_BUT_STALE,REGENERATE_FROM_CURRENT_PIPELINE,.json
game-godot/content/fighters/kaia-windrow/animations/procedural/hurt_light.anim.json,BOTH_DIVERGED,UNIQUE_BUT_STALE,REGENERATE_FROM_CURRENT_PIPELINE,.json
game-godot/content/fighters/kaia-windrow/animations/procedural/hurt_medium.anim.json,BOTH_DIVERGED,UNIQUE_BUT_STALE,REGENERATE_FROM_CURRENT_PIPELINE,.json
game-godot/content/fighters/kaia-windrow/animations/procedural/hurt_shield_recoil.anim.json,ONLY_ON_106,UNIQUE_BUT_STALE,REGENERATE_FROM_CURRENT_PIPELINE,.json
game-godot/content/fighters/kaia-windrow/animations/procedural/hurt_spike.anim.json,ONLY_ON_106,UNIQUE_BUT_STALE,REGENERATE_FROM_CURRENT_PIPELINE,.json
game-godot/content/fighters/kaia-windrow/animations/procedural/hurt_stagger.anim.json,ONLY_ON_106,UNIQUE_BUT_STALE,REGENERATE_FROM_CURRENT_PIPELINE,.json
game-godot/content/fighters/kaia-windrow/animations/procedural/hurt_tumble.anim.json,ONLY_ON_106,UNIQUE_BUT_STALE,REGENERATE_FROM_CURRENT_PIPELINE,.json
game-godot/content/fighters/kaia-windrow/animations/procedural/hurt_wall_splat.anim.json,ONLY_ON_106,UNIQUE_BUT_STALE,REGENERATE_FROM_CURRENT_PIPELINE,.json
game-godot/content/fighters/kaia-windrow/animations/procedural/idle.anim.json,BOTH_DIVERGED,UNIQUE_BUT_STALE,REGENERATE_FROM_CURRENT_PIPELINE,.json
game-godot/content/fighters/kaia-windrow/animations/procedural/idle_personality.anim.json,ONLY_ON_106,UNIQUE_BUT_STALE,REGENERATE_FROM_CURRENT_PIPELINE,.json
game-godot/content/fighters/kaia-windrow/animations/procedural/jab.anim.json,BOTH_DIVERGED,UNIQUE_BUT_STALE,REGENERATE_FROM_CURRENT_PIPELINE,.json
game-godot/content/fighters/kaia-windrow/animations/procedural/jab_chain_2.anim.json,BOTH_DIVERGED,UNIQUE_BUT_STALE,REGENERATE_FROM_CURRENT_PIPELINE,.json
game-godot/content/fighters/kaia-windrow/animations/procedural/jab_chain_3.anim.json,BOTH_DIVERGED,UNIQUE_BUT_STALE,REGENERATE_FROM_CURRENT_PIPELINE,.json
game-godot/content/fighters/kaia-windrow/animations/procedural/jump.anim.json,BOTH_DIVERGED,UNIQUE_BUT_STALE,REGENERATE_FROM_CURRENT_PIPELINE,.json
game-godot/content/fighters/kaia-windrow/animations/procedural/jump_apex.anim.json,BOTH_DIVERGED,UNIQUE_BUT_STALE,REGENERATE_FROM_CURRENT_PIPELINE,.json
game-godot/content/fighters/kaia-windrow/animations/procedural/jump_squat.anim.json,ONLY_ON_106,UNIQUE_BUT_STALE,REGENERATE_FROM_CURRENT_PIPELINE,.json
game-godot/content/fighters/kaia-windrow/animations/procedural/ko.anim.json,BOTH_DIVERGED,UNIQUE_BUT_STALE,REGENERATE_FROM_CURRENT_PIPELINE,.json
game-godot/content/fighters/kaia-windrow/animations/procedural/landing.anim.json,BOTH_DIVERGED,UNIQUE_BUT_STALE,REGENERATE_FROM_CURRENT_PIPELINE,.json
game-godot/content/fighters/kaia-windrow/animations/procedural/launch.anim.json,BOTH_DIVERGED,UNIQUE_BUT_STALE,REGENERATE_FROM_CURRENT_PIPELINE,.json
game-godot/content/fighters/kaia-windrow/animations/procedural/manifest.json,BOTH_DIVERGED,UNIQUE_BUT_STALE,REGENERATE_FROM_CURRENT_PIPELINE,.json
game-godot/content/fighters/kaia-windrow/animations/procedural/projectile_full.anim.json,BOTH_DIVERGED,UNIQUE_BUT_STALE,REGENERATE_FROM_CURRENT_PIPELINE,.json
game-godot/content/fighters/kaia-windrow/animations/procedural/projectile_medium.anim.json,BOTH_DIVERGED,UNIQUE_BUT_STALE,REGENERATE_FROM_CURRENT_PIPELINE,.json
game-godot/content/fighters/kaia-windrow/animations/procedural/projectile_tap.anim.json,BOTH_DIVERGED,UNIQUE_BUT_STALE,REGENERATE_FROM_CURRENT_PIPELINE,.json
game-godot/content/fighters/kaia-windrow/animations/procedural/recovery.anim.json,BOTH_DIVERGED,UNIQUE_BUT_STALE,REGENERATE_FROM_CURRENT_PIPELINE,.json
game-godot/content/fighters/kaia-windrow/animations/procedural/recovery_identity.anim.json,ONLY_ON_106,UNIQUE_BUT_STALE,REGENERATE_FROM_CURRENT_PIPELINE,.json
game-godot/content/fighters/kaia-windrow/animations/procedural/run.anim.json,BOTH_DIVERGED,UNIQUE_BUT_STALE,REGENERATE_FROM_CURRENT_PIPELINE,.json
game-godot/content/fighters/kaia-windrow/animations/procedural/run_start.anim.json,ONLY_ON_106,UNIQUE_BUT_STALE,REGENERATE_FROM_CURRENT_PIPELINE,.json
game-godot/content/fighters/kaia-windrow/animations/procedural/run_stop.anim.json,ONLY_ON_106,UNIQUE_BUT_STALE,REGENERATE_FROM_CURRENT_PIPELINE,.json
game-godot/content/fighters/kaia-windrow/animations/procedural/shield.anim.json,BOTH_DIVERGED,UNIQUE_BUT_STALE,REGENERATE_FROM_CURRENT_PIPELINE,.json
game-godot/content/fighters/kaia-windrow/animations/procedural/signature_lane_burst.anim.json,BOTH_DIVERGED,UNIQUE_BUT_STALE,REGENERATE_FROM_CURRENT_PIPELINE,.json
game-godot/content/fighters/kaia-windrow/animations/procedural/signature_lane_confirm.anim.json,BOTH_DIVERGED,UNIQUE_BUT_STALE,REGENERATE_FROM_CURRENT_PIPELINE,.json
game-godot/content/fighters/kaia-windrow/animations/procedural/signature_lane_control.anim.json,BOTH_DIVERGED,UNIQUE_BUT_STALE,REGENERATE_FROM_CURRENT_PIPELINE,.json
game-godot/content/fighters/kaia-windrow/animations/procedural/signature_lane_counter.anim.json,BOTH_DIVERGED,UNIQUE_BUT_STALE,REGENERATE_FROM_CURRENT_PIPELINE,.json
game-godot/content/fighters/kaia-windrow/animations/procedural/signature_lane_feint.anim.json,BOTH_DIVERGED,UNIQUE_BUT_STALE,REGENERATE_FROM_CURRENT_PIPELINE,.json
game-godot/content/fighters/kaia-windrow/animations/procedural/signature_lane_finisher.anim.json,BOTH_DIVERGED,UNIQUE_BUT_STALE,REGENERATE_FROM_CURRENT_PIPELINE,.json
game-godot/content/fighters/kaia-windrow/animations/procedural/signature_lane_launch.anim.json,BOTH_DIVERGED,UNIQUE_BUT_STALE,REGENERATE_FROM_CURRENT_PIPELINE,.json
game-godot/content/fighters/kaia-windrow/animations/procedural/signature_lane_trap.anim.json,BOTH_DIVERGED,UNIQUE_BUT_STALE,REGENERATE_FROM_CURRENT_PIPELINE,.json
game-godot/content/fighters/kaia-windrow/animations/procedural/smash_down.anim.json,BOTH_DIVERGED,UNIQUE_BUT_STALE,REGENERATE_FROM_CURRENT_PIPELINE,.json
game-godot/content/fighters/kaia-windrow/animations/procedural/smash_forward.anim.json,BOTH_DIVERGED,UNIQUE_BUT_STALE,REGENERATE_FROM_CURRENT_PIPELINE,.json
game-godot/content/fighters/kaia-windrow/animations/procedural/smash_up.anim.json,BOTH_DIVERGED,UNIQUE_BUT_STALE,REGENERATE_FROM_CURRENT_PIPELINE,.json
game-godot/content/fighters/kaia-windrow/animations/procedural/super.anim.json,ONLY_ON_106,UNIQUE_BUT_STALE,REGENERATE_FROM_CURRENT_PIPELINE,.json
game-godot/content/fighters/kaia-windrow/animations/procedural/throw_back.anim.json,BOTH_DIVERGED,UNIQUE_BUT_STALE,REGENERATE_FROM_CURRENT_PIPELINE,.json
game-godot/content/fighters/kaia-windrow/animations/procedural/throw_down.anim.json,BOTH_DIVERGED,UNIQUE_BUT_STALE,REGENERATE_FROM_CURRENT_PIPELINE,.json
game-godot/content/fighters/kaia-windrow/animations/procedural/throw_forward.anim.json,BOTH_DIVERGED,UNIQUE_BUT_STALE,REGENERATE_FROM_CURRENT_PIPELINE,.json
game-godot/content/fighters/kaia-windrow/animations/procedural/throw_up.anim.json,BOTH_DIVERGED,UNIQUE_BUT_STALE,REGENERATE_FROM_CURRENT_PIPELINE,.json
game-godot/content/fighters/kaia-windrow/animations/procedural/throw_victim_back.anim.json,ONLY_ON_106,UNIQUE_BUT_STALE,REGENERATE_FROM_CURRENT_PIPELINE,.json
game-godot/content/fighters/kaia-windrow/animations/procedural/throw_victim_down.anim.json,ONLY_ON_106,UNIQUE_BUT_STALE,REGENERATE_FROM_CURRENT_PIPELINE,.json
game-godot/content/fighters/kaia-windrow/animations/procedural/throw_victim_forward.anim.json,ONLY_ON_106,UNIQUE_BUT_STALE,REGENERATE_FROM_CURRENT_PIPELINE,.json
game-godot/content/fighters/kaia-windrow/animations/procedural/throw_victim_up.anim.json,ONLY_ON_106,UNIQUE_BUT_STALE,REGENERATE_FROM_CURRENT_PIPELINE,.json
game-godot/content/fighters/kaia-windrow/animations/procedural/tilt_down.anim.json,BOTH_DIVERGED,UNIQUE_BUT_STALE,REGENERATE_FROM_CURRENT_PIPELINE,.json
game-godot/content/fighters/kaia-windrow/animations/procedural/tilt_forward.anim.json,BOTH_DIVERGED,UNIQUE_BUT_STALE,REGENERATE_FROM_CURRENT_PIPELINE,.json
game-godot/content/fighters/kaia-windrow/animations/procedural/tilt_up.anim.json,BOTH_DIVERGED,UNIQUE_BUT_STALE,REGENERATE_FROM_CURRENT_PIPELINE,.json
game-godot/content/fighters/kaia-windrow/animations/procedural/transition_idle_walk.anim.json,ONLY_ON_106,UNIQUE_BUT_STALE,REGENERATE_FROM_CURRENT_PIPELINE,.json
game-godot/content/fighters/kaia-windrow/animations/procedural/transition_walk_run.anim.json,ONLY_ON_106,UNIQUE_BUT_STALE,REGENERATE_FROM_CURRENT_PIPELINE,.json
game-godot/content/fighters/kaia-windrow/animations/procedural/tumble.anim.json,BOTH_DIVERGED,UNIQUE_BUT_STALE,REGENERATE_FROM_CURRENT_PIPELINE,.json
game-godot/content/fighters/kaia-windrow/animations/procedural/turn.anim.json,BOTH_DIVERGED,UNIQUE_BUT_STALE,REGENERATE_FROM_CURRENT_PIPELINE,.json
game-godot/content/fighters/kaia-windrow/animations/procedural/uncharged_release.anim.json,ONLY_ON_106,UNIQUE_BUT_STALE,REGENERATE_FROM_CURRENT_PIPELINE,.json
game-godot/content/fighters/kaia-windrow/animations/procedural/victory.anim.json,BOTH_DIVERGED,UNIQUE_BUT_STALE,REGENERATE_FROM_CURRENT_PIPELINE,.json
game-godot/content/fighters/kaia-windrow/animations/procedural/walk.anim.json,BOTH_DIVERGED,UNIQUE_BUT_STALE,REGENERATE_FROM_CURRENT_PIPELINE,.json
game-godot/content/fighters/kaia-windrow/animations/procedural/walk_start.anim.json,ONLY_ON_106,UNIQUE_BUT_STALE,REGENERATE_FROM_CURRENT_PIPELINE,.json
game-godot/content/fighters/kaia-windrow/animations/procedural/walk_stop.anim.json,ONLY_ON_106,UNIQUE_BUT_STALE,REGENERATE_FROM_CURRENT_PIPELINE,.json
game-godot/content/fighters/kaia-windrow/model/kaia-windrow_generated_production.glb,ONLY_ON_106,UNIQUE_BUT_STALE,HUMAN_ART_REVIEW_REQUIRED,.glb
game-godot/content/fighters/kaia-windrow/model/kaia-windrow_generated_production.glb.import,ONLY_ON_106,UNIQUE_BUT_STALE,HUMAN_ART_REVIEW_REQUIRED,.import
game-godot/content/fighters/nix-calder/animations/generated_production/aerial_back.anim.json,ONLY_ON_106,UNIQUE_BUT_STALE,REGENERATE_FROM_CURRENT_PIPELINE,.json
game-godot/content/fighters/nix-calder/animations/generated_production/aerial_down.anim.json,ONLY_ON_106,UNIQUE_BUT_STALE,REGENERATE_FROM_CURRENT_PIPELINE,.json
game-godot/content/fighters/nix-calder/animations/generated_production/aerial_forward.anim.json,ONLY_ON_106,UNIQUE_BUT_STALE,REGENERATE_FROM_CURRENT_PIPELINE,.json
game-godot/content/fighters/nix-calder/animations/generated_production/aerial_neutral.anim.json,ONLY_ON_106,UNIQUE_BUT_STALE,REGENERATE_FROM_CURRENT_PIPELINE,.json
game-godot/content/fighters/nix-calder/animations/generated_production/aerial_up.anim.json,ONLY_ON_106,UNIQUE_BUT_STALE,REGENERATE_FROM_CURRENT_PIPELINE,.json
game-godot/content/fighters/nix-calder/animations/generated_production/air_dodge.anim.json,ONLY_ON_106,UNIQUE_BUT_STALE,REGENERATE_FROM_CURRENT_PIPELINE,.json
game-godot/content/fighters/nix-calder/animations/generated_production/air_drift.anim.json,ONLY_ON_106,UNIQUE_BUT_STALE,REGENERATE_FROM_CURRENT_PIPELINE,.json
game-godot/content/fighters/nix-calder/animations/generated_production/aura_burst_super_pose.anim.json,ONLY_ON_106,UNIQUE_BUT_STALE,REGENERATE_FROM_CURRENT_PIPELINE,.json
game-godot/content/fighters/nix-calder/animations/generated_production/aura_charge.anim.json,ONLY_ON_106,UNIQUE_BUT_STALE,REGENERATE_FROM_CURRENT_PIPELINE,.json
game-godot/content/fighters/nix-calder/animations/generated_production/aura_release.anim.json,ONLY_ON_106,UNIQUE_BUT_STALE,REGENERATE_FROM_CURRENT_PIPELINE,.json
game-godot/content/fighters/nix-calder/animations/generated_production/aura_signature.anim.json,ONLY_ON_106,UNIQUE_BUT_STALE,REGENERATE_FROM_CURRENT_PIPELINE,.json
game-godot/content/fighters/nix-calder/animations/generated_production/charge_full.anim.json,ONLY_ON_106,UNIQUE_BUT_STALE,REGENERATE_FROM_CURRENT_PIPELINE,.json
game-godot/content/fighters/nix-calder/animations/generated_production/charge_high.anim.json,ONLY_ON_106,UNIQUE_BUT_STALE,REGENERATE_FROM_CURRENT_PIPELINE,.json
game-godot/content/fighters/nix-calder/animations/generated_production/charge_low.anim.json,ONLY_ON_106,UNIQUE_BUT_STALE,REGENERATE_FROM_CURRENT_PIPELINE,.json
game-godot/content/fighters/nix-calder/animations/generated_production/charge_mid.anim.json,ONLY_ON_106,UNIQUE_BUT_STALE,REGENERATE_FROM_CURRENT_PIPELINE,.json
game-godot/content/fighters/nix-calder/animations/generated_production/charge_release.anim.json,ONLY_ON_106,UNIQUE_BUT_STALE,REGENERATE_FROM_CURRENT_PIPELINE,.json
game-godot/content/fighters/nix-calder/animations/generated_production/charge_start.anim.json,ONLY_ON_106,UNIQUE_BUT_STALE,REGENERATE_FROM_CURRENT_PIPELINE,.json
game-godot/content/fighters/nix-calder/animations/generated_production/charged_dash.anim.json,ONLY_ON_106,UNIQUE_BUT_STALE,REGENERATE_FROM_CURRENT_PIPELINE,.json
game-godot/content/fighters/nix-calder/animations/generated_production/charged_fall.anim.json,ONLY_ON_106,UNIQUE_BUT_STALE,REGENERATE_FROM_CURRENT_PIPELINE,.json
game-godot/content/fighters/nix-calder/animations/generated_production/charged_idle.anim.json,ONLY_ON_106,UNIQUE_BUT_STALE,REGENERATE_FROM_CURRENT_PIPELINE,.json
game-godot/content/fighters/nix-calder/animations/generated_production/charged_jump.anim.json,ONLY_ON_106,UNIQUE_BUT_STALE,REGENERATE_FROM_CURRENT_PIPELINE,.json
game-godot/content/fighters/nix-calder/animations/generated_production/charged_land.anim.json,ONLY_ON_106,UNIQUE_BUT_STALE,REGENERATE_FROM_CURRENT_PIPELINE,.json
game-godot/content/fighters/nix-calder/animations/generated_production/charged_run.anim.json,ONLY_ON_106,UNIQUE_BUT_STALE,REGENERATE_FROM_CURRENT_PIPELINE,.json
game-godot/content/fighters/nix-calder/animations/generated_production/charged_walk.anim.json,ONLY_ON_106,UNIQUE_BUT_STALE,REGENERATE_FROM_CURRENT_PIPELINE,.json
game-godot/content/fighters/nix-calder/animations/generated_production/clash_break.anim.json,ONLY_ON_106,UNIQUE_BUT_STALE,REGENERATE_FROM_CURRENT_PIPELINE,.json
game-godot/content/fighters/nix-calder/animations/generated_production/clash_lock.anim.json,ONLY_ON_106,UNIQUE_BUT_STALE,REGENERATE_FROM_CURRENT_PIPELINE,.json
game-godot/content/fighters/nix-calder/animations/generated_production/clash_losing.anim.json,ONLY_ON_106,UNIQUE_BUT_STALE,REGENERATE_FROM_CURRENT_PIPELINE,.json
game-godot/content/fighters/nix-calder/animations/generated_production/clash_push.anim.json,ONLY_ON_106,UNIQUE_BUT_STALE,REGENERATE_FROM_CURRENT_PIPELINE,.json
game-godot/content/fighters/nix-calder/animations/generated_production/clash_start.anim.json,ONLY_ON_106,UNIQUE_BUT_STALE,REGENERATE_FROM_CURRENT_PIPELINE,.json
game-godot/content/fighters/nix-calder/animations/generated_production/clash_winning.anim.json,ONLY_ON_106,UNIQUE_BUT_STALE,REGENERATE_FROM_CURRENT_PIPELINE,.json
game-godot/content/fighters/nix-calder/animations/generated_production/crouch.anim.json,ONLY_ON_106,UNIQUE_BUT_STALE,REGENERATE_FROM_CURRENT_PIPELINE,.json
game-godot/content/fighters/nix-calder/animations/generated_production/dash.anim.json,ONLY_ON_106,UNIQUE_BUT_STALE,REGENERATE_FROM_CURRENT_PIPELINE,.json
game-godot/content/fighters/nix-calder/animations/generated_production/dash_stop.anim.json,ONLY_ON_106,UNIQUE_BUT_STALE,REGENERATE_FROM_CURRENT_PIPELINE,.json
game-godot/content/fighters/nix-calder/animations/generated_production/defeat.anim.json,ONLY_ON_106,UNIQUE_BUT_STALE,REGENERATE_FROM_CURRENT_PIPELINE,.json
game-godot/content/fighters/nix-calder/animations/generated_production/dodge.anim.json,ONLY_ON_106,UNIQUE_BUT_STALE,REGENERATE_FROM_CURRENT_PIPELINE,.json
game-godot/content/fighters/nix-calder/animations/generated_production/double_jump.anim.json,ONLY_ON_106,UNIQUE_BUT_STALE,REGENERATE_FROM_CURRENT_PIPELINE,.json
game-godot/content/fighters/nix-calder/animations/generated_production/fall.anim.json,ONLY_ON_106,UNIQUE_BUT_STALE,REGENERATE_FROM_CURRENT_PIPELINE,.json
game-godot/content/fighters/nix-calder/animations/generated_production/fast_fall.anim.json,ONLY_ON_106,UNIQUE_BUT_STALE,REGENERATE_FROM_CURRENT_PIPELINE,.json
game-godot/content/fighters/nix-calder/animations/generated_production/grab.anim.json,ONLY_ON_106,UNIQUE_BUT_STALE,REGENERATE_FROM_CURRENT_PIPELINE,.json
game-godot/content/fighters/nix-calder/animations/generated_production/grabbed_hold.anim.json,ONLY_ON_106,UNIQUE_BUT_STALE,REGENERATE_FROM_CURRENT_PIPELINE,.json
game-godot/content/fighters/nix-calder/animations/generated_production/ground_bounce.anim.json,ONLY_ON_106,UNIQUE_BUT_STALE,REGENERATE_FROM_CURRENT_PIPELINE,.json
game-godot/content/fighters/nix-calder/animations/generated_production/heavy.anim.json,ONLY_ON_106,UNIQUE_BUT_STALE,REGENERATE_FROM_CURRENT_PIPELINE,.json
game-godot/content/fighters/nix-calder/animations/generated_production/hurt.anim.json,ONLY_ON_106,UNIQUE_BUT_STALE,REGENERATE_FROM_CURRENT_PIPELINE,.json
game-godot/content/fighters/nix-calder/animations/generated_production/hurt_crumple.anim.json,ONLY_ON_106,UNIQUE_BUT_STALE,REGENERATE_FROM_CURRENT_PIPELINE,.json
game-godot/content/fighters/nix-calder/animations/generated_production/hurt_flinch.anim.json,ONLY_ON_106,UNIQUE_BUT_STALE,REGENERATE_FROM_CURRENT_PIPELINE,.json
game-godot/content/fighters/nix-calder/animations/generated_production/hurt_heavy.anim.json,ONLY_ON_106,UNIQUE_BUT_STALE,REGENERATE_FROM_CURRENT_PIPELINE,.json
game-godot/content/fighters/nix-calder/animations/generated_production/hurt_heavy_back.anim.json,ONLY_ON_106,UNIQUE_BUT_STALE,REGENERATE_FROM_CURRENT_PIPELINE,.json
game-godot/content/fighters/nix-calder/animations/generated_production/hurt_heavy_front.anim.json,ONLY_ON_106,UNIQUE_BUT_STALE,REGENERATE_FROM_CURRENT_PIPELINE,.json
game-godot/content/fighters/nix-calder/animations/generated_production/hurt_launch_diagonal.anim.json,ONLY_ON_106,UNIQUE_BUT_STALE,REGENERATE_FROM_CURRENT_PIPELINE,.json
game-godot/content/fighters/nix-calder/animations/generated_production/hurt_launch_horizontal.anim.json,ONLY_ON_106,UNIQUE_BUT_STALE,REGENERATE_FROM_CURRENT_PIPELINE,.json
game-godot/content/fighters/nix-calder/animations/generated_production/hurt_launch_up.anim.json,ONLY_ON_106,UNIQUE_BUT_STALE,REGENERATE_FROM_CURRENT_PIPELINE,.json
game-godot/content/fighters/nix-calder/animations/generated_production/hurt_light.anim.json,ONLY_ON_106,UNIQUE_BUT_STALE,REGENERATE_FROM_CURRENT_PIPELINE,.json
game-godot/content/fighters/nix-calder/animations/generated_production/hurt_light_high.anim.json,ONLY_ON_106,UNIQUE_BUT_STALE,REGENERATE_FROM_CURRENT_PIPELINE,.json
game-godot/content/fighters/nix-calder/animations/generated_production/hurt_light_low.anim.json,ONLY_ON_106,UNIQUE_BUT_STALE,REGENERATE_FROM_CURRENT_PIPELINE,.json
game-godot/content/fighters/nix-calder/animations/generated_production/hurt_light_mid.anim.json,ONLY_ON_106,UNIQUE_BUT_STALE,REGENERATE_FROM_CURRENT_PIPELINE,.json
game-godot/content/fighters/nix-calder/animations/generated_production/hurt_medium_back.anim.json,ONLY_ON_106,UNIQUE_BUT_STALE,REGENERATE_FROM_CURRENT_PIPELINE,.json
game-godot/content/fighters/nix-calder/animations/generated_production/hurt_medium_front.anim.json,ONLY_ON_106,UNIQUE_BUT_STALE,REGENERATE_FROM_CURRENT_PIPELINE,.json
game-godot/content/fighters/nix-calder/animations/generated_production/hurt_stagger.anim.json,ONLY_ON_106,UNIQUE_BUT_STALE,REGENERATE_FROM_CURRENT_PIPELINE,.json
game-godot/content/fighters/nix-calder/animations/generated_production/idle.anim.json,ONLY_ON_106,UNIQUE_BUT_STALE,REGENERATE_FROM_CURRENT_PIPELINE,.json
game-godot/content/fighters/nix-calder/animations/generated_production/jab.anim.json,ONLY_ON_106,UNIQUE_BUT_STALE,REGENERATE_FROM_CURRENT_PIPELINE,.json
game-godot/content/fighters/nix-calder/animations/generated_production/jab_chain_2.anim.json,ONLY_ON_106,UNIQUE_BUT_STALE,REGENERATE_FROM_CURRENT_PIPELINE,.json
game-godot/content/fighters/nix-calder/animations/generated_production/jab_chain_3.anim.json,ONLY_ON_106,UNIQUE_BUT_STALE,REGENERATE_FROM_CURRENT_PIPELINE,.json
game-godot/content/fighters/nix-calder/animations/generated_production/jump.anim.json,ONLY_ON_106,UNIQUE_BUT_STALE,REGENERATE_FROM_CURRENT_PIPELINE,.json
game-godot/content/fighters/nix-calder/animations/generated_production/jump_apex.anim.json,ONLY_ON_106,UNIQUE_BUT_STALE,REGENERATE_FROM_CURRENT_PIPELINE,.json
game-godot/content/fighters/nix-calder/animations/generated_production/jump_squat.anim.json,ONLY_ON_106,UNIQUE_BUT_STALE,REGENERATE_FROM_CURRENT_PIPELINE,.json
game-godot/content/fighters/nix-calder/animations/generated_production/ko.anim.json,ONLY_ON_106,UNIQUE_BUT_STALE,REGENERATE_FROM_CURRENT_PIPELINE,.json
game-godot/content/fighters/nix-calder/animations/generated_production/ko_launch.anim.json,ONLY_ON_106,UNIQUE_BUT_STALE,REGENERATE_FROM_CURRENT_PIPELINE,.json
game-godot/content/fighters/nix-calder/animations/generated_production/ko_reaction.anim.json,ONLY_ON_106,UNIQUE_BUT_STALE,REGENERATE_FROM_CURRENT_PIPELINE,.json
game-godot/content/fighters/nix-calder/animations/generated_production/land_hard.anim.json,ONLY_ON_106,UNIQUE_BUT_STALE,REGENERATE_FROM_CURRENT_PIPELINE,.json
game-godot/content/fighters/nix-calder/animations/generated_production/land_soft.anim.json,ONLY_ON_106,UNIQUE_BUT_STALE,REGENERATE_FROM_CURRENT_PIPELINE,.json
game-godot/content/fighters/nix-calder/animations/generated_production/landing.anim.json,ONLY_ON_106,UNIQUE_BUT_STALE,REGENERATE_FROM_CURRENT_PIPELINE,.json
game-godot/content/fighters/nix-calder/animations/generated_production/launch.anim.json,ONLY_ON_106,UNIQUE_BUT_STALE,REGENERATE_FROM_CURRENT_PIPELINE,.json
game-godot/content/fighters/nix-calder/animations/generated_production/launch_tumble.anim.json,ONLY_ON_106,UNIQUE_BUT_STALE,REGENERATE_FROM_CURRENT_PIPELINE,.json
game-godot/content/fighters/nix-calder/animations/generated_production/manifest.json,ONLY_ON_106,UNIQUE_BUT_STALE,HUMAN_ART_REVIEW_REQUIRED,.json
game-godot/content/fighters/nix-calder/animations/generated_production/personality_idle.anim.json,ONLY_ON_106,UNIQUE_BUT_STALE,REGENERATE_FROM_CURRENT_PIPELINE,.json
game-godot/content/fighters/nix-calder/animations/generated_production/projectile_full.anim.json,ONLY_ON_106,UNIQUE_BUT_STALE,REGENERATE_FROM_CURRENT_PIPELINE,.json
game-godot/content/fighters/nix-calder/animations/generated_production/projectile_medium.anim.json,ONLY_ON_106,UNIQUE_BUT_STALE,REGENERATE_FROM_CURRENT_PIPELINE,.json
game-godot/content/fighters/nix-calder/animations/generated_production/projectile_tap.anim.json,ONLY_ON_106,UNIQUE_BUT_STALE,REGENERATE_FROM_CURRENT_PIPELINE,.json
game-godot/content/fighters/nix-calder/animations/generated_production/recovery.anim.json,ONLY_ON_106,UNIQUE_BUT_STALE,REGENERATE_FROM_CURRENT_PIPELINE,.json
game-godot/content/fighters/nix-calder/animations/generated_production/run.anim.json,ONLY_ON_106,UNIQUE_BUT_STALE,REGENERATE_FROM_CURRENT_PIPELINE,.json
game-godot/content/fighters/nix-calder/animations/generated_production/run_start.anim.json,ONLY_ON_106,UNIQUE_BUT_STALE,REGENERATE_FROM_CURRENT_PIPELINE,.json
game-godot/content/fighters/nix-calder/animations/generated_production/run_stop.anim.json,ONLY_ON_106,UNIQUE_BUT_STALE,REGENERATE_FROM_CURRENT_PIPELINE,.json
game-godot/content/fighters/nix-calder/animations/generated_production/shield.anim.json,ONLY_ON_106,UNIQUE_BUT_STALE,REGENERATE_FROM_CURRENT_PIPELINE,.json
game-godot/content/fighters/nix-calder/animations/generated_production/shield_hit_heavy.anim.json,ONLY_ON_106,UNIQUE_BUT_STALE,REGENERATE_FROM_CURRENT_PIPELINE,.json
game-godot/content/fighters/nix-calder/animations/generated_production/shield_hit_light.anim.json,ONLY_ON_106,UNIQUE_BUT_STALE,REGENERATE_FROM_CURRENT_PIPELINE,.json
game-godot/content/fighters/nix-calder/animations/generated_production/signature_lane_burst.anim.json,ONLY_ON_106,UNIQUE_BUT_STALE,REGENERATE_FROM_CURRENT_PIPELINE,.json
game-godot/content/fighters/nix-calder/animations/generated_production/signature_lane_confirm.anim.json,ONLY_ON_106,UNIQUE_BUT_STALE,REGENERATE_FROM_CURRENT_PIPELINE,.json
game-godot/content/fighters/nix-calder/animations/generated_production/signature_lane_control.anim.json,ONLY_ON_106,UNIQUE_BUT_STALE,REGENERATE_FROM_CURRENT_PIPELINE,.json
game-godot/content/fighters/nix-calder/animations/generated_production/signature_lane_counter.anim.json,ONLY_ON_106,UNIQUE_BUT_STALE,REGENERATE_FROM_CURRENT_PIPELINE,.json
game-godot/content/fighters/nix-calder/animations/generated_production/signature_lane_feint.anim.json,ONLY_ON_106,UNIQUE_BUT_STALE,REGENERATE_FROM_CURRENT_PIPELINE,.json
game-godot/content/fighters/nix-calder/animations/generated_production/signature_lane_finisher.anim.json,ONLY_ON_106,UNIQUE_BUT_STALE,REGENERATE_FROM_CURRENT_PIPELINE,.json
game-godot/content/fighters/nix-calder/animations/generated_production/signature_lane_launch.anim.json,ONLY_ON_106,UNIQUE_BUT_STALE,REGENERATE_FROM_CURRENT_PIPELINE,.json
game-godot/content/fighters/nix-calder/animations/generated_production/signature_lane_trap.anim.json,ONLY_ON_106,UNIQUE_BUT_STALE,REGENERATE_FROM_CURRENT_PIPELINE,.json
game-godot/content/fighters/nix-calder/animations/generated_production/smash_down.anim.json,ONLY_ON_106,UNIQUE_BUT_STALE,REGENERATE_FROM_CURRENT_PIPELINE,.json
game-godot/content/fighters/nix-calder/animations/generated_production/smash_forward.anim.json,ONLY_ON_106,UNIQUE_BUT_STALE,REGENERATE_FROM_CURRENT_PIPELINE,.json
game-godot/content/fighters/nix-calder/animations/generated_production/smash_up.anim.json,ONLY_ON_106,UNIQUE_BUT_STALE,REGENERATE_FROM_CURRENT_PIPELINE,.json
game-godot/content/fighters/nix-calder/animations/generated_production/throw_back.anim.json,ONLY_ON_106,UNIQUE_BUT_STALE,REGENERATE_FROM_CURRENT_PIPELINE,.json
game-godot/content/fighters/nix-calder/animations/generated_production/throw_down.anim.json,ONLY_ON_106,UNIQUE_BUT_STALE,REGENERATE_FROM_CURRENT_PIPELINE,.json
game-godot/content/fighters/nix-calder/animations/generated_production/throw_forward.anim.json,ONLY_ON_106,UNIQUE_BUT_STALE,REGENERATE_FROM_CURRENT_PIPELINE,.json
game-godot/content/fighters/nix-calder/animations/generated_production/throw_up.anim.json,ONLY_ON_106,UNIQUE_BUT_STALE,REGENERATE_FROM_CURRENT_PIPELINE,.json
game-godot/content/fighters/nix-calder/animations/generated_production/throw_victim_back.anim.json,ONLY_ON_106,UNIQUE_BUT_STALE,REGENERATE_FROM_CURRENT_PIPELINE,.json
game-godot/content/fighters/nix-calder/animations/generated_production/throw_victim_down.anim.json,ONLY_ON_106,UNIQUE_BUT_STALE,REGENERATE_FROM_CURRENT_PIPELINE,.json
game-godot/content/fighters/nix-calder/animations/generated_production/throw_victim_forward.anim.json,ONLY_ON_106,UNIQUE_BUT_STALE,REGENERATE_FROM_CURRENT_PIPELINE,.json
game-godot/content/fighters/nix-calder/animations/generated_production/throw_victim_up.anim.json,ONLY_ON_106,UNIQUE_BUT_STALE,REGENERATE_FROM_CURRENT_PIPELINE,.json
game-godot/content/fighters/nix-calder/animations/generated_production/tilt_down.anim.json,ONLY_ON_106,UNIQUE_BUT_STALE,REGENERATE_FROM_CURRENT_PIPELINE,.json
game-godot/content/fighters/nix-calder/animations/generated_production/tilt_forward.anim.json,ONLY_ON_106,UNIQUE_BUT_STALE,REGENERATE_FROM_CURRENT_PIPELINE,.json
game-godot/content/fighters/nix-calder/animations/generated_production/tilt_up.anim.json,ONLY_ON_106,UNIQUE_BUT_STALE,REGENERATE_FROM_CURRENT_PIPELINE,.json
game-godot/content/fighters/nix-calder/animations/generated_production/tumble.anim.json,ONLY_ON_106,UNIQUE_BUT_STALE,REGENERATE_FROM_CURRENT_PIPELINE,.json
game-godot/content/fighters/nix-calder/animations/generated_production/turn.anim.json,ONLY_ON_106,UNIQUE_BUT_STALE,REGENERATE_FROM_CURRENT_PIPELINE,.json
game-godot/content/fighters/nix-calder/animations/generated_production/victory.anim.json,ONLY_ON_106,UNIQUE_BUT_STALE,REGENERATE_FROM_CURRENT_PIPELINE,.json
game-godot/content/fighters/nix-calder/animations/generated_production/walk.anim.json,ONLY_ON_106,UNIQUE_BUT_STALE,REGENERATE_FROM_CURRENT_PIPELINE,.json
game-godot/content/fighters/nix-calder/animations/generated_production/walk_start.anim.json,ONLY_ON_106,UNIQUE_BUT_STALE,REGENERATE_FROM_CURRENT_PIPELINE,.json
game-godot/content/fighters/nix-calder/animations/generated_production/walk_stop.anim.json,ONLY_ON_106,UNIQUE_BUT_STALE,REGENERATE_FROM_CURRENT_PIPELINE,.json
game-godot/content/fighters/nix-calder/animations/generated_production/wall_splat.anim.json,ONLY_ON_106,UNIQUE_BUT_STALE,REGENERATE_FROM_CURRENT_PIPELINE,.json
game-godot/content/fighters/nix-calder/animations/procedural/aerial_back.anim.json,BOTH_DIVERGED,UNIQUE_BUT_STALE,REGENERATE_FROM_CURRENT_PIPELINE,.json
game-godot/content/fighters/nix-calder/animations/procedural/aerial_down.anim.json,BOTH_DIVERGED,UNIQUE_BUT_STALE,REGENERATE_FROM_CURRENT_PIPELINE,.json
game-godot/content/fighters/nix-calder/animations/procedural/aerial_forward.anim.json,BOTH_DIVERGED,UNIQUE_BUT_STALE,REGENERATE_FROM_CURRENT_PIPELINE,.json
game-godot/content/fighters/nix-calder/animations/procedural/aerial_neutral.anim.json,BOTH_DIVERGED,UNIQUE_BUT_STALE,REGENERATE_FROM_CURRENT_PIPELINE,.json
game-godot/content/fighters/nix-calder/animations/procedural/aerial_up.anim.json,BOTH_DIVERGED,UNIQUE_BUT_STALE,REGENERATE_FROM_CURRENT_PIPELINE,.json
game-godot/content/fighters/nix-calder/animations/procedural/air_dodge.anim.json,BOTH_DIVERGED,UNIQUE_BUT_STALE,REGENERATE_FROM_CURRENT_PIPELINE,.json
game-godot/content/fighters/nix-calder/animations/procedural/air_drift.anim.json,BOTH_DIVERGED,UNIQUE_BUT_STALE,REGENERATE_FROM_CURRENT_PIPELINE,.json
game-godot/content/fighters/nix-calder/animations/procedural/aura_charge.anim.json,BOTH_DIVERGED,UNIQUE_BUT_STALE,REGENERATE_FROM_CURRENT_PIPELINE,.json
game-godot/content/fighters/nix-calder/animations/procedural/aura_release.anim.json,BOTH_DIVERGED,UNIQUE_BUT_STALE,REGENERATE_FROM_CURRENT_PIPELINE,.json
game-godot/content/fighters/nix-calder/animations/procedural/charge_full.anim.json,ONLY_ON_106,UNIQUE_BUT_STALE,REGENERATE_FROM_CURRENT_PIPELINE,.json
game-godot/content/fighters/nix-calder/animations/procedural/charge_high.anim.json,ONLY_ON_106,UNIQUE_BUT_STALE,REGENERATE_FROM_CURRENT_PIPELINE,.json
game-godot/content/fighters/nix-calder/animations/procedural/charge_low.anim.json,ONLY_ON_106,UNIQUE_BUT_STALE,REGENERATE_FROM_CURRENT_PIPELINE,.json
game-godot/content/fighters/nix-calder/animations/procedural/charge_mid.anim.json,ONLY_ON_106,UNIQUE_BUT_STALE,REGENERATE_FROM_CURRENT_PIPELINE,.json
game-godot/content/fighters/nix-calder/animations/procedural/charge_release.anim.json,ONLY_ON_106,UNIQUE_BUT_STALE,REGENERATE_FROM_CURRENT_PIPELINE,.json
game-godot/content/fighters/nix-calder/animations/procedural/charge_start.anim.json,ONLY_ON_106,UNIQUE_BUT_STALE,REGENERATE_FROM_CURRENT_PIPELINE,.json
game-godot/content/fighters/nix-calder/animations/procedural/charged_dash.anim.json,ONLY_ON_106,UNIQUE_BUT_STALE,REGENERATE_FROM_CURRENT_PIPELINE,.json
game-godot/content/fighters/nix-calder/animations/procedural/charged_fall.anim.json,ONLY_ON_106,UNIQUE_BUT_STALE,REGENERATE_FROM_CURRENT_PIPELINE,.json
game-godot/content/fighters/nix-calder/animations/procedural/charged_hold.anim.json,ONLY_ON_106,UNIQUE_BUT_STALE,REGENERATE_FROM_CURRENT_PIPELINE,.json
game-godot/content/fighters/nix-calder/animations/procedural/charged_idle.anim.json,ONLY_ON_106,UNIQUE_BUT_STALE,REGENERATE_FROM_CURRENT_PIPELINE,.json
game-godot/content/fighters/nix-calder/animations/procedural/charged_jump.anim.json,ONLY_ON_106,UNIQUE_BUT_STALE,REGENERATE_FROM_CURRENT_PIPELINE,.json
game-godot/content/fighters/nix-calder/animations/procedural/charged_land.anim.json,ONLY_ON_106,UNIQUE_BUT_STALE,REGENERATE_FROM_CURRENT_PIPELINE,.json
game-godot/content/fighters/nix-calder/animations/procedural/charged_run.anim.json,ONLY_ON_106,UNIQUE_BUT_STALE,REGENERATE_FROM_CURRENT_PIPELINE,.json
game-godot/content/fighters/nix-calder/animations/procedural/charged_walk.anim.json,ONLY_ON_106,UNIQUE_BUT_STALE,REGENERATE_FROM_CURRENT_PIPELINE,.json
game-godot/content/fighters/nix-calder/animations/procedural/contact_aura.anim.json,ONLY_ON_106,UNIQUE_BUT_STALE,REFERENCE_ONLY,.json
game-godot/content/fighters/nix-calder/animations/procedural/contact_heavy.anim.json,ONLY_ON_106,UNIQUE_BUT_STALE,REFERENCE_ONLY,.json
game-godot/content/fighters/nix-calder/animations/procedural/contact_ko.anim.json,ONLY_ON_106,UNIQUE_BUT_STALE,REFERENCE_ONLY,.json
game-godot/content/fighters/nix-calder/animations/procedural/contact_light.anim.json,ONLY_ON_106,UNIQUE_BUT_STALE,REFERENCE_ONLY,.json
game-godot/content/fighters/nix-calder/animations/procedural/contact_medium.anim.json,ONLY_ON_106,UNIQUE_BUT_STALE,REFERENCE_ONLY,.json
game-godot/content/fighters/nix-calder/animations/procedural/contact_super.anim.json,ONLY_ON_106,UNIQUE_BUT_STALE,REFERENCE_ONLY,.json
game-godot/content/fighters/nix-calder/animations/procedural/dash.anim.json,BOTH_DIVERGED,UNIQUE_BUT_STALE,REGENERATE_FROM_CURRENT_PIPELINE,.json
game-godot/content/fighters/nix-calder/animations/procedural/dash_stop.anim.json,ONLY_ON_106,UNIQUE_BUT_STALE,REGENERATE_FROM_CURRENT_PIPELINE,.json
game-godot/content/fighters/nix-calder/animations/procedural/defeat.anim.json,BOTH_DIVERGED,UNIQUE_BUT_STALE,REGENERATE_FROM_CURRENT_PIPELINE,.json
game-godot/content/fighters/nix-calder/animations/procedural/dodge.anim.json,BOTH_DIVERGED,UNIQUE_BUT_STALE,REGENERATE_FROM_CURRENT_PIPELINE,.json
game-godot/content/fighters/nix-calder/animations/procedural/fall.anim.json,BOTH_DIVERGED,UNIQUE_BUT_STALE,REGENERATE_FROM_CURRENT_PIPELINE,.json
game-godot/content/fighters/nix-calder/animations/procedural/grab.anim.json,BOTH_DIVERGED,UNIQUE_BUT_STALE,REGENERATE_FROM_CURRENT_PIPELINE,.json
game-godot/content/fighters/nix-calder/animations/procedural/grab_victim.anim.json,ONLY_ON_106,UNIQUE_BUT_STALE,REGENERATE_FROM_CURRENT_PIPELINE,.json
game-godot/content/fighters/nix-calder/animations/procedural/heavy.anim.json,BOTH_DIVERGED,UNIQUE_BUT_STALE,REGENERATE_FROM_CURRENT_PIPELINE,.json
game-godot/content/fighters/nix-calder/animations/procedural/hurt.anim.json,BOTH_DIVERGED,UNIQUE_BUT_STALE,REGENERATE_FROM_CURRENT_PIPELINE,.json
game-godot/content/fighters/nix-calder/animations/procedural/hurt_body_snap.anim.json,ONLY_ON_106,UNIQUE_BUT_STALE,REGENERATE_FROM_CURRENT_PIPELINE,.json
game-godot/content/fighters/nix-calder/animations/procedural/hurt_crumple.anim.json,ONLY_ON_106,UNIQUE_BUT_STALE,REGENERATE_FROM_CURRENT_PIPELINE,.json
game-godot/content/fighters/nix-calder/animations/procedural/hurt_flinch.anim.json,ONLY_ON_106,UNIQUE_BUT_STALE,REGENERATE_FROM_CURRENT_PIPELINE,.json
game-godot/content/fighters/nix-calder/animations/procedural/hurt_freeze_stiffness.anim.json,ONLY_ON_106,UNIQUE_BUT_STALE,REGENERATE_FROM_CURRENT_PIPELINE,.json
game-godot/content/fighters/nix-calder/animations/procedural/hurt_ground_bounce.anim.json,ONLY_ON_106,UNIQUE_BUT_STALE,REGENERATE_FROM_CURRENT_PIPELINE,.json
game-godot/content/fighters/nix-calder/animations/procedural/hurt_heavy.anim.json,BOTH_DIVERGED,UNIQUE_BUT_STALE,REGENERATE_FROM_CURRENT_PIPELINE,.json
game-godot/content/fighters/nix-calder/animations/procedural/hurt_ko_spin.anim.json,ONLY_ON_106,UNIQUE_BUT_STALE,REGENERATE_FROM_CURRENT_PIPELINE,.json
game-godot/content/fighters/nix-calder/animations/procedural/hurt_launch.anim.json,ONLY_ON_106,UNIQUE_BUT_STALE,REGENERATE_FROM_CURRENT_PIPELINE,.json
game-godot/content/fighters/nix-calder/animations/procedural/hurt_light.anim.json,BOTH_DIVERGED,UNIQUE_BUT_STALE,REGENERATE_FROM_CURRENT_PIPELINE,.json
game-godot/content/fighters/nix-calder/animations/procedural/hurt_medium.anim.json,BOTH_DIVERGED,UNIQUE_BUT_STALE,REGENERATE_FROM_CURRENT_PIPELINE,.json
game-godot/content/fighters/nix-calder/animations/procedural/hurt_shield_recoil.anim.json,ONLY_ON_106,UNIQUE_BUT_STALE,REGENERATE_FROM_CURRENT_PIPELINE,.json
game-godot/content/fighters/nix-calder/animations/procedural/hurt_spike.anim.json,ONLY_ON_106,UNIQUE_BUT_STALE,REGENERATE_FROM_CURRENT_PIPELINE,.json
game-godot/content/fighters/nix-calder/animations/procedural/hurt_stagger.anim.json,ONLY_ON_106,UNIQUE_BUT_STALE,REGENERATE_FROM_CURRENT_PIPELINE,.json
game-godot/content/fighters/nix-calder/animations/procedural/hurt_tumble.anim.json,ONLY_ON_106,UNIQUE_BUT_STALE,REGENERATE_FROM_CURRENT_PIPELINE,.json
game-godot/content/fighters/nix-calder/animations/procedural/hurt_wall_splat.anim.json,ONLY_ON_106,UNIQUE_BUT_STALE,REGENERATE_FROM_CURRENT_PIPELINE,.json
game-godot/content/fighters/nix-calder/animations/procedural/idle.anim.json,BOTH_DIVERGED,UNIQUE_BUT_STALE,REGENERATE_FROM_CURRENT_PIPELINE,.json
game-godot/content/fighters/nix-calder/animations/procedural/idle_personality.anim.json,ONLY_ON_106,UNIQUE_BUT_STALE,REGENERATE_FROM_CURRENT_PIPELINE,.json
game-godot/content/fighters/nix-calder/animations/procedural/jab.anim.json,BOTH_DIVERGED,UNIQUE_BUT_STALE,REGENERATE_FROM_CURRENT_PIPELINE,.json
game-godot/content/fighters/nix-calder/animations/procedural/jab_chain_2.anim.json,BOTH_DIVERGED,UNIQUE_BUT_STALE,REGENERATE_FROM_CURRENT_PIPELINE,.json
game-godot/content/fighters/nix-calder/animations/procedural/jab_chain_3.anim.json,BOTH_DIVERGED,UNIQUE_BUT_STALE,REGENERATE_FROM_CURRENT_PIPELINE,.json
game-godot/content/fighters/nix-calder/animations/procedural/jump.anim.json,BOTH_DIVERGED,UNIQUE_BUT_STALE,REGENERATE_FROM_CURRENT_PIPELINE,.json
game-godot/content/fighters/nix-calder/animations/procedural/jump_apex.anim.json,BOTH_DIVERGED,UNIQUE_BUT_STALE,REGENERATE_FROM_CURRENT_PIPELINE,.json
game-godot/content/fighters/nix-calder/animations/procedural/jump_squat.anim.json,ONLY_ON_106,UNIQUE_BUT_STALE,REGENERATE_FROM_CURRENT_PIPELINE,.json
game-godot/content/fighters/nix-calder/animations/procedural/ko.anim.json,BOTH_DIVERGED,UNIQUE_BUT_STALE,REGENERATE_FROM_CURRENT_PIPELINE,.json
game-godot/content/fighters/nix-calder/animations/procedural/landing.anim.json,BOTH_DIVERGED,UNIQUE_BUT_STALE,REGENERATE_FROM_CURRENT_PIPELINE,.json
game-godot/content/fighters/nix-calder/animations/procedural/launch.anim.json,BOTH_DIVERGED,UNIQUE_BUT_STALE,REGENERATE_FROM_CURRENT_PIPELINE,.json
game-godot/content/fighters/nix-calder/animations/procedural/manifest.json,BOTH_DIVERGED,UNIQUE_BUT_STALE,REGENERATE_FROM_CURRENT_PIPELINE,.json
game-godot/content/fighters/nix-calder/animations/procedural/projectile_full.anim.json,BOTH_DIVERGED,UNIQUE_BUT_STALE,REGENERATE_FROM_CURRENT_PIPELINE,.json
game-godot/content/fighters/nix-calder/animations/procedural/projectile_medium.anim.json,BOTH_DIVERGED,UNIQUE_BUT_STALE,REGENERATE_FROM_CURRENT_PIPELINE,.json
game-godot/content/fighters/nix-calder/animations/procedural/projectile_tap.anim.json,BOTH_DIVERGED,UNIQUE_BUT_STALE,REGENERATE_FROM_CURRENT_PIPELINE,.json
game-godot/content/fighters/nix-calder/animations/procedural/recovery.anim.json,BOTH_DIVERGED,UNIQUE_BUT_STALE,REGENERATE_FROM_CURRENT_PIPELINE,.json
game-godot/content/fighters/nix-calder/animations/procedural/recovery_identity.anim.json,ONLY_ON_106,UNIQUE_BUT_STALE,REGENERATE_FROM_CURRENT_PIPELINE,.json
game-godot/content/fighters/nix-calder/animations/procedural/run.anim.json,BOTH_DIVERGED,UNIQUE_BUT_STALE,REGENERATE_FROM_CURRENT_PIPELINE,.json
game-godot/content/fighters/nix-calder/animations/procedural/run_start.anim.json,ONLY_ON_106,UNIQUE_BUT_STALE,REGENERATE_FROM_CURRENT_PIPELINE,.json
game-godot/content/fighters/nix-calder/animations/procedural/run_stop.anim.json,ONLY_ON_106,UNIQUE_BUT_STALE,REGENERATE_FROM_CURRENT_PIPELINE,.json
game-godot/content/fighters/nix-calder/animations/procedural/shield.anim.json,BOTH_DIVERGED,UNIQUE_BUT_STALE,REGENERATE_FROM_CURRENT_PIPELINE,.json
game-godot/content/fighters/nix-calder/animations/procedural/signature_lane_burst.anim.json,BOTH_DIVERGED,UNIQUE_BUT_STALE,REGENERATE_FROM_CURRENT_PIPELINE,.json
game-godot/content/fighters/nix-calder/animations/procedural/signature_lane_confirm.anim.json,BOTH_DIVERGED,UNIQUE_BUT_STALE,REGENERATE_FROM_CURRENT_PIPELINE,.json
game-godot/content/fighters/nix-calder/animations/procedural/signature_lane_control.anim.json,BOTH_DIVERGED,UNIQUE_BUT_STALE,REGENERATE_FROM_CURRENT_PIPELINE,.json
game-godot/content/fighters/nix-calder/animations/procedural/signature_lane_counter.anim.json,BOTH_DIVERGED,UNIQUE_BUT_STALE,REGENERATE_FROM_CURRENT_PIPELINE,.json
game-godot/content/fighters/nix-calder/animations/procedural/signature_lane_feint.anim.json,BOTH_DIVERGED,UNIQUE_BUT_STALE,REGENERATE_FROM_CURRENT_PIPELINE,.json
game-godot/content/fighters/nix-calder/animations/procedural/signature_lane_finisher.anim.json,BOTH_DIVERGED,UNIQUE_BUT_STALE,REGENERATE_FROM_CURRENT_PIPELINE,.json
game-godot/content/fighters/nix-calder/animations/procedural/signature_lane_launch.anim.json,BOTH_DIVERGED,UNIQUE_BUT_STALE,REGENERATE_FROM_CURRENT_PIPELINE,.json
game-godot/content/fighters/nix-calder/animations/procedural/signature_lane_trap.anim.json,BOTH_DIVERGED,UNIQUE_BUT_STALE,REGENERATE_FROM_CURRENT_PIPELINE,.json
game-godot/content/fighters/nix-calder/animations/procedural/smash_down.anim.json,BOTH_DIVERGED,UNIQUE_BUT_STALE,REGENERATE_FROM_CURRENT_PIPELINE,.json
game-godot/content/fighters/nix-calder/animations/procedural/smash_forward.anim.json,BOTH_DIVERGED,UNIQUE_BUT_STALE,REGENERATE_FROM_CURRENT_PIPELINE,.json
game-godot/content/fighters/nix-calder/animations/procedural/smash_up.anim.json,BOTH_DIVERGED,UNIQUE_BUT_STALE,REGENERATE_FROM_CURRENT_PIPELINE,.json
game-godot/content/fighters/nix-calder/animations/procedural/super.anim.json,ONLY_ON_106,UNIQUE_BUT_STALE,REGENERATE_FROM_CURRENT_PIPELINE,.json
game-godot/content/fighters/nix-calder/animations/procedural/throw_back.anim.json,BOTH_DIVERGED,UNIQUE_BUT_STALE,REGENERATE_FROM_CURRENT_PIPELINE,.json
game-godot/content/fighters/nix-calder/animations/procedural/throw_down.anim.json,BOTH_DIVERGED,UNIQUE_BUT_STALE,REGENERATE_FROM_CURRENT_PIPELINE,.json
game-godot/content/fighters/nix-calder/animations/procedural/throw_forward.anim.json,BOTH_DIVERGED,UNIQUE_BUT_STALE,REGENERATE_FROM_CURRENT_PIPELINE,.json
game-godot/content/fighters/nix-calder/animations/procedural/throw_up.anim.json,BOTH_DIVERGED,UNIQUE_BUT_STALE,REGENERATE_FROM_CURRENT_PIPELINE,.json
game-godot/content/fighters/nix-calder/animations/procedural/throw_victim_back.anim.json,ONLY_ON_106,UNIQUE_BUT_STALE,REGENERATE_FROM_CURRENT_PIPELINE,.json
game-godot/content/fighters/nix-calder/animations/procedural/throw_victim_down.anim.json,ONLY_ON_106,UNIQUE_BUT_STALE,REGENERATE_FROM_CURRENT_PIPELINE,.json
game-godot/content/fighters/nix-calder/animations/procedural/throw_victim_forward.anim.json,ONLY_ON_106,UNIQUE_BUT_STALE,REGENERATE_FROM_CURRENT_PIPELINE,.json
game-godot/content/fighters/nix-calder/animations/procedural/throw_victim_up.anim.json,ONLY_ON_106,UNIQUE_BUT_STALE,REGENERATE_FROM_CURRENT_PIPELINE,.json
game-godot/content/fighters/nix-calder/animations/procedural/tilt_down.anim.json,BOTH_DIVERGED,UNIQUE_BUT_STALE,REGENERATE_FROM_CURRENT_PIPELINE,.json
game-godot/content/fighters/nix-calder/animations/procedural/tilt_forward.anim.json,BOTH_DIVERGED,UNIQUE_BUT_STALE,REGENERATE_FROM_CURRENT_PIPELINE,.json
game-godot/content/fighters/nix-calder/animations/procedural/tilt_up.anim.json,BOTH_DIVERGED,UNIQUE_BUT_STALE,REGENERATE_FROM_CURRENT_PIPELINE,.json
game-godot/content/fighters/nix-calder/animations/procedural/transition_idle_walk.anim.json,ONLY_ON_106,UNIQUE_BUT_STALE,REGENERATE_FROM_CURRENT_PIPELINE,.json
game-godot/content/fighters/nix-calder/animations/procedural/transition_walk_run.anim.json,ONLY_ON_106,UNIQUE_BUT_STALE,REGENERATE_FROM_CURRENT_PIPELINE,.json
game-godot/content/fighters/nix-calder/animations/procedural/tumble.anim.json,BOTH_DIVERGED,UNIQUE_BUT_STALE,REGENERATE_FROM_CURRENT_PIPELINE,.json
game-godot/content/fighters/nix-calder/animations/procedural/turn.anim.json,BOTH_DIVERGED,UNIQUE_BUT_STALE,REGENERATE_FROM_CURRENT_PIPELINE,.json
game-godot/content/fighters/nix-calder/animations/procedural/uncharged_release.anim.json,ONLY_ON_106,UNIQUE_BUT_STALE,REGENERATE_FROM_CURRENT_PIPELINE,.json
game-godot/content/fighters/nix-calder/animations/procedural/victory.anim.json,BOTH_DIVERGED,UNIQUE_BUT_STALE,REGENERATE_FROM_CURRENT_PIPELINE,.json
game-godot/content/fighters/nix-calder/animations/procedural/walk.anim.json,BOTH_DIVERGED,UNIQUE_BUT_STALE,REGENERATE_FROM_CURRENT_PIPELINE,.json
game-godot/content/fighters/nix-calder/animations/procedural/walk_start.anim.json,ONLY_ON_106,UNIQUE_BUT_STALE,REGENERATE_FROM_CURRENT_PIPELINE,.json
game-godot/content/fighters/nix-calder/animations/procedural/walk_stop.anim.json,ONLY_ON_106,UNIQUE_BUT_STALE,REGENERATE_FROM_CURRENT_PIPELINE,.json
game-godot/content/fighters/nix-calder/model/nix-calder_generated_production.glb,ONLY_ON_106,UNIQUE_BUT_STALE,HUMAN_ART_REVIEW_REQUIRED,.glb
game-godot/content/fighters/nix-calder/model/nix-calder_generated_production.glb.import,ONLY_ON_106,UNIQUE_BUT_STALE,HUMAN_ART_REVIEW_REQUIRED,.import
game-godot/content/fighters/orion-vell/animations/generated_production/aerial_back.anim.json,ONLY_ON_106,UNIQUE_BUT_STALE,REGENERATE_FROM_CURRENT_PIPELINE,.json
game-godot/content/fighters/orion-vell/animations/generated_production/aerial_down.anim.json,ONLY_ON_106,UNIQUE_BUT_STALE,REGENERATE_FROM_CURRENT_PIPELINE,.json
game-godot/content/fighters/orion-vell/animations/generated_production/aerial_forward.anim.json,ONLY_ON_106,UNIQUE_BUT_STALE,REGENERATE_FROM_CURRENT_PIPELINE,.json
game-godot/content/fighters/orion-vell/animations/generated_production/aerial_neutral.anim.json,ONLY_ON_106,UNIQUE_BUT_STALE,REGENERATE_FROM_CURRENT_PIPELINE,.json
game-godot/content/fighters/orion-vell/animations/generated_production/aerial_up.anim.json,ONLY_ON_106,UNIQUE_BUT_STALE,REGENERATE_FROM_CURRENT_PIPELINE,.json
game-godot/content/fighters/orion-vell/animations/generated_production/air_dodge.anim.json,ONLY_ON_106,UNIQUE_BUT_STALE,REGENERATE_FROM_CURRENT_PIPELINE,.json
game-godot/content/fighters/orion-vell/animations/generated_production/air_drift.anim.json,ONLY_ON_106,UNIQUE_BUT_STALE,REGENERATE_FROM_CURRENT_PIPELINE,.json
game-godot/content/fighters/orion-vell/animations/generated_production/aura_burst_super_pose.anim.json,ONLY_ON_106,UNIQUE_BUT_STALE,REGENERATE_FROM_CURRENT_PIPELINE,.json
game-godot/content/fighters/orion-vell/animations/generated_production/aura_charge.anim.json,ONLY_ON_106,UNIQUE_BUT_STALE,REGENERATE_FROM_CURRENT_PIPELINE,.json
game-godot/content/fighters/orion-vell/animations/generated_production/aura_release.anim.json,ONLY_ON_106,UNIQUE_BUT_STALE,REGENERATE_FROM_CURRENT_PIPELINE,.json
game-godot/content/fighters/orion-vell/animations/generated_production/aura_signature.anim.json,ONLY_ON_106,UNIQUE_BUT_STALE,REGENERATE_FROM_CURRENT_PIPELINE,.json
game-godot/content/fighters/orion-vell/animations/generated_production/charge_full.anim.json,ONLY_ON_106,UNIQUE_BUT_STALE,REGENERATE_FROM_CURRENT_PIPELINE,.json
game-godot/content/fighters/orion-vell/animations/generated_production/charge_high.anim.json,ONLY_ON_106,UNIQUE_BUT_STALE,REGENERATE_FROM_CURRENT_PIPELINE,.json
game-godot/content/fighters/orion-vell/animations/generated_production/charge_low.anim.json,ONLY_ON_106,UNIQUE_BUT_STALE,REGENERATE_FROM_CURRENT_PIPELINE,.json
game-godot/content/fighters/orion-vell/animations/generated_production/charge_mid.anim.json,ONLY_ON_106,UNIQUE_BUT_STALE,REGENERATE_FROM_CURRENT_PIPELINE,.json
game-godot/content/fighters/orion-vell/animations/generated_production/charge_release.anim.json,ONLY_ON_106,UNIQUE_BUT_STALE,REGENERATE_FROM_CURRENT_PIPELINE,.json
game-godot/content/fighters/orion-vell/animations/generated_production/charge_start.anim.json,ONLY_ON_106,UNIQUE_BUT_STALE,REGENERATE_FROM_CURRENT_PIPELINE,.json
game-godot/content/fighters/orion-vell/animations/generated_production/charged_dash.anim.json,ONLY_ON_106,UNIQUE_BUT_STALE,REGENERATE_FROM_CURRENT_PIPELINE,.json
game-godot/content/fighters/orion-vell/animations/generated_production/charged_fall.anim.json,ONLY_ON_106,UNIQUE_BUT_STALE,REGENERATE_FROM_CURRENT_PIPELINE,.json
game-godot/content/fighters/orion-vell/animations/generated_production/charged_idle.anim.json,ONLY_ON_106,UNIQUE_BUT_STALE,REGENERATE_FROM_CURRENT_PIPELINE,.json
game-godot/content/fighters/orion-vell/animations/generated_production/charged_jump.anim.json,ONLY_ON_106,UNIQUE_BUT_STALE,REGENERATE_FROM_CURRENT_PIPELINE,.json
game-godot/content/fighters/orion-vell/animations/generated_production/charged_land.anim.json,ONLY_ON_106,UNIQUE_BUT_STALE,REGENERATE_FROM_CURRENT_PIPELINE,.json
game-godot/content/fighters/orion-vell/animations/generated_production/charged_run.anim.json,ONLY_ON_106,UNIQUE_BUT_STALE,REGENERATE_FROM_CURRENT_PIPELINE,.json
game-godot/content/fighters/orion-vell/animations/generated_production/charged_walk.anim.json,ONLY_ON_106,UNIQUE_BUT_STALE,REGENERATE_FROM_CURRENT_PIPELINE,.json
game-godot/content/fighters/orion-vell/animations/generated_production/clash_break.anim.json,ONLY_ON_106,UNIQUE_BUT_STALE,REGENERATE_FROM_CURRENT_PIPELINE,.json
game-godot/content/fighters/orion-vell/animations/generated_production/clash_lock.anim.json,ONLY_ON_106,UNIQUE_BUT_STALE,REGENERATE_FROM_CURRENT_PIPELINE,.json
game-godot/content/fighters/orion-vell/animations/generated_production/clash_losing.anim.json,ONLY_ON_106,UNIQUE_BUT_STALE,REGENERATE_FROM_CURRENT_PIPELINE,.json
game-godot/content/fighters/orion-vell/animations/generated_production/clash_push.anim.json,ONLY_ON_106,UNIQUE_BUT_STALE,REGENERATE_FROM_CURRENT_PIPELINE,.json
game-godot/content/fighters/orion-vell/animations/generated_production/clash_start.anim.json,ONLY_ON_106,UNIQUE_BUT_STALE,REGENERATE_FROM_CURRENT_PIPELINE,.json
game-godot/content/fighters/orion-vell/animations/generated_production/clash_winning.anim.json,ONLY_ON_106,UNIQUE_BUT_STALE,REGENERATE_FROM_CURRENT_PIPELINE,.json
game-godot/content/fighters/orion-vell/animations/generated_production/crouch.anim.json,ONLY_ON_106,UNIQUE_BUT_STALE,REGENERATE_FROM_CURRENT_PIPELINE,.json
game-godot/content/fighters/orion-vell/animations/generated_production/dash.anim.json,ONLY_ON_106,UNIQUE_BUT_STALE,REGENERATE_FROM_CURRENT_PIPELINE,.json
game-godot/content/fighters/orion-vell/animations/generated_production/dash_stop.anim.json,ONLY_ON_106,UNIQUE_BUT_STALE,REGENERATE_FROM_CURRENT_PIPELINE,.json
game-godot/content/fighters/orion-vell/animations/generated_production/defeat.anim.json,ONLY_ON_106,UNIQUE_BUT_STALE,REGENERATE_FROM_CURRENT_PIPELINE,.json
game-godot/content/fighters/orion-vell/animations/generated_production/dodge.anim.json,ONLY_ON_106,UNIQUE_BUT_STALE,REGENERATE_FROM_CURRENT_PIPELINE,.json
game-godot/content/fighters/orion-vell/animations/generated_production/double_jump.anim.json,ONLY_ON_106,UNIQUE_BUT_STALE,REGENERATE_FROM_CURRENT_PIPELINE,.json
game-godot/content/fighters/orion-vell/animations/generated_production/fall.anim.json,ONLY_ON_106,UNIQUE_BUT_STALE,REGENERATE_FROM_CURRENT_PIPELINE,.json
game-godot/content/fighters/orion-vell/animations/generated_production/fast_fall.anim.json,ONLY_ON_106,UNIQUE_BUT_STALE,REGENERATE_FROM_CURRENT_PIPELINE,.json
game-godot/content/fighters/orion-vell/animations/generated_production/grab.anim.json,ONLY_ON_106,UNIQUE_BUT_STALE,REGENERATE_FROM_CURRENT_PIPELINE,.json
game-godot/content/fighters/orion-vell/animations/generated_production/grabbed_hold.anim.json,ONLY_ON_106,UNIQUE_BUT_STALE,REGENERATE_FROM_CURRENT_PIPELINE,.json
game-godot/content/fighters/orion-vell/animations/generated_production/ground_bounce.anim.json,ONLY_ON_106,UNIQUE_BUT_STALE,REGENERATE_FROM_CURRENT_PIPELINE,.json
game-godot/content/fighters/orion-vell/animations/generated_production/heavy.anim.json,ONLY_ON_106,UNIQUE_BUT_STALE,REGENERATE_FROM_CURRENT_PIPELINE,.json
game-godot/content/fighters/orion-vell/animations/generated_production/hurt.anim.json,ONLY_ON_106,UNIQUE_BUT_STALE,REGENERATE_FROM_CURRENT_PIPELINE,.json
game-godot/content/fighters/orion-vell/animations/generated_production/hurt_crumple.anim.json,ONLY_ON_106,UNIQUE_BUT_STALE,REGENERATE_FROM_CURRENT_PIPELINE,.json
game-godot/content/fighters/orion-vell/animations/generated_production/hurt_flinch.anim.json,ONLY_ON_106,UNIQUE_BUT_STALE,REGENERATE_FROM_CURRENT_PIPELINE,.json
game-godot/content/fighters/orion-vell/animations/generated_production/hurt_heavy.anim.json,ONLY_ON_106,UNIQUE_BUT_STALE,REGENERATE_FROM_CURRENT_PIPELINE,.json
game-godot/content/fighters/orion-vell/animations/generated_production/hurt_heavy_back.anim.json,ONLY_ON_106,UNIQUE_BUT_STALE,REGENERATE_FROM_CURRENT_PIPELINE,.json
game-godot/content/fighters/orion-vell/animations/generated_production/hurt_heavy_front.anim.json,ONLY_ON_106,UNIQUE_BUT_STALE,REGENERATE_FROM_CURRENT_PIPELINE,.json
game-godot/content/fighters/orion-vell/animations/generated_production/hurt_launch_diagonal.anim.json,ONLY_ON_106,UNIQUE_BUT_STALE,REGENERATE_FROM_CURRENT_PIPELINE,.json
game-godot/content/fighters/orion-vell/animations/generated_production/hurt_launch_horizontal.anim.json,ONLY_ON_106,UNIQUE_BUT_STALE,REGENERATE_FROM_CURRENT_PIPELINE,.json
game-godot/content/fighters/orion-vell/animations/generated_production/hurt_launch_up.anim.json,ONLY_ON_106,UNIQUE_BUT_STALE,REGENERATE_FROM_CURRENT_PIPELINE,.json
game-godot/content/fighters/orion-vell/animations/generated_production/hurt_light.anim.json,ONLY_ON_106,UNIQUE_BUT_STALE,REGENERATE_FROM_CURRENT_PIPELINE,.json
game-godot/content/fighters/orion-vell/animations/generated_production/hurt_light_high.anim.json,ONLY_ON_106,UNIQUE_BUT_STALE,REGENERATE_FROM_CURRENT_PIPELINE,.json
game-godot/content/fighters/orion-vell/animations/generated_production/hurt_light_low.anim.json,ONLY_ON_106,UNIQUE_BUT_STALE,REGENERATE_FROM_CURRENT_PIPELINE,.json
game-godot/content/fighters/orion-vell/animations/generated_production/hurt_light_mid.anim.json,ONLY_ON_106,UNIQUE_BUT_STALE,REGENERATE_FROM_CURRENT_PIPELINE,.json
game-godot/content/fighters/orion-vell/animations/generated_production/hurt_medium_back.anim.json,ONLY_ON_106,UNIQUE_BUT_STALE,REGENERATE_FROM_CURRENT_PIPELINE,.json
game-godot/content/fighters/orion-vell/animations/generated_production/hurt_medium_front.anim.json,ONLY_ON_106,UNIQUE_BUT_STALE,REGENERATE_FROM_CURRENT_PIPELINE,.json
game-godot/content/fighters/orion-vell/animations/generated_production/hurt_stagger.anim.json,ONLY_ON_106,UNIQUE_BUT_STALE,REGENERATE_FROM_CURRENT_PIPELINE,.json
game-godot/content/fighters/orion-vell/animations/generated_production/idle.anim.json,ONLY_ON_106,UNIQUE_BUT_STALE,REGENERATE_FROM_CURRENT_PIPELINE,.json
game-godot/content/fighters/orion-vell/animations/generated_production/jab.anim.json,ONLY_ON_106,UNIQUE_BUT_STALE,REGENERATE_FROM_CURRENT_PIPELINE,.json
game-godot/content/fighters/orion-vell/animations/generated_production/jab_chain_2.anim.json,ONLY_ON_106,UNIQUE_BUT_STALE,REGENERATE_FROM_CURRENT_PIPELINE,.json
game-godot/content/fighters/orion-vell/animations/generated_production/jab_chain_3.anim.json,ONLY_ON_106,UNIQUE_BUT_STALE,REGENERATE_FROM_CURRENT_PIPELINE,.json
game-godot/content/fighters/orion-vell/animations/generated_production/jump.anim.json,ONLY_ON_106,UNIQUE_BUT_STALE,REGENERATE_FROM_CURRENT_PIPELINE,.json
game-godot/content/fighters/orion-vell/animations/generated_production/jump_apex.anim.json,ONLY_ON_106,UNIQUE_BUT_STALE,REGENERATE_FROM_CURRENT_PIPELINE,.json
game-godot/content/fighters/orion-vell/animations/generated_production/jump_squat.anim.json,ONLY_ON_106,UNIQUE_BUT_STALE,REGENERATE_FROM_CURRENT_PIPELINE,.json
game-godot/content/fighters/orion-vell/animations/generated_production/ko.anim.json,ONLY_ON_106,UNIQUE_BUT_STALE,REGENERATE_FROM_CURRENT_PIPELINE,.json
game-godot/content/fighters/orion-vell/animations/generated_production/ko_launch.anim.json,ONLY_ON_106,UNIQUE_BUT_STALE,REGENERATE_FROM_CURRENT_PIPELINE,.json
game-godot/content/fighters/orion-vell/animations/generated_production/ko_reaction.anim.json,ONLY_ON_106,UNIQUE_BUT_STALE,REGENERATE_FROM_CURRENT_PIPELINE,.json
game-godot/content/fighters/orion-vell/animations/generated_production/land_hard.anim.json,ONLY_ON_106,UNIQUE_BUT_STALE,REGENERATE_FROM_CURRENT_PIPELINE,.json
game-godot/content/fighters/orion-vell/animations/generated_production/land_soft.anim.json,ONLY_ON_106,UNIQUE_BUT_STALE,REGENERATE_FROM_CURRENT_PIPELINE,.json
game-godot/content/fighters/orion-vell/animations/generated_production/landing.anim.json,ONLY_ON_106,UNIQUE_BUT_STALE,REGENERATE_FROM_CURRENT_PIPELINE,.json
game-godot/content/fighters/orion-vell/animations/generated_production/launch.anim.json,ONLY_ON_106,UNIQUE_BUT_STALE,REGENERATE_FROM_CURRENT_PIPELINE,.json
game-godot/content/fighters/orion-vell/animations/generated_production/launch_tumble.anim.json,ONLY_ON_106,UNIQUE_BUT_STALE,REGENERATE_FROM_CURRENT_PIPELINE,.json
game-godot/content/fighters/orion-vell/animations/generated_production/manifest.json,ONLY_ON_106,UNIQUE_BUT_STALE,HUMAN_ART_REVIEW_REQUIRED,.json
game-godot/content/fighters/orion-vell/animations/generated_production/personality_idle.anim.json,ONLY_ON_106,UNIQUE_BUT_STALE,REGENERATE_FROM_CURRENT_PIPELINE,.json
game-godot/content/fighters/orion-vell/animations/generated_production/projectile_full.anim.json,ONLY_ON_106,UNIQUE_BUT_STALE,REGENERATE_FROM_CURRENT_PIPELINE,.json
game-godot/content/fighters/orion-vell/animations/generated_production/projectile_medium.anim.json,ONLY_ON_106,UNIQUE_BUT_STALE,REGENERATE_FROM_CURRENT_PIPELINE,.json
game-godot/content/fighters/orion-vell/animations/generated_production/projectile_tap.anim.json,ONLY_ON_106,UNIQUE_BUT_STALE,REGENERATE_FROM_CURRENT_PIPELINE,.json
game-godot/content/fighters/orion-vell/animations/generated_production/recovery.anim.json,ONLY_ON_106,UNIQUE_BUT_STALE,REGENERATE_FROM_CURRENT_PIPELINE,.json
game-godot/content/fighters/orion-vell/animations/generated_production/run.anim.json,ONLY_ON_106,UNIQUE_BUT_STALE,REGENERATE_FROM_CURRENT_PIPELINE,.json
game-godot/content/fighters/orion-vell/animations/generated_production/run_start.anim.json,ONLY_ON_106,UNIQUE_BUT_STALE,REGENERATE_FROM_CURRENT_PIPELINE,.json
game-godot/content/fighters/orion-vell/animations/generated_production/run_stop.anim.json,ONLY_ON_106,UNIQUE_BUT_STALE,REGENERATE_FROM_CURRENT_PIPELINE,.json
game-godot/content/fighters/orion-vell/animations/generated_production/shield.anim.json,ONLY_ON_106,UNIQUE_BUT_STALE,REGENERATE_FROM_CURRENT_PIPELINE,.json
game-godot/content/fighters/orion-vell/animations/generated_production/shield_hit_heavy.anim.json,ONLY_ON_106,UNIQUE_BUT_STALE,REGENERATE_FROM_CURRENT_PIPELINE,.json
game-godot/content/fighters/orion-vell/animations/generated_production/shield_hit_light.anim.json,ONLY_ON_106,UNIQUE_BUT_STALE,REGENERATE_FROM_CURRENT_PIPELINE,.json
game-godot/content/fighters/orion-vell/animations/generated_production/signature_lane_burst.anim.json,ONLY_ON_106,UNIQUE_BUT_STALE,REGENERATE_FROM_CURRENT_PIPELINE,.json
game-godot/content/fighters/orion-vell/animations/generated_production/signature_lane_confirm.anim.json,ONLY_ON_106,UNIQUE_BUT_STALE,REGENERATE_FROM_CURRENT_PIPELINE,.json
game-godot/content/fighters/orion-vell/animations/generated_production/signature_lane_control.anim.json,ONLY_ON_106,UNIQUE_BUT_STALE,REGENERATE_FROM_CURRENT_PIPELINE,.json
game-godot/content/fighters/orion-vell/animations/generated_production/signature_lane_counter.anim.json,ONLY_ON_106,UNIQUE_BUT_STALE,REGENERATE_FROM_CURRENT_PIPELINE,.json
game-godot/content/fighters/orion-vell/animations/generated_production/signature_lane_feint.anim.json,ONLY_ON_106,UNIQUE_BUT_STALE,REGENERATE_FROM_CURRENT_PIPELINE,.json
game-godot/content/fighters/orion-vell/animations/generated_production/signature_lane_finisher.anim.json,ONLY_ON_106,UNIQUE_BUT_STALE,REGENERATE_FROM_CURRENT_PIPELINE,.json
game-godot/content/fighters/orion-vell/animations/generated_production/signature_lane_launch.anim.json,ONLY_ON_106,UNIQUE_BUT_STALE,REGENERATE_FROM_CURRENT_PIPELINE,.json
game-godot/content/fighters/orion-vell/animations/generated_production/signature_lane_trap.anim.json,ONLY_ON_106,UNIQUE_BUT_STALE,REGENERATE_FROM_CURRENT_PIPELINE,.json
game-godot/content/fighters/orion-vell/animations/generated_production/smash_down.anim.json,ONLY_ON_106,UNIQUE_BUT_STALE,REGENERATE_FROM_CURRENT_PIPELINE,.json
game-godot/content/fighters/orion-vell/animations/generated_production/smash_forward.anim.json,ONLY_ON_106,UNIQUE_BUT_STALE,REGENERATE_FROM_CURRENT_PIPELINE,.json
game-godot/content/fighters/orion-vell/animations/generated_production/smash_up.anim.json,ONLY_ON_106,UNIQUE_BUT_STALE,REGENERATE_FROM_CURRENT_PIPELINE,.json
game-godot/content/fighters/orion-vell/animations/generated_production/throw_back.anim.json,ONLY_ON_106,UNIQUE_BUT_STALE,REGENERATE_FROM_CURRENT_PIPELINE,.json
game-godot/content/fighters/orion-vell/animations/generated_production/throw_down.anim.json,ONLY_ON_106,UNIQUE_BUT_STALE,REGENERATE_FROM_CURRENT_PIPELINE,.json
game-godot/content/fighters/orion-vell/animations/generated_production/throw_forward.anim.json,ONLY_ON_106,UNIQUE_BUT_STALE,REGENERATE_FROM_CURRENT_PIPELINE,.json
game-godot/content/fighters/orion-vell/animations/generated_production/throw_up.anim.json,ONLY_ON_106,UNIQUE_BUT_STALE,REGENERATE_FROM_CURRENT_PIPELINE,.json
game-godot/content/fighters/orion-vell/animations/generated_production/throw_victim_back.anim.json,ONLY_ON_106,UNIQUE_BUT_STALE,REGENERATE_FROM_CURRENT_PIPELINE,.json
game-godot/content/fighters/orion-vell/animations/generated_production/throw_victim_down.anim.json,ONLY_ON_106,UNIQUE_BUT_STALE,REGENERATE_FROM_CURRENT_PIPELINE,.json
game-godot/content/fighters/orion-vell/animations/generated_production/throw_victim_forward.anim.json,ONLY_ON_106,UNIQUE_BUT_STALE,REGENERATE_FROM_CURRENT_PIPELINE,.json
game-godot/content/fighters/orion-vell/animations/generated_production/throw_victim_up.anim.json,ONLY_ON_106,UNIQUE_BUT_STALE,REGENERATE_FROM_CURRENT_PIPELINE,.json
game-godot/content/fighters/orion-vell/animations/generated_production/tilt_down.anim.json,ONLY_ON_106,UNIQUE_BUT_STALE,REGENERATE_FROM_CURRENT_PIPELINE,.json
game-godot/content/fighters/orion-vell/animations/generated_production/tilt_forward.anim.json,ONLY_ON_106,UNIQUE_BUT_STALE,REGENERATE_FROM_CURRENT_PIPELINE,.json
game-godot/content/fighters/orion-vell/animations/generated_production/tilt_up.anim.json,ONLY_ON_106,UNIQUE_BUT_STALE,REGENERATE_FROM_CURRENT_PIPELINE,.json
game-godot/content/fighters/orion-vell/animations/generated_production/tumble.anim.json,ONLY_ON_106,UNIQUE_BUT_STALE,REGENERATE_FROM_CURRENT_PIPELINE,.json
game-godot/content/fighters/orion-vell/animations/generated_production/turn.anim.json,ONLY_ON_106,UNIQUE_BUT_STALE,REGENERATE_FROM_CURRENT_PIPELINE,.json
game-godot/content/fighters/orion-vell/animations/generated_production/victory.anim.json,ONLY_ON_106,UNIQUE_BUT_STALE,REGENERATE_FROM_CURRENT_PIPELINE,.json
game-godot/content/fighters/orion-vell/animations/generated_production/walk.anim.json,ONLY_ON_106,UNIQUE_BUT_STALE,REGENERATE_FROM_CURRENT_PIPELINE,.json
game-godot/content/fighters/orion-vell/animations/generated_production/walk_start.anim.json,ONLY_ON_106,UNIQUE_BUT_STALE,REGENERATE_FROM_CURRENT_PIPELINE,.json
game-godot/content/fighters/orion-vell/animations/generated_production/walk_stop.anim.json,ONLY_ON_106,UNIQUE_BUT_STALE,REGENERATE_FROM_CURRENT_PIPELINE,.json
game-godot/content/fighters/orion-vell/animations/generated_production/wall_splat.anim.json,ONLY_ON_106,UNIQUE_BUT_STALE,REGENERATE_FROM_CURRENT_PIPELINE,.json
game-godot/content/fighters/orion-vell/animations/procedural/aerial_back.anim.json,BOTH_DIVERGED,UNIQUE_BUT_STALE,REGENERATE_FROM_CURRENT_PIPELINE,.json
game-godot/content/fighters/orion-vell/animations/procedural/aerial_down.anim.json,BOTH_DIVERGED,UNIQUE_BUT_STALE,REGENERATE_FROM_CURRENT_PIPELINE,.json
game-godot/content/fighters/orion-vell/animations/procedural/aerial_forward.anim.json,BOTH_DIVERGED,UNIQUE_BUT_STALE,REGENERATE_FROM_CURRENT_PIPELINE,.json
game-godot/content/fighters/orion-vell/animations/procedural/aerial_neutral.anim.json,BOTH_DIVERGED,UNIQUE_BUT_STALE,REGENERATE_FROM_CURRENT_PIPELINE,.json
game-godot/content/fighters/orion-vell/animations/procedural/aerial_up.anim.json,BOTH_DIVERGED,UNIQUE_BUT_STALE,REGENERATE_FROM_CURRENT_PIPELINE,.json
game-godot/content/fighters/orion-vell/animations/procedural/air_dodge.anim.json,BOTH_DIVERGED,UNIQUE_BUT_STALE,REGENERATE_FROM_CURRENT_PIPELINE,.json
game-godot/content/fighters/orion-vell/animations/procedural/air_drift.anim.json,BOTH_DIVERGED,UNIQUE_BUT_STALE,REGENERATE_FROM_CURRENT_PIPELINE,.json
game-godot/content/fighters/orion-vell/animations/procedural/aura_charge.anim.json,BOTH_DIVERGED,UNIQUE_BUT_STALE,REGENERATE_FROM_CURRENT_PIPELINE,.json
game-godot/content/fighters/orion-vell/animations/procedural/aura_release.anim.json,BOTH_DIVERGED,UNIQUE_BUT_STALE,REGENERATE_FROM_CURRENT_PIPELINE,.json
game-godot/content/fighters/orion-vell/animations/procedural/charge_full.anim.json,ONLY_ON_106,UNIQUE_BUT_STALE,REGENERATE_FROM_CURRENT_PIPELINE,.json
game-godot/content/fighters/orion-vell/animations/procedural/charge_high.anim.json,ONLY_ON_106,UNIQUE_BUT_STALE,REGENERATE_FROM_CURRENT_PIPELINE,.json
game-godot/content/fighters/orion-vell/animations/procedural/charge_low.anim.json,ONLY_ON_106,UNIQUE_BUT_STALE,REGENERATE_FROM_CURRENT_PIPELINE,.json
game-godot/content/fighters/orion-vell/animations/procedural/charge_mid.anim.json,ONLY_ON_106,UNIQUE_BUT_STALE,REGENERATE_FROM_CURRENT_PIPELINE,.json
game-godot/content/fighters/orion-vell/animations/procedural/charge_release.anim.json,ONLY_ON_106,UNIQUE_BUT_STALE,REGENERATE_FROM_CURRENT_PIPELINE,.json
game-godot/content/fighters/orion-vell/animations/procedural/charge_start.anim.json,ONLY_ON_106,UNIQUE_BUT_STALE,REGENERATE_FROM_CURRENT_PIPELINE,.json
game-godot/content/fighters/orion-vell/animations/procedural/charged_dash.anim.json,ONLY_ON_106,UNIQUE_BUT_STALE,REGENERATE_FROM_CURRENT_PIPELINE,.json
game-godot/content/fighters/orion-vell/animations/procedural/charged_fall.anim.json,ONLY_ON_106,UNIQUE_BUT_STALE,REGENERATE_FROM_CURRENT_PIPELINE,.json
game-godot/content/fighters/orion-vell/animations/procedural/charged_hold.anim.json,ONLY_ON_106,UNIQUE_BUT_STALE,REGENERATE_FROM_CURRENT_PIPELINE,.json
game-godot/content/fighters/orion-vell/animations/procedural/charged_idle.anim.json,ONLY_ON_106,UNIQUE_BUT_STALE,REGENERATE_FROM_CURRENT_PIPELINE,.json
game-godot/content/fighters/orion-vell/animations/procedural/charged_jump.anim.json,ONLY_ON_106,UNIQUE_BUT_STALE,REGENERATE_FROM_CURRENT_PIPELINE,.json
game-godot/content/fighters/orion-vell/animations/procedural/charged_land.anim.json,ONLY_ON_106,UNIQUE_BUT_STALE,REGENERATE_FROM_CURRENT_PIPELINE,.json
game-godot/content/fighters/orion-vell/animations/procedural/charged_run.anim.json,ONLY_ON_106,UNIQUE_BUT_STALE,REGENERATE_FROM_CURRENT_PIPELINE,.json
game-godot/content/fighters/orion-vell/animations/procedural/charged_walk.anim.json,ONLY_ON_106,UNIQUE_BUT_STALE,REGENERATE_FROM_CURRENT_PIPELINE,.json
game-godot/content/fighters/orion-vell/animations/procedural/contact_aura.anim.json,ONLY_ON_106,UNIQUE_BUT_STALE,REFERENCE_ONLY,.json
game-godot/content/fighters/orion-vell/animations/procedural/contact_heavy.anim.json,ONLY_ON_106,UNIQUE_BUT_STALE,REFERENCE_ONLY,.json
game-godot/content/fighters/orion-vell/animations/procedural/contact_ko.anim.json,ONLY_ON_106,UNIQUE_BUT_STALE,REFERENCE_ONLY,.json
game-godot/content/fighters/orion-vell/animations/procedural/contact_light.anim.json,ONLY_ON_106,UNIQUE_BUT_STALE,REFERENCE_ONLY,.json
game-godot/content/fighters/orion-vell/animations/procedural/contact_medium.anim.json,ONLY_ON_106,UNIQUE_BUT_STALE,REFERENCE_ONLY,.json
game-godot/content/fighters/orion-vell/animations/procedural/contact_super.anim.json,ONLY_ON_106,UNIQUE_BUT_STALE,REFERENCE_ONLY,.json
game-godot/content/fighters/orion-vell/animations/procedural/dash.anim.json,BOTH_DIVERGED,UNIQUE_BUT_STALE,REGENERATE_FROM_CURRENT_PIPELINE,.json
game-godot/content/fighters/orion-vell/animations/procedural/dash_stop.anim.json,ONLY_ON_106,UNIQUE_BUT_STALE,REGENERATE_FROM_CURRENT_PIPELINE,.json
game-godot/content/fighters/orion-vell/animations/procedural/defeat.anim.json,BOTH_DIVERGED,UNIQUE_BUT_STALE,REGENERATE_FROM_CURRENT_PIPELINE,.json
game-godot/content/fighters/orion-vell/animations/procedural/dodge.anim.json,BOTH_DIVERGED,UNIQUE_BUT_STALE,REGENERATE_FROM_CURRENT_PIPELINE,.json
game-godot/content/fighters/orion-vell/animations/procedural/fall.anim.json,BOTH_DIVERGED,UNIQUE_BUT_STALE,REGENERATE_FROM_CURRENT_PIPELINE,.json
game-godot/content/fighters/orion-vell/animations/procedural/grab.anim.json,BOTH_DIVERGED,UNIQUE_BUT_STALE,REGENERATE_FROM_CURRENT_PIPELINE,.json
game-godot/content/fighters/orion-vell/animations/procedural/grab_victim.anim.json,ONLY_ON_106,UNIQUE_BUT_STALE,REGENERATE_FROM_CURRENT_PIPELINE,.json
game-godot/content/fighters/orion-vell/animations/procedural/heavy.anim.json,BOTH_DIVERGED,UNIQUE_BUT_STALE,REGENERATE_FROM_CURRENT_PIPELINE,.json
game-godot/content/fighters/orion-vell/animations/procedural/hurt.anim.json,BOTH_DIVERGED,UNIQUE_BUT_STALE,REGENERATE_FROM_CURRENT_PIPELINE,.json
game-godot/content/fighters/orion-vell/animations/procedural/hurt_body_snap.anim.json,ONLY_ON_106,UNIQUE_BUT_STALE,REGENERATE_FROM_CURRENT_PIPELINE,.json
game-godot/content/fighters/orion-vell/animations/procedural/hurt_crumple.anim.json,ONLY_ON_106,UNIQUE_BUT_STALE,REGENERATE_FROM_CURRENT_PIPELINE,.json
game-godot/content/fighters/orion-vell/animations/procedural/hurt_flinch.anim.json,ONLY_ON_106,UNIQUE_BUT_STALE,REGENERATE_FROM_CURRENT_PIPELINE,.json
game-godot/content/fighters/orion-vell/animations/procedural/hurt_freeze_stiffness.anim.json,ONLY_ON_106,UNIQUE_BUT_STALE,REGENERATE_FROM_CURRENT_PIPELINE,.json
game-godot/content/fighters/orion-vell/animations/procedural/hurt_ground_bounce.anim.json,ONLY_ON_106,UNIQUE_BUT_STALE,REGENERATE_FROM_CURRENT_PIPELINE,.json
game-godot/content/fighters/orion-vell/animations/procedural/hurt_heavy.anim.json,BOTH_DIVERGED,UNIQUE_BUT_STALE,REGENERATE_FROM_CURRENT_PIPELINE,.json
game-godot/content/fighters/orion-vell/animations/procedural/hurt_ko_spin.anim.json,ONLY_ON_106,UNIQUE_BUT_STALE,REGENERATE_FROM_CURRENT_PIPELINE,.json
game-godot/content/fighters/orion-vell/animations/procedural/hurt_launch.anim.json,ONLY_ON_106,UNIQUE_BUT_STALE,REGENERATE_FROM_CURRENT_PIPELINE,.json
game-godot/content/fighters/orion-vell/animations/procedural/hurt_light.anim.json,BOTH_DIVERGED,UNIQUE_BUT_STALE,REGENERATE_FROM_CURRENT_PIPELINE,.json
game-godot/content/fighters/orion-vell/animations/procedural/hurt_medium.anim.json,BOTH_DIVERGED,UNIQUE_BUT_STALE,REGENERATE_FROM_CURRENT_PIPELINE,.json
game-godot/content/fighters/orion-vell/animations/procedural/hurt_shield_recoil.anim.json,ONLY_ON_106,UNIQUE_BUT_STALE,REGENERATE_FROM_CURRENT_PIPELINE,.json
game-godot/content/fighters/orion-vell/animations/procedural/hurt_spike.anim.json,ONLY_ON_106,UNIQUE_BUT_STALE,REGENERATE_FROM_CURRENT_PIPELINE,.json
game-godot/content/fighters/orion-vell/animations/procedural/hurt_stagger.anim.json,ONLY_ON_106,UNIQUE_BUT_STALE,REGENERATE_FROM_CURRENT_PIPELINE,.json
game-godot/content/fighters/orion-vell/animations/procedural/hurt_tumble.anim.json,ONLY_ON_106,UNIQUE_BUT_STALE,REGENERATE_FROM_CURRENT_PIPELINE,.json
game-godot/content/fighters/orion-vell/animations/procedural/hurt_wall_splat.anim.json,ONLY_ON_106,UNIQUE_BUT_STALE,REGENERATE_FROM_CURRENT_PIPELINE,.json
game-godot/content/fighters/orion-vell/animations/procedural/idle.anim.json,BOTH_DIVERGED,UNIQUE_BUT_STALE,REGENERATE_FROM_CURRENT_PIPELINE,.json
game-godot/content/fighters/orion-vell/animations/procedural/idle_personality.anim.json,ONLY_ON_106,UNIQUE_BUT_STALE,REGENERATE_FROM_CURRENT_PIPELINE,.json
game-godot/content/fighters/orion-vell/animations/procedural/jab.anim.json,BOTH_DIVERGED,UNIQUE_BUT_STALE,REGENERATE_FROM_CURRENT_PIPELINE,.json
game-godot/content/fighters/orion-vell/animations/procedural/jab_chain_2.anim.json,BOTH_DIVERGED,UNIQUE_BUT_STALE,REGENERATE_FROM_CURRENT_PIPELINE,.json
game-godot/content/fighters/orion-vell/animations/procedural/jab_chain_3.anim.json,BOTH_DIVERGED,UNIQUE_BUT_STALE,REGENERATE_FROM_CURRENT_PIPELINE,.json
game-godot/content/fighters/orion-vell/animations/procedural/jump.anim.json,BOTH_DIVERGED,UNIQUE_BUT_STALE,REGENERATE_FROM_CURRENT_PIPELINE,.json
game-godot/content/fighters/orion-vell/animations/procedural/jump_apex.anim.json,BOTH_DIVERGED,UNIQUE_BUT_STALE,REGENERATE_FROM_CURRENT_PIPELINE,.json
game-godot/content/fighters/orion-vell/animations/procedural/jump_squat.anim.json,ONLY_ON_106,UNIQUE_BUT_STALE,REGENERATE_FROM_CURRENT_PIPELINE,.json
game-godot/content/fighters/orion-vell/animations/procedural/ko.anim.json,BOTH_DIVERGED,UNIQUE_BUT_STALE,REGENERATE_FROM_CURRENT_PIPELINE,.json
game-godot/content/fighters/orion-vell/animations/procedural/landing.anim.json,BOTH_DIVERGED,UNIQUE_BUT_STALE,REGENERATE_FROM_CURRENT_PIPELINE,.json
game-godot/content/fighters/orion-vell/animations/procedural/launch.anim.json,BOTH_DIVERGED,UNIQUE_BUT_STALE,REGENERATE_FROM_CURRENT_PIPELINE,.json
game-godot/content/fighters/orion-vell/animations/procedural/manifest.json,BOTH_DIVERGED,UNIQUE_BUT_STALE,REGENERATE_FROM_CURRENT_PIPELINE,.json
game-godot/content/fighters/orion-vell/animations/procedural/projectile_full.anim.json,BOTH_DIVERGED,UNIQUE_BUT_STALE,REGENERATE_FROM_CURRENT_PIPELINE,.json
game-godot/content/fighters/orion-vell/animations/procedural/projectile_medium.anim.json,BOTH_DIVERGED,UNIQUE_BUT_STALE,REGENERATE_FROM_CURRENT_PIPELINE,.json
game-godot/content/fighters/orion-vell/animations/procedural/projectile_tap.anim.json,BOTH_DIVERGED,UNIQUE_BUT_STALE,REGENERATE_FROM_CURRENT_PIPELINE,.json
game-godot/content/fighters/orion-vell/animations/procedural/recovery.anim.json,BOTH_DIVERGED,UNIQUE_BUT_STALE,REGENERATE_FROM_CURRENT_PIPELINE,.json
game-godot/content/fighters/orion-vell/animations/procedural/recovery_identity.anim.json,ONLY_ON_106,UNIQUE_BUT_STALE,REGENERATE_FROM_CURRENT_PIPELINE,.json
game-godot/content/fighters/orion-vell/animations/procedural/run.anim.json,BOTH_DIVERGED,UNIQUE_BUT_STALE,REGENERATE_FROM_CURRENT_PIPELINE,.json
game-godot/content/fighters/orion-vell/animations/procedural/run_start.anim.json,ONLY_ON_106,UNIQUE_BUT_STALE,REGENERATE_FROM_CURRENT_PIPELINE,.json
game-godot/content/fighters/orion-vell/animations/procedural/run_stop.anim.json,ONLY_ON_106,UNIQUE_BUT_STALE,REGENERATE_FROM_CURRENT_PIPELINE,.json
game-godot/content/fighters/orion-vell/animations/procedural/shield.anim.json,BOTH_DIVERGED,UNIQUE_BUT_STALE,REGENERATE_FROM_CURRENT_PIPELINE,.json
game-godot/content/fighters/orion-vell/animations/procedural/signature_lane_burst.anim.json,BOTH_DIVERGED,UNIQUE_BUT_STALE,REGENERATE_FROM_CURRENT_PIPELINE,.json
game-godot/content/fighters/orion-vell/animations/procedural/signature_lane_confirm.anim.json,BOTH_DIVERGED,UNIQUE_BUT_STALE,REGENERATE_FROM_CURRENT_PIPELINE,.json
game-godot/content/fighters/orion-vell/animations/procedural/signature_lane_control.anim.json,BOTH_DIVERGED,UNIQUE_BUT_STALE,REGENERATE_FROM_CURRENT_PIPELINE,.json
game-godot/content/fighters/orion-vell/animations/procedural/signature_lane_counter.anim.json,BOTH_DIVERGED,UNIQUE_BUT_STALE,REGENERATE_FROM_CURRENT_PIPELINE,.json
game-godot/content/fighters/orion-vell/animations/procedural/signature_lane_feint.anim.json,BOTH_DIVERGED,UNIQUE_BUT_STALE,REGENERATE_FROM_CURRENT_PIPELINE,.json
game-godot/content/fighters/orion-vell/animations/procedural/signature_lane_finisher.anim.json,BOTH_DIVERGED,UNIQUE_BUT_STALE,REGENERATE_FROM_CURRENT_PIPELINE,.json
game-godot/content/fighters/orion-vell/animations/procedural/signature_lane_launch.anim.json,BOTH_DIVERGED,UNIQUE_BUT_STALE,REGENERATE_FROM_CURRENT_PIPELINE,.json
game-godot/content/fighters/orion-vell/animations/procedural/signature_lane_trap.anim.json,BOTH_DIVERGED,UNIQUE_BUT_STALE,REGENERATE_FROM_CURRENT_PIPELINE,.json
game-godot/content/fighters/orion-vell/animations/procedural/smash_down.anim.json,BOTH_DIVERGED,UNIQUE_BUT_STALE,REGENERATE_FROM_CURRENT_PIPELINE,.json
game-godot/content/fighters/orion-vell/animations/procedural/smash_forward.anim.json,BOTH_DIVERGED,UNIQUE_BUT_STALE,REGENERATE_FROM_CURRENT_PIPELINE,.json
game-godot/content/fighters/orion-vell/animations/procedural/smash_up.anim.json,BOTH_DIVERGED,UNIQUE_BUT_STALE,REGENERATE_FROM_CURRENT_PIPELINE,.json
game-godot/content/fighters/orion-vell/animations/procedural/super.anim.json,ONLY_ON_106,UNIQUE_BUT_STALE,REGENERATE_FROM_CURRENT_PIPELINE,.json
game-godot/content/fighters/orion-vell/animations/procedural/throw_back.anim.json,BOTH_DIVERGED,UNIQUE_BUT_STALE,REGENERATE_FROM_CURRENT_PIPELINE,.json
game-godot/content/fighters/orion-vell/animations/procedural/throw_down.anim.json,BOTH_DIVERGED,UNIQUE_BUT_STALE,REGENERATE_FROM_CURRENT_PIPELINE,.json
game-godot/content/fighters/orion-vell/animations/procedural/throw_forward.anim.json,BOTH_DIVERGED,UNIQUE_BUT_STALE,REGENERATE_FROM_CURRENT_PIPELINE,.json
game-godot/content/fighters/orion-vell/animations/procedural/throw_up.anim.json,BOTH_DIVERGED,UNIQUE_BUT_STALE,REGENERATE_FROM_CURRENT_PIPELINE,.json
game-godot/content/fighters/orion-vell/animations/procedural/throw_victim_back.anim.json,ONLY_ON_106,UNIQUE_BUT_STALE,REGENERATE_FROM_CURRENT_PIPELINE,.json
game-godot/content/fighters/orion-vell/animations/procedural/throw_victim_down.anim.json,ONLY_ON_106,UNIQUE_BUT_STALE,REGENERATE_FROM_CURRENT_PIPELINE,.json
game-godot/content/fighters/orion-vell/animations/procedural/throw_victim_forward.anim.json,ONLY_ON_106,UNIQUE_BUT_STALE,REGENERATE_FROM_CURRENT_PIPELINE,.json
game-godot/content/fighters/orion-vell/animations/procedural/throw_victim_up.anim.json,ONLY_ON_106,UNIQUE_BUT_STALE,REGENERATE_FROM_CURRENT_PIPELINE,.json
game-godot/content/fighters/orion-vell/animations/procedural/tilt_down.anim.json,BOTH_DIVERGED,UNIQUE_BUT_STALE,REGENERATE_FROM_CURRENT_PIPELINE,.json
game-godot/content/fighters/orion-vell/animations/procedural/tilt_forward.anim.json,BOTH_DIVERGED,UNIQUE_BUT_STALE,REGENERATE_FROM_CURRENT_PIPELINE,.json
game-godot/content/fighters/orion-vell/animations/procedural/tilt_up.anim.json,BOTH_DIVERGED,UNIQUE_BUT_STALE,REGENERATE_FROM_CURRENT_PIPELINE,.json
game-godot/content/fighters/orion-vell/animations/procedural/transition_idle_walk.anim.json,ONLY_ON_106,UNIQUE_BUT_STALE,REGENERATE_FROM_CURRENT_PIPELINE,.json
game-godot/content/fighters/orion-vell/animations/procedural/transition_walk_run.anim.json,ONLY_ON_106,UNIQUE_BUT_STALE,REGENERATE_FROM_CURRENT_PIPELINE,.json
game-godot/content/fighters/orion-vell/animations/procedural/tumble.anim.json,BOTH_DIVERGED,UNIQUE_BUT_STALE,REGENERATE_FROM_CURRENT_PIPELINE,.json
game-godot/content/fighters/orion-vell/animations/procedural/turn.anim.json,BOTH_DIVERGED,UNIQUE_BUT_STALE,REGENERATE_FROM_CURRENT_PIPELINE,.json
game-godot/content/fighters/orion-vell/animations/procedural/uncharged_release.anim.json,ONLY_ON_106,UNIQUE_BUT_STALE,REGENERATE_FROM_CURRENT_PIPELINE,.json
game-godot/content/fighters/orion-vell/animations/procedural/victory.anim.json,BOTH_DIVERGED,UNIQUE_BUT_STALE,REGENERATE_FROM_CURRENT_PIPELINE,.json
game-godot/content/fighters/orion-vell/animations/procedural/walk.anim.json,BOTH_DIVERGED,UNIQUE_BUT_STALE,REGENERATE_FROM_CURRENT_PIPELINE,.json
game-godot/content/fighters/orion-vell/animations/procedural/walk_start.anim.json,ONLY_ON_106,UNIQUE_BUT_STALE,REGENERATE_FROM_CURRENT_PIPELINE,.json
game-godot/content/fighters/orion-vell/animations/procedural/walk_stop.anim.json,ONLY_ON_106,UNIQUE_BUT_STALE,REGENERATE_FROM_CURRENT_PIPELINE,.json
game-godot/content/fighters/orion-vell/model/orion-vell_generated_production.glb,ONLY_ON_106,UNIQUE_BUT_STALE,HUMAN_ART_REVIEW_REQUIRED,.glb
game-godot/content/fighters/orion-vell/model/orion-vell_generated_production.glb.import,ONLY_ON_106,UNIQUE_BUT_STALE,HUMAN_ART_REVIEW_REQUIRED,.import
game-godot/content/fighters/rook-ironside/animations/generated_production/aerial_back.anim.json,ONLY_ON_106,UNIQUE_BUT_STALE,REGENERATE_FROM_CURRENT_PIPELINE,.json
game-godot/content/fighters/rook-ironside/animations/generated_production/aerial_down.anim.json,ONLY_ON_106,UNIQUE_BUT_STALE,REGENERATE_FROM_CURRENT_PIPELINE,.json
game-godot/content/fighters/rook-ironside/animations/generated_production/aerial_forward.anim.json,ONLY_ON_106,UNIQUE_BUT_STALE,REGENERATE_FROM_CURRENT_PIPELINE,.json
game-godot/content/fighters/rook-ironside/animations/generated_production/aerial_neutral.anim.json,ONLY_ON_106,UNIQUE_BUT_STALE,REGENERATE_FROM_CURRENT_PIPELINE,.json
game-godot/content/fighters/rook-ironside/animations/generated_production/aerial_up.anim.json,ONLY_ON_106,UNIQUE_BUT_STALE,REGENERATE_FROM_CURRENT_PIPELINE,.json
game-godot/content/fighters/rook-ironside/animations/generated_production/air_dodge.anim.json,ONLY_ON_106,UNIQUE_BUT_STALE,REGENERATE_FROM_CURRENT_PIPELINE,.json
game-godot/content/fighters/rook-ironside/animations/generated_production/air_drift.anim.json,ONLY_ON_106,UNIQUE_BUT_STALE,REGENERATE_FROM_CURRENT_PIPELINE,.json
game-godot/content/fighters/rook-ironside/animations/generated_production/aura_burst_super_pose.anim.json,ONLY_ON_106,UNIQUE_BUT_STALE,REGENERATE_FROM_CURRENT_PIPELINE,.json
game-godot/content/fighters/rook-ironside/animations/generated_production/aura_charge.anim.json,ONLY_ON_106,UNIQUE_BUT_STALE,REGENERATE_FROM_CURRENT_PIPELINE,.json
game-godot/content/fighters/rook-ironside/animations/generated_production/aura_release.anim.json,ONLY_ON_106,UNIQUE_BUT_STALE,REGENERATE_FROM_CURRENT_PIPELINE,.json
game-godot/content/fighters/rook-ironside/animations/generated_production/aura_signature.anim.json,ONLY_ON_106,UNIQUE_BUT_STALE,REGENERATE_FROM_CURRENT_PIPELINE,.json
game-godot/content/fighters/rook-ironside/animations/generated_production/charge_full.anim.json,ONLY_ON_106,UNIQUE_BUT_STALE,REGENERATE_FROM_CURRENT_PIPELINE,.json
game-godot/content/fighters/rook-ironside/animations/generated_production/charge_high.anim.json,ONLY_ON_106,UNIQUE_BUT_STALE,REGENERATE_FROM_CURRENT_PIPELINE,.json
game-godot/content/fighters/rook-ironside/animations/generated_production/charge_low.anim.json,ONLY_ON_106,UNIQUE_BUT_STALE,REGENERATE_FROM_CURRENT_PIPELINE,.json
game-godot/content/fighters/rook-ironside/animations/generated_production/charge_mid.anim.json,ONLY_ON_106,UNIQUE_BUT_STALE,REGENERATE_FROM_CURRENT_PIPELINE,.json
game-godot/content/fighters/rook-ironside/animations/generated_production/charge_release.anim.json,ONLY_ON_106,UNIQUE_BUT_STALE,REGENERATE_FROM_CURRENT_PIPELINE,.json
game-godot/content/fighters/rook-ironside/animations/generated_production/charge_start.anim.json,ONLY_ON_106,UNIQUE_BUT_STALE,REGENERATE_FROM_CURRENT_PIPELINE,.json
game-godot/content/fighters/rook-ironside/animations/generated_production/charged_dash.anim.json,ONLY_ON_106,UNIQUE_BUT_STALE,REGENERATE_FROM_CURRENT_PIPELINE,.json
game-godot/content/fighters/rook-ironside/animations/generated_production/charged_fall.anim.json,ONLY_ON_106,UNIQUE_BUT_STALE,REGENERATE_FROM_CURRENT_PIPELINE,.json
game-godot/content/fighters/rook-ironside/animations/generated_production/charged_idle.anim.json,ONLY_ON_106,UNIQUE_BUT_STALE,REGENERATE_FROM_CURRENT_PIPELINE,.json
game-godot/content/fighters/rook-ironside/animations/generated_production/charged_jump.anim.json,ONLY_ON_106,UNIQUE_BUT_STALE,REGENERATE_FROM_CURRENT_PIPELINE,.json
game-godot/content/fighters/rook-ironside/animations/generated_production/charged_land.anim.json,ONLY_ON_106,UNIQUE_BUT_STALE,REGENERATE_FROM_CURRENT_PIPELINE,.json
game-godot/content/fighters/rook-ironside/animations/generated_production/charged_run.anim.json,ONLY_ON_106,UNIQUE_BUT_STALE,REGENERATE_FROM_CURRENT_PIPELINE,.json
game-godot/content/fighters/rook-ironside/animations/generated_production/charged_walk.anim.json,ONLY_ON_106,UNIQUE_BUT_STALE,REGENERATE_FROM_CURRENT_PIPELINE,.json
game-godot/content/fighters/rook-ironside/animations/generated_production/clash_break.anim.json,ONLY_ON_106,UNIQUE_BUT_STALE,REGENERATE_FROM_CURRENT_PIPELINE,.json
game-godot/content/fighters/rook-ironside/animations/generated_production/clash_lock.anim.json,ONLY_ON_106,UNIQUE_BUT_STALE,REGENERATE_FROM_CURRENT_PIPELINE,.json
game-godot/content/fighters/rook-ironside/animations/generated_production/clash_losing.anim.json,ONLY_ON_106,UNIQUE_BUT_STALE,REGENERATE_FROM_CURRENT_PIPELINE,.json
game-godot/content/fighters/rook-ironside/animations/generated_production/clash_push.anim.json,ONLY_ON_106,UNIQUE_BUT_STALE,REGENERATE_FROM_CURRENT_PIPELINE,.json
game-godot/content/fighters/rook-ironside/animations/generated_production/clash_start.anim.json,ONLY_ON_106,UNIQUE_BUT_STALE,REGENERATE_FROM_CURRENT_PIPELINE,.json
game-godot/content/fighters/rook-ironside/animations/generated_production/clash_winning.anim.json,ONLY_ON_106,UNIQUE_BUT_STALE,REGENERATE_FROM_CURRENT_PIPELINE,.json
game-godot/content/fighters/rook-ironside/animations/generated_production/crouch.anim.json,ONLY_ON_106,UNIQUE_BUT_STALE,REGENERATE_FROM_CURRENT_PIPELINE,.json
game-godot/content/fighters/rook-ironside/animations/generated_production/dash.anim.json,ONLY_ON_106,UNIQUE_BUT_STALE,REGENERATE_FROM_CURRENT_PIPELINE,.json
game-godot/content/fighters/rook-ironside/animations/generated_production/dash_stop.anim.json,ONLY_ON_106,UNIQUE_BUT_STALE,REGENERATE_FROM_CURRENT_PIPELINE,.json
game-godot/content/fighters/rook-ironside/animations/generated_production/defeat.anim.json,ONLY_ON_106,UNIQUE_BUT_STALE,REGENERATE_FROM_CURRENT_PIPELINE,.json
game-godot/content/fighters/rook-ironside/animations/generated_production/dodge.anim.json,ONLY_ON_106,UNIQUE_BUT_STALE,REGENERATE_FROM_CURRENT_PIPELINE,.json
game-godot/content/fighters/rook-ironside/animations/generated_production/double_jump.anim.json,ONLY_ON_106,UNIQUE_BUT_STALE,REGENERATE_FROM_CURRENT_PIPELINE,.json
game-godot/content/fighters/rook-ironside/animations/generated_production/fall.anim.json,ONLY_ON_106,UNIQUE_BUT_STALE,REGENERATE_FROM_CURRENT_PIPELINE,.json
game-godot/content/fighters/rook-ironside/animations/generated_production/fast_fall.anim.json,ONLY_ON_106,UNIQUE_BUT_STALE,REGENERATE_FROM_CURRENT_PIPELINE,.json
game-godot/content/fighters/rook-ironside/animations/generated_production/grab.anim.json,ONLY_ON_106,UNIQUE_BUT_STALE,REGENERATE_FROM_CURRENT_PIPELINE,.json
game-godot/content/fighters/rook-ironside/animations/generated_production/grabbed_hold.anim.json,ONLY_ON_106,UNIQUE_BUT_STALE,REGENERATE_FROM_CURRENT_PIPELINE,.json
game-godot/content/fighters/rook-ironside/animations/generated_production/ground_bounce.anim.json,ONLY_ON_106,UNIQUE_BUT_STALE,REGENERATE_FROM_CURRENT_PIPELINE,.json
game-godot/content/fighters/rook-ironside/animations/generated_production/heavy.anim.json,ONLY_ON_106,UNIQUE_BUT_STALE,REGENERATE_FROM_CURRENT_PIPELINE,.json
game-godot/content/fighters/rook-ironside/animations/generated_production/hurt.anim.json,ONLY_ON_106,UNIQUE_BUT_STALE,REGENERATE_FROM_CURRENT_PIPELINE,.json
game-godot/content/fighters/rook-ironside/animations/generated_production/hurt_crumple.anim.json,ONLY_ON_106,UNIQUE_BUT_STALE,REGENERATE_FROM_CURRENT_PIPELINE,.json
game-godot/content/fighters/rook-ironside/animations/generated_production/hurt_flinch.anim.json,ONLY_ON_106,UNIQUE_BUT_STALE,REGENERATE_FROM_CURRENT_PIPELINE,.json
game-godot/content/fighters/rook-ironside/animations/generated_production/hurt_heavy.anim.json,ONLY_ON_106,UNIQUE_BUT_STALE,REGENERATE_FROM_CURRENT_PIPELINE,.json
game-godot/content/fighters/rook-ironside/animations/generated_production/hurt_heavy_back.anim.json,ONLY_ON_106,UNIQUE_BUT_STALE,REGENERATE_FROM_CURRENT_PIPELINE,.json
game-godot/content/fighters/rook-ironside/animations/generated_production/hurt_heavy_front.anim.json,ONLY_ON_106,UNIQUE_BUT_STALE,REGENERATE_FROM_CURRENT_PIPELINE,.json
game-godot/content/fighters/rook-ironside/animations/generated_production/hurt_launch_diagonal.anim.json,ONLY_ON_106,UNIQUE_BUT_STALE,REGENERATE_FROM_CURRENT_PIPELINE,.json
game-godot/content/fighters/rook-ironside/animations/generated_production/hurt_launch_horizontal.anim.json,ONLY_ON_106,UNIQUE_BUT_STALE,REGENERATE_FROM_CURRENT_PIPELINE,.json
game-godot/content/fighters/rook-ironside/animations/generated_production/hurt_launch_up.anim.json,ONLY_ON_106,UNIQUE_BUT_STALE,REGENERATE_FROM_CURRENT_PIPELINE,.json
game-godot/content/fighters/rook-ironside/animations/generated_production/hurt_light.anim.json,ONLY_ON_106,UNIQUE_BUT_STALE,REGENERATE_FROM_CURRENT_PIPELINE,.json
game-godot/content/fighters/rook-ironside/animations/generated_production/hurt_light_high.anim.json,ONLY_ON_106,UNIQUE_BUT_STALE,REGENERATE_FROM_CURRENT_PIPELINE,.json
game-godot/content/fighters/rook-ironside/animations/generated_production/hurt_light_low.anim.json,ONLY_ON_106,UNIQUE_BUT_STALE,REGENERATE_FROM_CURRENT_PIPELINE,.json
game-godot/content/fighters/rook-ironside/animations/generated_production/hurt_light_mid.anim.json,ONLY_ON_106,UNIQUE_BUT_STALE,REGENERATE_FROM_CURRENT_PIPELINE,.json
game-godot/content/fighters/rook-ironside/animations/generated_production/hurt_medium_back.anim.json,ONLY_ON_106,UNIQUE_BUT_STALE,REGENERATE_FROM_CURRENT_PIPELINE,.json
game-godot/content/fighters/rook-ironside/animations/generated_production/hurt_medium_front.anim.json,ONLY_ON_106,UNIQUE_BUT_STALE,REGENERATE_FROM_CURRENT_PIPELINE,.json
game-godot/content/fighters/rook-ironside/animations/generated_production/hurt_stagger.anim.json,ONLY_ON_106,UNIQUE_BUT_STALE,REGENERATE_FROM_CURRENT_PIPELINE,.json
game-godot/content/fighters/rook-ironside/animations/generated_production/idle.anim.json,ONLY_ON_106,UNIQUE_BUT_STALE,REGENERATE_FROM_CURRENT_PIPELINE,.json
game-godot/content/fighters/rook-ironside/animations/generated_production/jab.anim.json,ONLY_ON_106,UNIQUE_BUT_STALE,REGENERATE_FROM_CURRENT_PIPELINE,.json
game-godot/content/fighters/rook-ironside/animations/generated_production/jab_chain_2.anim.json,ONLY_ON_106,UNIQUE_BUT_STALE,REGENERATE_FROM_CURRENT_PIPELINE,.json
game-godot/content/fighters/rook-ironside/animations/generated_production/jab_chain_3.anim.json,ONLY_ON_106,UNIQUE_BUT_STALE,REGENERATE_FROM_CURRENT_PIPELINE,.json
game-godot/content/fighters/rook-ironside/animations/generated_production/jump.anim.json,ONLY_ON_106,UNIQUE_BUT_STALE,REGENERATE_FROM_CURRENT_PIPELINE,.json
game-godot/content/fighters/rook-ironside/animations/generated_production/jump_apex.anim.json,ONLY_ON_106,UNIQUE_BUT_STALE,REGENERATE_FROM_CURRENT_PIPELINE,.json
game-godot/content/fighters/rook-ironside/animations/generated_production/jump_squat.anim.json,ONLY_ON_106,UNIQUE_BUT_STALE,REGENERATE_FROM_CURRENT_PIPELINE,.json
game-godot/content/fighters/rook-ironside/animations/generated_production/ko.anim.json,ONLY_ON_106,UNIQUE_BUT_STALE,REGENERATE_FROM_CURRENT_PIPELINE,.json
game-godot/content/fighters/rook-ironside/animations/generated_production/ko_launch.anim.json,ONLY_ON_106,UNIQUE_BUT_STALE,REGENERATE_FROM_CURRENT_PIPELINE,.json
game-godot/content/fighters/rook-ironside/animations/generated_production/ko_reaction.anim.json,ONLY_ON_106,UNIQUE_BUT_STALE,REGENERATE_FROM_CURRENT_PIPELINE,.json
game-godot/content/fighters/rook-ironside/animations/generated_production/land_hard.anim.json,ONLY_ON_106,UNIQUE_BUT_STALE,REGENERATE_FROM_CURRENT_PIPELINE,.json
game-godot/content/fighters/rook-ironside/animations/generated_production/land_soft.anim.json,ONLY_ON_106,UNIQUE_BUT_STALE,REGENERATE_FROM_CURRENT_PIPELINE,.json
game-godot/content/fighters/rook-ironside/animations/generated_production/landing.anim.json,ONLY_ON_106,UNIQUE_BUT_STALE,REGENERATE_FROM_CURRENT_PIPELINE,.json
game-godot/content/fighters/rook-ironside/animations/generated_production/launch.anim.json,ONLY_ON_106,UNIQUE_BUT_STALE,REGENERATE_FROM_CURRENT_PIPELINE,.json
game-godot/content/fighters/rook-ironside/animations/generated_production/launch_tumble.anim.json,ONLY_ON_106,UNIQUE_BUT_STALE,REGENERATE_FROM_CURRENT_PIPELINE,.json
game-godot/content/fighters/rook-ironside/animations/generated_production/manifest.json,ONLY_ON_106,UNIQUE_BUT_STALE,HUMAN_ART_REVIEW_REQUIRED,.json
game-godot/content/fighters/rook-ironside/animations/generated_production/personality_idle.anim.json,ONLY_ON_106,UNIQUE_BUT_STALE,REGENERATE_FROM_CURRENT_PIPELINE,.json
game-godot/content/fighters/rook-ironside/animations/generated_production/projectile_full.anim.json,ONLY_ON_106,UNIQUE_BUT_STALE,REGENERATE_FROM_CURRENT_PIPELINE,.json
game-godot/content/fighters/rook-ironside/animations/generated_production/projectile_medium.anim.json,ONLY_ON_106,UNIQUE_BUT_STALE,REGENERATE_FROM_CURRENT_PIPELINE,.json
game-godot/content/fighters/rook-ironside/animations/generated_production/projectile_tap.anim.json,ONLY_ON_106,UNIQUE_BUT_STALE,REGENERATE_FROM_CURRENT_PIPELINE,.json
game-godot/content/fighters/rook-ironside/animations/generated_production/recovery.anim.json,ONLY_ON_106,UNIQUE_BUT_STALE,REGENERATE_FROM_CURRENT_PIPELINE,.json
game-godot/content/fighters/rook-ironside/animations/generated_production/run.anim.json,ONLY_ON_106,UNIQUE_BUT_STALE,REGENERATE_FROM_CURRENT_PIPELINE,.json
game-godot/content/fighters/rook-ironside/animations/generated_production/run_start.anim.json,ONLY_ON_106,UNIQUE_BUT_STALE,REGENERATE_FROM_CURRENT_PIPELINE,.json
game-godot/content/fighters/rook-ironside/animations/generated_production/run_stop.anim.json,ONLY_ON_106,UNIQUE_BUT_STALE,REGENERATE_FROM_CURRENT_PIPELINE,.json
game-godot/content/fighters/rook-ironside/animations/generated_production/shield.anim.json,ONLY_ON_106,UNIQUE_BUT_STALE,REGENERATE_FROM_CURRENT_PIPELINE,.json
game-godot/content/fighters/rook-ironside/animations/generated_production/shield_hit_heavy.anim.json,ONLY_ON_106,UNIQUE_BUT_STALE,REGENERATE_FROM_CURRENT_PIPELINE,.json
game-godot/content/fighters/rook-ironside/animations/generated_production/shield_hit_light.anim.json,ONLY_ON_106,UNIQUE_BUT_STALE,REGENERATE_FROM_CURRENT_PIPELINE,.json
game-godot/content/fighters/rook-ironside/animations/generated_production/signature_lane_burst.anim.json,ONLY_ON_106,UNIQUE_BUT_STALE,REGENERATE_FROM_CURRENT_PIPELINE,.json
game-godot/content/fighters/rook-ironside/animations/generated_production/signature_lane_confirm.anim.json,ONLY_ON_106,UNIQUE_BUT_STALE,REGENERATE_FROM_CURRENT_PIPELINE,.json
game-godot/content/fighters/rook-ironside/animations/generated_production/signature_lane_control.anim.json,ONLY_ON_106,UNIQUE_BUT_STALE,REGENERATE_FROM_CURRENT_PIPELINE,.json
game-godot/content/fighters/rook-ironside/animations/generated_production/signature_lane_counter.anim.json,ONLY_ON_106,UNIQUE_BUT_STALE,REGENERATE_FROM_CURRENT_PIPELINE,.json
game-godot/content/fighters/rook-ironside/animations/generated_production/signature_lane_feint.anim.json,ONLY_ON_106,UNIQUE_BUT_STALE,REGENERATE_FROM_CURRENT_PIPELINE,.json
game-godot/content/fighters/rook-ironside/animations/generated_production/signature_lane_finisher.anim.json,ONLY_ON_106,UNIQUE_BUT_STALE,REGENERATE_FROM_CURRENT_PIPELINE,.json
game-godot/content/fighters/rook-ironside/animations/generated_production/signature_lane_launch.anim.json,ONLY_ON_106,UNIQUE_BUT_STALE,REGENERATE_FROM_CURRENT_PIPELINE,.json
game-godot/content/fighters/rook-ironside/animations/generated_production/signature_lane_trap.anim.json,ONLY_ON_106,UNIQUE_BUT_STALE,REGENERATE_FROM_CURRENT_PIPELINE,.json
game-godot/content/fighters/rook-ironside/animations/generated_production/smash_down.anim.json,ONLY_ON_106,UNIQUE_BUT_STALE,REGENERATE_FROM_CURRENT_PIPELINE,.json
game-godot/content/fighters/rook-ironside/animations/generated_production/smash_forward.anim.json,ONLY_ON_106,UNIQUE_BUT_STALE,REGENERATE_FROM_CURRENT_PIPELINE,.json
game-godot/content/fighters/rook-ironside/animations/generated_production/smash_up.anim.json,ONLY_ON_106,UNIQUE_BUT_STALE,REGENERATE_FROM_CURRENT_PIPELINE,.json
game-godot/content/fighters/rook-ironside/animations/generated_production/throw_back.anim.json,ONLY_ON_106,UNIQUE_BUT_STALE,REGENERATE_FROM_CURRENT_PIPELINE,.json
game-godot/content/fighters/rook-ironside/animations/generated_production/throw_down.anim.json,ONLY_ON_106,UNIQUE_BUT_STALE,REGENERATE_FROM_CURRENT_PIPELINE,.json
game-godot/content/fighters/rook-ironside/animations/generated_production/throw_forward.anim.json,ONLY_ON_106,UNIQUE_BUT_STALE,REGENERATE_FROM_CURRENT_PIPELINE,.json
game-godot/content/fighters/rook-ironside/animations/generated_production/throw_up.anim.json,ONLY_ON_106,UNIQUE_BUT_STALE,REGENERATE_FROM_CURRENT_PIPELINE,.json
game-godot/content/fighters/rook-ironside/animations/generated_production/throw_victim_back.anim.json,ONLY_ON_106,UNIQUE_BUT_STALE,REGENERATE_FROM_CURRENT_PIPELINE,.json
game-godot/content/fighters/rook-ironside/animations/generated_production/throw_victim_down.anim.json,ONLY_ON_106,UNIQUE_BUT_STALE,REGENERATE_FROM_CURRENT_PIPELINE,.json
game-godot/content/fighters/rook-ironside/animations/generated_production/throw_victim_forward.anim.json,ONLY_ON_106,UNIQUE_BUT_STALE,REGENERATE_FROM_CURRENT_PIPELINE,.json
game-godot/content/fighters/rook-ironside/animations/generated_production/throw_victim_up.anim.json,ONLY_ON_106,UNIQUE_BUT_STALE,REGENERATE_FROM_CURRENT_PIPELINE,.json
game-godot/content/fighters/rook-ironside/animations/generated_production/tilt_down.anim.json,ONLY_ON_106,UNIQUE_BUT_STALE,REGENERATE_FROM_CURRENT_PIPELINE,.json
game-godot/content/fighters/rook-ironside/animations/generated_production/tilt_forward.anim.json,ONLY_ON_106,UNIQUE_BUT_STALE,REGENERATE_FROM_CURRENT_PIPELINE,.json
game-godot/content/fighters/rook-ironside/animations/generated_production/tilt_up.anim.json,ONLY_ON_106,UNIQUE_BUT_STALE,REGENERATE_FROM_CURRENT_PIPELINE,.json
game-godot/content/fighters/rook-ironside/animations/generated_production/tumble.anim.json,ONLY_ON_106,UNIQUE_BUT_STALE,REGENERATE_FROM_CURRENT_PIPELINE,.json
game-godot/content/fighters/rook-ironside/animations/generated_production/turn.anim.json,ONLY_ON_106,UNIQUE_BUT_STALE,REGENERATE_FROM_CURRENT_PIPELINE,.json
game-godot/content/fighters/rook-ironside/animations/generated_production/victory.anim.json,ONLY_ON_106,UNIQUE_BUT_STALE,REGENERATE_FROM_CURRENT_PIPELINE,.json
game-godot/content/fighters/rook-ironside/animations/generated_production/walk.anim.json,ONLY_ON_106,UNIQUE_BUT_STALE,REGENERATE_FROM_CURRENT_PIPELINE,.json
game-godot/content/fighters/rook-ironside/animations/generated_production/walk_start.anim.json,ONLY_ON_106,UNIQUE_BUT_STALE,REGENERATE_FROM_CURRENT_PIPELINE,.json
game-godot/content/fighters/rook-ironside/animations/generated_production/walk_stop.anim.json,ONLY_ON_106,UNIQUE_BUT_STALE,REGENERATE_FROM_CURRENT_PIPELINE,.json
game-godot/content/fighters/rook-ironside/animations/generated_production/wall_splat.anim.json,ONLY_ON_106,UNIQUE_BUT_STALE,REGENERATE_FROM_CURRENT_PIPELINE,.json
game-godot/content/fighters/rook-ironside/animations/procedural/aerial_back.anim.json,BOTH_DIVERGED,UNIQUE_BUT_STALE,REGENERATE_FROM_CURRENT_PIPELINE,.json
game-godot/content/fighters/rook-ironside/animations/procedural/aerial_down.anim.json,BOTH_DIVERGED,UNIQUE_BUT_STALE,REGENERATE_FROM_CURRENT_PIPELINE,.json
game-godot/content/fighters/rook-ironside/animations/procedural/aerial_forward.anim.json,BOTH_DIVERGED,UNIQUE_BUT_STALE,REGENERATE_FROM_CURRENT_PIPELINE,.json
game-godot/content/fighters/rook-ironside/animations/procedural/aerial_neutral.anim.json,BOTH_DIVERGED,UNIQUE_BUT_STALE,REGENERATE_FROM_CURRENT_PIPELINE,.json
game-godot/content/fighters/rook-ironside/animations/procedural/aerial_up.anim.json,BOTH_DIVERGED,UNIQUE_BUT_STALE,REGENERATE_FROM_CURRENT_PIPELINE,.json
game-godot/content/fighters/rook-ironside/animations/procedural/air_dodge.anim.json,BOTH_DIVERGED,UNIQUE_BUT_STALE,REGENERATE_FROM_CURRENT_PIPELINE,.json
game-godot/content/fighters/rook-ironside/animations/procedural/air_drift.anim.json,BOTH_DIVERGED,UNIQUE_BUT_STALE,REGENERATE_FROM_CURRENT_PIPELINE,.json
game-godot/content/fighters/rook-ironside/animations/procedural/aura_charge.anim.json,BOTH_DIVERGED,UNIQUE_BUT_STALE,REGENERATE_FROM_CURRENT_PIPELINE,.json
game-godot/content/fighters/rook-ironside/animations/procedural/aura_release.anim.json,BOTH_DIVERGED,UNIQUE_BUT_STALE,REGENERATE_FROM_CURRENT_PIPELINE,.json
game-godot/content/fighters/rook-ironside/animations/procedural/charge_full.anim.json,ONLY_ON_106,UNIQUE_BUT_STALE,REGENERATE_FROM_CURRENT_PIPELINE,.json
game-godot/content/fighters/rook-ironside/animations/procedural/charge_high.anim.json,ONLY_ON_106,UNIQUE_BUT_STALE,REGENERATE_FROM_CURRENT_PIPELINE,.json
game-godot/content/fighters/rook-ironside/animations/procedural/charge_low.anim.json,ONLY_ON_106,UNIQUE_BUT_STALE,REGENERATE_FROM_CURRENT_PIPELINE,.json
game-godot/content/fighters/rook-ironside/animations/procedural/charge_mid.anim.json,ONLY_ON_106,UNIQUE_BUT_STALE,REGENERATE_FROM_CURRENT_PIPELINE,.json
game-godot/content/fighters/rook-ironside/animations/procedural/charge_release.anim.json,ONLY_ON_106,UNIQUE_BUT_STALE,REGENERATE_FROM_CURRENT_PIPELINE,.json
game-godot/content/fighters/rook-ironside/animations/procedural/charge_start.anim.json,ONLY_ON_106,UNIQUE_BUT_STALE,REGENERATE_FROM_CURRENT_PIPELINE,.json
game-godot/content/fighters/rook-ironside/animations/procedural/charged_dash.anim.json,ONLY_ON_106,UNIQUE_BUT_STALE,REGENERATE_FROM_CURRENT_PIPELINE,.json
game-godot/content/fighters/rook-ironside/animations/procedural/charged_fall.anim.json,ONLY_ON_106,UNIQUE_BUT_STALE,REGENERATE_FROM_CURRENT_PIPELINE,.json
game-godot/content/fighters/rook-ironside/animations/procedural/charged_hold.anim.json,ONLY_ON_106,UNIQUE_BUT_STALE,REGENERATE_FROM_CURRENT_PIPELINE,.json
game-godot/content/fighters/rook-ironside/animations/procedural/charged_idle.anim.json,ONLY_ON_106,UNIQUE_BUT_STALE,REGENERATE_FROM_CURRENT_PIPELINE,.json
game-godot/content/fighters/rook-ironside/animations/procedural/charged_jump.anim.json,ONLY_ON_106,UNIQUE_BUT_STALE,REGENERATE_FROM_CURRENT_PIPELINE,.json
game-godot/content/fighters/rook-ironside/animations/procedural/charged_land.anim.json,ONLY_ON_106,UNIQUE_BUT_STALE,REGENERATE_FROM_CURRENT_PIPELINE,.json
game-godot/content/fighters/rook-ironside/animations/procedural/charged_run.anim.json,ONLY_ON_106,UNIQUE_BUT_STALE,REGENERATE_FROM_CURRENT_PIPELINE,.json
game-godot/content/fighters/rook-ironside/animations/procedural/charged_walk.anim.json,ONLY_ON_106,UNIQUE_BUT_STALE,REGENERATE_FROM_CURRENT_PIPELINE,.json
game-godot/content/fighters/rook-ironside/animations/procedural/contact_aura.anim.json,ONLY_ON_106,UNIQUE_BUT_STALE,REFERENCE_ONLY,.json
game-godot/content/fighters/rook-ironside/animations/procedural/contact_heavy.anim.json,ONLY_ON_106,UNIQUE_BUT_STALE,REFERENCE_ONLY,.json
game-godot/content/fighters/rook-ironside/animations/procedural/contact_ko.anim.json,ONLY_ON_106,UNIQUE_BUT_STALE,REFERENCE_ONLY,.json
game-godot/content/fighters/rook-ironside/animations/procedural/contact_light.anim.json,ONLY_ON_106,UNIQUE_BUT_STALE,REFERENCE_ONLY,.json
game-godot/content/fighters/rook-ironside/animations/procedural/contact_medium.anim.json,ONLY_ON_106,UNIQUE_BUT_STALE,REFERENCE_ONLY,.json
game-godot/content/fighters/rook-ironside/animations/procedural/contact_super.anim.json,ONLY_ON_106,UNIQUE_BUT_STALE,REFERENCE_ONLY,.json
game-godot/content/fighters/rook-ironside/animations/procedural/dash.anim.json,BOTH_DIVERGED,UNIQUE_BUT_STALE,REGENERATE_FROM_CURRENT_PIPELINE,.json
game-godot/content/fighters/rook-ironside/animations/procedural/dash_stop.anim.json,ONLY_ON_106,UNIQUE_BUT_STALE,REGENERATE_FROM_CURRENT_PIPELINE,.json
game-godot/content/fighters/rook-ironside/animations/procedural/defeat.anim.json,BOTH_DIVERGED,UNIQUE_BUT_STALE,REGENERATE_FROM_CURRENT_PIPELINE,.json
game-godot/content/fighters/rook-ironside/animations/procedural/dodge.anim.json,BOTH_DIVERGED,UNIQUE_BUT_STALE,REGENERATE_FROM_CURRENT_PIPELINE,.json
game-godot/content/fighters/rook-ironside/animations/procedural/fall.anim.json,BOTH_DIVERGED,UNIQUE_BUT_STALE,REGENERATE_FROM_CURRENT_PIPELINE,.json
game-godot/content/fighters/rook-ironside/animations/procedural/grab.anim.json,BOTH_DIVERGED,UNIQUE_BUT_STALE,REGENERATE_FROM_CURRENT_PIPELINE,.json
game-godot/content/fighters/rook-ironside/animations/procedural/grab_victim.anim.json,ONLY_ON_106,UNIQUE_BUT_STALE,REGENERATE_FROM_CURRENT_PIPELINE,.json
game-godot/content/fighters/rook-ironside/animations/procedural/heavy.anim.json,BOTH_DIVERGED,UNIQUE_BUT_STALE,REGENERATE_FROM_CURRENT_PIPELINE,.json
game-godot/content/fighters/rook-ironside/animations/procedural/hurt.anim.json,BOTH_DIVERGED,UNIQUE_BUT_STALE,REGENERATE_FROM_CURRENT_PIPELINE,.json
game-godot/content/fighters/rook-ironside/animations/procedural/hurt_body_snap.anim.json,ONLY_ON_106,UNIQUE_BUT_STALE,REGENERATE_FROM_CURRENT_PIPELINE,.json
game-godot/content/fighters/rook-ironside/animations/procedural/hurt_crumple.anim.json,ONLY_ON_106,UNIQUE_BUT_STALE,REGENERATE_FROM_CURRENT_PIPELINE,.json
game-godot/content/fighters/rook-ironside/animations/procedural/hurt_flinch.anim.json,ONLY_ON_106,UNIQUE_BUT_STALE,REGENERATE_FROM_CURRENT_PIPELINE,.json
game-godot/content/fighters/rook-ironside/animations/procedural/hurt_freeze_stiffness.anim.json,ONLY_ON_106,UNIQUE_BUT_STALE,REGENERATE_FROM_CURRENT_PIPELINE,.json
game-godot/content/fighters/rook-ironside/animations/procedural/hurt_ground_bounce.anim.json,ONLY_ON_106,UNIQUE_BUT_STALE,REGENERATE_FROM_CURRENT_PIPELINE,.json
game-godot/content/fighters/rook-ironside/animations/procedural/hurt_heavy.anim.json,BOTH_DIVERGED,UNIQUE_BUT_STALE,REGENERATE_FROM_CURRENT_PIPELINE,.json
game-godot/content/fighters/rook-ironside/animations/procedural/hurt_ko_spin.anim.json,ONLY_ON_106,UNIQUE_BUT_STALE,REGENERATE_FROM_CURRENT_PIPELINE,.json
game-godot/content/fighters/rook-ironside/animations/procedural/hurt_launch.anim.json,ONLY_ON_106,UNIQUE_BUT_STALE,REGENERATE_FROM_CURRENT_PIPELINE,.json
game-godot/content/fighters/rook-ironside/animations/procedural/hurt_light.anim.json,BOTH_DIVERGED,UNIQUE_BUT_STALE,REGENERATE_FROM_CURRENT_PIPELINE,.json
game-godot/content/fighters/rook-ironside/animations/procedural/hurt_medium.anim.json,BOTH_DIVERGED,UNIQUE_BUT_STALE,REGENERATE_FROM_CURRENT_PIPELINE,.json
game-godot/content/fighters/rook-ironside/animations/procedural/hurt_shield_recoil.anim.json,ONLY_ON_106,UNIQUE_BUT_STALE,REGENERATE_FROM_CURRENT_PIPELINE,.json
game-godot/content/fighters/rook-ironside/animations/procedural/hurt_spike.anim.json,ONLY_ON_106,UNIQUE_BUT_STALE,REGENERATE_FROM_CURRENT_PIPELINE,.json
game-godot/content/fighters/rook-ironside/animations/procedural/hurt_stagger.anim.json,ONLY_ON_106,UNIQUE_BUT_STALE,REGENERATE_FROM_CURRENT_PIPELINE,.json
game-godot/content/fighters/rook-ironside/animations/procedural/hurt_tumble.anim.json,ONLY_ON_106,UNIQUE_BUT_STALE,REGENERATE_FROM_CURRENT_PIPELINE,.json
game-godot/content/fighters/rook-ironside/animations/procedural/hurt_wall_splat.anim.json,ONLY_ON_106,UNIQUE_BUT_STALE,REGENERATE_FROM_CURRENT_PIPELINE,.json
game-godot/content/fighters/rook-ironside/animations/procedural/idle.anim.json,BOTH_DIVERGED,UNIQUE_BUT_STALE,REGENERATE_FROM_CURRENT_PIPELINE,.json
game-godot/content/fighters/rook-ironside/animations/procedural/idle_personality.anim.json,ONLY_ON_106,UNIQUE_BUT_STALE,REGENERATE_FROM_CURRENT_PIPELINE,.json
game-godot/content/fighters/rook-ironside/animations/procedural/jab.anim.json,BOTH_DIVERGED,UNIQUE_BUT_STALE,REGENERATE_FROM_CURRENT_PIPELINE,.json
game-godot/content/fighters/rook-ironside/animations/procedural/jab_chain_2.anim.json,BOTH_DIVERGED,UNIQUE_BUT_STALE,REGENERATE_FROM_CURRENT_PIPELINE,.json
game-godot/content/fighters/rook-ironside/animations/procedural/jab_chain_3.anim.json,BOTH_DIVERGED,UNIQUE_BUT_STALE,REGENERATE_FROM_CURRENT_PIPELINE,.json
game-godot/content/fighters/rook-ironside/animations/procedural/jump.anim.json,BOTH_DIVERGED,UNIQUE_BUT_STALE,REGENERATE_FROM_CURRENT_PIPELINE,.json
game-godot/content/fighters/rook-ironside/animations/procedural/jump_apex.anim.json,BOTH_DIVERGED,UNIQUE_BUT_STALE,REGENERATE_FROM_CURRENT_PIPELINE,.json
game-godot/content/fighters/rook-ironside/animations/procedural/jump_squat.anim.json,ONLY_ON_106,UNIQUE_BUT_STALE,REGENERATE_FROM_CURRENT_PIPELINE,.json
game-godot/content/fighters/rook-ironside/animations/procedural/ko.anim.json,BOTH_DIVERGED,UNIQUE_BUT_STALE,REGENERATE_FROM_CURRENT_PIPELINE,.json
game-godot/content/fighters/rook-ironside/animations/procedural/landing.anim.json,BOTH_DIVERGED,UNIQUE_BUT_STALE,REGENERATE_FROM_CURRENT_PIPELINE,.json
game-godot/content/fighters/rook-ironside/animations/procedural/launch.anim.json,BOTH_DIVERGED,UNIQUE_BUT_STALE,REGENERATE_FROM_CURRENT_PIPELINE,.json
game-godot/content/fighters/rook-ironside/animations/procedural/manifest.json,BOTH_DIVERGED,UNIQUE_BUT_STALE,REGENERATE_FROM_CURRENT_PIPELINE,.json
game-godot/content/fighters/rook-ironside/animations/procedural/projectile_full.anim.json,BOTH_DIVERGED,UNIQUE_BUT_STALE,REGENERATE_FROM_CURRENT_PIPELINE,.json
game-godot/content/fighters/rook-ironside/animations/procedural/projectile_medium.anim.json,BOTH_DIVERGED,UNIQUE_BUT_STALE,REGENERATE_FROM_CURRENT_PIPELINE,.json
game-godot/content/fighters/rook-ironside/animations/procedural/projectile_tap.anim.json,BOTH_DIVERGED,UNIQUE_BUT_STALE,REGENERATE_FROM_CURRENT_PIPELINE,.json
game-godot/content/fighters/rook-ironside/animations/procedural/recovery.anim.json,BOTH_DIVERGED,UNIQUE_BUT_STALE,REGENERATE_FROM_CURRENT_PIPELINE,.json
game-godot/content/fighters/rook-ironside/animations/procedural/recovery_identity.anim.json,ONLY_ON_106,UNIQUE_BUT_STALE,REGENERATE_FROM_CURRENT_PIPELINE,.json
game-godot/content/fighters/rook-ironside/animations/procedural/run.anim.json,BOTH_DIVERGED,UNIQUE_BUT_STALE,REGENERATE_FROM_CURRENT_PIPELINE,.json
game-godot/content/fighters/rook-ironside/animations/procedural/run_start.anim.json,ONLY_ON_106,UNIQUE_BUT_STALE,REGENERATE_FROM_CURRENT_PIPELINE,.json
game-godot/content/fighters/rook-ironside/animations/procedural/run_stop.anim.json,ONLY_ON_106,UNIQUE_BUT_STALE,REGENERATE_FROM_CURRENT_PIPELINE,.json
game-godot/content/fighters/rook-ironside/animations/procedural/shield.anim.json,BOTH_DIVERGED,UNIQUE_BUT_STALE,REGENERATE_FROM_CURRENT_PIPELINE,.json
game-godot/content/fighters/rook-ironside/animations/procedural/signature_lane_burst.anim.json,BOTH_DIVERGED,UNIQUE_BUT_STALE,REGENERATE_FROM_CURRENT_PIPELINE,.json
game-godot/content/fighters/rook-ironside/animations/procedural/signature_lane_confirm.anim.json,BOTH_DIVERGED,UNIQUE_BUT_STALE,REGENERATE_FROM_CURRENT_PIPELINE,.json
game-godot/content/fighters/rook-ironside/animations/procedural/signature_lane_control.anim.json,BOTH_DIVERGED,UNIQUE_BUT_STALE,REGENERATE_FROM_CURRENT_PIPELINE,.json
game-godot/content/fighters/rook-ironside/animations/procedural/signature_lane_counter.anim.json,BOTH_DIVERGED,UNIQUE_BUT_STALE,REGENERATE_FROM_CURRENT_PIPELINE,.json
game-godot/content/fighters/rook-ironside/animations/procedural/signature_lane_feint.anim.json,BOTH_DIVERGED,UNIQUE_BUT_STALE,REGENERATE_FROM_CURRENT_PIPELINE,.json
game-godot/content/fighters/rook-ironside/animations/procedural/signature_lane_finisher.anim.json,BOTH_DIVERGED,UNIQUE_BUT_STALE,REGENERATE_FROM_CURRENT_PIPELINE,.json
game-godot/content/fighters/rook-ironside/animations/procedural/signature_lane_launch.anim.json,BOTH_DIVERGED,UNIQUE_BUT_STALE,REGENERATE_FROM_CURRENT_PIPELINE,.json
game-godot/content/fighters/rook-ironside/animations/procedural/signature_lane_trap.anim.json,BOTH_DIVERGED,UNIQUE_BUT_STALE,REGENERATE_FROM_CURRENT_PIPELINE,.json
game-godot/content/fighters/rook-ironside/animations/procedural/smash_down.anim.json,BOTH_DIVERGED,UNIQUE_BUT_STALE,REGENERATE_FROM_CURRENT_PIPELINE,.json
game-godot/content/fighters/rook-ironside/animations/procedural/smash_forward.anim.json,BOTH_DIVERGED,UNIQUE_BUT_STALE,REGENERATE_FROM_CURRENT_PIPELINE,.json
game-godot/content/fighters/rook-ironside/animations/procedural/smash_up.anim.json,BOTH_DIVERGED,UNIQUE_BUT_STALE,REGENERATE_FROM_CURRENT_PIPELINE,.json
game-godot/content/fighters/rook-ironside/animations/procedural/super.anim.json,ONLY_ON_106,UNIQUE_BUT_STALE,REGENERATE_FROM_CURRENT_PIPELINE,.json
game-godot/content/fighters/rook-ironside/animations/procedural/throw_back.anim.json,BOTH_DIVERGED,UNIQUE_BUT_STALE,REGENERATE_FROM_CURRENT_PIPELINE,.json
game-godot/content/fighters/rook-ironside/animations/procedural/throw_down.anim.json,BOTH_DIVERGED,UNIQUE_BUT_STALE,REGENERATE_FROM_CURRENT_PIPELINE,.json
game-godot/content/fighters/rook-ironside/animations/procedural/throw_forward.anim.json,BOTH_DIVERGED,UNIQUE_BUT_STALE,REGENERATE_FROM_CURRENT_PIPELINE,.json
game-godot/content/fighters/rook-ironside/animations/procedural/throw_up.anim.json,BOTH_DIVERGED,UNIQUE_BUT_STALE,REGENERATE_FROM_CURRENT_PIPELINE,.json
game-godot/content/fighters/rook-ironside/animations/procedural/throw_victim_back.anim.json,ONLY_ON_106,UNIQUE_BUT_STALE,REGENERATE_FROM_CURRENT_PIPELINE,.json
game-godot/content/fighters/rook-ironside/animations/procedural/throw_victim_down.anim.json,ONLY_ON_106,UNIQUE_BUT_STALE,REGENERATE_FROM_CURRENT_PIPELINE,.json
game-godot/content/fighters/rook-ironside/animations/procedural/throw_victim_forward.anim.json,ONLY_ON_106,UNIQUE_BUT_STALE,REGENERATE_FROM_CURRENT_PIPELINE,.json
game-godot/content/fighters/rook-ironside/animations/procedural/throw_victim_up.anim.json,ONLY_ON_106,UNIQUE_BUT_STALE,REGENERATE_FROM_CURRENT_PIPELINE,.json
game-godot/content/fighters/rook-ironside/animations/procedural/tilt_down.anim.json,BOTH_DIVERGED,UNIQUE_BUT_STALE,REGENERATE_FROM_CURRENT_PIPELINE,.json
game-godot/content/fighters/rook-ironside/animations/procedural/tilt_forward.anim.json,BOTH_DIVERGED,UNIQUE_BUT_STALE,REGENERATE_FROM_CURRENT_PIPELINE,.json
game-godot/content/fighters/rook-ironside/animations/procedural/tilt_up.anim.json,BOTH_DIVERGED,UNIQUE_BUT_STALE,REGENERATE_FROM_CURRENT_PIPELINE,.json
game-godot/content/fighters/rook-ironside/animations/procedural/transition_idle_walk.anim.json,ONLY_ON_106,UNIQUE_BUT_STALE,REGENERATE_FROM_CURRENT_PIPELINE,.json
game-godot/content/fighters/rook-ironside/animations/procedural/transition_walk_run.anim.json,ONLY_ON_106,UNIQUE_BUT_STALE,REGENERATE_FROM_CURRENT_PIPELINE,.json
game-godot/content/fighters/rook-ironside/animations/procedural/tumble.anim.json,BOTH_DIVERGED,UNIQUE_BUT_STALE,REGENERATE_FROM_CURRENT_PIPELINE,.json
game-godot/content/fighters/rook-ironside/animations/procedural/turn.anim.json,BOTH_DIVERGED,UNIQUE_BUT_STALE,REGENERATE_FROM_CURRENT_PIPELINE,.json
game-godot/content/fighters/rook-ironside/animations/procedural/uncharged_release.anim.json,ONLY_ON_106,UNIQUE_BUT_STALE,REGENERATE_FROM_CURRENT_PIPELINE,.json
game-godot/content/fighters/rook-ironside/animations/procedural/victory.anim.json,BOTH_DIVERGED,UNIQUE_BUT_STALE,REGENERATE_FROM_CURRENT_PIPELINE,.json
game-godot/content/fighters/rook-ironside/animations/procedural/walk.anim.json,BOTH_DIVERGED,UNIQUE_BUT_STALE,REGENERATE_FROM_CURRENT_PIPELINE,.json
game-godot/content/fighters/rook-ironside/animations/procedural/walk_start.anim.json,ONLY_ON_106,UNIQUE_BUT_STALE,REGENERATE_FROM_CURRENT_PIPELINE,.json
game-godot/content/fighters/rook-ironside/animations/procedural/walk_stop.anim.json,ONLY_ON_106,UNIQUE_BUT_STALE,REGENERATE_FROM_CURRENT_PIPELINE,.json
game-godot/content/fighters/rook-ironside/model/rook-ironside_generated_production.glb,ONLY_ON_106,UNIQUE_BUT_STALE,HUMAN_ART_REVIEW_REQUIRED,.glb
game-godot/content/fighters/rook-ironside/model/rook-ironside_generated_production.glb.import,ONLY_ON_106,UNIQUE_BUT_STALE,HUMAN_ART_REVIEW_REQUIRED,.import
game-godot/content/fighters/vesper-nyx/animations/generated_production/aerial_back.anim.json,ONLY_ON_106,UNIQUE_BUT_STALE,REGENERATE_FROM_CURRENT_PIPELINE,.json
game-godot/content/fighters/vesper-nyx/animations/generated_production/aerial_down.anim.json,ONLY_ON_106,UNIQUE_BUT_STALE,REGENERATE_FROM_CURRENT_PIPELINE,.json
game-godot/content/fighters/vesper-nyx/animations/generated_production/aerial_forward.anim.json,ONLY_ON_106,UNIQUE_BUT_STALE,REGENERATE_FROM_CURRENT_PIPELINE,.json
game-godot/content/fighters/vesper-nyx/animations/generated_production/aerial_neutral.anim.json,ONLY_ON_106,UNIQUE_BUT_STALE,REGENERATE_FROM_CURRENT_PIPELINE,.json
game-godot/content/fighters/vesper-nyx/animations/generated_production/aerial_up.anim.json,ONLY_ON_106,UNIQUE_BUT_STALE,REGENERATE_FROM_CURRENT_PIPELINE,.json
game-godot/content/fighters/vesper-nyx/animations/generated_production/air_dodge.anim.json,ONLY_ON_106,UNIQUE_BUT_STALE,REGENERATE_FROM_CURRENT_PIPELINE,.json
game-godot/content/fighters/vesper-nyx/animations/generated_production/air_drift.anim.json,ONLY_ON_106,UNIQUE_BUT_STALE,REGENERATE_FROM_CURRENT_PIPELINE,.json
game-godot/content/fighters/vesper-nyx/animations/generated_production/aura_burst_super_pose.anim.json,ONLY_ON_106,UNIQUE_BUT_STALE,REGENERATE_FROM_CURRENT_PIPELINE,.json
game-godot/content/fighters/vesper-nyx/animations/generated_production/aura_charge.anim.json,ONLY_ON_106,UNIQUE_BUT_STALE,REGENERATE_FROM_CURRENT_PIPELINE,.json
game-godot/content/fighters/vesper-nyx/animations/generated_production/aura_release.anim.json,ONLY_ON_106,UNIQUE_BUT_STALE,REGENERATE_FROM_CURRENT_PIPELINE,.json
game-godot/content/fighters/vesper-nyx/animations/generated_production/aura_signature.anim.json,ONLY_ON_106,UNIQUE_BUT_STALE,REGENERATE_FROM_CURRENT_PIPELINE,.json
game-godot/content/fighters/vesper-nyx/animations/generated_production/charge_full.anim.json,ONLY_ON_106,UNIQUE_BUT_STALE,REGENERATE_FROM_CURRENT_PIPELINE,.json
game-godot/content/fighters/vesper-nyx/animations/generated_production/charge_high.anim.json,ONLY_ON_106,UNIQUE_BUT_STALE,REGENERATE_FROM_CURRENT_PIPELINE,.json
game-godot/content/fighters/vesper-nyx/animations/generated_production/charge_low.anim.json,ONLY_ON_106,UNIQUE_BUT_STALE,REGENERATE_FROM_CURRENT_PIPELINE,.json
game-godot/content/fighters/vesper-nyx/animations/generated_production/charge_mid.anim.json,ONLY_ON_106,UNIQUE_BUT_STALE,REGENERATE_FROM_CURRENT_PIPELINE,.json
game-godot/content/fighters/vesper-nyx/animations/generated_production/charge_release.anim.json,ONLY_ON_106,UNIQUE_BUT_STALE,REGENERATE_FROM_CURRENT_PIPELINE,.json
game-godot/content/fighters/vesper-nyx/animations/generated_production/charge_start.anim.json,ONLY_ON_106,UNIQUE_BUT_STALE,REGENERATE_FROM_CURRENT_PIPELINE,.json
game-godot/content/fighters/vesper-nyx/animations/generated_production/charged_dash.anim.json,ONLY_ON_106,UNIQUE_BUT_STALE,REGENERATE_FROM_CURRENT_PIPELINE,.json
game-godot/content/fighters/vesper-nyx/animations/generated_production/charged_fall.anim.json,ONLY_ON_106,UNIQUE_BUT_STALE,REGENERATE_FROM_CURRENT_PIPELINE,.json
game-godot/content/fighters/vesper-nyx/animations/generated_production/charged_idle.anim.json,ONLY_ON_106,UNIQUE_BUT_STALE,REGENERATE_FROM_CURRENT_PIPELINE,.json
game-godot/content/fighters/vesper-nyx/animations/generated_production/charged_jump.anim.json,ONLY_ON_106,UNIQUE_BUT_STALE,REGENERATE_FROM_CURRENT_PIPELINE,.json
game-godot/content/fighters/vesper-nyx/animations/generated_production/charged_land.anim.json,ONLY_ON_106,UNIQUE_BUT_STALE,REGENERATE_FROM_CURRENT_PIPELINE,.json
game-godot/content/fighters/vesper-nyx/animations/generated_production/charged_run.anim.json,ONLY_ON_106,UNIQUE_BUT_STALE,REGENERATE_FROM_CURRENT_PIPELINE,.json
game-godot/content/fighters/vesper-nyx/animations/generated_production/charged_walk.anim.json,ONLY_ON_106,UNIQUE_BUT_STALE,REGENERATE_FROM_CURRENT_PIPELINE,.json
game-godot/content/fighters/vesper-nyx/animations/generated_production/clash_break.anim.json,ONLY_ON_106,UNIQUE_BUT_STALE,REGENERATE_FROM_CURRENT_PIPELINE,.json
game-godot/content/fighters/vesper-nyx/animations/generated_production/clash_lock.anim.json,ONLY_ON_106,UNIQUE_BUT_STALE,REGENERATE_FROM_CURRENT_PIPELINE,.json
game-godot/content/fighters/vesper-nyx/animations/generated_production/clash_losing.anim.json,ONLY_ON_106,UNIQUE_BUT_STALE,REGENERATE_FROM_CURRENT_PIPELINE,.json
game-godot/content/fighters/vesper-nyx/animations/generated_production/clash_push.anim.json,ONLY_ON_106,UNIQUE_BUT_STALE,REGENERATE_FROM_CURRENT_PIPELINE,.json
game-godot/content/fighters/vesper-nyx/animations/generated_production/clash_start.anim.json,ONLY_ON_106,UNIQUE_BUT_STALE,REGENERATE_FROM_CURRENT_PIPELINE,.json
game-godot/content/fighters/vesper-nyx/animations/generated_production/clash_winning.anim.json,ONLY_ON_106,UNIQUE_BUT_STALE,REGENERATE_FROM_CURRENT_PIPELINE,.json
game-godot/content/fighters/vesper-nyx/animations/generated_production/crouch.anim.json,ONLY_ON_106,UNIQUE_BUT_STALE,REGENERATE_FROM_CURRENT_PIPELINE,.json
game-godot/content/fighters/vesper-nyx/animations/generated_production/dash.anim.json,ONLY_ON_106,UNIQUE_BUT_STALE,REGENERATE_FROM_CURRENT_PIPELINE,.json
game-godot/content/fighters/vesper-nyx/animations/generated_production/dash_stop.anim.json,ONLY_ON_106,UNIQUE_BUT_STALE,REGENERATE_FROM_CURRENT_PIPELINE,.json
game-godot/content/fighters/vesper-nyx/animations/generated_production/defeat.anim.json,ONLY_ON_106,UNIQUE_BUT_STALE,REGENERATE_FROM_CURRENT_PIPELINE,.json
game-godot/content/fighters/vesper-nyx/animations/generated_production/dodge.anim.json,ONLY_ON_106,UNIQUE_BUT_STALE,REGENERATE_FROM_CURRENT_PIPELINE,.json
game-godot/content/fighters/vesper-nyx/animations/generated_production/double_jump.anim.json,ONLY_ON_106,UNIQUE_BUT_STALE,REGENERATE_FROM_CURRENT_PIPELINE,.json
game-godot/content/fighters/vesper-nyx/animations/generated_production/fall.anim.json,ONLY_ON_106,UNIQUE_BUT_STALE,REGENERATE_FROM_CURRENT_PIPELINE,.json
game-godot/content/fighters/vesper-nyx/animations/generated_production/fast_fall.anim.json,ONLY_ON_106,UNIQUE_BUT_STALE,REGENERATE_FROM_CURRENT_PIPELINE,.json
game-godot/content/fighters/vesper-nyx/animations/generated_production/grab.anim.json,ONLY_ON_106,UNIQUE_BUT_STALE,REGENERATE_FROM_CURRENT_PIPELINE,.json
game-godot/content/fighters/vesper-nyx/animations/generated_production/grabbed_hold.anim.json,ONLY_ON_106,UNIQUE_BUT_STALE,REGENERATE_FROM_CURRENT_PIPELINE,.json
game-godot/content/fighters/vesper-nyx/animations/generated_production/ground_bounce.anim.json,ONLY_ON_106,UNIQUE_BUT_STALE,REGENERATE_FROM_CURRENT_PIPELINE,.json
game-godot/content/fighters/vesper-nyx/animations/generated_production/heavy.anim.json,ONLY_ON_106,UNIQUE_BUT_STALE,REGENERATE_FROM_CURRENT_PIPELINE,.json
game-godot/content/fighters/vesper-nyx/animations/generated_production/hurt.anim.json,ONLY_ON_106,UNIQUE_BUT_STALE,REGENERATE_FROM_CURRENT_PIPELINE,.json
game-godot/content/fighters/vesper-nyx/animations/generated_production/hurt_crumple.anim.json,ONLY_ON_106,UNIQUE_BUT_STALE,REGENERATE_FROM_CURRENT_PIPELINE,.json
game-godot/content/fighters/vesper-nyx/animations/generated_production/hurt_flinch.anim.json,ONLY_ON_106,UNIQUE_BUT_STALE,REGENERATE_FROM_CURRENT_PIPELINE,.json
game-godot/content/fighters/vesper-nyx/animations/generated_production/hurt_heavy.anim.json,ONLY_ON_106,UNIQUE_BUT_STALE,REGENERATE_FROM_CURRENT_PIPELINE,.json
game-godot/content/fighters/vesper-nyx/animations/generated_production/hurt_heavy_back.anim.json,ONLY_ON_106,UNIQUE_BUT_STALE,REGENERATE_FROM_CURRENT_PIPELINE,.json
game-godot/content/fighters/vesper-nyx/animations/generated_production/hurt_heavy_front.anim.json,ONLY_ON_106,UNIQUE_BUT_STALE,REGENERATE_FROM_CURRENT_PIPELINE,.json
game-godot/content/fighters/vesper-nyx/animations/generated_production/hurt_launch_diagonal.anim.json,ONLY_ON_106,UNIQUE_BUT_STALE,REGENERATE_FROM_CURRENT_PIPELINE,.json
game-godot/content/fighters/vesper-nyx/animations/generated_production/hurt_launch_horizontal.anim.json,ONLY_ON_106,UNIQUE_BUT_STALE,REGENERATE_FROM_CURRENT_PIPELINE,.json
game-godot/content/fighters/vesper-nyx/animations/generated_production/hurt_launch_up.anim.json,ONLY_ON_106,UNIQUE_BUT_STALE,REGENERATE_FROM_CURRENT_PIPELINE,.json
game-godot/content/fighters/vesper-nyx/animations/generated_production/hurt_light.anim.json,ONLY_ON_106,UNIQUE_BUT_STALE,REGENERATE_FROM_CURRENT_PIPELINE,.json
game-godot/content/fighters/vesper-nyx/animations/generated_production/hurt_light_high.anim.json,ONLY_ON_106,UNIQUE_BUT_STALE,REGENERATE_FROM_CURRENT_PIPELINE,.json
game-godot/content/fighters/vesper-nyx/animations/generated_production/hurt_light_low.anim.json,ONLY_ON_106,UNIQUE_BUT_STALE,REGENERATE_FROM_CURRENT_PIPELINE,.json
game-godot/content/fighters/vesper-nyx/animations/generated_production/hurt_light_mid.anim.json,ONLY_ON_106,UNIQUE_BUT_STALE,REGENERATE_FROM_CURRENT_PIPELINE,.json
game-godot/content/fighters/vesper-nyx/animations/generated_production/hurt_medium_back.anim.json,ONLY_ON_106,UNIQUE_BUT_STALE,REGENERATE_FROM_CURRENT_PIPELINE,.json
game-godot/content/fighters/vesper-nyx/animations/generated_production/hurt_medium_front.anim.json,ONLY_ON_106,UNIQUE_BUT_STALE,REGENERATE_FROM_CURRENT_PIPELINE,.json
game-godot/content/fighters/vesper-nyx/animations/generated_production/hurt_stagger.anim.json,ONLY_ON_106,UNIQUE_BUT_STALE,REGENERATE_FROM_CURRENT_PIPELINE,.json
game-godot/content/fighters/vesper-nyx/animations/generated_production/idle.anim.json,ONLY_ON_106,UNIQUE_BUT_STALE,REGENERATE_FROM_CURRENT_PIPELINE,.json
game-godot/content/fighters/vesper-nyx/animations/generated_production/jab.anim.json,ONLY_ON_106,UNIQUE_BUT_STALE,REGENERATE_FROM_CURRENT_PIPELINE,.json
game-godot/content/fighters/vesper-nyx/animations/generated_production/jab_chain_2.anim.json,ONLY_ON_106,UNIQUE_BUT_STALE,REGENERATE_FROM_CURRENT_PIPELINE,.json
game-godot/content/fighters/vesper-nyx/animations/generated_production/jab_chain_3.anim.json,ONLY_ON_106,UNIQUE_BUT_STALE,REGENERATE_FROM_CURRENT_PIPELINE,.json
game-godot/content/fighters/vesper-nyx/animations/generated_production/jump.anim.json,ONLY_ON_106,UNIQUE_BUT_STALE,REGENERATE_FROM_CURRENT_PIPELINE,.json
game-godot/content/fighters/vesper-nyx/animations/generated_production/jump_apex.anim.json,ONLY_ON_106,UNIQUE_BUT_STALE,REGENERATE_FROM_CURRENT_PIPELINE,.json
game-godot/content/fighters/vesper-nyx/animations/generated_production/jump_squat.anim.json,ONLY_ON_106,UNIQUE_BUT_STALE,REGENERATE_FROM_CURRENT_PIPELINE,.json
game-godot/content/fighters/vesper-nyx/animations/generated_production/ko.anim.json,ONLY_ON_106,UNIQUE_BUT_STALE,REGENERATE_FROM_CURRENT_PIPELINE,.json
game-godot/content/fighters/vesper-nyx/animations/generated_production/ko_launch.anim.json,ONLY_ON_106,UNIQUE_BUT_STALE,REGENERATE_FROM_CURRENT_PIPELINE,.json
game-godot/content/fighters/vesper-nyx/animations/generated_production/ko_reaction.anim.json,ONLY_ON_106,UNIQUE_BUT_STALE,REGENERATE_FROM_CURRENT_PIPELINE,.json
game-godot/content/fighters/vesper-nyx/animations/generated_production/land_hard.anim.json,ONLY_ON_106,UNIQUE_BUT_STALE,REGENERATE_FROM_CURRENT_PIPELINE,.json
game-godot/content/fighters/vesper-nyx/animations/generated_production/land_soft.anim.json,ONLY_ON_106,UNIQUE_BUT_STALE,REGENERATE_FROM_CURRENT_PIPELINE,.json
game-godot/content/fighters/vesper-nyx/animations/generated_production/landing.anim.json,ONLY_ON_106,UNIQUE_BUT_STALE,REGENERATE_FROM_CURRENT_PIPELINE,.json
game-godot/content/fighters/vesper-nyx/animations/generated_production/launch.anim.json,ONLY_ON_106,UNIQUE_BUT_STALE,REGENERATE_FROM_CURRENT_PIPELINE,.json
game-godot/content/fighters/vesper-nyx/animations/generated_production/launch_tumble.anim.json,ONLY_ON_106,UNIQUE_BUT_STALE,REGENERATE_FROM_CURRENT_PIPELINE,.json
game-godot/content/fighters/vesper-nyx/animations/generated_production/manifest.json,ONLY_ON_106,UNIQUE_BUT_STALE,HUMAN_ART_REVIEW_REQUIRED,.json
game-godot/content/fighters/vesper-nyx/animations/generated_production/personality_idle.anim.json,ONLY_ON_106,UNIQUE_BUT_STALE,REGENERATE_FROM_CURRENT_PIPELINE,.json
game-godot/content/fighters/vesper-nyx/animations/generated_production/projectile_full.anim.json,ONLY_ON_106,UNIQUE_BUT_STALE,REGENERATE_FROM_CURRENT_PIPELINE,.json
game-godot/content/fighters/vesper-nyx/animations/generated_production/projectile_medium.anim.json,ONLY_ON_106,UNIQUE_BUT_STALE,REGENERATE_FROM_CURRENT_PIPELINE,.json
game-godot/content/fighters/vesper-nyx/animations/generated_production/projectile_tap.anim.json,ONLY_ON_106,UNIQUE_BUT_STALE,REGENERATE_FROM_CURRENT_PIPELINE,.json
game-godot/content/fighters/vesper-nyx/animations/generated_production/recovery.anim.json,ONLY_ON_106,UNIQUE_BUT_STALE,REGENERATE_FROM_CURRENT_PIPELINE,.json
game-godot/content/fighters/vesper-nyx/animations/generated_production/run.anim.json,ONLY_ON_106,UNIQUE_BUT_STALE,REGENERATE_FROM_CURRENT_PIPELINE,.json
game-godot/content/fighters/vesper-nyx/animations/generated_production/run_start.anim.json,ONLY_ON_106,UNIQUE_BUT_STALE,REGENERATE_FROM_CURRENT_PIPELINE,.json
game-godot/content/fighters/vesper-nyx/animations/generated_production/run_stop.anim.json,ONLY_ON_106,UNIQUE_BUT_STALE,REGENERATE_FROM_CURRENT_PIPELINE,.json
game-godot/content/fighters/vesper-nyx/animations/generated_production/shield.anim.json,ONLY_ON_106,UNIQUE_BUT_STALE,REGENERATE_FROM_CURRENT_PIPELINE,.json
game-godot/content/fighters/vesper-nyx/animations/generated_production/shield_hit_heavy.anim.json,ONLY_ON_106,UNIQUE_BUT_STALE,REGENERATE_FROM_CURRENT_PIPELINE,.json
game-godot/content/fighters/vesper-nyx/animations/generated_production/shield_hit_light.anim.json,ONLY_ON_106,UNIQUE_BUT_STALE,REGENERATE_FROM_CURRENT_PIPELINE,.json
game-godot/content/fighters/vesper-nyx/animations/generated_production/signature_lane_burst.anim.json,ONLY_ON_106,UNIQUE_BUT_STALE,REGENERATE_FROM_CURRENT_PIPELINE,.json
game-godot/content/fighters/vesper-nyx/animations/generated_production/signature_lane_confirm.anim.json,ONLY_ON_106,UNIQUE_BUT_STALE,REGENERATE_FROM_CURRENT_PIPELINE,.json
game-godot/content/fighters/vesper-nyx/animations/generated_production/signature_lane_control.anim.json,ONLY_ON_106,UNIQUE_BUT_STALE,REGENERATE_FROM_CURRENT_PIPELINE,.json
game-godot/content/fighters/vesper-nyx/animations/generated_production/signature_lane_counter.anim.json,ONLY_ON_106,UNIQUE_BUT_STALE,REGENERATE_FROM_CURRENT_PIPELINE,.json
game-godot/content/fighters/vesper-nyx/animations/generated_production/signature_lane_feint.anim.json,ONLY_ON_106,UNIQUE_BUT_STALE,REGENERATE_FROM_CURRENT_PIPELINE,.json
game-godot/content/fighters/vesper-nyx/animations/generated_production/signature_lane_finisher.anim.json,ONLY_ON_106,UNIQUE_BUT_STALE,REGENERATE_FROM_CURRENT_PIPELINE,.json
game-godot/content/fighters/vesper-nyx/animations/generated_production/signature_lane_launch.anim.json,ONLY_ON_106,UNIQUE_BUT_STALE,REGENERATE_FROM_CURRENT_PIPELINE,.json
game-godot/content/fighters/vesper-nyx/animations/generated_production/signature_lane_trap.anim.json,ONLY_ON_106,UNIQUE_BUT_STALE,REGENERATE_FROM_CURRENT_PIPELINE,.json
game-godot/content/fighters/vesper-nyx/animations/generated_production/smash_down.anim.json,ONLY_ON_106,UNIQUE_BUT_STALE,REGENERATE_FROM_CURRENT_PIPELINE,.json
game-godot/content/fighters/vesper-nyx/animations/generated_production/smash_forward.anim.json,ONLY_ON_106,UNIQUE_BUT_STALE,REGENERATE_FROM_CURRENT_PIPELINE,.json
game-godot/content/fighters/vesper-nyx/animations/generated_production/smash_up.anim.json,ONLY_ON_106,UNIQUE_BUT_STALE,REGENERATE_FROM_CURRENT_PIPELINE,.json
game-godot/content/fighters/vesper-nyx/animations/generated_production/throw_back.anim.json,ONLY_ON_106,UNIQUE_BUT_STALE,REGENERATE_FROM_CURRENT_PIPELINE,.json
game-godot/content/fighters/vesper-nyx/animations/generated_production/throw_down.anim.json,ONLY_ON_106,UNIQUE_BUT_STALE,REGENERATE_FROM_CURRENT_PIPELINE,.json
game-godot/content/fighters/vesper-nyx/animations/generated_production/throw_forward.anim.json,ONLY_ON_106,UNIQUE_BUT_STALE,REGENERATE_FROM_CURRENT_PIPELINE,.json
game-godot/content/fighters/vesper-nyx/animations/generated_production/throw_up.anim.json,ONLY_ON_106,UNIQUE_BUT_STALE,REGENERATE_FROM_CURRENT_PIPELINE,.json
game-godot/content/fighters/vesper-nyx/animations/generated_production/throw_victim_back.anim.json,ONLY_ON_106,UNIQUE_BUT_STALE,REGENERATE_FROM_CURRENT_PIPELINE,.json
game-godot/content/fighters/vesper-nyx/animations/generated_production/throw_victim_down.anim.json,ONLY_ON_106,UNIQUE_BUT_STALE,REGENERATE_FROM_CURRENT_PIPELINE,.json
game-godot/content/fighters/vesper-nyx/animations/generated_production/throw_victim_forward.anim.json,ONLY_ON_106,UNIQUE_BUT_STALE,REGENERATE_FROM_CURRENT_PIPELINE,.json
game-godot/content/fighters/vesper-nyx/animations/generated_production/throw_victim_up.anim.json,ONLY_ON_106,UNIQUE_BUT_STALE,REGENERATE_FROM_CURRENT_PIPELINE,.json
game-godot/content/fighters/vesper-nyx/animations/generated_production/tilt_down.anim.json,ONLY_ON_106,UNIQUE_BUT_STALE,REGENERATE_FROM_CURRENT_PIPELINE,.json
game-godot/content/fighters/vesper-nyx/animations/generated_production/tilt_forward.anim.json,ONLY_ON_106,UNIQUE_BUT_STALE,REGENERATE_FROM_CURRENT_PIPELINE,.json
game-godot/content/fighters/vesper-nyx/animations/generated_production/tilt_up.anim.json,ONLY_ON_106,UNIQUE_BUT_STALE,REGENERATE_FROM_CURRENT_PIPELINE,.json
game-godot/content/fighters/vesper-nyx/animations/generated_production/tumble.anim.json,ONLY_ON_106,UNIQUE_BUT_STALE,REGENERATE_FROM_CURRENT_PIPELINE,.json
game-godot/content/fighters/vesper-nyx/animations/generated_production/turn.anim.json,ONLY_ON_106,UNIQUE_BUT_STALE,REGENERATE_FROM_CURRENT_PIPELINE,.json
game-godot/content/fighters/vesper-nyx/animations/generated_production/victory.anim.json,ONLY_ON_106,UNIQUE_BUT_STALE,REGENERATE_FROM_CURRENT_PIPELINE,.json
game-godot/content/fighters/vesper-nyx/animations/generated_production/walk.anim.json,ONLY_ON_106,UNIQUE_BUT_STALE,REGENERATE_FROM_CURRENT_PIPELINE,.json
game-godot/content/fighters/vesper-nyx/animations/generated_production/walk_start.anim.json,ONLY_ON_106,UNIQUE_BUT_STALE,REGENERATE_FROM_CURRENT_PIPELINE,.json
game-godot/content/fighters/vesper-nyx/animations/generated_production/walk_stop.anim.json,ONLY_ON_106,UNIQUE_BUT_STALE,REGENERATE_FROM_CURRENT_PIPELINE,.json
game-godot/content/fighters/vesper-nyx/animations/generated_production/wall_splat.anim.json,ONLY_ON_106,UNIQUE_BUT_STALE,REGENERATE_FROM_CURRENT_PIPELINE,.json
game-godot/content/fighters/vesper-nyx/animations/procedural/aerial_back.anim.json,BOTH_DIVERGED,UNIQUE_BUT_STALE,REGENERATE_FROM_CURRENT_PIPELINE,.json
game-godot/content/fighters/vesper-nyx/animations/procedural/aerial_down.anim.json,BOTH_DIVERGED,UNIQUE_BUT_STALE,REGENERATE_FROM_CURRENT_PIPELINE,.json
game-godot/content/fighters/vesper-nyx/animations/procedural/aerial_forward.anim.json,BOTH_DIVERGED,UNIQUE_BUT_STALE,REGENERATE_FROM_CURRENT_PIPELINE,.json
game-godot/content/fighters/vesper-nyx/animations/procedural/aerial_neutral.anim.json,BOTH_DIVERGED,UNIQUE_BUT_STALE,REGENERATE_FROM_CURRENT_PIPELINE,.json
game-godot/content/fighters/vesper-nyx/animations/procedural/aerial_up.anim.json,BOTH_DIVERGED,UNIQUE_BUT_STALE,REGENERATE_FROM_CURRENT_PIPELINE,.json
game-godot/content/fighters/vesper-nyx/animations/procedural/air_dodge.anim.json,BOTH_DIVERGED,UNIQUE_BUT_STALE,REGENERATE_FROM_CURRENT_PIPELINE,.json
game-godot/content/fighters/vesper-nyx/animations/procedural/air_drift.anim.json,BOTH_DIVERGED,UNIQUE_BUT_STALE,REGENERATE_FROM_CURRENT_PIPELINE,.json
game-godot/content/fighters/vesper-nyx/animations/procedural/aura_charge.anim.json,BOTH_DIVERGED,UNIQUE_BUT_STALE,REGENERATE_FROM_CURRENT_PIPELINE,.json
game-godot/content/fighters/vesper-nyx/animations/procedural/aura_release.anim.json,BOTH_DIVERGED,UNIQUE_BUT_STALE,REGENERATE_FROM_CURRENT_PIPELINE,.json
game-godot/content/fighters/vesper-nyx/animations/procedural/charge_full.anim.json,ONLY_ON_106,UNIQUE_BUT_STALE,REGENERATE_FROM_CURRENT_PIPELINE,.json
game-godot/content/fighters/vesper-nyx/animations/procedural/charge_high.anim.json,ONLY_ON_106,UNIQUE_BUT_STALE,REGENERATE_FROM_CURRENT_PIPELINE,.json
game-godot/content/fighters/vesper-nyx/animations/procedural/charge_low.anim.json,ONLY_ON_106,UNIQUE_BUT_STALE,REGENERATE_FROM_CURRENT_PIPELINE,.json
game-godot/content/fighters/vesper-nyx/animations/procedural/charge_mid.anim.json,ONLY_ON_106,UNIQUE_BUT_STALE,REGENERATE_FROM_CURRENT_PIPELINE,.json
game-godot/content/fighters/vesper-nyx/animations/procedural/charge_release.anim.json,ONLY_ON_106,UNIQUE_BUT_STALE,REGENERATE_FROM_CURRENT_PIPELINE,.json
game-godot/content/fighters/vesper-nyx/animations/procedural/charge_start.anim.json,ONLY_ON_106,UNIQUE_BUT_STALE,REGENERATE_FROM_CURRENT_PIPELINE,.json
game-godot/content/fighters/vesper-nyx/animations/procedural/charged_dash.anim.json,ONLY_ON_106,UNIQUE_BUT_STALE,REGENERATE_FROM_CURRENT_PIPELINE,.json
game-godot/content/fighters/vesper-nyx/animations/procedural/charged_fall.anim.json,ONLY_ON_106,UNIQUE_BUT_STALE,REGENERATE_FROM_CURRENT_PIPELINE,.json
game-godot/content/fighters/vesper-nyx/animations/procedural/charged_hold.anim.json,ONLY_ON_106,UNIQUE_BUT_STALE,REGENERATE_FROM_CURRENT_PIPELINE,.json
game-godot/content/fighters/vesper-nyx/animations/procedural/charged_idle.anim.json,ONLY_ON_106,UNIQUE_BUT_STALE,REGENERATE_FROM_CURRENT_PIPELINE,.json
game-godot/content/fighters/vesper-nyx/animations/procedural/charged_jump.anim.json,ONLY_ON_106,UNIQUE_BUT_STALE,REGENERATE_FROM_CURRENT_PIPELINE,.json
game-godot/content/fighters/vesper-nyx/animations/procedural/charged_land.anim.json,ONLY_ON_106,UNIQUE_BUT_STALE,REGENERATE_FROM_CURRENT_PIPELINE,.json
game-godot/content/fighters/vesper-nyx/animations/procedural/charged_run.anim.json,ONLY_ON_106,UNIQUE_BUT_STALE,REGENERATE_FROM_CURRENT_PIPELINE,.json
game-godot/content/fighters/vesper-nyx/animations/procedural/charged_walk.anim.json,ONLY_ON_106,UNIQUE_BUT_STALE,REGENERATE_FROM_CURRENT_PIPELINE,.json
game-godot/content/fighters/vesper-nyx/animations/procedural/contact_aura.anim.json,ONLY_ON_106,UNIQUE_BUT_STALE,REFERENCE_ONLY,.json
game-godot/content/fighters/vesper-nyx/animations/procedural/contact_heavy.anim.json,ONLY_ON_106,UNIQUE_BUT_STALE,REFERENCE_ONLY,.json
game-godot/content/fighters/vesper-nyx/animations/procedural/contact_ko.anim.json,ONLY_ON_106,UNIQUE_BUT_STALE,REFERENCE_ONLY,.json
game-godot/content/fighters/vesper-nyx/animations/procedural/contact_light.anim.json,ONLY_ON_106,UNIQUE_BUT_STALE,REFERENCE_ONLY,.json
game-godot/content/fighters/vesper-nyx/animations/procedural/contact_medium.anim.json,ONLY_ON_106,UNIQUE_BUT_STALE,REFERENCE_ONLY,.json
game-godot/content/fighters/vesper-nyx/animations/procedural/contact_super.anim.json,ONLY_ON_106,UNIQUE_BUT_STALE,REFERENCE_ONLY,.json
game-godot/content/fighters/vesper-nyx/animations/procedural/dash.anim.json,BOTH_DIVERGED,UNIQUE_BUT_STALE,REGENERATE_FROM_CURRENT_PIPELINE,.json
game-godot/content/fighters/vesper-nyx/animations/procedural/dash_stop.anim.json,ONLY_ON_106,UNIQUE_BUT_STALE,REGENERATE_FROM_CURRENT_PIPELINE,.json
game-godot/content/fighters/vesper-nyx/animations/procedural/defeat.anim.json,BOTH_DIVERGED,UNIQUE_BUT_STALE,REGENERATE_FROM_CURRENT_PIPELINE,.json
game-godot/content/fighters/vesper-nyx/animations/procedural/dodge.anim.json,BOTH_DIVERGED,UNIQUE_BUT_STALE,REGENERATE_FROM_CURRENT_PIPELINE,.json
game-godot/content/fighters/vesper-nyx/animations/procedural/fall.anim.json,BOTH_DIVERGED,UNIQUE_BUT_STALE,REGENERATE_FROM_CURRENT_PIPELINE,.json
game-godot/content/fighters/vesper-nyx/animations/procedural/grab.anim.json,BOTH_DIVERGED,UNIQUE_BUT_STALE,REGENERATE_FROM_CURRENT_PIPELINE,.json
game-godot/content/fighters/vesper-nyx/animations/procedural/grab_victim.anim.json,ONLY_ON_106,UNIQUE_BUT_STALE,REGENERATE_FROM_CURRENT_PIPELINE,.json
game-godot/content/fighters/vesper-nyx/animations/procedural/heavy.anim.json,BOTH_DIVERGED,UNIQUE_BUT_STALE,REGENERATE_FROM_CURRENT_PIPELINE,.json
game-godot/content/fighters/vesper-nyx/animations/procedural/hurt.anim.json,BOTH_DIVERGED,UNIQUE_BUT_STALE,REGENERATE_FROM_CURRENT_PIPELINE,.json
game-godot/content/fighters/vesper-nyx/animations/procedural/hurt_body_snap.anim.json,ONLY_ON_106,UNIQUE_BUT_STALE,REGENERATE_FROM_CURRENT_PIPELINE,.json
game-godot/content/fighters/vesper-nyx/animations/procedural/hurt_crumple.anim.json,ONLY_ON_106,UNIQUE_BUT_STALE,REGENERATE_FROM_CURRENT_PIPELINE,.json
game-godot/content/fighters/vesper-nyx/animations/procedural/hurt_flinch.anim.json,ONLY_ON_106,UNIQUE_BUT_STALE,REGENERATE_FROM_CURRENT_PIPELINE,.json
game-godot/content/fighters/vesper-nyx/animations/procedural/hurt_freeze_stiffness.anim.json,ONLY_ON_106,UNIQUE_BUT_STALE,REGENERATE_FROM_CURRENT_PIPELINE,.json
game-godot/content/fighters/vesper-nyx/animations/procedural/hurt_ground_bounce.anim.json,ONLY_ON_106,UNIQUE_BUT_STALE,REGENERATE_FROM_CURRENT_PIPELINE,.json
game-godot/content/fighters/vesper-nyx/animations/procedural/hurt_heavy.anim.json,BOTH_DIVERGED,UNIQUE_BUT_STALE,REGENERATE_FROM_CURRENT_PIPELINE,.json
game-godot/content/fighters/vesper-nyx/animations/procedural/hurt_ko_spin.anim.json,ONLY_ON_106,UNIQUE_BUT_STALE,REGENERATE_FROM_CURRENT_PIPELINE,.json
game-godot/content/fighters/vesper-nyx/animations/procedural/hurt_launch.anim.json,ONLY_ON_106,UNIQUE_BUT_STALE,REGENERATE_FROM_CURRENT_PIPELINE,.json
game-godot/content/fighters/vesper-nyx/animations/procedural/hurt_light.anim.json,BOTH_DIVERGED,UNIQUE_BUT_STALE,REGENERATE_FROM_CURRENT_PIPELINE,.json
game-godot/content/fighters/vesper-nyx/animations/procedural/hurt_medium.anim.json,BOTH_DIVERGED,UNIQUE_BUT_STALE,REGENERATE_FROM_CURRENT_PIPELINE,.json
game-godot/content/fighters/vesper-nyx/animations/procedural/hurt_shield_recoil.anim.json,ONLY_ON_106,UNIQUE_BUT_STALE,REGENERATE_FROM_CURRENT_PIPELINE,.json
game-godot/content/fighters/vesper-nyx/animations/procedural/hurt_spike.anim.json,ONLY_ON_106,UNIQUE_BUT_STALE,REGENERATE_FROM_CURRENT_PIPELINE,.json
game-godot/content/fighters/vesper-nyx/animations/procedural/hurt_stagger.anim.json,ONLY_ON_106,UNIQUE_BUT_STALE,REGENERATE_FROM_CURRENT_PIPELINE,.json
game-godot/content/fighters/vesper-nyx/animations/procedural/hurt_tumble.anim.json,ONLY_ON_106,UNIQUE_BUT_STALE,REGENERATE_FROM_CURRENT_PIPELINE,.json
game-godot/content/fighters/vesper-nyx/animations/procedural/hurt_wall_splat.anim.json,ONLY_ON_106,UNIQUE_BUT_STALE,REGENERATE_FROM_CURRENT_PIPELINE,.json
game-godot/content/fighters/vesper-nyx/animations/procedural/idle.anim.json,BOTH_DIVERGED,UNIQUE_BUT_STALE,REGENERATE_FROM_CURRENT_PIPELINE,.json
game-godot/content/fighters/vesper-nyx/animations/procedural/idle_personality.anim.json,ONLY_ON_106,UNIQUE_BUT_STALE,REGENERATE_FROM_CURRENT_PIPELINE,.json
game-godot/content/fighters/vesper-nyx/animations/procedural/jab.anim.json,BOTH_DIVERGED,UNIQUE_BUT_STALE,REGENERATE_FROM_CURRENT_PIPELINE,.json
game-godot/content/fighters/vesper-nyx/animations/procedural/jab_chain_2.anim.json,BOTH_DIVERGED,UNIQUE_BUT_STALE,REGENERATE_FROM_CURRENT_PIPELINE,.json
game-godot/content/fighters/vesper-nyx/animations/procedural/jab_chain_3.anim.json,BOTH_DIVERGED,UNIQUE_BUT_STALE,REGENERATE_FROM_CURRENT_PIPELINE,.json
game-godot/content/fighters/vesper-nyx/animations/procedural/jump.anim.json,BOTH_DIVERGED,UNIQUE_BUT_STALE,REGENERATE_FROM_CURRENT_PIPELINE,.json
game-godot/content/fighters/vesper-nyx/animations/procedural/jump_apex.anim.json,BOTH_DIVERGED,UNIQUE_BUT_STALE,REGENERATE_FROM_CURRENT_PIPELINE,.json
game-godot/content/fighters/vesper-nyx/animations/procedural/jump_squat.anim.json,ONLY_ON_106,UNIQUE_BUT_STALE,REGENERATE_FROM_CURRENT_PIPELINE,.json
game-godot/content/fighters/vesper-nyx/animations/procedural/ko.anim.json,BOTH_DIVERGED,UNIQUE_BUT_STALE,REGENERATE_FROM_CURRENT_PIPELINE,.json
game-godot/content/fighters/vesper-nyx/animations/procedural/landing.anim.json,BOTH_DIVERGED,UNIQUE_BUT_STALE,REGENERATE_FROM_CURRENT_PIPELINE,.json
game-godot/content/fighters/vesper-nyx/animations/procedural/launch.anim.json,BOTH_DIVERGED,UNIQUE_BUT_STALE,REGENERATE_FROM_CURRENT_PIPELINE,.json
game-godot/content/fighters/vesper-nyx/animations/procedural/manifest.json,BOTH_DIVERGED,UNIQUE_BUT_STALE,REGENERATE_FROM_CURRENT_PIPELINE,.json
game-godot/content/fighters/vesper-nyx/animations/procedural/projectile_full.anim.json,BOTH_DIVERGED,UNIQUE_BUT_STALE,REGENERATE_FROM_CURRENT_PIPELINE,.json
game-godot/content/fighters/vesper-nyx/animations/procedural/projectile_medium.anim.json,BOTH_DIVERGED,UNIQUE_BUT_STALE,REGENERATE_FROM_CURRENT_PIPELINE,.json
game-godot/content/fighters/vesper-nyx/animations/procedural/projectile_tap.anim.json,BOTH_DIVERGED,UNIQUE_BUT_STALE,REGENERATE_FROM_CURRENT_PIPELINE,.json
game-godot/content/fighters/vesper-nyx/animations/procedural/recovery.anim.json,BOTH_DIVERGED,UNIQUE_BUT_STALE,REGENERATE_FROM_CURRENT_PIPELINE,.json
game-godot/content/fighters/vesper-nyx/animations/procedural/recovery_identity.anim.json,ONLY_ON_106,UNIQUE_BUT_STALE,REGENERATE_FROM_CURRENT_PIPELINE,.json
game-godot/content/fighters/vesper-nyx/animations/procedural/run.anim.json,BOTH_DIVERGED,UNIQUE_BUT_STALE,REGENERATE_FROM_CURRENT_PIPELINE,.json
game-godot/content/fighters/vesper-nyx/animations/procedural/run_start.anim.json,ONLY_ON_106,UNIQUE_BUT_STALE,REGENERATE_FROM_CURRENT_PIPELINE,.json
game-godot/content/fighters/vesper-nyx/animations/procedural/run_stop.anim.json,ONLY_ON_106,UNIQUE_BUT_STALE,REGENERATE_FROM_CURRENT_PIPELINE,.json
game-godot/content/fighters/vesper-nyx/animations/procedural/shield.anim.json,BOTH_DIVERGED,UNIQUE_BUT_STALE,REGENERATE_FROM_CURRENT_PIPELINE,.json
game-godot/content/fighters/vesper-nyx/animations/procedural/signature_lane_burst.anim.json,BOTH_DIVERGED,UNIQUE_BUT_STALE,REGENERATE_FROM_CURRENT_PIPELINE,.json
game-godot/content/fighters/vesper-nyx/animations/procedural/signature_lane_confirm.anim.json,BOTH_DIVERGED,UNIQUE_BUT_STALE,REGENERATE_FROM_CURRENT_PIPELINE,.json
game-godot/content/fighters/vesper-nyx/animations/procedural/signature_lane_control.anim.json,BOTH_DIVERGED,UNIQUE_BUT_STALE,REGENERATE_FROM_CURRENT_PIPELINE,.json
game-godot/content/fighters/vesper-nyx/animations/procedural/signature_lane_counter.anim.json,BOTH_DIVERGED,UNIQUE_BUT_STALE,REGENERATE_FROM_CURRENT_PIPELINE,.json
game-godot/content/fighters/vesper-nyx/animations/procedural/signature_lane_feint.anim.json,BOTH_DIVERGED,UNIQUE_BUT_STALE,REGENERATE_FROM_CURRENT_PIPELINE,.json
game-godot/content/fighters/vesper-nyx/animations/procedural/signature_lane_finisher.anim.json,BOTH_DIVERGED,UNIQUE_BUT_STALE,REGENERATE_FROM_CURRENT_PIPELINE,.json
game-godot/content/fighters/vesper-nyx/animations/procedural/signature_lane_launch.anim.json,BOTH_DIVERGED,UNIQUE_BUT_STALE,REGENERATE_FROM_CURRENT_PIPELINE,.json
game-godot/content/fighters/vesper-nyx/animations/procedural/signature_lane_trap.anim.json,BOTH_DIVERGED,UNIQUE_BUT_STALE,REGENERATE_FROM_CURRENT_PIPELINE,.json
game-godot/content/fighters/vesper-nyx/animations/procedural/smash_down.anim.json,BOTH_DIVERGED,UNIQUE_BUT_STALE,REGENERATE_FROM_CURRENT_PIPELINE,.json
game-godot/content/fighters/vesper-nyx/animations/procedural/smash_forward.anim.json,BOTH_DIVERGED,UNIQUE_BUT_STALE,REGENERATE_FROM_CURRENT_PIPELINE,.json
game-godot/content/fighters/vesper-nyx/animations/procedural/smash_up.anim.json,BOTH_DIVERGED,UNIQUE_BUT_STALE,REGENERATE_FROM_CURRENT_PIPELINE,.json
game-godot/content/fighters/vesper-nyx/animations/procedural/super.anim.json,ONLY_ON_106,UNIQUE_BUT_STALE,REGENERATE_FROM_CURRENT_PIPELINE,.json
game-godot/content/fighters/vesper-nyx/animations/procedural/throw_back.anim.json,BOTH_DIVERGED,UNIQUE_BUT_STALE,REGENERATE_FROM_CURRENT_PIPELINE,.json
game-godot/content/fighters/vesper-nyx/animations/procedural/throw_down.anim.json,BOTH_DIVERGED,UNIQUE_BUT_STALE,REGENERATE_FROM_CURRENT_PIPELINE,.json
game-godot/content/fighters/vesper-nyx/animations/procedural/throw_forward.anim.json,BOTH_DIVERGED,UNIQUE_BUT_STALE,REGENERATE_FROM_CURRENT_PIPELINE,.json
game-godot/content/fighters/vesper-nyx/animations/procedural/throw_up.anim.json,BOTH_DIVERGED,UNIQUE_BUT_STALE,REGENERATE_FROM_CURRENT_PIPELINE,.json
game-godot/content/fighters/vesper-nyx/animations/procedural/throw_victim_back.anim.json,ONLY_ON_106,UNIQUE_BUT_STALE,REGENERATE_FROM_CURRENT_PIPELINE,.json
game-godot/content/fighters/vesper-nyx/animations/procedural/throw_victim_down.anim.json,ONLY_ON_106,UNIQUE_BUT_STALE,REGENERATE_FROM_CURRENT_PIPELINE,.json
game-godot/content/fighters/vesper-nyx/animations/procedural/throw_victim_forward.anim.json,ONLY_ON_106,UNIQUE_BUT_STALE,REGENERATE_FROM_CURRENT_PIPELINE,.json
game-godot/content/fighters/vesper-nyx/animations/procedural/throw_victim_up.anim.json,ONLY_ON_106,UNIQUE_BUT_STALE,REGENERATE_FROM_CURRENT_PIPELINE,.json
game-godot/content/fighters/vesper-nyx/animations/procedural/tilt_down.anim.json,BOTH_DIVERGED,UNIQUE_BUT_STALE,REGENERATE_FROM_CURRENT_PIPELINE,.json
game-godot/content/fighters/vesper-nyx/animations/procedural/tilt_forward.anim.json,BOTH_DIVERGED,UNIQUE_BUT_STALE,REGENERATE_FROM_CURRENT_PIPELINE,.json
game-godot/content/fighters/vesper-nyx/animations/procedural/tilt_up.anim.json,BOTH_DIVERGED,UNIQUE_BUT_STALE,REGENERATE_FROM_CURRENT_PIPELINE,.json
game-godot/content/fighters/vesper-nyx/animations/procedural/transition_idle_walk.anim.json,ONLY_ON_106,UNIQUE_BUT_STALE,REGENERATE_FROM_CURRENT_PIPELINE,.json
game-godot/content/fighters/vesper-nyx/animations/procedural/transition_walk_run.anim.json,ONLY_ON_106,UNIQUE_BUT_STALE,REGENERATE_FROM_CURRENT_PIPELINE,.json
game-godot/content/fighters/vesper-nyx/animations/procedural/tumble.anim.json,BOTH_DIVERGED,UNIQUE_BUT_STALE,REGENERATE_FROM_CURRENT_PIPELINE,.json
game-godot/content/fighters/vesper-nyx/animations/procedural/turn.anim.json,BOTH_DIVERGED,UNIQUE_BUT_STALE,REGENERATE_FROM_CURRENT_PIPELINE,.json
game-godot/content/fighters/vesper-nyx/animations/procedural/uncharged_release.anim.json,ONLY_ON_106,UNIQUE_BUT_STALE,REGENERATE_FROM_CURRENT_PIPELINE,.json
game-godot/content/fighters/vesper-nyx/animations/procedural/victory.anim.json,BOTH_DIVERGED,UNIQUE_BUT_STALE,REGENERATE_FROM_CURRENT_PIPELINE,.json
game-godot/content/fighters/vesper-nyx/animations/procedural/walk.anim.json,BOTH_DIVERGED,UNIQUE_BUT_STALE,REGENERATE_FROM_CURRENT_PIPELINE,.json
game-godot/content/fighters/vesper-nyx/animations/procedural/walk_start.anim.json,ONLY_ON_106,UNIQUE_BUT_STALE,REGENERATE_FROM_CURRENT_PIPELINE,.json
game-godot/content/fighters/vesper-nyx/animations/procedural/walk_stop.anim.json,ONLY_ON_106,UNIQUE_BUT_STALE,REGENERATE_FROM_CURRENT_PIPELINE,.json
game-godot/content/fighters/vesper-nyx/model/vesper-nyx_generated_production.glb,ONLY_ON_106,UNIQUE_BUT_STALE,HUMAN_ART_REVIEW_REQUIRED,.glb
game-godot/content/fighters/vesper-nyx/model/vesper-nyx_generated_production.glb.import,ONLY_ON_106,UNIQUE_BUT_STALE,HUMAN_ART_REVIEW_REQUIRED,.import
game-godot/data/art/generated_v3/fighter_shape_profiles.json,ONLY_ON_106,UNIQUE_BUT_STALE,REFERENCE_ONLY,.json
game-godot/data/art/generated_v5/fighter_body_profiles.json,ONLY_ON_106,UNIQUE_BUT_STALE,REFERENCE_ONLY,.json
game-godot/data/art/generated_v5/hero_pose_profiles.json,ONLY_ON_106,UNIQUE_BUT_STALE,REFERENCE_ONLY,.json
game-godot/data/art/generated_v6/fighter_style_profiles.json,ONLY_ON_106,UNIQUE_BUT_STALE,REFERENCE_ONLY,.json
game-godot/data/art/generated_v6/hero_pose_profiles.json,ONLY_ON_106,UNIQUE_BUT_STALE,REFERENCE_ONLY,.json
game-godot/data/art/generated_v6/palette_blocking.json,ONLY_ON_106,UNIQUE_BUT_STALE,REFERENCE_ONLY,.json
game-godot/data/art/generated_v7/pair_matchups.json,ONLY_ON_106,UNIQUE_BUT_STALE,REFERENCE_ONLY,.json
game-godot/data/art/generated_v7/palette_blocking.json,ONLY_ON_106,UNIQUE_BUT_STALE,REFERENCE_ONLY,.json
game-godot/data/art/generated_v8/attachment_classes.json,ONLY_ON_106,UNIQUE_BUT_STALE,REFERENCE_ONLY,.json
game-godot/data/art/generated_v8/pair_matchups.json,ONLY_ON_106,UNIQUE_BUT_STALE,REFERENCE_ONLY,.json
game-godot/data/art/generated_v8/palette_blocking.json,ONLY_ON_106,UNIQUE_BUT_STALE,REFERENCE_ONLY,.json
game-godot/data/art/generated_v9/attachment_classes.json,ONLY_ON_106,UNIQUE_BUT_STALE,REFERENCE_ONLY,.json
game-godot/data/art/generated_v9/hero_proportion_profiles.json,ONLY_ON_106,UNIQUE_BUT_STALE,REFERENCE_ONLY,.json
game-godot/data/art/generated_v9/pair_matchups.json,ONLY_ON_106,UNIQUE_BUT_STALE,REFERENCE_ONLY,.json
game-godot/data/art/generated_v9/palette_blocking.json,ONLY_ON_106,UNIQUE_BUT_STALE,REFERENCE_ONLY,.json
game-godot/data/art/generated_v9/screen_space_thresholds.json,ONLY_ON_106,UNIQUE_BUT_STALE,REFERENCE_ONLY,.json
game-godot/data/vfx/generated_production/clash_presets.json,ONLY_ON_106,UNIQUE_AND_REUSABLE,REFERENCE_ONLY,.json
game-godot/data/vfx/generated_production/ember-vale.json,ONLY_ON_106,UNIQUE_BUT_STALE,REFERENCE_ONLY,.json
game-godot/data/vfx/generated_production/juno-spark.json,ONLY_ON_106,UNIQUE_BUT_STALE,REFERENCE_ONLY,.json
game-godot/data/vfx/generated_production/kaia-windrow.json,ONLY_ON_106,UNIQUE_BUT_STALE,REFERENCE_ONLY,.json
game-godot/data/vfx/generated_production/manifest.json,ONLY_ON_106,UNIQUE_BUT_STALE,REFERENCE_ONLY,.json
game-godot/data/vfx/generated_production/nix-calder.json,ONLY_ON_106,UNIQUE_BUT_STALE,REFERENCE_ONLY,.json
game-godot/data/vfx/generated_production/orion-vell.json,ONLY_ON_106,UNIQUE_BUT_STALE,REFERENCE_ONLY,.json
game-godot/data/vfx/generated_production/rook-ironside.json,ONLY_ON_106,UNIQUE_BUT_STALE,REFERENCE_ONLY,.json
game-godot/data/vfx/generated_production/vesper-nyx.json,ONLY_ON_106,UNIQUE_BUT_STALE,REFERENCE_ONLY,.json
game-godot/scripts/audio/procedural_audio_bank.gd,BOTH_DIVERGED,CONFLICTING,REGENERATE_FROM_CURRENT_PIPELINE,.gd
game-godot/tests/engineering_wave014/Wave014ProceduralSmoke.gd,BOTH_DIVERGED,UNIQUE_BUT_STALE,REGENERATE_FROM_CURRENT_PIPELINE,.gd
game-godot/tests/vxp3/generated_production_art_asserts.gd,ONLY_ON_106,UNIQUE_BUT_STALE,REFERENCE_ONLY,.gd
tools/generated_art_v5/__init__.py,ONLY_ON_106,UNIQUE_AND_REUSABLE,REFERENCE_ONLY,.py
tools/generated_art_v5/accessory_builder.py,ONLY_ON_106,UNIQUE_AND_REUSABLE,REFERENCE_ONLY,.py
tools/generated_art_v5/blender/gp_build_v5.py,ONLY_ON_106,UNIQUE_AND_REUSABLE,REFERENCE_ONLY,.py
tools/generated_art_v5/blender/gp_render_v5.py,ONLY_ON_106,UNIQUE_AND_REUSABLE,REFERENCE_ONLY,.py
tools/generated_art_v5/body_profiles.py,ONLY_ON_106,UNIQUE_AND_REUSABLE,REFERENCE_ONLY,.py
tools/generated_art_v5/boot_builder.py,ONLY_ON_106,UNIQUE_AND_REUSABLE,REFERENCE_ONLY,.py
tools/generated_art_v5/costume_builder.py,ONLY_ON_106,UNIQUE_AND_REUSABLE,REFERENCE_ONLY,.py
tools/generated_art_v5/emit_gates.py,ONLY_ON_106,UNIQUE_AND_REUSABLE,REFERENCE_ONLY,.py
tools/generated_art_v5/export_runtime.py,ONLY_ON_106,UNIQUE_AND_REUSABLE,REFERENCE_ONLY,.py
tools/generated_art_v5/hand_builder.py,ONLY_ON_106,UNIQUE_AND_REUSABLE,REFERENCE_ONLY,.py
tools/generated_art_v5/head_builder.py,ONLY_ON_106,UNIQUE_AND_REUSABLE,REFERENCE_ONLY,.py
tools/generated_art_v5/hero_poses.py,ONLY_ON_106,UNIQUE_AND_REUSABLE,REFERENCE_ONLY,.py
tools/generated_art_v5/joint_blends.py,ONLY_ON_106,UNIQUE_AND_REUSABLE,REFERENCE_ONLY,.py
tools/generated_art_v5/limb_loft.py,ONLY_ON_106,UNIQUE_AND_REUSABLE,REFERENCE_ONLY,.py
tools/generated_art_v5/make_roster_sheets.py,ONLY_ON_106,UNIQUE_AND_REUSABLE,REFERENCE_ONLY,.py
tools/generated_art_v5/render_review.py,ONLY_ON_106,UNIQUE_AND_REUSABLE,REFERENCE_ONLY,.py
tools/generated_art_v5/rig_bind.py,ONLY_ON_106,UNIQUE_AND_REUSABLE,REFERENCE_ONLY,.py
tools/generated_art_v5/run_pipeline.py,ONLY_ON_106,UNIQUE_AND_REUSABLE,REFERENCE_ONLY,.py
tools/generated_art_v5/tests/test_body_profiles.py,ONLY_ON_106,UNIQUE_AND_REUSABLE,REFERENCE_ONLY,.py
tools/generated_art_v5/torso_loft.py,ONLY_ON_106,UNIQUE_AND_REUSABLE,REFERENCE_ONLY,.py
tools/generated_art_v5/uv_material_builder.py,ONLY_ON_106,UNIQUE_AND_REUSABLE,REFERENCE_ONLY,.py
tools/generated_art_v5/validate_geometry.py,ONLY_ON_106,UNIQUE_AND_REUSABLE,REFERENCE_ONLY,.py
tools/generated_art_v5/write_az_report.py,ONLY_ON_106,UNIQUE_AND_REUSABLE,REFERENCE_ONLY,.py
tools/generated_art_v6/__init__.py,ONLY_ON_106,UNIQUE_AND_REUSABLE,REFERENCE_ONLY,.py
tools/generated_art_v6/blender/gp_build_v6.py,ONLY_ON_106,UNIQUE_AND_REUSABLE,REFERENCE_ONLY,.py
tools/generated_art_v6/blender/gp_render_v6.py,ONLY_ON_106,UNIQUE_AND_REUSABLE,REFERENCE_ONLY,.py
tools/generated_art_v6/body_profiles.py,ONLY_ON_106,UNIQUE_AND_REUSABLE,REFERENCE_ONLY,.py
tools/generated_art_v6/boot_builder.py,ONLY_ON_106,UNIQUE_AND_REUSABLE,REFERENCE_ONLY,.py
tools/generated_art_v6/cel_materials.py,ONLY_ON_106,UNIQUE_AND_REUSABLE,REFERENCE_ONLY,.py
tools/generated_art_v6/costume_masses.py,ONLY_ON_106,UNIQUE_AND_REUSABLE,REFERENCE_ONLY,.py
tools/generated_art_v6/emit_gates.py,ONLY_ON_106,UNIQUE_AND_REUSABLE,REFERENCE_ONLY,.py
tools/generated_art_v6/export_runtime.py,ONLY_ON_106,UNIQUE_AND_REUSABLE,REFERENCE_ONLY,.py
tools/generated_art_v6/geom.py,ONLY_ON_106,UNIQUE_AND_REUSABLE,REFERENCE_ONLY,.py
tools/generated_art_v6/glove_builder.py,ONLY_ON_106,UNIQUE_AND_REUSABLE,REFERENCE_ONLY,.py
tools/generated_art_v6/hero_poses.py,ONLY_ON_106,UNIQUE_AND_REUSABLE,REFERENCE_ONLY,.py
tools/generated_art_v6/make_roster_sheets.py,ONLY_ON_106,UNIQUE_AND_REUSABLE,REFERENCE_ONLY,.py
tools/generated_art_v6/mask_builder.py,ONLY_ON_106,UNIQUE_AND_REUSABLE,REFERENCE_ONLY,.py
tools/generated_art_v6/outline.py,ONLY_ON_106,UNIQUE_AND_REUSABLE,REFERENCE_ONLY,.py
tools/generated_art_v6/png_sheet.py,ONLY_ON_106,UNIQUE_AND_REUSABLE,REFERENCE_ONLY,.py
tools/generated_art_v6/render_review.py,ONLY_ON_106,UNIQUE_AND_REUSABLE,REFERENCE_ONLY,.py
tools/generated_art_v6/rig_map.py,ONLY_ON_106,UNIQUE_AND_REUSABLE,REFERENCE_ONLY,.py
tools/generated_art_v6/run_pipeline.py,ONLY_ON_106,UNIQUE_AND_REUSABLE,REFERENCE_ONLY,.py
tools/generated_art_v6/tests/test_style_lock.py,ONLY_ON_106,UNIQUE_AND_REUSABLE,REFERENCE_ONLY,.py
tools/generated_art_v6/validate_geometry.py,ONLY_ON_106,UNIQUE_AND_REUSABLE,REFERENCE_ONLY,.py
tools/generated_art_v6/validate_visual_metrics.py,ONLY_ON_106,UNIQUE_AND_REUSABLE,REFERENCE_ONLY,.py
tools/generated_art_v6/write_az_report.py,ONLY_ON_106,UNIQUE_AND_REUSABLE,REFERENCE_ONLY,.py
tools/generated_art_v7/__init__.py,ONLY_ON_106,UNIQUE_AND_REUSABLE,REFERENCE_ONLY,.py
tools/generated_art_v7/blender/gp_build_v7.py,ONLY_ON_106,UNIQUE_AND_REUSABLE,REFERENCE_ONLY,.py
tools/generated_art_v7/blender/gp_render_v7.py,ONLY_ON_106,UNIQUE_AND_REUSABLE,REFERENCE_ONLY,.py
tools/generated_art_v7/body_profiles.py,ONLY_ON_106,UNIQUE_AND_REUSABLE,REFERENCE_ONLY,.py
tools/generated_art_v7/boot_builder.py,ONLY_ON_106,UNIQUE_AND_REUSABLE,REFERENCE_ONLY,.py
tools/generated_art_v7/cameras.py,ONLY_ON_106,UNIQUE_AND_REUSABLE,REFERENCE_ONLY,.py
tools/generated_art_v7/cel_materials.py,ONLY_ON_106,UNIQUE_AND_REUSABLE,REFERENCE_ONLY,.py
tools/generated_art_v7/costume_masses.py,ONLY_ON_106,UNIQUE_AND_REUSABLE,REFERENCE_ONLY,.py
tools/generated_art_v7/emit_gates.py,ONLY_ON_106,UNIQUE_AND_REUSABLE,REFERENCE_ONLY,.py
tools/generated_art_v7/export_runtime.py,ONLY_ON_106,UNIQUE_AND_REUSABLE,REFERENCE_ONLY,.py
tools/generated_art_v7/glove_builder.py,ONLY_ON_106,UNIQUE_AND_REUSABLE,REFERENCE_ONLY,.py
tools/generated_art_v7/hero_poses.py,ONLY_ON_106,UNIQUE_AND_REUSABLE,REFERENCE_ONLY,.py
tools/generated_art_v7/make_roster_sheets.py,ONLY_ON_106,UNIQUE_AND_REUSABLE,REFERENCE_ONLY,.py
tools/generated_art_v7/pair_scenes.py,ONLY_ON_106,UNIQUE_AND_REUSABLE,REFERENCE_ONLY,.py
tools/generated_art_v7/render_review.py,ONLY_ON_106,UNIQUE_AND_REUSABLE,REFERENCE_ONLY,.py
tools/generated_art_v7/run_pipeline.py,ONLY_ON_106,UNIQUE_AND_REUSABLE,REFERENCE_ONLY,.py
tools/generated_art_v7/tests/test_v7_polish.py,ONLY_ON_106,UNIQUE_AND_REUSABLE,REFERENCE_ONLY,.py
tools/generated_art_v7/validate_geometry.py,ONLY_ON_106,UNIQUE_AND_REUSABLE,REFERENCE_ONLY,.py
tools/generated_art_v7/validate_visual_metrics.py,ONLY_ON_106,UNIQUE_AND_REUSABLE,REFERENCE_ONLY,.py
tools/generated_art_v7/write_az_report.py,ONLY_ON_106,UNIQUE_AND_REUSABLE,REFERENCE_ONLY,.py
tools/generated_art_v8/__init__.py,ONLY_ON_106,UNIQUE_AND_REUSABLE,REFERENCE_ONLY,.py
tools/generated_art_v8/attachment_map.py,ONLY_ON_106,UNIQUE_AND_REUSABLE,REFERENCE_ONLY,.py
tools/generated_art_v8/blender/gp_build_v8.py,ONLY_ON_106,UNIQUE_AND_REUSABLE,REFERENCE_ONLY,.py
tools/generated_art_v8/blender/gp_render_v8.py,ONLY_ON_106,UNIQUE_AND_REUSABLE,REFERENCE_ONLY,.py
tools/generated_art_v8/blender/gp_validate_attachments.py,ONLY_ON_106,UNIQUE_AND_REUSABLE,REFERENCE_ONLY,.py
tools/generated_art_v8/body_profiles.py,ONLY_ON_106,UNIQUE_AND_REUSABLE,REFERENCE_ONLY,.py
tools/generated_art_v8/boot_builder.py,ONLY_ON_106,UNIQUE_AND_REUSABLE,REFERENCE_ONLY,.py
tools/generated_art_v8/cameras.py,ONLY_ON_106,UNIQUE_AND_REUSABLE,REFERENCE_ONLY,.py
tools/generated_art_v8/cel_materials.py,ONLY_ON_106,UNIQUE_AND_REUSABLE,REFERENCE_ONLY,.py
tools/generated_art_v8/costume_masses.py,ONLY_ON_106,UNIQUE_AND_REUSABLE,REFERENCE_ONLY,.py
tools/generated_art_v8/emit_gates.py,ONLY_ON_106,UNIQUE_AND_REUSABLE,REFERENCE_ONLY,.py
tools/generated_art_v8/export_runtime.py,ONLY_ON_106,UNIQUE_AND_REUSABLE,REFERENCE_ONLY,.py
tools/generated_art_v8/glove_builder.py,ONLY_ON_106,UNIQUE_AND_REUSABLE,REFERENCE_ONLY,.py
tools/generated_art_v8/hero_poses.py,ONLY_ON_106,UNIQUE_AND_REUSABLE,REFERENCE_ONLY,.py
tools/generated_art_v8/impact_pair_solver.py,ONLY_ON_106,UNIQUE_AND_REUSABLE,REFERENCE_ONLY,.py
tools/generated_art_v8/make_roster_sheets.py,ONLY_ON_106,UNIQUE_AND_REUSABLE,REFERENCE_ONLY,.py
tools/generated_art_v8/pair_scenes.py,ONLY_ON_106,UNIQUE_AND_REUSABLE,REFERENCE_ONLY,.py
tools/generated_art_v8/render_review.py,ONLY_ON_106,UNIQUE_AND_REUSABLE,REFERENCE_ONLY,.py
tools/generated_art_v8/rig_bind_v8.py,ONLY_ON_106,UNIQUE_AND_REUSABLE,REFERENCE_ONLY,.py
tools/generated_art_v8/run_pipeline.py,ONLY_ON_106,UNIQUE_AND_REUSABLE,REFERENCE_ONLY,.py
tools/generated_art_v8/tests/test_v8_integrity.py,ONLY_ON_106,UNIQUE_AND_REUSABLE,REFERENCE_ONLY,.py
tools/generated_art_v8/validate_attachment_integrity.py,ONLY_ON_106,UNIQUE_AND_REUSABLE,REFERENCE_ONLY,.py
tools/generated_art_v8/validate_geometry.py,ONLY_ON_106,UNIQUE_AND_REUSABLE,REFERENCE_ONLY,.py
tools/generated_art_v8/validate_visual_metrics.py,ONLY_ON_106,UNIQUE_AND_REUSABLE,REFERENCE_ONLY,.py
tools/generated_art_v8/write_az_report.py,ONLY_ON_106,UNIQUE_AND_REUSABLE,REFERENCE_ONLY,.py
tools/generated_art_v9/__init__.py,ONLY_ON_106,UNIQUE_AND_REUSABLE,REFERENCE_ONLY,.py
tools/generated_art_v9/attachment_map.py,ONLY_ON_106,UNIQUE_AND_REUSABLE,REFERENCE_ONLY,.py
tools/generated_art_v9/blender/gp_build_v9.py,ONLY_ON_106,UNIQUE_AND_REUSABLE,REFERENCE_ONLY,.py
tools/generated_art_v9/blender/gp_render_v9.py,ONLY_ON_106,UNIQUE_AND_REUSABLE,REFERENCE_ONLY,.py
tools/generated_art_v9/blender/gp_validate_attachments.py,ONLY_ON_106,UNIQUE_AND_REUSABLE,REFERENCE_ONLY,.py
tools/generated_art_v9/body_profiles.py,ONLY_ON_106,UNIQUE_AND_REUSABLE,REFERENCE_ONLY,.py
tools/generated_art_v9/boot_builder.py,ONLY_ON_106,UNIQUE_AND_REUSABLE,REFERENCE_ONLY,.py
tools/generated_art_v9/cameras.py,ONLY_ON_106,UNIQUE_AND_REUSABLE,REFERENCE_ONLY,.py
tools/generated_art_v9/cel_materials.py,ONLY_ON_106,UNIQUE_AND_REUSABLE,REFERENCE_ONLY,.py
tools/generated_art_v9/costume_masses.py,ONLY_ON_106,UNIQUE_AND_REUSABLE,REFERENCE_ONLY,.py
tools/generated_art_v9/emit_gates.py,ONLY_ON_106,UNIQUE_AND_REUSABLE,REFERENCE_ONLY,.py
tools/generated_art_v9/export_runtime.py,ONLY_ON_106,UNIQUE_AND_REUSABLE,REFERENCE_ONLY,.py
tools/generated_art_v9/glove_builder.py,ONLY_ON_106,UNIQUE_AND_REUSABLE,REFERENCE_ONLY,.py
tools/generated_art_v9/hero_poses.py,ONLY_ON_106,UNIQUE_AND_REUSABLE,REFERENCE_ONLY,.py
tools/generated_art_v9/impact_pair_solver.py,ONLY_ON_106,UNIQUE_AND_REUSABLE,REFERENCE_ONLY,.py
tools/generated_art_v9/make_roster_sheets.py,ONLY_ON_106,UNIQUE_AND_REUSABLE,REFERENCE_ONLY,.py
tools/generated_art_v9/pair_scenes.py,ONLY_ON_106,UNIQUE_AND_REUSABLE,REFERENCE_ONLY,.py
tools/generated_art_v9/render_review.py,ONLY_ON_106,UNIQUE_AND_REUSABLE,REFERENCE_ONLY,.py
tools/generated_art_v9/rig_bind_v8.py,ONLY_ON_106,UNIQUE_AND_REUSABLE,REFERENCE_ONLY,.py
tools/generated_art_v9/run_pipeline.py,ONLY_ON_106,UNIQUE_AND_REUSABLE,REFERENCE_ONLY,.py
tools/generated_art_v9/tests/test_v8_integrity.py,ONLY_ON_106,UNIQUE_AND_REUSABLE,REFERENCE_ONLY,.py
tools/generated_art_v9/validate_attachment_integrity.py,ONLY_ON_106,UNIQUE_AND_REUSABLE,REFERENCE_ONLY,.py
tools/generated_art_v9/validate_geometry.py,ONLY_ON_106,UNIQUE_AND_REUSABLE,REFERENCE_ONLY,.py
tools/generated_art_v9/validate_visual_metrics.py,ONLY_ON_106,UNIQUE_AND_REUSABLE,REFERENCE_ONLY,.py
tools/generated_art_v9/write_az_report.py,ONLY_ON_106,UNIQUE_AND_REUSABLE,REFERENCE_ONLY,.py
tools/generated_production_art/__init__.py,ONLY_ON_106,UNIQUE_AND_REUSABLE,REFERENCE_ONLY,.py
tools/generated_production_art/action_catalog.py,ONLY_ON_106,UNIQUE_AND_REUSABLE,REFERENCE_ONLY,.py
tools/generated_production_art/blender/gp_body_v2.py,ONLY_ON_106,UNIQUE_AND_REUSABLE,REFERENCE_ONLY,.py
tools/generated_production_art/blender/gp_body_v3.py,ONLY_ON_106,UNIQUE_AND_REUSABLE,REFERENCE_ONLY,.py
tools/generated_production_art/blender/gp_build_production_master.py,ONLY_ON_106,UNIQUE_AND_REUSABLE,REFERENCE_ONLY,.py
tools/generated_production_art/blender/gp_render_rest.py,ONLY_ON_106,UNIQUE_AND_REUSABLE,REFERENCE_ONLY,.py
tools/generated_production_art/blender/gp_render_review.py,ONLY_ON_106,UNIQUE_AND_REUSABLE,REFERENCE_ONLY,.py
tools/generated_production_art/blender/gp_render_v3.py,ONLY_ON_106,UNIQUE_AND_REUSABLE,REFERENCE_ONLY,.py
tools/generated_production_art/blender/gp_render_v4.py,ONLY_ON_106,UNIQUE_AND_REUSABLE,REFERENCE_ONLY,.py
tools/generated_production_art/body_v2.py,ONLY_ON_106,UNIQUE_AND_REUSABLE,REFERENCE_ONLY,.py
tools/generated_production_art/body_v3.py,ONLY_ON_106,UNIQUE_AND_REUSABLE,REFERENCE_ONLY,.py
tools/generated_production_art/common.py,ONLY_ON_106,UNIQUE_AND_REUSABLE,REFERENCE_ONLY,.py
tools/generated_production_art/emit_gates.py,ONLY_ON_106,UNIQUE_AND_REUSABLE,REFERENCE_ONLY,.py
tools/generated_production_art/generate_animations.py,ONLY_ON_106,UNIQUE_AND_REUSABLE,REFERENCE_ONLY,.py
tools/generated_production_art/generate_audio.py,ONLY_ON_106,UNIQUE_AND_REUSABLE,REFERENCE_ONLY,.py
tools/generated_production_art/generate_vfx.py,ONLY_ON_106,UNIQUE_AND_REUSABLE,REFERENCE_ONLY,.py
tools/generated_production_art/hero_poses_v3.py,ONLY_ON_106,UNIQUE_AND_REUSABLE,REFERENCE_ONLY,.py
tools/generated_production_art/hero_poses_v4.py,ONLY_ON_106,UNIQUE_AND_REUSABLE,REFERENCE_ONLY,.py
tools/generated_production_art/make_contact_sheets.py,ONLY_ON_106,UNIQUE_AND_REUSABLE,REFERENCE_ONLY,.py
tools/generated_production_art/make_v3_sheets.py,ONLY_ON_106,UNIQUE_AND_REUSABLE,REFERENCE_ONLY,.py
tools/generated_production_art/pose_library.py,ONLY_ON_106,UNIQUE_AND_REUSABLE,REFERENCE_ONLY,.py
tools/generated_production_art/profiles.py,ONLY_ON_106,UNIQUE_AND_REUSABLE,REFERENCE_ONLY,.py
tools/generated_production_art/review_cameras_v4.py,ONLY_ON_106,UNIQUE_AND_REUSABLE,REFERENCE_ONLY,.py
tools/generated_production_art/run_masters_only.py,ONLY_ON_106,UNIQUE_AND_REUSABLE,REFERENCE_ONLY,.py
tools/generated_production_art/run_pipeline.py,ONLY_ON_106,UNIQUE_AND_REUSABLE,REFERENCE_ONLY,.py
tools/generated_production_art/score_visual_v3.py,ONLY_ON_106,UNIQUE_AND_REUSABLE,REFERENCE_ONLY,.py
tools/generated_production_art/tests/test_body_v2.py,ONLY_ON_106,UNIQUE_AND_REUSABLE,REFERENCE_ONLY,.py
tools/generated_production_art/tests/test_body_v3.py,ONLY_ON_106,UNIQUE_AND_REUSABLE,REFERENCE_ONLY,.py
tools/generated_production_art/tests/test_cameras_v4.py,ONLY_ON_106,UNIQUE_AND_REUSABLE,REFERENCE_ONLY,.py
tools/generated_production_art/validate_art_v4.py,ONLY_ON_106,UNIQUE_AND_REUSABLE,REFERENCE_ONLY,.py
tools/generated_production_art/validate_exaggeration.py,ONLY_ON_106,UNIQUE_AND_REUSABLE,REFERENCE_ONLY,.py
tools/generated_production_art/validate_geometry_v2.py,ONLY_ON_106,UNIQUE_AND_REUSABLE,REFERENCE_ONLY,.py
tools/generated_production_art/validate_geometry_v3.py,ONLY_ON_106,UNIQUE_AND_REUSABLE,REFERENCE_ONLY,.py
tools/generated_production_art/validate_hero_v3.py,ONLY_ON_106,UNIQUE_AND_REUSABLE,REFERENCE_ONLY,.py
tools/generated_production_art/validate_silhouette_v3.py,ONLY_ON_106,UNIQUE_AND_REUSABLE,REFERENCE_ONLY,.py
tools/generated_production_art/write_az_report.py,ONLY_ON_106,UNIQUE_AND_REUSABLE,REFERENCE_ONLY,.py
tools/vxp3/capture_roster_contact_sheets.py,ONLY_ON_106,UNIQUE_AND_REUSABLE,REFERENCE_ONLY,.py
